사고번호,사고일시,요일,시군구,사고내용,사망자수,중상자수,경상자수,부상신고자수,사고유형,법규위반,노면상태,기상상태,도로형태,가해운전자 차종,가해운전자 성별,가해운전자 연령,가해운전자 상해정도,피해운전자 차종,피해운전자 성별,피해운전자 연령,피해운전자 상해정도
2019010800100516,2019년 1월 8일 21시,화요일,대구광역시 북구 학정동,경상사고,0,0,1,0,차대차 - 측면충돌,안전운전불이행,건조,맑음,단일로 - 기타,승용,남,39세,경상,화물,남,44세,상해없음
2019010800100557,2019년 1월 8일 23시,화요일,대구광역시 남구 봉덕동,중상사고,0,1,0,0,차대사람 - 횡단중,안전운전불이행,건조,맑음,단일로 - 기타,원동기,남,19세,상해없음,보행자,남,65세,중상
2019010900100036,2019년 1월 9일 01시,수요일,대구광역시 중구 삼덕동1가,경상사고,0,0,1,0,차대사람 - 길가장자리구역통행중,안전운전불이행,건조,맑음,단일로 - 기타,승용,남,57세,상해없음,보행자,남,39세,경상
2019010900100037,2019년 1월 9일 01시,수요일,대구광역시 달서구 용산동,중상사고,0,2,0,0,차대차 - 추돌,안전운전불이행,건조,기타,교차로 - 교차로부근,승용,남,57세,상해없음,승용,남,24세,중상
2019010900100044,2019년 1월 9일 02시,수요일,대구광역시 동구 입석동,중상사고,0,1,0,0,차대사람 - 기타,안전운전불이행,건조,맑음,단일로 - 기타,승용,남,43세,상해없음,보행자,남,48세,중상
2019010900100091,2019년 1월 9일 07시,수요일,대구광역시 북구 산격동,중상사고,0,1,0,0,차대차 - 정면충돌,안전운전불이행,건조,맑음,단일로 - 기타,이륜,남,27세,상해없음,자전거,남,74세,중상
2019010900100092,2019년 1월 9일 07시,수요일,대구광역시 서구 비산동,부상신고사고,0,0,0,1,차대사람 - 기타,안전운전불이행,건조,맑음,단일로 - 기타,승용,여,50세,상해없음,보행자,여,71세,부상신고
2019010900100093,2019년 1월 9일 07시,수요일,대구광역시 북구 구암동,부상신고사고,0,0,0,1,차량단독 - 기타,안전운전불이행,건조,맑음,단일로 - 기타,자전거,남,62세,부상신고,,,,
2019010900100118,2019년 1월 9일 08시,수요일,대구광역시 북구 산격동,중상사고,0,1,0,0,차대차 - 추돌,안전운전불이행,건조,맑음,단일로 - 기타,승합,남,51세,상해없음,승용,남,66세,중상
2019010900100138,2019년 1월 9일 09시,수요일,대구광역시 동구 신암동,경상사고,0,0,1,0,차대차 - 기타,안전운전불이행,건조,맑음,교차로 - 교차로횡단보도내,기타불명,기타불명,미분류,기타불명,자전거,여,51세,경상
2019010900100139,2019년 1월 9일 09시,수요일,대구광역시 수성구 중동,부상신고사고,0,0,0,1,차대차 - 측면충돌,중앙선침범,건조,맑음,단일로 - 기타,자전거,남,34세,부상신고,승용,남,70세,상해없음
2019010900100140,2019년 1월 9일 09시,수요일,대구광역시 수성구 신매동,경상사고,0,0,1,1,차대차 - 측면충돌,직진우회전진행방해,건조,맑음,교차로 - 교차로안,승용,여,37세,부상신고,승용,여,49세,경상
2019010900100194,2019년 1월 9일 11시,수요일,대구광역시 남구 대명동,경상사고,0,0,1,0,차대사람 - 횡단중,보행자보호의무위반,건조,맑음,교차로 - 교차로부근,화물,남,38세,상해없음,보행자,여,55세,경상
2019010900100195,2019년 1월 9일 11시,수요일,대구광역시 서구 이현동,경상사고,0,0,1,0,차대차 - 추돌,안전운전불이행,건조,맑음,단일로 - 기타,승용,여,46세,상해없음,승용,남,37세,경상
2019010900100196,2019년 1월 9일 11시,수요일,대구광역시 북구 사수동,중상사고,0,1,2,0,차대차 - 측면충돌,교차로운행방법위반,건조,맑음,교차로 - 교차로안,승용,남,62세,경상,화물,남,32세,경상
2019010900100232,2019년 1월 9일 12시,수요일,대구광역시 달성군 화원읍,부상신고사고,0,0,0,1,차대사람 - 기타,기타,건조,맑음,단일로 - 기타,기타불명,기타불명,미분류,기타불명,보행자,여,53세,부상신고
2019010900100276,2019년 1월 9일 14시,수요일,대구광역시 수성구 황금동,경상사고,0,0,2,0,차대차 - 추돌,안전운전불이행,건조,맑음,단일로 - 기타,승용,남,33세,상해없음,승용,여,70세,경상
2019010900100309,2019년 1월 9일 15시,수요일,대구광역시 수성구 상동,부상신고사고,0,0,0,1,차대사람 - 길가장자리구역통행중,안전운전불이행,건조,맑음,단일로 - 기타,승용,남,70세,기타불명,보행자,남,68세,부상신고
2019010900100310,2019년 1월 9일 15시,수요일,대구광역시 북구 읍내동,중상사고,0,1,0,0,차대차 - 기타,교차로운행방법위반,건조,맑음,교차로 - 교차로안,화물,남,55세,상해없음,원동기,남,22세,중상
2019010900100349,2019년 1월 9일 16시,수요일,대구광역시 중구 삼덕동3가,부상신고사고,0,0,0,1,차대차 - 기타,안전운전불이행,건조,맑음,단일로 - 기타,승용,남,56세,상해없음,승용,여,42세,부상신고
2019010900100350,2019년 1월 9일 16시,수요일,대구광역시 달서구 이곡동,경상사고,0,0,1,0,차대차 - 측면충돌,안전거리미확보,건조,맑음,교차로 - 교차로부근,승용,여,58세,상해없음,승합,남,47세,경상
2019010900100430,2019년 1월 9일 18시,수요일,대구광역시 수성구 황금동,경상사고,0,0,1,0,차대차 - 추돌,안전운전불이행,건조,맑음,단일로 - 기타,승용,여,57세,상해없음,승용,여,24세,경상
2019010900100431,2019년 1월 9일 18시,수요일,대구광역시 달서구 상인동,경상사고,0,0,2,0,차대차 - 측면충돌,안전거리미확보,건조,맑음,단일로 - 기타,승용,여,57세,상해없음,승용,남,29세,경상
2019010900100458,2019년 1월 9일 19시,수요일,대구광역시 달서구 송현동,경상사고,0,0,1,0,차대차 - 정면충돌,직진우회전진행방해,건조,맑음,교차로 - 교차로안,승용,남,23세,상해없음,이륜,여,50세,경상
2019010900100486,2019년 1월 9일 20시,수요일,대구광역시 북구 동천동,경상사고,0,0,1,0,차대차 - 추돌,안전거리미확보,건조,맑음,교차로 - 교차로부근,승용,여,57세,상해없음,승용,여,51세,경상
2019010900100511,2019년 1월 9일 21시,수요일,대구광역시 남구 대명동,중상사고,0,1,2,0,차대차 - 측면충돌,교차로운행방법위반,건조,맑음,교차로 - 교차로부근,화물,남,48세,경상,승용,남,27세,중상
2019010900100512,2019년 1월 9일 21시,수요일,대구광역시 수성구 신매동,부상신고사고,0,0,0,1,차대사람 - 기타,안전운전불이행,건조,맑음,기타 - 기타,기타불명,기타불명,미분류,기타불명,보행자,남,43세,부상신고
2019010900100513,2019년 1월 9일 21시,수요일,대구광역시 수성구 황금동,경상사고,0,0,1,0,차대차 - 기타,안전운전불이행,건조,맑음,단일로 - 기타,승용,남,32세,상해없음,자전거,남,45세,경상
2019010900100514,2019년 1월 9일 21시,수요일,대구광역시 달서구 신당동,경상사고,0,0,1,0,차대차 - 기타,안전거리미확보,건조,맑음,단일로 - 기타,승용,남,49세,상해없음,이륜,여,37세,경상
2019010900100515,2019년 1월 9일 21시,수요일,대구광역시 달서구 파호동,경상사고,0,0,1,0,차대사람 - 기타,안전운전불이행,건조,맑음,교차로 - 교차로부근,승용,남,43세,상해없음,보행자,남,56세,경상
2019010900100516,2019년 1월 9일 21시,수요일,대구광역시 북구 동천동,경상사고,0,0,1,0,차대차 - 기타,안전운전불이행,건조,맑음,교차로 - 교차로안,승용,남,34세,상해없음,자전거,남,13세,경상
2019010900100517,2019년 1월 9일 21시,수요일,대구광역시 북구 읍내동,중상사고,0,1,0,0,차대차 - 측면충돌,안전거리미확보,건조,맑음,단일로 - 기타,승용,남,45세,상해없음,이륜,남,19세,중상
2019010900100518,2019년 1월 9일 21시,수요일,대구광역시 북구 서변동,경상사고,0,0,1,0,차대차 - 측면충돌,안전거리미확보,건조,맑음,교차로 - 교차로안,승용,남,30세,상해없음,이륜,남,48세,경상
2019011000100039,2019년 1월 10일 01시,목요일,대구광역시 달성군 다사읍,중상사고,0,1,2,0,차대차 - 추돌,안전운전불이행,건조,맑음,단일로 - 기타,승용,남,27세,경상,승용,남,35세,경상
2019011000100043,2019년 1월 10일 02시,목요일,대구광역시 북구 대현동,중상사고,0,2,2,0,차대차 - 추돌,안전운전불이행,건조,맑음,교차로 - 교차로안,승용,남,34세,상해없음,승용,남,66세,중상
2019011000100049,2019년 1월 10일 04시,목요일,대구광역시 달서구 용산동,중상사고,0,1,0,0,차대사람 - 횡단중,안전운전불이행,건조,맑음,단일로 - 기타,승용,남,57세,상해없음,보행자,여,49세,중상
2019011000100094,2019년 1월 10일 07시,목요일,대구광역시 달서구 월성동,경상사고,0,0,1,0,차대사람 - 횡단중,신호위반,건조,맑음,교차로 - 교차로안,승용,남,66세,상해없음,보행자,남,26세,경상
2019011000100115,2019년 1월 10일 08시,목요일,대구광역시 남구 대명동,중상사고,0,1,0,0,차대사람 - 길가장자리구역통행중,안전운전불이행,건조,맑음,단일로 - 기타,승용,여,28세,상해없음,보행자,여,77세,중상
2019011000100137,2019년 1월 10일 09시,목요일,대구광역시 달서구 송현동,경상사고,0,0,1,0,차대차 - 기타,차로위반,건조,맑음,단일로 - 기타,승용,남,65세,상해없음,이륜,여,50세,경상
2019011000100159,2019년 1월 10일 10시,목요일,대구광역시 북구 구암동,경상사고,0,0,1,0,차대차 - 기타,안전거리미확보,건조,맑음,단일로 - 기타,승용,남,23세,기타불명,승용,여,60세,경상
2019011000100187,2019년 1월 10일 11시,목요일,대구광역시 북구 복현동,경상사고,0,0,1,0,차대차 - 후진중충돌,안전운전불이행,건조,맑음,단일로 - 기타,승용,여,57세,상해없음,승용,남,73세,경상
2019011000100210,2019년 1월 10일 12시,목요일,대구광역시 수성구 범어동,경상사고,0,0,1,0,차대사람 - 기타,안전운전불이행,건조,맑음,단일로 - 기타,승용,남,63세,상해없음,보행자,여,23세,경상
2019011000100211,2019년 1월 10일 12시,목요일,대구광역시 수성구 상동,경상사고,0,0,1,0,차대차 - 측면충돌,안전거리미확보,건조,맑음,교차로 - 교차로부근,승용,남,31세,상해없음,승용,남,34세,경상
2019011000100227,2019년 1월 10일 13시,목요일,대구광역시 동구 신천동,중상사고,0,1,0,0,차대사람 - 기타,기타,건조,맑음,단일로 - 기타,승용,여,62세,상해없음,보행자,여,59세,중상
2019011000100228,2019년 1월 10일 13시,목요일,대구광역시 북구 서변동,중상사고,0,1,0,0,차대사람 - 횡단중,안전운전불이행,건조,맑음,교차로 - 교차로횡단보도내,화물,남,48세,상해없음,보행자,여,76세,중상
2019011000100257,2019년 1월 10일 14시,목요일,대구광역시 수성구 수성동2가,경상사고,0,0,2,0,차대차 - 측면충돌,안전운전불이행,건조,맑음,단일로 - 기타,이륜,남,28세,경상,승용,여,50세,경상
2019011000100288,2019년 1월 10일 15시,목요일,대구광역시 수성구 황금동,경상사고,0,0,2,1,차대차 - 추돌,안전거리미확보,건조,맑음,교차로 - 교차로부근,승용,남,19세,부상신고,승용,여,57세,상해없음
2019011000100289,2019년 1월 10일 15시,목요일,대구광역시 수성구 지산동,경상사고,0,0,1,0,차대차 - 측면충돌,안전거리미확보,건조,맑음,단일로 - 기타,승용,여,49세,상해없음,승용,남,64세,경상
2019011000100290,2019년 1월 10일 15시,목요일,대구광역시 중구 대신동,중상사고,0,1,0,0,차대사람 - 횡단중,보행자보호의무위반,건조,맑음,교차로 - 교차로부근,화물,남,70세,상해없음,보행자,여,73세,중상
2019011000100323,2019년 1월 10일 16시,목요일,대구광역시 동구 동내동,중상사고,0,1,0,0,차대차 - 기타,신호위반,건조,맑음,교차로 - 교차로안,승용,여,65세,상해없음,승용,여,57세,중상
2019011000100324,2019년 1월 10일 16시,목요일,대구광역시 동구 신암동,경상사고,0,0,1,0,차대차 - 추돌,안전거리미확보,건조,맑음,교차로 - 교차로안,승용,남,27세,상해없음,승용,남,26세,경상
2019011000100325,2019년 1월 10일 16시,목요일,대구광역시 달성군 하빈면,중상사고,0,1,0,0,차대차 - 측면충돌,안전운전불이행,건조,맑음,교차로 - 교차로부근,화물,남,25세,중상,화물,남,54세,상해없음
2019011000100326,2019년 1월 10일 16시,목요일,대구광역시 북구 산격동,중상사고,0,1,0,0,차대사람 - 차도통행중,안전운전불이행,건조,맑음,교차로 - 교차로안,화물,남,48세,상해없음,보행자,여,55세,중상
2019011000100359,2019년 1월 10일 17시,목요일,대구광역시 달성군 논공읍,중상사고,0,1,1,0,차대차 - 기타,과속,건조,맑음,단일로 - 기타,승용,남,46세,중상,화물,남,61세,경상
2019011000100360,2019년 1월 10일 17시,목요일,대구광역시 중구 남산동,경상사고,0,0,1,0,차대차 - 측면충돌,안전운전불이행,건조,맑음,단일로 - 기타,승용,남,66세,상해없음,이륜,남,22세,경상
2019011000100408,2019년 1월 10일 18시,목요일,대구광역시 수성구 범어동,경상사고,0,0,1,0,차대차 - 측면충돌,안전운전불이행,건조,맑음,교차로 - 교차로부근,이륜,남,27세,상해없음,승합,여,53세,경상
2019011000100453,2019년 1월 10일 19시,목요일,대구광역시 수성구 황금동,중상사고,0,1,1,0,차대사람 - 횡단중,보행자보호의무위반,건조,맑음,단일로 - 기타,승용,여,63세,상해없음,보행자,여,29세,중상
2019011000100454,2019년 1월 10일 19시,목요일,대구광역시 북구 노원동3가,경상사고,0,0,1,0,차대차 - 측면충돌,안전거리미확보,건조,맑음,단일로 - 기타,승용,남,69세,상해없음,승용,여,48세,경상
2019011000100455,2019년 1월 10일 19시,목요일,대구광역시 달서구 본리동,중상사고,0,1,0,0,차대사람 - 기타,안전운전불이행,건조,기타,단일로 - 기타,승용,남,43세,상해없음,보행자,남,53세,중상
2019011000100477,2019년 1월 10일 20시,목요일,대구광역시 동구 방촌동,경상사고,0,0,1,0,차대사람 - 기타,보행자보호의무위반,건조,맑음,교차로 - 교차로안,화물,남,69세,상해없음,보행자,여,24세,경상
2019011000100478,2019년 1월 10일 20시,목요일,대구광역시 북구 서변동,경상사고,0,0,1,0,차대차 - 기타,안전운전불이행,건조,맑음,단일로 - 기타,승용,남,56세,상해없음,승용,여,35세,경상
2019011000100479,2019년 1월 10일 20시,목요일,대구광역시 북구 구암동,부상신고사고,0,0,0,2,차대차 - 측면충돌,안전운전불이행,건조,맑음,단일로 - 기타,승용,남,32세,상해없음,이륜,남,18세,부상신고
2019011000100504,2019년 1월 10일 21시,목요일,대구광역시 동구 율하동,경상사고,0,0,2,0,차대차 - 기타,신호위반,건조,맑음,교차로 - 교차로안,승용,남,78세,경상,승용,여,45세,경상
2019011000100505,2019년 1월 10일 21시,목요일,대구광역시 수성구 수성동3가,경상사고,0,0,1,0,차대차 - 추돌,안전거리미확보,건조,맑음,단일로 - 기타,승용,남,35세,상해없음,승용,여,52세,경상
2019011000100506,2019년 1월 10일 21시,목요일,대구광역시 북구 대현동,경상사고,0,0,1,0,차대사람 - 횡단중,보행자보호의무위반,건조,맑음,기타 - 기타,승용,여,51세,상해없음,보행자,남,40세,경상
2019011000100546,2019년 1월 10일 23시,목요일,대구광역시 남구 대명동,경상사고,0,0,1,0,차대차 - 추돌,안전운전불이행,건조,맑음,단일로 - 기타,기타불명,기타불명,미분류,기타불명,승용,남,28세,상해없음
2019011100100040,2019년 1월 11일 00시,금요일,대구광역시 달서구 송현동,중상사고,0,1,0,0,차대사람 - 횡단중,안전거리미확보,건조,맑음,단일로 - 기타,승용,남,65세,상해없음,보행자,여,61세,중상
2019011100100064,2019년 1월 11일 03시,금요일,대구광역시 수성구 지산동,중상사고,0,1,0,0,차량단독 - 공작물충돌,안전운전불이행,건조,맑음,단일로 - 기타,승용,남,18세,상해없음,,,,
2019011100100076,2019년 1월 11일 04시,금요일,대구광역시 북구 매천동,중상사고,0,1,0,0,차대차 - 측면충돌,안전운전불이행,건조,맑음,교차로 - 교차로안,승용,남,44세,상해없음,자전거,여,50세,중상
2019011100100153,2019년 1월 11일 08시,금요일,대구광역시 동구 율암동,경상사고,0,0,1,0,차대차 - 기타,신호위반,건조,맑음,단일로 - 기타,승용,여,25세,상해없음,승용,남,55세,경상
2019011100100154,2019년 1월 11일 08시,금요일,대구광역시 달성군 다사읍,경상사고,0,0,2,0,차대차 - 추돌,안전운전불이행,건조,맑음,단일로 - 기타,승용,남,18세,상해없음,승용,남,66세,경상
2019011100100183,2019년 1월 11일 09시,금요일,대구광역시 북구 태전동,경상사고,0,0,1,0,차대차 - 기타,신호위반,건조,맑음,교차로 - 교차로안,화물,남,68세,상해없음,승용,여,57세,경상
2019011100100205,2019년 1월 11일 10시,금요일,대구광역시 동구 지저동,중상사고,0,1,0,0,차대사람 - 횡단중,안전운전불이행,건조,맑음,교차로 - 교차로안,승용,남,51세,상해없음,보행자,남,22세,중상
2019011100100206,2019년 1월 11일 10시,금요일,대구광역시 수성구 상동,부상신고사고,0,0,0,1,차대차 - 기타,안전운전불이행,건조,맑음,교차로 - 교차로부근,기타불명,기타불명,미분류,기타불명,이륜,남,36세,부상신고
2019011100100241,2019년 1월 11일 11시,금요일,대구광역시 수성구 중동,경상사고,0,0,1,0,차대차 - 후진중충돌,안전운전불이행,건조,맑음,교차로 - 교차로부근,승용,남,41세,상해없음,승용,남,34세,경상
2019011100100242,2019년 1월 11일 11시,금요일,대구광역시 달서구 월성동,경상사고,0,0,1,0,차대차 - 측면충돌,안전운전불이행,건조,맑음,교차로 - 교차로안,승용,남,60세,상해없음,자전거,남,54세,경상
2019011100100270,2019년 1월 11일 12시,금요일,대구광역시 수성구 상동,경상사고,0,0,1,0,차대사람 - 횡단중,보행자보호의무위반,건조,맑음,교차로 - 교차로횡단보도내,화물,남,43세,상해없음,보행자,여,26세,경상
2019011100100325,2019년 1월 11일 14시,금요일,대구광역시 중구 봉산동,경상사고,0,0,1,0,차대차 - 측면충돌,안전거리미확보,건조,맑음,단일로 - 기타,승용,여,58세,상해없음,이륜,남,18세,경상
2019011100100349,2019년 1월 11일 15시,금요일,대구광역시 남구 봉덕동,중상사고,0,1,0,0,차대차 - 측면충돌,안전운전불이행,건조,맑음,교차로 - 교차로부근,승합,남,50세,상해없음,화물,남,41세,상해없음
2019011100100350,2019년 1월 11일 15시,금요일,대구광역시 중구 동인동1가,경상사고,0,0,1,0,차대차 - 측면충돌,신호위반,건조,맑음,교차로 - 교차로안,승용,여,57세,상해없음,이륜,남,42세,경상
2019011100100382,2019년 1월 11일 16시,금요일,대구광역시 수성구 범어동,경상사고,0,0,1,0,차대차 - 측면충돌,차로위반,건조,맑음,단일로 - 기타,승용,여,42세,상해없음,승용,남,39세,경상
2019011100100408,2019년 1월 11일 17시,금요일,대구광역시 달서구 본동,경상사고,0,0,1,0,차대차 - 추돌,안전거리미확보,건조,맑음,교차로 - 교차로부근,이륜,남,52세,경상,승용,여,46세,상해없음
2019011100100409,2019년 1월 11일 17시,금요일,대구광역시 북구 구암동,경상사고,0,0,2,0,차대차 - 기타,교차로운행방법위반,건조,맑음,교차로 - 교차로안,승용,여,26세,경상,승용,여,51세,경상
2019011100100467,2019년 1월 11일 18시,금요일,대구광역시 동구 신서동,경상사고,0,0,1,0,차대사람 - 횡단중,보행자보호의무위반,건조,맑음,교차로 - 교차로안,승용,여,53세,상해없음,보행자,여,45세,경상
2019011100100468,2019년 1월 11일 18시,금요일,대구광역시 수성구 지산동,경상사고,0,0,2,0,차대차 - 기타,안전운전불이행,건조,맑음,교차로 - 교차로부근,승용,남,52세,상해없음,승용,여,35세,경상
2019011100100469,2019년 1월 11일 18시,금요일,대구광역시 서구 내당동,부상신고사고,0,0,0,1,차대차 - 정면충돌,안전운전불이행,건조,맑음,단일로 - 기타,이륜,남,26세,부상신고,승용,남,23세,상해없음
2019011100100499,2019년 1월 11일 19시,금요일,대구광역시 동구 신천동,부상신고사고,0,0,0,1,차대차 - 기타,안전운전불이행,건조,맑음,단일로 - 기타,이륜,남,36세,부상신고,승용,남,40세,기타불명
2019011100100500,2019년 1월 11일 19시,금요일,대구광역시 수성구 범어동,경상사고,0,0,1,0,차대차 - 측면충돌,교차로운행방법위반,건조,맑음,교차로 - 교차로안,승용,여,43세,상해없음,승용,남,51세,경상
2019011100100501,2019년 1월 11일 19시,금요일,대구광역시 달서구 진천동,경상사고,0,0,1,1,차대차 - 측면충돌,안전운전불이행,건조,맑음,교차로 - 교차로부근,이륜,남,58세,부상신고,이륜,남,22세,경상
2019011100100502,2019년 1월 11일 19시,금요일,대구광역시 달성군 다사읍,경상사고,0,0,2,0,차대차 - 측면충돌,안전운전불이행,건조,맑음,교차로 - 교차로안,화물,남,50세,상해없음,승용,남,51세,경상
2019011100100503,2019년 1월 11일 19시,금요일,대구광역시 북구 침산동,경상사고,0,0,1,1,차대차 - 추돌,안전운전불이행,건조,맑음,단일로 - 기타,승용,여,44세,상해없음,승용,여,64세,경상
2019011100100534,2019년 1월 11일 20시,금요일,대구광역시 달서구 상인동,경상사고,0,0,1,0,차대차 - 측면충돌,신호위반,건조,맑음,교차로 - 교차로안,승용,남,29세,상해없음,승용,남,29세,경상
2019011100100535,2019년 1월 11일 20시,금요일,대구광역시 달서구 상인동,경상사고,0,0,2,0,차대차 - 추돌,안전운전불이행,건조,맑음,단일로 - 기타,승용,남,73세,상해없음,승용,남,56세,경상
2019011100100536,2019년 1월 11일 20시,금요일,대구광역시 달성군 현풍읍,부상신고사고,0,0,0,1,차대차 - 기타,안전운전불이행,건조,맑음,교차로 - 교차로안,이륜,남,33세,부상신고,승용,남,54세,상해없음
2019011100100537,2019년 1월 11일 20시,금요일,대구광역시 서구 평리동,경상사고,0,0,1,0,차대차 - 후진중충돌,불법유턴,건조,맑음,단일로 - 기타,화물,남,62세,상해없음,승용,남,35세,경상
2019011100100538,2019년 1월 11일 20시,금요일,대구광역시 달서구 용산동,경상사고,0,0,3,0,차대차 - 측면충돌,차로위반,건조,맑음,기타 - 기타,승용,남,71세,상해없음,승용,남,20세,경상
2019011100100561,2019년 1월 11일 21시,금요일,대구광역시 서구 내당동,경상사고,0,0,1,1,차대차 - 측면충돌,안전운전불이행,건조,맑음,교차로 - 교차로안,승용,여,55세,부상신고,화물,남,47세,경상
2019011100100608,2019년 1월 11일 23시,금요일,대구광역시 달성군 유가읍,경상사고,0,0,1,0,차량단독 - 기타,안전운전불이행,건조,맑음,단일로 - 기타,승용,여,52세,상해없음,,,,
2019011200100029,2019년 1월 12일 00시,토요일,대구광역시 달서구 유천동,경상사고,0,0,2,0,차대차 - 측면충돌,신호위반,건조,맑음,교차로 - 교차로안,승합,남,68세,상해없음,승용,여,51세,경상
2019011200100048,2019년 1월 12일 01시,토요일,대구광역시 동구 신서동,경상사고,0,0,1,0,차대차 - 기타,안전거리미확보,건조,맑음,교차로 - 교차로부근,승용,남,64세,상해없음,이륜,남,26세,경상
2019011200100049,2019년 1월 12일 01시,토요일,대구광역시 수성구 신매동,경상사고,0,0,1,0,차량단독 - 기타,안전운전불이행,건조,맑음,단일로 - 기타,승용,남,65세,상해없음,,,,
2019011200100050,2019년 1월 12일 01시,토요일,대구광역시 달성군 다사읍,경상사고,0,0,1,0,차대사람 - 기타,보행자보호의무위반,건조,맑음,교차로 - 교차로횡단보도내,승용,남,58세,상해없음,보행자,남,34세,경상
2019011200100063,2019년 1월 12일 02시,토요일,대구광역시 달서구 상인동,경상사고,0,0,1,0,차대차 - 기타,안전거리미확보,건조,맑음,단일로 - 기타,승용,남,36세,상해없음,승용,남,35세,경상
2019011200100064,2019년 1월 12일 02시,토요일,대구광역시 달서구 호산동,경상사고,0,0,4,0,차대차 - 측면충돌,교차로운행방법위반,젖음/습기,비,교차로 - 교차로안,승용,여,49세,경상,승용,남,30세,경상
2019011200100092,2019년 1월 12일 04시,토요일,대구광역시 남구 대명동,경상사고,0,0,1,0,차대차 - 측면충돌,안전운전불이행,젖음/습기,비,교차로 - 교차로안,승용,여,64세,상해없음,승용,남,55세,경상
2019011200100108,2019년 1월 12일 05시,토요일,대구광역시 수성구 두산동,부상신고사고,0,0,0,1,차량단독 - 공작물충돌,안전운전불이행,건조,맑음,단일로 - 기타,승용,여,33세,부상신고,,,,
2019011200100109,2019년 1월 12일 05시,토요일,대구광역시 달성군 유가읍,사망사고,2,4,0,0,차대차 - 측면충돌,신호위반,젖음/습기,비,교차로 - 교차로안,승용,남,20세,중상,승합,남,38세,중상
2019011200100110,2019년 1월 12일 05시,토요일,대구광역시 서구 비산동,중상사고,0,1,0,0,차대차 - 추돌,안전운전불이행,건조,맑음,단일로 - 기타,승용,남,72세,상해없음,화물,여,30세,기타불명
2019011200100129,2019년 1월 12일 06시,토요일,대구광역시 수성구 범어동,부상신고사고,0,0,0,1,차량단독 - 전도전복 - 전도,안전운전불이행,젖음/습기,맑음,교차로 - 교차로안,이륜,남,89세,부상신고,,,,
2019011200100130,2019년 1월 12일 06시,토요일,대구광역시 서구 이현동,경상사고,0,0,1,0,차대차 - 추돌,안전운전불이행,젖음/습기,맑음,교차로 - 교차로부근,승용,남,29세,상해없음,승합,남,26세,경상
2019011200100139,2019년 1월 12일 07시,토요일,대구광역시 달서구 월성동,중상사고,0,1,0,0,차대차 - 측면충돌,신호위반,젖음/습기,비,교차로 - 교차로안,승용,남,25세,상해없음,승용,남,44세,중상
2019011200100140,2019년 1월 12일 07시,토요일,대구광역시 북구 검단동,경상사고,0,0,1,0,차대사람 - 횡단중,신호위반,젖음/습기,비,교차로 - 교차로횡단보도내,화물,남,56세,상해없음,보행자,남,50세,경상
2019011200100153,2019년 1월 12일 08시,토요일,대구광역시 서구 평리동,경상사고,0,0,3,0,차대차 - 기타,안전거리미확보,젖음/습기,비,단일로 - 기타,승용,남,61세,경상,승용,남,35세,경상
2019011200100171,2019년 1월 12일 09시,토요일,대구광역시 수성구 만촌동,경상사고,0,0,1,0,차대차 - 측면충돌,안전운전불이행,젖음/습기,비,교차로 - 교차로안,승용,여,72세,상해없음,승용,여,39세,경상
2019011200100172,2019년 1월 12일 09시,토요일,대구광역시 달서구 월성동,경상사고,0,0,1,0,차대차 - 측면충돌,안전운전불이행,건조,맑음,주차장 - 주차장,승용,여,33세,상해없음,승용,남,23세,경상
2019011200100207,2019년 1월 12일 10시,토요일,대구광역시 중구 교동,중상사고,0,1,0,0,차대차 - 측면충돌,신호위반,젖음/습기,비,교차로 - 교차로안,이륜,남,47세,중상,승용,남,54세,상해없음
2019011200100240,2019년 1월 12일 11시,토요일,대구광역시 달서구 송현동,경상사고,0,0,2,0,차대차 - 측면충돌,교차로운행방법위반,건조,맑음,교차로 - 교차로안,승용,여,59세,경상,승용,남,57세,경상
2019011200100263,2019년 1월 12일 12시,토요일,대구광역시 수성구 황금동,경상사고,0,0,2,0,차대차 - 추돌,안전운전불이행,젖음/습기,맑음,단일로 - 기타,승용,남,62세,상해없음,승용,남,59세,경상
2019011200100264,2019년 1월 12일 12시,토요일,대구광역시 중구 남산동,경상사고,0,0,2,0,차대차 - 추돌,안전운전불이행,건조,맑음,단일로 - 기타,승용,여,47세,상해없음,승용,여,33세,경상
2019011200100287,2019년 1월 12일 13시,토요일,대구광역시 달서구 이곡동,경상사고,0,0,1,0,차대사람 - 횡단중,보행자보호의무위반,건조,맑음,교차로 - 교차로횡단보도내,승용,남,70세,상해없음,보행자,남,9세,경상
2019011200100288,2019년 1월 12일 13시,토요일,대구광역시 북구 동천동,경상사고,0,0,1,0,차대차 - 기타,직진우회전진행방해,건조,맑음,교차로 - 교차로부근,원동기,남,22세,경상,승용,남,56세,상해없음
2019011200100311,2019년 1월 12일 14시,토요일,대구광역시 동구 신천동,경상사고,0,0,3,0,차대차 - 추돌,안전운전불이행,젖음/습기,흐림,단일로 - 기타,이륜,남,51세,경상,승용,남,24세,경상
2019011200100333,2019년 1월 12일 15시,토요일,대구광역시 달성군 옥포읍,경상사고,0,0,1,0,차대차 - 측면충돌,안전운전불이행,건조,맑음,단일로 - 기타,승용,여,57세,상해없음,승용,남,45세,상해없음
2019011200100334,2019년 1월 12일 15시,토요일,대구광역시 북구 칠성동2가,중상사고,0,1,0,0,차대차 - 기타,불법유턴,건조,맑음,단일로 - 기타,승용,여,55세,상해없음,이륜,남,33세,중상