사고번호,사고일시,요일,시군구,사고내용,사망자수,중상자수,경상자수,부상신고자수,사고유형,법규위반,노면상태,기상상태,도로형태,가해운전자 차종,가해운전자 성별,가해운전자 연령,가해운전자 상해정도,피해운전자 차종,피해운전자 성별,피해운전자 연령,피해운전자 상해정도
2019011200100335,2019년 1월 12일 15시,토요일,대구광역시 북구 검단동,중상사고,0,1,0,0,차대차 - 측면충돌,교차로운행방법위반,건조,맑음,교차로 - 교차로부근,승용,남,48세,상해없음,자전거,남,59세,중상
2019011200100356,2019년 1월 12일 16시,토요일,대구광역시 북구 침산동,경상사고,0,0,3,0,차대차 - 추돌,안전운전불이행,건조,맑음,단일로 - 기타,승용,남,62세,상해없음,승용,남,31세,경상
2019011200100383,2019년 1월 12일 17시,토요일,대구광역시 달서구 송현동,경상사고,0,0,1,0,차대사람 - 기타,안전운전불이행,건조,맑음,단일로 - 기타,승용,남,39세,상해없음,보행자,여,86세,경상
2019011200100384,2019년 1월 12일 17시,토요일,대구광역시 서구 원대동3가,중상사고,0,1,1,0,차대차 - 측면충돌,안전운전불이행,젖음/습기,맑음,단일로 - 기타,이륜,남,40세,경상,자전거,여,71세,중상
2019011200100385,2019년 1월 12일 17시,토요일,대구광역시 서구 평리동,경상사고,0,0,2,0,차대차 - 기타,안전운전불이행,건조,맑음,단일로 - 기타,승용,여,44세,상해없음,승용,남,24세,경상
2019011200100386,2019년 1월 12일 17시,토요일,대구광역시 달서구 감삼동,경상사고,0,0,1,0,차대차 - 기타,안전운전불이행,건조,맑음,단일로 - 기타,승용,여,67세,상해없음,승용,남,37세,경상
2019011200100422,2019년 1월 12일 18시,토요일,대구광역시 남구 대명동,경상사고,0,0,1,0,차대사람 - 길가장자리구역통행중,안전운전불이행,건조,맑음,단일로 - 기타,승용,남,41세,상해없음,보행자,남,49세,경상
2019011200100423,2019년 1월 12일 18시,토요일,대구광역시 동구 신암동,중상사고,0,1,0,0,차대차 - 기타,안전운전불이행,건조,맑음,단일로 - 기타,승용,남,60세,상해없음,승합,남,34세,상해없음
2019011200100450,2019년 1월 12일 19시,토요일,대구광역시 달서구 성당동,중상사고,0,1,1,0,차대차 - 측면충돌,안전거리미확보,건조,맑음,단일로 - 기타,승용,남,54세,상해없음,이륜,남,20세,중상
2019011200100513,2019년 1월 12일 21시,토요일,대구광역시 중구 삼덕동1가,경상사고,0,0,2,0,차대차 - 측면충돌,안전운전불이행,건조,맑음,단일로 - 기타,승용,남,55세,상해없음,승용,여,29세,경상
2019011200100534,2019년 1월 12일 22시,토요일,대구광역시 동구 검사동,경상사고,0,0,1,0,차대사람 - 기타,안전운전불이행,건조,맑음,교차로 - 교차로안,기타불명,기타불명,미분류,기타불명,보행자,남,67세,경상
2019011200100535,2019년 1월 12일 22시,토요일,대구광역시 수성구 범어동,경상사고,0,0,1,1,차대차 - 측면충돌,중앙선침범,건조,맑음,단일로 - 기타,이륜,남,22세,부상신고,승용,여,62세,경상
2019011300100045,2019년 1월 13일 01시,일요일,대구광역시 달서구 용산동,경상사고,0,0,2,0,차대차 - 측면충돌,신호위반,건조,맑음,교차로 - 교차로안,승용,남,24세,경상,승용,남,62세,경상
2019011300100083,2019년 1월 13일 05시,일요일,대구광역시 수성구 만촌동,경상사고,0,0,1,1,차대차 - 추돌,안전운전불이행,건조,맑음,교차로 - 교차로부근,승용,남,25세,부상신고,승용,남,35세,경상
2019011300100093,2019년 1월 13일 06시,일요일,대구광역시 달서구 대곡동,중상사고,0,1,0,0,차대사람 - 횡단중,보행자보호의무위반,건조,흐림,교차로 - 교차로횡단보도내,승용,남,63세,상해없음,보행자,남,74세,중상
2019011300100094,2019년 1월 13일 06시,일요일,대구광역시 달성군 구지면,경상사고,0,0,1,0,차대차 - 기타,안전운전불이행,건조,맑음,단일로 - 기타,승용,남,48세,경상,화물,남,65세,상해없음
2019011300100095,2019년 1월 13일 06시,일요일,대구광역시 서구 평리동,경상사고,0,0,2,0,차대차 - 추돌,안전운전불이행,건조,맑음,기타 - 기타,승용,남,58세,상해없음,승합,남,57세,경상
2019011300100112,2019년 1월 13일 08시,일요일,대구광역시 북구 산격동,경상사고,0,0,1,0,차대차 - 추돌,안전거리미확보,건조,맑음,교차로 - 교차로안,승용,남,46세,상해없음,화물,남,53세,경상
2019011300100156,2019년 1월 13일 11시,일요일,대구광역시 동구 검사동,경상사고,0,0,2,0,차대차 - 추돌,안전운전불이행,건조,맑음,기타 - 기타,승용,남,24세,상해없음,화물,남,57세,경상
2019011300100194,2019년 1월 13일 13시,일요일,대구광역시 북구 읍내동,경상사고,0,0,1,1,차대차 - 기타,직진우회전진행방해,건조,맑음,교차로 - 교차로안,승용,남,31세,부상신고,승용,남,53세,경상
2019011300100215,2019년 1월 13일 14시,일요일,대구광역시 남구 봉덕동,경상사고,0,0,1,0,차량단독 - 기타,안전운전불이행,건조,맑음,단일로 - 지하차도(도로)내,승합,남,56세,상해없음,,,,
2019011300100243,2019년 1월 13일 15시,일요일,대구광역시 동구 신천동,경상사고,0,0,1,0,차대차 - 기타,안전거리미확보,건조,맑음,단일로 - 기타,승용,여,24세,상해없음,승합,남,47세,경상
2019011300100244,2019년 1월 13일 15시,일요일,대구광역시 중구 동인동4가,경상사고,0,0,1,0,차대차 - 추돌,안전운전불이행,건조,맑음,단일로 - 기타,승용,남,60세,상해없음,승용,남,66세,경상
2019011300100285,2019년 1월 13일 17시,일요일,대구광역시 북구 노원동3가,경상사고,0,0,1,0,차대사람 - 기타,안전운전불이행,건조,맑음,단일로 - 기타,자전거,남,67세,상해없음,보행자,남,61세,경상
2019011300100286,2019년 1월 13일 17시,일요일,대구광역시 중구 삼덕동1가,부상신고사고,0,0,0,1,차대차 - 측면충돌,안전거리미확보,건조,맑음,단일로 - 기타,승용,남,44세,상해없음,이륜,남,18세,상해없음
2019011300100311,2019년 1월 13일 18시,일요일,대구광역시 동구 신기동,경상사고,0,0,3,0,차대차 - 측면충돌,안전운전불이행,건조,맑음,단일로 - 기타,승용,남,67세,상해없음,승용,여,43세,경상
2019011300100312,2019년 1월 13일 18시,일요일,대구광역시 수성구 중동,경상사고,0,0,3,0,차대차 - 추돌,안전거리미확보,건조,맑음,교차로 - 교차로부근,승용,남,67세,상해없음,승용,여,22세,경상
2019011300100313,2019년 1월 13일 18시,일요일,대구광역시 중구 공평동,경상사고,0,0,2,0,차대차 - 추돌,안전운전불이행,건조,맑음,단일로 - 기타,승용,남,36세,상해없음,승용,남,23세,경상
2019011300100341,2019년 1월 13일 19시,일요일,대구광역시 달서구 신당동,경상사고,0,0,1,0,차대차 - 기타,안전운전불이행,건조,맑음,단일로 - 기타,승용,남,23세,상해없음,이륜,남,29세,경상
2019011300100363,2019년 1월 13일 20시,일요일,대구광역시 달성군 다사읍,경상사고,0,0,2,0,차대차 - 기타,안전운전불이행,건조,맑음,교차로 - 교차로안,이륜,남,23세,경상,승용,여,46세,경상
2019011300100390,2019년 1월 13일 22시,일요일,대구광역시 달서구 용산동,경상사고,0,0,1,0,차대차 - 측면충돌,안전운전불이행,건조,맑음,단일로 - 기타,승용,남,50세,상해없음,이륜,남,17세,경상
2019011300100406,2019년 1월 13일 23시,일요일,대구광역시 수성구 수성동1가,중상사고,0,1,1,0,차대차 - 측면충돌,과속,건조,맑음,단일로 - 기타,승용,남,27세,경상,이륜,남,47세,중상
2019011300100407,2019년 1월 13일 23시,일요일,대구광역시 중구 동인동1가,경상사고,0,0,1,0,차대차 - 기타,신호위반,건조,맑음,교차로 - 교차로안,승용,남,59세,상해없음,이륜,남,34세,경상
2019011400100045,2019년 1월 14일 01시,월요일,대구광역시 수성구 범어동,경상사고,0,0,1,0,차대사람 - 차도통행중,안전운전불이행,건조,맑음,교차로 - 교차로안,화물,남,52세,상해없음,보행자,남,45세,경상
2019011400100069,2019년 1월 14일 05시,월요일,대구광역시 서구 내당동,중상사고,0,1,0,0,차대차 - 추돌,안전운전불이행,건조,맑음,단일로 - 기타,화물,남,66세,상해없음,이륜,남,57세,중상
2019011400100096,2019년 1월 14일 06시,월요일,대구광역시 서구 내당동,경상사고,0,0,3,0,차대차 - 측면충돌,신호위반,건조,맑음,교차로 - 교차로안,승용,남,74세,경상,승용,남,63세,경상
2019011400100123,2019년 1월 14일 07시,월요일,대구광역시 수성구 수성동2가,경상사고,0,0,1,0,차대차 - 측면충돌,안전운전불이행,건조,맑음,단일로 - 기타,화물,남,47세,상해없음,승용,여,61세,경상
2019011400100124,2019년 1월 14일 07시,월요일,대구광역시 달성군 다사읍,경상사고,0,0,2,0,차대차 - 측면충돌,안전운전불이행,건조,맑음,교차로 - 교차로부근,승용,남,36세,경상,화물,남,40세,경상
2019011400100125,2019년 1월 14일 07시,월요일,대구광역시 달성군 다사읍,경상사고,0,0,1,0,차대차 - 측면충돌,안전운전불이행,건조,맑음,교차로 - 교차로안,화물,남,32세,상해없음,승용,남,31세,경상
2019011400100155,2019년 1월 14일 08시,월요일,대구광역시 동구 동호동,중상사고,0,1,0,0,차대차 - 측면충돌,신호위반,건조,맑음,교차로 - 교차로안,승용,남,62세,상해없음,이륜,남,26세,중상
2019011400100156,2019년 1월 14일 08시,월요일,대구광역시 북구 칠성동1가,경상사고,0,0,1,0,차대차 - 기타,안전운전불이행,건조,맑음,교차로 - 교차로안,화물,남,36세,상해없음,원동기,남,56세,경상
2019011400100157,2019년 1월 14일 08시,월요일,대구광역시 중구 삼덕동3가,경상사고,0,0,1,0,차대차 - 측면충돌,교차로운행방법위반,건조,맑음,교차로 - 교차로안,승용,여,55세,상해없음,승용,남,50세,경상
2019011400100193,2019년 1월 14일 09시,월요일,대구광역시 달성군 논공읍,경상사고,0,0,1,0,차대차 - 측면충돌,신호위반,건조,맑음,교차로 - 교차로안,화물,여,50세,기타불명,승용,남,53세,경상
2019011400100225,2019년 1월 14일 10시,월요일,대구광역시 달서구 월성동,경상사고,0,0,1,0,차대차 - 측면충돌,교차로운행방법위반,건조,맑음,교차로 - 교차로안,승용,여,62세,상해없음,승용,남,31세,경상
2019011400100253,2019년 1월 14일 11시,월요일,대구광역시 북구 태전동,경상사고,0,0,1,0,차대차 - 측면충돌,교차로운행방법위반,건조,맑음,교차로 - 교차로안,자전거,남,73세,경상,이륜,남,56세,상해없음
2019011400100284,2019년 1월 14일 12시,월요일,대구광역시 수성구 범어동,부상신고사고,0,0,0,1,차량단독 - 공작물충돌,안전운전불이행,건조,맑음,교차로 - 교차로부근,이륜,남,31세,부상신고,,,,
2019011400100285,2019년 1월 14일 12시,월요일,대구광역시 서구 평리동,경상사고,0,0,1,0,차대차 - 측면충돌,안전거리미확보,건조,맑음,단일로 - 기타,승용,남,67세,상해없음,승용,여,63세,경상
2019011400100312,2019년 1월 14일 13시,월요일,대구광역시 달서구 감삼동,경상사고,0,0,2,0,차대차 - 기타,안전거리미확보,건조,맑음,단일로 - 기타,승용,남,30세,상해없음,승용,남,19세,경상
2019011400100313,2019년 1월 14일 13시,월요일,대구광역시 달서구 감삼동,경상사고,0,0,2,0,차대차 - 측면충돌,차로위반,건조,맑음,단일로 - 기타,승용,남,30세,상해없음,승용,남,19세,경상
2019011400100330,2019년 1월 14일 14시,월요일,대구광역시 달서구 진천동,경상사고,0,0,1,0,차대사람 - 차도통행중,중앙선침범,건조,맑음,단일로 - 기타,승용,남,25세,상해없음,보행자,남,31세,경상
2019011400100331,2019년 1월 14일 14시,월요일,대구광역시 북구 복현동,경상사고,0,0,1,0,차대차 - 측면충돌,안전거리미확보,건조,맑음,단일로 - 기타,승용,남,61세,상해없음,이륜,남,18세,경상
2019011400100332,2019년 1월 14일 14시,월요일,대구광역시 달서구 이곡동,경상사고,0,0,1,0,차대차 - 추돌,안전거리미확보,건조,맑음,단일로 - 기타,승용,여,39세,상해없음,승용,남,27세,경상
2019011400100352,2019년 1월 14일 15시,월요일,대구광역시 달성군 화원읍,경상사고,0,0,2,0,차대차 - 측면충돌,안전운전불이행,건조,맑음,단일로 - 기타,승용,여,64세,상해없음,이륜,남,17세,경상
2019011400100353,2019년 1월 14일 15시,월요일,대구광역시 북구 칠성동1가,경상사고,0,0,1,0,차대사람 - 횡단중,안전운전불이행,건조,맑음,교차로 - 교차로횡단보도내,이륜,남,16세,상해없음,보행자,여,69세,경상
2019011400100376,2019년 1월 14일 16시,월요일,대구광역시 북구 고성동2가,경상사고,0,0,2,0,차대차 - 측면충돌,신호위반,건조,맑음,교차로 - 교차로안,승용,남,65세,상해없음,이륜,여,64세,경상
2019011400100377,2019년 1월 14일 16시,월요일,대구광역시 서구 내당동,경상사고,0,0,1,0,차대차 - 측면충돌,안전거리미확보,건조,맑음,단일로 - 기타,승용,여,59세,상해없음,이륜,남,17세,경상
2019011400100378,2019년 1월 14일 16시,월요일,대구광역시 달서구 두류동,경상사고,0,0,3,0,차대차 - 측면충돌,안전운전불이행,건조,맑음,단일로 - 기타,승용,남,69세,상해없음,승용,남,60세,경상
2019011400100379,2019년 1월 14일 16시,월요일,대구광역시 서구 비산동,경상사고,0,0,1,0,차대차 - 정면충돌,중앙선침범,건조,맑음,단일로 - 기타,이륜,여,63세,상해없음,승용,남,59세,경상
2019011400100380,2019년 1월 14일 16시,월요일,대구광역시 서구 비산동,경상사고,0,0,1,0,차량단독 - 기타,안전운전불이행,건조,맑음,단일로 - 기타,이륜,남,72세,경상,,,,
2019011400100413,2019년 1월 14일 17시,월요일,대구광역시 동구 동호동,중상사고,0,1,0,0,차대사람 - 기타,안전운전불이행,건조,맑음,단일로 - 기타,승용,남,71세,상해없음,보행자,여,57세,중상
2019011400100414,2019년 1월 14일 17시,월요일,대구광역시 달서구 월성동,경상사고,0,0,1,0,차대차 - 기타,안전운전불이행,건조,맑음,교차로 - 교차로부근,승합,남,23세,상해없음,자전거,남,9세,경상
2019011400100415,2019년 1월 14일 17시,월요일,대구광역시 달성군 구지면,경상사고,0,0,1,0,차대차 - 정면충돌,안전운전불이행,젖음/습기,맑음,단일로 - 기타,승용,남,66세,상해없음,승용,여,51세,경상
2019011400100416,2019년 1월 14일 17시,월요일,대구광역시 북구 태전동,부상신고사고,0,0,0,1,차대사람 - 기타,안전운전불이행,건조,맑음,단일로 - 기타,기타불명,기타불명,미분류,기타불명,보행자,여,45세,부상신고
2019011400100460,2019년 1월 14일 18시,월요일,대구광역시 동구 각산동,경상사고,0,0,1,0,차대차 - 기타,안전운전불이행,건조,맑음,교차로 - 교차로안,승용,남,65세,상해없음,원동기,남,19세,경상
2019011400100461,2019년 1월 14일 18시,월요일,대구광역시 서구 비산동,중상사고,0,1,0,0,차량단독 - 기타,안전운전불이행,건조,맑음,단일로 - 기타,승합,남,62세,상해없음,,,,
2019011400100488,2019년 1월 14일 19시,월요일,대구광역시 수성구 삼덕동,경상사고,0,0,1,0,차대차 - 측면충돌,안전운전불이행,건조,맑음,기타 - 기타,화물,남,55세,상해없음,승용,남,44세,경상
2019011400100489,2019년 1월 14일 19시,월요일,대구광역시 달서구 진천동,경상사고,0,0,2,0,차대사람 - 차도통행중,보행자보호의무위반,건조,맑음,단일로 - 기타,승용,남,35세,상해없음,보행자,여,20세,경상
2019011400100509,2019년 1월 14일 20시,월요일,대구광역시 달서구 본리동,경상사고,0,0,1,0,차대차 - 추돌,안전운전불이행,건조,맑음,단일로 - 기타,승용,남,55세,상해없음,승용,남,67세,상해없음
2019011400100510,2019년 1월 14일 20시,월요일,대구광역시 달서구 상인동,경상사고,0,0,1,0,차대사람 - 횡단중,안전운전불이행,건조,맑음,단일로 - 기타,승용,남,36세,상해없음,보행자,남,49세,경상
2019011400100511,2019년 1월 14일 20시,월요일,대구광역시 서구 중리동,경상사고,0,0,1,0,차대차 - 측면충돌,안전운전불이행,건조,맑음,단일로 - 기타,승용,남,66세,상해없음,승용,남,55세,경상
2019011400100512,2019년 1월 14일 20시,월요일,대구광역시 달서구 월성동,경상사고,0,0,1,0,차대차 - 추돌,안전운전불이행,건조,맑음,단일로 - 기타,승용,남,51세,상해없음,승용,남,45세,경상
2019011400100530,2019년 1월 14일 21시,월요일,대구광역시 달성군 다사읍,경상사고,0,0,5,0,차대차 - 추돌,안전운전불이행,건조,맑음,교차로 - 교차로부근,승용,여,48세,상해없음,승용,여,38세,경상
2019011400100552,2019년 1월 14일 22시,월요일,대구광역시 수성구 만촌동,경상사고,0,0,1,0,차대사람 - 기타,안전운전불이행,건조,맑음,단일로 - 기타,특수,남,34세,상해없음,보행자,남,28세,경상
2019011500100037,2019년 1월 15일 02시,화요일,대구광역시 서구 비산동,중상사고,0,2,1,0,차대차 - 측면충돌,신호위반,건조,맑음,교차로 - 교차로안,승용,여,48세,상해없음,승용,남,49세,중상
2019011500100047,2019년 1월 15일 04시,화요일,대구광역시 북구 동천동,경상사고,0,0,1,0,차대차 - 측면충돌,안전운전불이행,건조,맑음,교차로 - 교차로안,승용,남,74세,상해없음,이륜,남,23세,경상
2019011500100055,2019년 1월 15일 05시,화요일,대구광역시 달성군 화원읍,경상사고,0,0,1,0,차대차 - 추돌,안전운전불이행,건조,맑음,교차로 - 교차로부근,화물,남,59세,상해없음,승용,남,28세,경상
2019011500100056,2019년 1월 15일 05시,화요일,대구광역시 달서구 이곡동,경상사고,0,0,1,0,차대차 - 추돌,안전운전불이행,건조,맑음,교차로 - 교차로안,승용,남,32세,상해없음,승용,남,43세,경상
2019011500100120,2019년 1월 15일 08시,화요일,대구광역시 동구 방촌동,경상사고,0,0,1,0,차대사람 - 기타,안전운전불이행,건조,맑음,기타 - 기타,승합,남,64세,상해없음,보행자,여,57세,경상
2019011500100199,2019년 1월 15일 11시,화요일,대구광역시 달서구 성당동,경상사고,0,0,1,0,차대차 - 기타,교차로운행방법위반,건조,맑음,교차로 - 교차로안,승용,여,58세,상해없음,이륜,남,20세,경상
2019011500100223,2019년 1월 15일 12시,화요일,대구광역시 남구 대명동,중상사고,0,1,0,0,차대사람 - 보도통행중,기타,건조,맑음,단일로 - 기타,승용,남,60세,상해없음,보행자,남,69세,중상
2019011500100224,2019년 1월 15일 12시,화요일,대구광역시 수성구 두산동,경상사고,0,0,1,0,차대차 - 측면충돌,안전거리미확보,건조,맑음,단일로 - 기타,승용,남,79세,상해없음,이륜,남,26세,경상
2019011500100225,2019년 1월 15일 12시,화요일,대구광역시 서구 이현동,경상사고,0,0,2,0,차대차 - 추돌,안전운전불이행,건조,맑음,기타 - 기타,승용,남,63세,상해없음,승용,남,56세,경상
2019011500100226,2019년 1월 15일 12시,화요일,대구광역시 북구 읍내동,경상사고,0,0,1,0,차대차 - 기타,안전운전불이행,건조,맑음,교차로 - 교차로부근,자전거,남,61세,경상,이륜,남,40세,상해없음
2019011500100247,2019년 1월 15일 13시,화요일,대구광역시 수성구 만촌동,중상사고,0,1,0,0,차대차 - 측면충돌,안전운전불이행,건조,맑음,단일로 - 기타,이륜,남,59세,중상,승용,남,60세,상해없음
2019011500100248,2019년 1월 15일 13시,화요일,대구광역시 북구 매천동,중상사고,0,3,0,0,차대차 - 기타,안전운전불이행,건조,맑음,단일로 - 기타,건설기계,남,59세,상해없음,승용,여,60세,중상
2019011500100294,2019년 1월 15일 15시,화요일,대구광역시 북구 산격동,경상사고,0,0,1,0,차대차 - 측면충돌,신호위반,건조,맑음,교차로 - 교차로안,승용,남,39세,상해없음,화물,남,38세,경상
2019011500100346,2019년 1월 15일 17시,화요일,대구광역시 동구 효목동,중상사고,0,1,1,0,차대차 - 측면충돌,교차로운행방법위반,건조,맑음,교차로 - 교차로부근,화물,남,55세,상해없음,이륜,남,19세,중상
2019011500100347,2019년 1월 15일 17시,화요일,대구광역시 중구 대신동,경상사고,0,0,1,0,차대사람 - 횡단중,보행자보호의무위반,건조,맑음,단일로 - 터널,승용,남,37세,상해없음,보행자,여,46세,경상
2019011500100403,2019년 1월 15일 18시,화요일,대구광역시 달서구 본동,경상사고,0,0,1,0,차대차 - 측면충돌,안전운전불이행,건조,맑음,교차로 - 교차로안,이륜,남,60세,경상,승용,여,23세,상해없음
2019011500100404,2019년 1월 15일 18시,화요일,대구광역시 달서구 대천동,중상사고,0,1,1,0,차대차 - 정면충돌,교차로운행방법위반,건조,맑음,교차로 - 교차로안,승용,여,52세,중상,승용,남,48세,경상
2019011500100405,2019년 1월 15일 18시,화요일,대구광역시 북구 산격동,경상사고,0,0,1,0,차대차 - 기타,안전거리미확보,건조,맑음,교차로 - 교차로부근,화물,남,42세,상해없음,승용,남,34세,경상
2019011500100406,2019년 1월 15일 18시,화요일,대구광역시 달서구 신당동,경상사고,0,0,3,0,차대차 - 측면충돌,안전운전불이행,건조,맑음,교차로 - 교차로부근,이륜,남,25세,경상,승용,남,34세,경상
2019011500100440,2019년 1월 15일 19시,화요일,대구광역시 수성구 황금동,경상사고,0,0,1,0,차대사람 - 보도통행중,안전운전불이행,건조,맑음,단일로 - 기타,이륜,남,58세,상해없음,보행자,여,15세,경상
2019011500100492,2019년 1월 15일 21시,화요일,대구광역시 동구 효목동,경상사고,0,0,1,0,차대사람 - 횡단중,안전운전불이행,건조,맑음,교차로 - 교차로부근,기타불명,기타불명,미분류,기타불명,보행자,여,20세,경상
2019011500100493,2019년 1월 15일 21시,화요일,대구광역시 북구 침산동,부상신고사고,0,0,0,1,차대사람 - 횡단중,안전운전불이행,건조,맑음,단일로 - 기타,원동기,남,61세,상해없음,보행자,남,13세,부상신고
2019011500100494,2019년 1월 15일 21시,화요일,대구광역시 달서구 용산동,중상사고,0,1,0,0,차대사람 - 보도통행중,신호위반,건조,맑음,단일로 - 기타,이륜,남,23세,상해없음,보행자,남,17세,중상
2019011500100512,2019년 1월 15일 22시,화요일,대구광역시 달서구 유천동,경상사고,0,0,1,0,차대차 - 측면충돌,안전거리미확보,건조,맑음,단일로 - 기타,화물,남,72세,상해없음,승용,남,32세,경상
2019011500100513,2019년 1월 15일 22시,화요일,대구광역시 서구 비산동,경상사고,0,0,1,0,차대차 - 측면충돌,신호위반,건조,맑음,단일로 - 기타,승용,남,26세,상해없음,이륜,남,28세,경상
2019011500100529,2019년 1월 15일 23시,화요일,대구광역시 북구 고성동1가,중상사고,0,1,0,0,차대사람 - 횡단중,안전운전불이행,건조,맑음,단일로 - 기타,화물,남,55세,상해없음,보행자,남,53세,중상
2019011600100027,2019년 1월 16일 00시,수요일,대구광역시 중구 삼덕동1가,경상사고,0,0,1,0,차대차 - 측면충돌,안전운전불이행,건조,맑음,단일로 - 기타,승용,여,20세,상해없음,승용,남,48세,경상
2019011600100082,2019년 1월 16일 06시,수요일,대구광역시 북구 복현동,중상사고,0,1,0,0,차대차 - 측면충돌,신호위반,건조,맑음,교차로 - 교차로안,승용,남,68세,상해없음,자전거,남,65세,중상
2019011600100083,2019년 1월 16일 06시,수요일,대구광역시 서구 평리동,중상사고,0,1,0,0,차대사람 - 기타,안전운전불이행,건조,맑음,단일로 - 기타,승합,남,68세,상해없음,보행자,남,35세,중상
2019011600100084,2019년 1월 16일 06시,수요일,대구광역시 서구 평리동,중상사고,0,1,0,0,차대차 - 측면충돌,신호위반,건조,맑음,교차로 - 교차로안,이륜,남,56세,중상,승용,남,58세,상해없음
2019011600100147,2019년 1월 16일 09시,수요일,대구광역시 달성군 유가읍,부상신고사고,0,0,0,1,차대차 - 기타,안전운전불이행,건조,맑음,단일로 - 기타,자전거,남,10세,부상신고,승용,여,34세,상해없음
2019011600100148,2019년 1월 16일 09시,수요일,대구광역시 달서구 용산동,중상사고,0,1,0,0,차대사람 - 보도통행중,기타,건조,맑음,단일로 - 기타,승용,여,57세,상해없음,보행자,여,39세,중상
2019011600100169,2019년 1월 16일 10시,수요일,대구광역시 동구 각산동,경상사고,0,0,2,0,차대차 - 측면충돌,신호위반,건조,맑음,교차로 - 교차로부근,승용,남,60세,상해없음,화물,남,57세,경상
2019011600100170,2019년 1월 16일 10시,수요일,대구광역시 북구 복현동,경상사고,0,0,1,0,차대차 - 측면충돌,직진우회전진행방해,건조,맑음,교차로 - 교차로안,승용,남,55세,상해없음,승용,여,45세,경상
2019011600100193,2019년 1월 16일 11시,수요일,대구광역시 남구 봉덕동,경상사고,0,0,1,0,차대차 - 후진중충돌,안전운전불이행,건조,맑음,단일로 - 기타,승용,남,80세,상해없음,승용,남,39세,경상
2019011600100220,2019년 1월 16일 12시,수요일,대구광역시 북구 고성동2가,경상사고,0,0,1,0,차대사람 - 횡단중,보행자보호의무위반,건조,맑음,교차로 - 교차로안,화물,남,44세,상해없음,보행자,남,84세,경상
2019011600100221,2019년 1월 16일 12시,수요일,대구광역시 중구 동산동,경상사고,0,0,1,0,차대차 - 측면충돌,교차로운행방법위반,건조,맑음,교차로 - 교차로안,승용,남,44세,상해없음,승용,남,63세,경상
2019011600100254,2019년 1월 16일 13시,수요일,대구광역시 수성구 수성동2가,중상사고,0,1,0,0,차대사람 - 기타,보행자보호의무위반,건조,맑음,교차로 - 교차로횡단보도내,승용,남,54세,상해없음,보행자,여,41세,중상
2019011600100255,2019년 1월 16일 13시,수요일,대구광역시 북구 복현동,경상사고,0,0,1,0,차대차 - 추돌,안전운전불이행,건조,맑음,단일로 - 기타,화물,남,61세,상해없음,승용,남,29세,경상
2019011600100272,2019년 1월 16일 14시,수요일,대구광역시 수성구 중동,경상사고,0,0,1,0,차대사람 - 기타,안전운전불이행,건조,맑음,단일로 - 기타,승용,남,39세,상해없음,보행자,남,51세,경상
2019011600100273,2019년 1월 16일 14시,수요일,대구광역시 달서구 진천동,경상사고,0,0,1,0,차대차 - 측면충돌,신호위반,건조,맑음,교차로 - 교차로안,승용,남,70세,상해없음,원동기,남,46세,경상
2019011600100274,2019년 1월 16일 14시,수요일,대구광역시 중구 대봉동,경상사고,0,0,1,0,차대차 - 측면충돌,안전운전불이행,건조,맑음,단일로 - 기타,승용,남,65세,상해없음,승용,남,37세,경상
2019011600100275,2019년 1월 16일 14시,수요일,대구광역시 달서구 이곡동,경상사고,0,0,1,0,차대차 - 측면충돌,안전운전불이행,건조,맑음,단일로 - 기타,이륜,남,37세,경상,승용,남,58세,상해없음
2019011600100276,2019년 1월 16일 14시,수요일,대구광역시 달서구 이곡동,경상사고,0,0,1,0,차대차 - 추돌,안전거리미확보,건조,맑음,단일로 - 기타,화물,남,57세,상해없음,승용,남,54세,경상
2019011600100277,2019년 1월 16일 14시,수요일,대구광역시 북구 구암동,경상사고,0,0,1,0,차대차 - 측면충돌,안전운전불이행,건조,맑음,교차로 - 교차로부근,승용,여,40세,상해없음,이륜,남,57세,경상
2019011600100310,2019년 1월 16일 15시,수요일,대구광역시 남구 대명동,중상사고,0,2,4,0,차대차 - 추돌,안전운전불이행,건조,맑음,단일로 - 기타,승용,남,59세,상해없음,승용,남,49세,중상
2019011600100311,2019년 1월 16일 15시,수요일,대구광역시 수성구 시지동,경상사고,0,0,2,0,차대차 - 측면충돌,안전운전불이행,건조,맑음,단일로 - 기타,승용,남,66세,상해없음,승용,남,34세,경상
2019011600100312,2019년 1월 16일 15시,수요일,대구광역시 달서구 송현동,경상사고,0,0,1,0,차대차 - 측면충돌,안전운전불이행,건조,맑음,단일로 - 기타,승합,여,41세,상해없음,승용,남,49세,경상
2019011600100313,2019년 1월 16일 15시,수요일,대구광역시 달성군 다사읍,중상사고,0,1,0,0,차대차 - 기타,안전운전불이행,건조,맑음,단일로 - 기타,승용,여,33세,상해없음,이륜,남,61세,중상
2019011600100345,2019년 1월 16일 16시,수요일,대구광역시 달서구 죽전동,중상사고,0,1,0,0,차대차 - 측면충돌,안전운전불이행,건조,맑음,교차로 - 교차로부근,이륜,남,65세,상해없음,승용,남,37세,중상