사고번호,사고일시,요일,시군구,사고내용,사망자수,중상자수,경상자수,부상신고자수,사고유형,법규위반,노면상태,기상상태,도로형태,가해운전자 차종,가해운전자 성별,가해운전자 연령,가해운전자 상해정도,피해운전자 차종,피해운전자 성별,피해운전자 연령,피해운전자 상해정도
2019011600100387,2019년 1월 16일 17시,수요일,대구광역시 북구 침산동,중상사고,0,1,1,0,차량단독 - 기타,안전운전불이행,건조,맑음,단일로 - 기타,승합,남,36세,상해없음,,,,
2019011600100431,2019년 1월 16일 18시,수요일,대구광역시 동구 각산동,부상신고사고,0,0,0,1,차대사람 - 기타,안전운전불이행,건조,맑음,단일로 - 기타,기타불명,기타불명,미분류,기타불명,보행자,남,15세,부상신고
2019011600100432,2019년 1월 16일 18시,수요일,대구광역시 달서구 갈산동,경상사고,0,0,1,0,차대차 - 측면충돌,안전운전불이행,건조,맑음,교차로 - 교차로안,화물,여,55세,상해없음,승용,남,61세,경상
2019011600100433,2019년 1월 16일 18시,수요일,대구광역시 달서구 장기동,경상사고,0,0,1,0,차대차 - 측면충돌,안전운전불이행,건조,맑음,단일로 - 기타,승용,남,47세,상해없음,이륜,남,18세,경상
2019011600100434,2019년 1월 16일 18시,수요일,대구광역시 달서구 본리동,중상사고,0,1,0,0,차대사람 - 기타,안전운전불이행,건조,맑음,단일로 - 기타,승용,남,57세,상해없음,보행자,남,48세,중상
2019011600100476,2019년 1월 16일 19시,수요일,대구광역시 북구 칠성동2가,중상사고,0,1,0,0,차대차 - 측면충돌,안전거리미확보,건조,맑음,단일로 - 기타,승용,여,26세,상해없음,원동기,남,40세,중상
2019011600100477,2019년 1월 16일 19시,수요일,대구광역시 북구 칠성동2가,경상사고,0,0,1,0,차대차 - 기타,안전거리미확보,건조,맑음,단일로 - 기타,승용,남,42세,상해없음,이륜,남,23세,경상
2019011600100478,2019년 1월 16일 19시,수요일,대구광역시 서구 평리동,경상사고,0,0,1,0,차대차 - 추돌,안전운전불이행,건조,맑음,단일로 - 기타,승용,여,44세,상해없음,승용,남,53세,경상
2019011600100479,2019년 1월 16일 19시,수요일,대구광역시 중구 남산동,경상사고,0,0,1,0,차량단독 - 전도전복 - 전도,안전운전불이행,건조,맑음,단일로 - 기타,이륜,남,67세,경상,,,,
2019011600100480,2019년 1월 16일 19시,수요일,대구광역시 달서구 이곡동,경상사고,0,0,1,0,차대차 - 기타,안전운전불이행,젖음/습기,흐림,단일로 - 기타,승용,여,48세,기타불명,승용,남,39세,경상
2019011600100538,2019년 1월 16일 21시,수요일,대구광역시 북구 읍내동,경상사고,0,0,1,1,차대차 - 기타,차로위반,건조,맑음,교차로 - 교차로부근,승용,여,39세,부상신고,승용,남,39세,경상
2019011600100564,2019년 1월 16일 22시,수요일,대구광역시 달서구 상인동,중상사고,0,1,0,0,차대사람 - 횡단중,신호위반,건조,맑음,교차로 - 교차로횡단보도내,이륜,남,17세,상해없음,보행자,남,13세,중상
2019011600100565,2019년 1월 16일 22시,수요일,대구광역시 달서구 대곡동,경상사고,0,0,1,0,차대차 - 측면충돌,교차로운행방법위반,건조,맑음,교차로 - 교차로안,승용,여,35세,상해없음,이륜,남,31세,경상
2019011600100566,2019년 1월 16일 22시,수요일,대구광역시 달서구 진천동,중상사고,0,2,0,0,차대사람 - 기타,안전운전불이행,건조,맑음,단일로 - 기타,승용,남,46세,상해없음,보행자,여,38세,중상
2019011600100567,2019년 1월 16일 22시,수요일,대구광역시 달서구 용산동,경상사고,0,0,1,0,차대사람 - 보도통행중,안전운전불이행,건조,맑음,교차로 - 교차로부근,화물,남,55세,상해없음,보행자,여,25세,경상
2019011600100592,2019년 1월 16일 23시,수요일,대구광역시 수성구 지산동,중상사고,0,1,0,0,차대차 - 측면충돌,직진우회전진행방해,건조,맑음,교차로 - 교차로안,이륜,남,58세,중상,승용,남,62세,상해없음
2019011700100033,2019년 1월 17일 00시,목요일,대구광역시 동구 용계동,경상사고,0,0,3,0,차대차 - 정면충돌,중앙선침범,건조,맑음,단일로 - 고가도로위,승용,남,47세,상해없음,화물,남,49세,경상
2019011700100035,2019년 1월 17일 00시,목요일,대구광역시 달서구 두류동,중상사고,0,1,2,0,차대차 - 측면충돌,신호위반,건조,맑음,교차로 - 교차로안,승용,남,55세,상해없음,승용,남,60세,경상
2019011700100052,2019년 1월 17일 03시,목요일,대구광역시 동구 대림동,경상사고,0,0,3,0,차대차 - 측면충돌,신호위반,건조,맑음,교차로 - 교차로안,승용,남,50세,경상,승용,남,65세,경상
2019011700100098,2019년 1월 17일 07시,목요일,대구광역시 동구 신천동,경상사고,0,0,1,0,차대차 - 측면충돌,신호위반,건조,맑음,교차로 - 교차로안,승용,남,64세,상해없음,승용,남,48세,경상
2019011700100132,2019년 1월 17일 08시,목요일,대구광역시 달서구 성당동,경상사고,0,0,1,0,차대차 - 측면충돌,안전운전불이행,건조,맑음,기타 - 기타,승용,여,73세,상해없음,승용,남,33세,경상
2019011700100154,2019년 1월 17일 09시,목요일,대구광역시 달서구 진천동,경상사고,0,0,2,0,차대차 - 측면충돌,안전거리미확보,건조,맑음,교차로 - 교차로부근,승용,남,75세,상해없음,승용,남,34세,경상
2019011700100155,2019년 1월 17일 09시,목요일,대구광역시 달성군 구지면,경상사고,0,0,1,0,차대차 - 기타,신호위반,건조,맑음,교차로 - 교차로안,건설기계,남,66세,상해없음,화물,남,58세,경상
2019011700100179,2019년 1월 17일 10시,목요일,대구광역시 달서구 송현동,경상사고,0,0,1,0,차대차 - 측면충돌,교차로운행방법위반,건조,맑음,교차로 - 교차로안,화물,남,52세,상해없음,승용,남,26세,경상
2019011700100231,2019년 1월 17일 12시,목요일,대구광역시 서구 비산동,중상사고,0,1,0,0,차대사람 - 기타,기타,건조,맑음,단일로 - 기타,승합,남,50세,상해없음,보행자,여,74세,중상
2019011700100232,2019년 1월 17일 12시,목요일,대구광역시 북구 관음동,경상사고,0,0,1,1,차대차 - 기타,교차로운행방법위반,건조,맑음,교차로 - 교차로안,승용,여,29세,부상신고,승용,여,39세,경상
2019011700100265,2019년 1월 17일 13시,목요일,대구광역시 동구 율하동,중상사고,0,1,0,0,차대사람 - 기타,안전운전불이행,건조,맑음,단일로 - 기타,승용,남,56세,상해없음,보행자,여,64세,중상
2019011700100266,2019년 1월 17일 13시,목요일,대구광역시 수성구 범어동,중상사고,0,1,0,0,차대사람 - 횡단중,보행자보호의무위반,건조,맑음,단일로 - 기타,승용,여,31세,상해없음,보행자,여,66세,중상
2019011700100267,2019년 1월 17일 13시,목요일,대구광역시 서구 내당동,경상사고,0,0,1,0,차대차 - 측면충돌,안전운전불이행,건조,맑음,단일로 - 기타,승용,남,75세,상해없음,이륜,남,37세,경상
2019011700100294,2019년 1월 17일 14시,목요일,대구광역시 동구 신서동,경상사고,0,0,2,0,차대차 - 기타,안전거리미확보,건조,맑음,단일로 - 기타,승용,여,66세,상해없음,원동기,남,17세,경상
2019011700100295,2019년 1월 17일 14시,목요일,대구광역시 수성구 만촌동,부상신고사고,0,0,0,1,차대사람 - 길가장자리구역통행중,안전운전불이행,건조,맑음,단일로 - 기타,승합,남,52세,기타불명,보행자,남,16세,부상신고
2019011700100296,2019년 1월 17일 14시,목요일,대구광역시 달성군 다사읍,경상사고,0,0,2,0,차대차 - 기타,안전운전불이행,건조,맑음,단일로 - 기타,화물,남,39세,상해없음,승용,남,66세,경상
2019011700100372,2019년 1월 17일 16시,목요일,대구광역시 수성구 신매동,경상사고,0,0,1,0,차대차 - 추돌,안전운전불이행,건조,맑음,단일로 - 기타,승용,여,31세,상해없음,승용,여,39세,경상
2019011700100373,2019년 1월 17일 16시,목요일,대구광역시 달서구 두류동,중상사고,0,1,0,0,차대사람 - 길가장자리구역통행중,안전운전불이행,건조,맑음,단일로 - 기타,자전거,남,74세,상해없음,보행자,여,53세,중상
2019011700100455,2019년 1월 17일 18시,목요일,대구광역시 달성군 다사읍,중상사고,0,1,1,0,차대차 - 측면충돌,신호위반,건조,맑음,교차로 - 교차로부근,이륜,남,44세,경상,이륜,남,29세,중상
2019011700100492,2019년 1월 17일 19시,목요일,대구광역시 남구 봉덕동,부상신고사고,0,0,0,1,차대차 - 측면충돌,직진우회전진행방해,건조,맑음,교차로 - 교차로안,이륜,남,20세,부상신고,승용,여,28세,상해없음
2019011700100493,2019년 1월 17일 19시,목요일,대구광역시 달성군 유가읍,경상사고,0,0,1,0,차대차 - 기타,안전운전불이행,건조,맑음,단일로 - 기타,승용,남,36세,상해없음,자전거,남,13세,경상
2019011700100494,2019년 1월 17일 19시,목요일,대구광역시 북구 산격동,부상신고사고,0,0,0,1,차대차 - 측면충돌,안전운전불이행,건조,맑음,교차로 - 교차로부근,자전거,남,미분류,부상신고,화물,남,46세,상해없음
2019011700100514,2019년 1월 17일 20시,목요일,대구광역시 달서구 호림동,경상사고,0,0,2,0,차대차 - 측면충돌,직진우회전진행방해,건조,맑음,교차로 - 교차로안,승용,남,23세,상해없음,승용,남,35세,경상
2019011700100543,2019년 1월 17일 21시,목요일,대구광역시 북구 동천동,중상사고,0,1,0,0,차대차 - 기타,안전운전불이행,건조,맑음,교차로 - 교차로안,승용,남,54세,상해없음,이륜,남,41세,중상
2019011700100544,2019년 1월 17일 21시,목요일,대구광역시 북구 동천동,경상사고,0,0,2,0,차대차 - 추돌,안전운전불이행,건조,맑음,단일로 - 기타,승용,남,24세,상해없음,승용,여,45세,경상
2019011700100574,2019년 1월 17일 22시,목요일,대구광역시 달서구 상인동,중상사고,0,1,1,0,차대차 - 추돌,안전거리미확보,건조,맑음,단일로 - 기타,승용,여,49세,상해없음,승용,여,29세,경상
2019011800100022,2019년 1월 18일 00시,금요일,대구광역시 수성구 범어동,경상사고,0,0,2,0,차대차 - 측면충돌,안전거리미확보,건조,맑음,단일로 - 기타,승용,여,46세,상해없음,승용,남,26세,경상
2019011800100031,2019년 1월 18일 01시,금요일,대구광역시 달서구 두류동,중상사고,0,1,0,0,차대차 - 측면충돌,안전운전불이행,건조,맑음,단일로 - 기타,승용,여,24세,상해없음,승용,남,27세,중상
2019011800100048,2019년 1월 18일 04시,금요일,대구광역시 남구 대명동,경상사고,0,0,2,0,차대차 - 측면충돌,안전거리미확보,건조,맑음,교차로 - 교차로안,승용,여,40세,상해없음,이륜,남,19세,경상
2019011800100072,2019년 1월 18일 06시,금요일,대구광역시 동구 불로동,경상사고,0,0,1,0,차대차 - 정면충돌,안전운전불이행,건조,맑음,기타 - 기타,승용,남,66세,상해없음,승용,여,35세,경상
2019011800100073,2019년 1월 18일 06시,금요일,대구광역시 서구 비산동,중상사고,0,1,0,0,차대차 - 측면충돌,안전운전불이행,건조,맑음,교차로 - 교차로안,화물,남,53세,상해없음,자전거,남,70세,중상
2019011800100074,2019년 1월 18일 06시,금요일,대구광역시 북구 동호동,경상사고,0,0,1,0,차대차 - 측면충돌,안전운전불이행,건조,맑음,단일로 - 기타,기타불명,기타불명,미분류,기타불명,승용,여,45세,경상
2019011800100099,2019년 1월 18일 07시,금요일,대구광역시 수성구 범어동,경상사고,0,0,1,0,차대차 - 측면충돌,안전운전불이행,건조,맑음,기타 - 기타,승용,여,51세,상해없음,승용,남,35세,경상
2019011800100133,2019년 1월 18일 08시,금요일,대구광역시 중구 남산동,경상사고,0,0,1,0,차대차 - 측면충돌,안전운전불이행,건조,맑음,단일로 - 기타,승용,남,30세,기타불명,승용,여,42세,경상
2019011800100134,2019년 1월 18일 08시,금요일,대구광역시 달서구 갈산동,경상사고,0,0,2,0,차대차 - 기타,안전운전불이행,건조,맑음,단일로 - 기타,화물,남,39세,경상,승용,남,50세,경상
2019011800100158,2019년 1월 18일 09시,금요일,대구광역시 서구 이현동,경상사고,0,0,1,0,차대차 - 측면충돌,안전거리미확보,건조,맑음,단일로 - 기타,승용,남,40세,상해없음,승용,여,24세,경상
2019011800100198,2019년 1월 18일 10시,금요일,대구광역시 동구 신천동,중상사고,0,1,0,0,차대차 - 기타,신호위반,건조,맑음,교차로 - 교차로안,승용,남,78세,상해없음,이륜,남,59세,중상
2019011800100199,2019년 1월 18일 10시,금요일,대구광역시 수성구 수성동4가,경상사고,0,0,1,0,차대차 - 측면충돌,안전운전불이행,건조,맑음,교차로 - 교차로안,자전거,남,76세,경상,승용,남,38세,상해없음
2019011800100200,2019년 1월 18일 10시,금요일,대구광역시 북구 검단동,중상사고,0,1,0,0,차대사람 - 보도통행중,기타,건조,맑음,교차로 - 교차로부근,승용,남,50세,상해없음,보행자,여,74세,중상
2019011800100237,2019년 1월 18일 11시,금요일,대구광역시 동구 율하동,중상사고,0,1,0,0,차대사람 - 기타,안전운전불이행,건조,맑음,단일로 - 기타,승용,여,41세,상해없음,보행자,남,47세,중상
2019011800100238,2019년 1월 18일 11시,금요일,대구광역시 동구 효목동,경상사고,0,0,1,0,차대차 - 측면충돌,안전운전불이행,건조,맑음,교차로 - 교차로부근,승용,남,54세,상해없음,승용,남,32세,경상
2019011800100239,2019년 1월 18일 11시,금요일,대구광역시 수성구 매호동,부상신고사고,0,0,0,1,차대차 - 측면충돌,안전운전불이행,건조,맑음,교차로 - 교차로안,자전거,여,52세,부상신고,승용,여,56세,상해없음
2019011800100240,2019년 1월 18일 11시,금요일,대구광역시 수성구 연호동,경상사고,0,0,2,0,차대차 - 측면충돌,차로위반,건조,맑음,단일로 - 기타,승용,남,35세,상해없음,승합,남,31세,경상
2019011800100292,2019년 1월 18일 13시,금요일,대구광역시 동구 효목동,경상사고,0,0,1,0,차대차 - 기타,안전운전불이행,건조,맑음,단일로 - 기타,기타불명,기타불명,미분류,기타불명,승용,남,51세,상해없음
2019011800100293,2019년 1월 18일 13시,금요일,대구광역시 달서구 용산동,중상사고,0,1,0,0,차대차 - 기타,불법유턴,건조,맑음,교차로 - 교차로부근,승용,여,56세,상해없음,이륜,남,58세,중상
2019011800100320,2019년 1월 18일 14시,금요일,대구광역시 수성구 두산동,경상사고,0,0,1,0,차대차 - 측면충돌,교차로운행방법위반,건조,맑음,교차로 - 교차로횡단보도내,화물,남,63세,상해없음,승용,여,47세,상해없음
2019011800100321,2019년 1월 18일 14시,금요일,대구광역시 북구 산격동,경상사고,0,0,1,0,차대사람 - 차도통행중,안전운전불이행,건조,맑음,교차로 - 교차로안,승용,남,49세,상해없음,보행자,여,22세,경상
2019011800100322,2019년 1월 18일 14시,금요일,대구광역시 북구 칠성동2가,중상사고,0,1,1,0,차대차 - 추돌,안전거리미확보,건조,맑음,단일로 - 기타,승용,남,34세,중상,승용,남,27세,상해없음
2019011800100323,2019년 1월 18일 14시,금요일,대구광역시 북구 칠성동1가,경상사고,0,0,3,0,차대차 - 측면충돌,직진우회전진행방해,건조,맑음,교차로 - 교차로안,이륜,남,24세,경상,승용,남,39세,경상
2019011800100324,2019년 1월 18일 14시,금요일,대구광역시 달서구 파호동,경상사고,0,0,1,0,차대차 - 측면충돌,신호위반,건조,맑음,교차로 - 교차로안,화물,남,54세,상해없음,승용,남,37세,경상
2019011800100356,2019년 1월 18일 15시,금요일,대구광역시 남구 대명동,경상사고,0,0,1,0,차대차 - 기타,안전거리미확보,건조,맑음,교차로 - 교차로부근,승용,남,54세,상해없음,승합,남,48세,상해없음
2019011800100357,2019년 1월 18일 15시,금요일,대구광역시 북구 복현동,중상사고,0,2,0,0,차대차 - 측면충돌,신호위반,건조,맑음,교차로 - 교차로안,승용,남,69세,상해없음,승용,남,64세,중상
2019011800100358,2019년 1월 18일 15시,금요일,대구광역시 달서구 이곡동,경상사고,0,0,1,0,차대차 - 측면충돌,안전운전불이행,건조,맑음,단일로 - 기타,승용,남,16세,상해없음,승용,남,68세,기타불명
2019011800100359,2019년 1월 18일 15시,금요일,대구광역시 달서구 감삼동,경상사고,0,0,1,0,차대차 - 측면충돌,차로위반,건조,맑음,단일로 - 기타,승용,남,71세,상해없음,승용,여,49세,경상
2019011800100385,2019년 1월 18일 16시,금요일,대구광역시 중구 삼덕동1가,경상사고,0,0,1,0,차대사람 - 길가장자리구역통행중,안전운전불이행,건조,맑음,단일로 - 기타,승용,남,23세,상해없음,보행자,남,25세,경상
2019011800100422,2019년 1월 18일 17시,금요일,대구광역시 북구 복현동,경상사고,0,0,1,0,차량단독 - 기타,안전운전불이행,건조,맑음,단일로 - 기타,승합,남,53세,경상,,,,
2019011800100423,2019년 1월 18일 17시,금요일,대구광역시 중구 공평동,중상사고,0,1,0,0,차대사람 - 길가장자리구역통행중,안전운전불이행,건조,맑음,단일로 - 기타,승용,남,26세,상해없음,보행자,여,57세,중상
2019011800100424,2019년 1월 18일 17시,금요일,대구광역시 달서구 월암동,경상사고,0,0,1,0,차대차 - 추돌,안전거리미확보,건조,맑음,교차로 - 교차로부근,화물,남,57세,상해없음,승용,여,36세,경상
2019011800100425,2019년 1월 18일 17시,금요일,대구광역시 북구 구암동,경상사고,0,0,3,0,차대차 - 측면충돌,안전거리미확보,건조,맑음,단일로 - 기타,승용,남,46세,기타불명,승용,남,28세,경상
2019011800100484,2019년 1월 18일 18시,금요일,대구광역시 달서구 월성동,경상사고,0,0,1,0,차대차 - 측면충돌,안전운전불이행,건조,맑음,단일로 - 기타,승합,남,53세,상해없음,승용,여,42세,경상
2019011800100485,2019년 1월 18일 18시,금요일,대구광역시 서구 비산동,경상사고,0,0,1,0,차대차 - 추돌,안전운전불이행,건조,맑음,단일로 - 기타,승용,남,54세,상해없음,승용,남,57세,경상
2019011800100486,2019년 1월 18일 18시,금요일,대구광역시 달서구 용산동,중상사고,0,1,0,0,차대차 - 측면충돌,안전운전불이행,건조,맑음,기타 - 기타,화물,남,58세,상해없음,이륜,남,26세,중상
2019011800100537,2019년 1월 18일 19시,금요일,대구광역시 달서구 진천동,경상사고,0,0,1,0,차대차 - 기타,안전거리미확보,건조,맑음,단일로 - 기타,승용,남,61세,상해없음,원동기,남,16세,경상
2019011800100538,2019년 1월 18일 19시,금요일,대구광역시 달서구 감삼동,부상신고사고,0,0,0,1,차대차 - 기타,안전운전불이행,건조,기타,단일로 - 기타,이륜,남,19세,부상신고,승합,남,59세,상해없음
2019011800100563,2019년 1월 18일 20시,금요일,대구광역시 동구 입석동,경상사고,0,0,1,0,차대차 - 측면충돌,안전운전불이행,건조,맑음,단일로 - 기타,승용,남,22세,상해없음,이륜,남,23세,경상
2019011800100564,2019년 1월 18일 20시,금요일,대구광역시 수성구 지산동,경상사고,0,0,1,0,차량단독 - 기타,안전운전불이행,건조,맑음,교차로 - 교차로안,승용,남,63세,상해없음,,,,
2019011800100565,2019년 1월 18일 20시,금요일,대구광역시 북구 동변동,경상사고,0,0,2,0,차대차 - 기타,안전운전불이행,건조,맑음,교차로 - 교차로부근,이륜,남,18세,경상,승용,남,44세,상해없음
2019011800100595,2019년 1월 18일 21시,금요일,대구광역시 달서구 상인동,경상사고,0,0,1,0,차대차 - 측면충돌,안전운전불이행,건조,맑음,단일로 - 기타,승용,남,59세,상해없음,이륜,남,21세,경상
2019011800100619,2019년 1월 18일 22시,금요일,대구광역시 서구 평리동,경상사고,0,0,1,0,차대사람 - 기타,보행자보호의무위반,건조,맑음,기타 - 기타,승용,남,56세,상해없음,보행자,남,18세,경상
2019011800100620,2019년 1월 18일 22시,금요일,대구광역시 달서구 성당동,중상사고,0,1,0,0,차대사람 - 기타,안전운전불이행,건조,기타,단일로 - 기타,승용,남,51세,상해없음,보행자,남,57세,중상
2019011800100643,2019년 1월 18일 23시,금요일,대구광역시 수성구 상동,경상사고,0,0,1,0,차대차 - 추돌,안전거리미확보,건조,맑음,단일로 - 기타,승용,남,67세,상해없음,승용,남,51세,경상
2019011900100025,2019년 1월 19일 00시,토요일,대구광역시 수성구 범어동,중상사고,0,1,0,0,차대사람 - 횡단중,안전운전불이행,건조,맑음,교차로 - 교차로부근,승용,남,50세,상해없음,보행자,남,56세,중상
2019011900100026,2019년 1월 19일 00시,토요일,대구광역시 달서구 상인동,경상사고,0,0,1,0,차대차 - 측면충돌,안전운전불이행,건조,맑음,단일로 - 기타,승용,남,52세,상해없음,이륜,남,35세,경상
2019011900100027,2019년 1월 19일 00시,토요일,대구광역시 달서구 용산동,중상사고,0,1,0,0,차대차 - 기타,안전거리미확보,건조,맑음,단일로 - 기타,승용,남,50세,상해없음,이륜,남,53세,중상
2019011900100036,2019년 1월 19일 01시,토요일,대구광역시 달서구 송현동,경상사고,0,0,4,0,차대차 - 후진중충돌,안전운전불이행,건조,맑음,교차로 - 교차로부근,승용,남,62세,상해없음,승용,남,53세,경상
2019011900100097,2019년 1월 19일 06시,토요일,대구광역시 달서구 월성동,경상사고,0,0,1,0,차대사람 - 횡단중,신호위반,건조,맑음,교차로 - 교차로안,승용,남,52세,상해없음,보행자,남,38세,경상
2019011900100115,2019년 1월 19일 07시,토요일,대구광역시 북구 산격동,경상사고,0,0,2,0,차대차 - 추돌,안전거리미확보,건조,맑음,단일로 - 기타,승용,남,55세,상해없음,승용,남,57세,경상
2019011900100145,2019년 1월 19일 09시,토요일,대구광역시 중구 대신동,경상사고,0,0,1,0,차대사람 - 기타,안전운전불이행,건조,맑음,단일로 - 기타,화물,여,64세,상해없음,보행자,여,79세,경상
2019011900100165,2019년 1월 19일 10시,토요일,대구광역시 남구 대명동,중상사고,0,1,0,0,차대차 - 측면충돌,신호위반,건조,맑음,기타 - 기타,승용,남,51세,상해없음,이륜,남,32세,중상
2019011900100166,2019년 1월 19일 10시,토요일,대구광역시 수성구 황금동,중상사고,0,1,0,0,차대사람 - 횡단중,안전운전불이행,건조,맑음,교차로 - 교차로안,승용,여,48세,상해없음,보행자,여,82세,중상
2019011900100167,2019년 1월 19일 10시,토요일,대구광역시 북구 서변동,경상사고,0,0,2,0,차대차 - 기타,안전거리미확보,건조,맑음,단일로 - 기타,승용,남,52세,상해없음,승용,남,35세,경상
2019011900100194,2019년 1월 19일 11시,토요일,대구광역시 달서구 월성동,경상사고,0,0,1,0,차대차 - 추돌,안전거리미확보,건조,맑음,교차로 - 교차로안,화물,남,53세,상해없음,승용,여,60세,경상
2019011900100225,2019년 1월 19일 12시,토요일,대구광역시 북구 구암동,중상사고,0,1,0,0,차대차 - 기타,교차로운행방법위반,건조,맑음,교차로 - 교차로안,승용,남,36세,상해없음,이륜,남,19세,중상
2019011900100226,2019년 1월 19일 12시,토요일,대구광역시 북구 구암동,경상사고,0,0,1,0,차대차 - 측면충돌,안전운전불이행,건조,맑음,교차로 - 교차로부근,자전거,남,71세,경상,화물,남,27세,상해없음
2019011900100259,2019년 1월 19일 13시,토요일,대구광역시 서구 내당동,경상사고,0,0,1,0,차대사람 - 기타,안전운전불이행,건조,맑음,기타 - 기타,화물,남,68세,상해없음,보행자,여,53세,경상
2019011900100260,2019년 1월 19일 13시,토요일,대구광역시 북구 국우동,경상사고,0,0,1,0,차대차 - 기타,안전운전불이행,건조,맑음,단일로 - 기타,자전거,남,13세,상해없음,이륜,남,29세,경상
2019011900100261,2019년 1월 19일 13시,토요일,대구광역시 북구 읍내동,경상사고,0,0,3,0,차대차 - 기타,신호위반,건조,맑음,교차로 - 교차로안,승용,남,79세,상해없음,승용,남,38세,경상
2019011900100279,2019년 1월 19일 14시,토요일,대구광역시 달서구 송현동,경상사고,0,0,1,1,차대차 - 추돌,안전거리미확보,건조,맑음,교차로 - 교차로안,이륜,남,53세,부상신고,승용,여,26세,경상
2019011900100301,2019년 1월 19일 15시,토요일,대구광역시 달성군 논공읍,경상사고,0,0,1,0,차대차 - 정면충돌,안전운전불이행,건조,맑음,교차로 - 교차로안,승용,여,53세,상해없음,승용,남,48세,경상
2019011900100302,2019년 1월 19일 15시,토요일,대구광역시 중구 대신동,경상사고,0,0,1,0,차대차 - 추돌,안전운전불이행,건조,맑음,교차로 - 교차로안,승용,남,45세,상해없음,승용,남,44세,상해없음
2019011900100324,2019년 1월 19일 16시,토요일,대구광역시 수성구 황금동,경상사고,0,0,1,0,차대차 - 측면충돌,안전운전불이행,건조,맑음,단일로 - 기타,이륜,남,63세,경상,승용,남,37세,상해없음
2019011900100347,2019년 1월 19일 17시,토요일,대구광역시 수성구 범물동,경상사고,0,0,1,0,차대차 - 측면충돌,교차로운행방법위반,건조,맑음,교차로 - 교차로안,승용,남,19세,상해없음,승용,남,64세,경상
2019011900100348,2019년 1월 19일 17시,토요일,대구광역시 북구 산격동,경상사고,0,0,1,0,차대차 - 측면충돌,안전운전불이행,건조,맑음,교차로 - 교차로안,화물,남,65세,상해없음,이륜,남,16세,경상
2019011900100349,2019년 1월 19일 17시,토요일,대구광역시 서구 원대동3가,경상사고,0,0,3,0,차대차 - 측면충돌,차로위반,건조,맑음,단일로 - 기타,승용,남,67세,상해없음,승용,남,35세,경상
2019011900100415,2019년 1월 19일 19시,토요일,대구광역시 북구 침산동,경상사고,0,0,1,0,차대차 - 측면충돌,신호위반,건조,맑음,교차로 - 교차로안,승용,남,19세,상해없음,승용,남,36세,경상
2019011900100443,2019년 1월 19일 20시,토요일,대구광역시 달성군 다사읍,경상사고,0,0,4,0,차대차 - 기타,안전운전불이행,건조,맑음,단일로 - 기타,승용,남,34세,경상,승용,여,23세,경상
2019011900100467,2019년 1월 19일 21시,토요일,대구광역시 북구 복현동,경상사고,0,0,1,0,차대차 - 측면충돌,안전운전불이행,건조,맑음,교차로 - 교차로부근,이륜,남,16세,상해없음,승용,남,46세,경상
2019011900100468,2019년 1월 19일 21시,토요일,대구광역시 북구 동천동,경상사고,0,0,1,0,차대사람 - 기타,안전운전불이행,건조,맑음,단일로 - 기타,승용,여,55세,상해없음,보행자,여,10세,경상
2019011900100489,2019년 1월 19일 22시,토요일,대구광역시 북구 칠성동1가,경상사고,0,0,1,0,차대차 - 추돌,안전운전불이행,건조,맑음,교차로 - 교차로부근,승용,여,48세,상해없음,승용,남,43세,경상
2019011900100490,2019년 1월 19일 22시,토요일,대구광역시 달서구 호산동,경상사고,0,0,1,0,차대차 - 기타,안전운전불이행,건조,맑음,단일로 - 기타,승용,남,23세,상해없음,이륜,남,38세,경상
2019011900100491,2019년 1월 19일 22시,토요일,대구광역시 북구 태전동,경상사고,0,0,1,0,차대사람 - 기타,안전운전불이행,건조,맑음,단일로 - 기타,승용,남,30세,상해없음,보행자,남,19세,경상
2019011900100514,2019년 1월 19일 23시,토요일,대구광역시 남구 대명동,중상사고,0,1,1,0,차대차 - 추돌,안전운전불이행,건조,맑음,교차로 - 교차로부근,승용,남,64세,상해없음,화물,남,48세,중상
2019011900100515,2019년 1월 19일 23시,토요일,대구광역시 수성구 신매동,중상사고,0,1,0,0,차대사람 - 기타,안전운전불이행,건조,맑음,단일로 - 기타,승용,남,27세,상해없음,보행자,남,37세,중상
2019012000100031,2019년 1월 20일 00시,일요일,대구광역시 달서구 성당동,중상사고,0,2,1,0,차대차 - 측면충돌,교차로운행방법위반,건조,맑음,교차로 - 교차로안,승용,남,37세,중상,승용,남,61세,경상
2019012000100032,2019년 1월 20일 00시,일요일,대구광역시 북구 매천동,중상사고,0,2,0,0,차대차 - 측면충돌,안전운전불이행,젖음/습기,비,단일로 - 기타,승용,남,66세,상해없음,승용,여,45세,중상
2019012000100052,2019년 1월 20일 01시,일요일,대구광역시 수성구 범물동,경상사고,0,0,4,0,차대차 - 측면충돌,직진우회전진행방해,건조,맑음,교차로 - 교차로안,승용,남,28세,경상,승용,남,27세,경상
2019012000100053,2019년 1월 20일 01시,일요일,대구광역시 달서구 송현동,경상사고,0,0,1,0,차대차 - 측면충돌,직진우회전진행방해,젖음/습기,비,교차로 - 교차로안,승용,남,68세,상해없음,승용,남,29세,경상
2019012000100079,2019년 1월 20일 03시,일요일,대구광역시 남구 봉덕동,중상사고,0,1,0,0,차대차 - 측면충돌,불법유턴,젖음/습기,흐림,단일로 - 기타,승용,남,59세,상해없음,승용,여,56세,중상