사고번호,사고일시,요일,시군구,사고내용,사망자수,중상자수,경상자수,부상신고자수,사고유형,법규위반,노면상태,기상상태,도로형태,가해운전자 차종,가해운전자 성별,가해운전자 연령,가해운전자 상해정도,피해운전자 차종,피해운전자 성별,피해운전자 연령,피해운전자 상해정도
2019012400100313,2019년 1월 24일 14시,목요일,대구광역시 달서구 상인동,경상사고,0,0,1,0,차대차 - 측면충돌,안전거리미확보,건조,맑음,교차로 - 교차로부근,승용,여,53세,상해없음,승용,남,27세,경상
2019012400100314,2019년 1월 24일 14시,목요일,대구광역시 북구 고성동2가,경상사고,0,0,1,0,차대차 - 기타,안전운전불이행,건조,맑음,단일로 - 기타,승용,남,67세,기타불명,승용,여,34세,경상
2019012400100341,2019년 1월 24일 15시,목요일,대구광역시 동구 방촌동,중상사고,0,1,0,0,차대차 - 측면충돌,안전거리미확보,건조,맑음,교차로 - 교차로부근,승용,남,20세,상해없음,승용,여,41세,중상
2019012400100342,2019년 1월 24일 15시,목요일,대구광역시 수성구 황금동,경상사고,0,0,1,0,차대사람 - 보도통행중,안전운전불이행,건조,맑음,단일로 - 기타,승용,남,86세,상해없음,보행자,남,17세,경상
2019012400100343,2019년 1월 24일 15시,목요일,대구광역시 중구 태평로3가,경상사고,0,0,1,0,차대차 - 측면충돌,차로위반,건조,맑음,단일로 - 기타,승용,남,35세,기타불명,승용,여,53세,경상
2019012400100375,2019년 1월 24일 16시,목요일,대구광역시 동구 불로동,경상사고,0,0,3,0,차대차 - 기타,안전거리미확보,건조,맑음,단일로 - 기타,승용,남,33세,경상,승용,남,59세,경상
2019012400100376,2019년 1월 24일 16시,목요일,대구광역시 북구 태전동,경상사고,0,0,2,0,차대차 - 추돌,안전운전불이행,건조,맑음,단일로 - 지하차도(도로)내,이륜,남,23세,경상,승합,남,51세,경상
2019012400100409,2019년 1월 24일 17시,목요일,대구광역시 달서구 이곡동,경상사고,0,0,1,0,차대사람 - 횡단중,안전운전불이행,건조,맑음,단일로 - 기타,승용,남,47세,상해없음,보행자,남,11세,경상
2019012400100410,2019년 1월 24일 17시,목요일,대구광역시 북구 태전동,경상사고,0,0,2,0,차대차 - 기타,안전운전불이행,건조,맑음,단일로 - 기타,화물,남,66세,상해없음,승합,남,62세,경상
2019012400100449,2019년 1월 24일 18시,목요일,대구광역시 동구 신암동,중상사고,0,1,0,0,차대사람 - 기타,안전운전불이행,건조,맑음,단일로 - 기타,이륜,남,17세,상해없음,보행자,여,47세,중상
2019012400100450,2019년 1월 24일 18시,목요일,대구광역시 수성구 중동,경상사고,0,0,1,0,차대차 - 측면충돌,안전운전불이행,건조,맑음,단일로 - 기타,승용,남,59세,상해없음,승용,여,44세,경상
2019012400100451,2019년 1월 24일 18시,목요일,대구광역시 북구 동천동,경상사고,0,0,2,0,차대차 - 측면충돌,안전거리미확보,건조,맑음,단일로 - 기타,승용,여,56세,경상,승용,남,41세,경상
2019012400100452,2019년 1월 24일 18시,목요일,대구광역시 북구 구암동,경상사고,0,0,5,0,차대차 - 추돌,안전거리미확보,건조,맑음,교차로 - 교차로안,승용,남,39세,경상,승용,남,46세,경상
2019012400100489,2019년 1월 24일 19시,목요일,대구광역시 달서구 용산동,경상사고,0,0,1,0,차대차 - 기타,안전운전불이행,건조,맑음,교차로 - 교차로부근,승용,남,70세,상해없음,원동기,남,19세,경상
2019012400100490,2019년 1월 24일 19시,목요일,대구광역시 달서구 호산동,경상사고,0,0,1,0,차대차 - 측면충돌,안전운전불이행,건조,흐림,교차로 - 교차로안,승용,남,22세,상해없음,승용,남,48세,경상
2019012400100491,2019년 1월 24일 19시,목요일,대구광역시 달서구 신당동,경상사고,0,0,4,0,차대차 - 측면충돌,안전거리미확보,건조,맑음,단일로 - 기타,승용,여,41세,경상,승용,남,43세,경상
2019012400100492,2019년 1월 24일 19시,목요일,대구광역시 북구 동천동,경상사고,0,0,1,0,차대차 - 기타,안전운전불이행,건조,맑음,교차로 - 교차로부근,화물,남,53세,상해없음,승용,남,29세,경상
2019012400100520,2019년 1월 24일 20시,목요일,대구광역시 수성구 범어동,경상사고,0,0,2,0,차대차 - 측면충돌,안전거리미확보,건조,맑음,단일로 - 기타,승용,남,49세,경상,승용,남,67세,경상
2019012400100521,2019년 1월 24일 20시,목요일,대구광역시 서구 비산동,경상사고,0,0,1,0,차대차 - 측면충돌,불법유턴,건조,맑음,교차로 - 교차로부근,자전거,남,56세,상해없음,이륜,남,62세,경상
2019012400100548,2019년 1월 24일 21시,목요일,대구광역시 수성구 두산동,부상신고사고,0,0,0,1,차대차 - 측면충돌,교차로운행방법위반,건조,맑음,교차로 - 교차로안,승용,여,30세,상해없음,승용,남,56세,부상신고
2019012400100573,2019년 1월 24일 22시,목요일,대구광역시 남구 대명동,경상사고,0,0,1,0,차대사람 - 횡단중,안전운전불이행,건조,맑음,단일로 - 기타,승용,남,65세,상해없음,보행자,여,17세,경상
2019012400100574,2019년 1월 24일 22시,목요일,대구광역시 달서구 송현동,중상사고,0,1,0,0,차대차 - 측면충돌,교차로운행방법위반,건조,맑음,교차로 - 교차로안,이륜,남,53세,중상,승용,남,24세,상해없음
2019012400100575,2019년 1월 24일 22시,목요일,대구광역시 서구 평리동,경상사고,0,0,1,0,차대차 - 후진중충돌,안전운전불이행,건조,맑음,단일로 - 기타,승용,남,51세,상해없음,화물,남,57세,상해없음
2019012400100576,2019년 1월 24일 22시,목요일,대구광역시 달서구 호산동,중상사고,0,1,0,0,차대차 - 추돌,안전운전불이행,건조,맑음,기타 - 기타,승용,여,46세,기타불명,화물,남,52세,중상
2019012400100592,2019년 1월 24일 23시,목요일,대구광역시 달서구 진천동,중상사고,0,1,0,0,차대차 - 측면충돌,교차로운행방법위반,건조,맑음,교차로 - 교차로안,승용,남,32세,상해없음,이륜,남,16세,중상
2019012500100036,2019년 1월 25일 00시,금요일,대구광역시 서구 비산동,경상사고,0,0,1,0,차대사람 - 횡단중,안전운전불이행,건조,맑음,단일로 - 기타,승합,남,29세,상해없음,보행자,여,54세,경상
2019012500100047,2019년 1월 25일 01시,금요일,대구광역시 북구 산격동,중상사고,0,1,0,0,차대사람 - 횡단중,신호위반,건조,맑음,교차로 - 교차로횡단보도내,승용,여,57세,상해없음,보행자,여,60세,중상
2019012500100048,2019년 1월 25일 01시,금요일,대구광역시 북구 태전동,경상사고,0,0,3,0,차대차 - 측면충돌,안전운전불이행,건조,맑음,교차로 - 교차로부근,승용,남,51세,상해없음,승합,남,47세,경상
2019012500100058,2019년 1월 25일 02시,금요일,대구광역시 달성군 구지면,사망사고,1,1,2,0,차대차 - 추돌,안전운전불이행,건조,맑음,단일로 - 기타,승용,여,46세,경상,화물,남,65세,상해없음
2019012500100074,2019년 1월 25일 05시,금요일,대구광역시 달서구 상인동,경상사고,0,0,1,1,차대차 - 측면충돌,신호위반,건조,맑음,교차로 - 교차로안,승용,남,46세,상해없음,승용,여,58세,경상
2019012500100172,2019년 1월 25일 10시,금요일,대구광역시 달성군 옥포읍,경상사고,0,0,1,0,차대차 - 기타,직진우회전진행방해,건조,맑음,교차로 - 교차로안,승용,남,31세,상해없음,승용,여,22세,경상
2019012500100173,2019년 1월 25일 10시,금요일,대구광역시 서구 이현동,경상사고,0,0,2,0,차대차 - 추돌,안전거리미확보,건조,맑음,단일로 - 기타,승용,여,35세,상해없음,승용,여,55세,경상
2019012500100204,2019년 1월 25일 11시,금요일,대구광역시 동구 효목동,경상사고,0,0,1,0,차대사람 - 차도통행중,안전운전불이행,건조,맑음,기타 - 기타,자전거,남,46세,상해없음,보행자,여,65세,경상
2019012500100205,2019년 1월 25일 11시,금요일,대구광역시 동구 방촌동,경상사고,0,0,2,0,차대차 - 기타,안전운전불이행,건조,맑음,교차로 - 교차로안,승용,남,66세,상해없음,승용,남,20세,경상
2019012500100206,2019년 1월 25일 11시,금요일,대구광역시 달서구 두류동,경상사고,0,0,2,0,차대차 - 추돌,안전운전불이행,건조,맑음,교차로 - 교차로부근,승용,여,52세,상해없음,승용,남,64세,경상
2019012500100265,2019년 1월 25일 13시,금요일,대구광역시 수성구 수성동3가,중상사고,0,1,0,0,차대사람 - 차도통행중,안전운전불이행,건조,맑음,교차로 - 교차로안,화물,남,53세,상해없음,보행자,여,47세,중상
2019012500100266,2019년 1월 25일 13시,금요일,대구광역시 서구 비산동,경상사고,0,0,2,0,차대사람 - 기타,기타,건조,맑음,교차로 - 교차로부근,승용,남,32세,상해없음,보행자,여,54세,경상
2019012500100299,2019년 1월 25일 14시,금요일,대구광역시 남구 대명동,경상사고,0,0,2,0,차대차 - 기타,기타,건조,맑음,단일로 - 기타,승용,여,64세,기타불명,승용,남,75세,경상
2019012500100300,2019년 1월 25일 14시,금요일,대구광역시 수성구 황금동,경상사고,0,0,1,0,차대차 - 추돌,안전운전불이행,건조,맑음,단일로 - 기타,승용,남,39세,기타불명,화물,남,59세,경상
2019012500100379,2019년 1월 25일 16시,금요일,대구광역시 동구 용계동,경상사고,0,0,1,0,차대차 - 측면충돌,안전운전불이행,건조,맑음,단일로 - 기타,화물,남,63세,상해없음,승합,남,54세,경상
2019012500100380,2019년 1월 25일 16시,금요일,대구광역시 동구 불로동,중상사고,0,1,0,0,차대차 - 측면충돌,안전운전불이행,건조,맑음,단일로 - 기타,승합,여,64세,상해없음,승용,남,61세,중상
2019012500100381,2019년 1월 25일 16시,금요일,대구광역시 수성구 지산동,부상신고사고,0,0,0,1,차대차 - 측면충돌,안전운전불이행,건조,맑음,단일로 - 기타,자전거,남,63세,부상신고,승용,여,40세,상해없음
2019012500100382,2019년 1월 25일 16시,금요일,대구광역시 서구 비산동,경상사고,0,0,1,0,차대차 - 추돌,안전운전불이행,건조,맑음,단일로 - 기타,승용,남,28세,상해없음,화물,남,70세,경상
2019012500100421,2019년 1월 25일 17시,금요일,대구광역시 달성군 유가읍,경상사고,0,0,1,0,차대사람 - 기타,안전운전불이행,건조,맑음,기타 - 기타,승용,남,46세,상해없음,보행자,남,63세,경상
2019012500100422,2019년 1월 25일 17시,금요일,대구광역시 달서구 월암동,경상사고,0,0,1,0,차대차 - 추돌,안전거리미확보,건조,맑음,단일로 - 기타,화물,남,57세,상해없음,승용,남,46세,경상
2019012500100470,2019년 1월 25일 18시,금요일,대구광역시 동구 지저동,경상사고,0,0,1,0,차대사람 - 기타,신호위반,건조,맑음,단일로 - 기타,화물,남,70세,상해없음,보행자,여,53세,경상
2019012500100471,2019년 1월 25일 18시,금요일,대구광역시 서구 내당동,중상사고,0,1,0,0,차대사람 - 횡단중,신호위반,건조,맑음,단일로 - 기타,이륜,남,34세,상해없음,보행자,여,53세,중상
2019012500100472,2019년 1월 25일 18시,금요일,대구광역시 서구 중리동,경상사고,0,0,2,0,차대차 - 추돌,안전운전불이행,건조,맑음,단일로 - 기타,승용,남,20세,상해없음,승용,남,43세,경상
2019012500100519,2019년 1월 25일 19시,금요일,대구광역시 남구 대명동,중상사고,0,1,0,0,차대차 - 측면충돌,안전운전불이행,건조,맑음,단일로 - 기타,이륜,남,38세,상해없음,이륜,남,29세,중상
2019012500100520,2019년 1월 25일 19시,금요일,대구광역시 남구 대명동,경상사고,0,0,2,0,차대차 - 추돌,안전거리미확보,건조,맑음,교차로 - 교차로부근,승용,남,50세,상해없음,승용,남,45세,경상
2019012500100547,2019년 1월 25일 20시,금요일,대구광역시 동구 동호동,경상사고,0,0,1,0,차대차 - 추돌,안전거리미확보,건조,맑음,단일로 - 기타,승용,남,48세,상해없음,이륜,남,51세,경상
2019012500100548,2019년 1월 25일 20시,금요일,대구광역시 달서구 진천동,경상사고,0,0,1,0,차대차 - 측면충돌,신호위반,건조,맑음,교차로 - 교차로안,승용,남,30세,상해없음,이륜,남,21세,경상
2019012500100549,2019년 1월 25일 20시,금요일,대구광역시 북구 산격동,경상사고,0,0,1,0,차대차 - 측면충돌,안전거리미확보,건조,흐림,단일로 - 기타,승용,여,45세,상해없음,이륜,남,46세,경상
2019012500100601,2019년 1월 25일 22시,금요일,대구광역시 달서구 송현동,경상사고,0,0,2,0,차대차 - 측면충돌,안전운전불이행,건조,맑음,단일로 - 기타,승용,남,21세,상해없음,승용,여,47세,경상
2019012500100602,2019년 1월 25일 22시,금요일,대구광역시 서구 평리동,경상사고,0,0,1,0,차대차 - 측면충돌,안전운전불이행,건조,맑음,단일로 - 기타,승용,남,26세,상해없음,승용,여,46세,경상
2019012500100603,2019년 1월 25일 22시,금요일,대구광역시 중구 대신동,경상사고,0,0,1,0,차대차 - 측면충돌,교차로운행방법위반,건조,맑음,교차로 - 교차로안,승용,남,27세,상해없음,이륜,남,36세,경상
2019012500100626,2019년 1월 25일 23시,금요일,대구광역시 중구 삼덕동2가,중상사고,0,1,0,1,차대차 - 측면충돌,신호위반,건조,맑음,교차로 - 교차로부근,이륜,남,52세,부상신고,승용,여,47세,중상
2019012500100627,2019년 1월 25일 23시,금요일,대구광역시 중구 남산동,경상사고,0,0,1,0,차대차 - 측면충돌,직진우회전진행방해,건조,맑음,교차로 - 교차로안,승용,남,32세,상해없음,승용,남,30세,경상
2019012600100050,2019년 1월 26일 01시,토요일,대구광역시 수성구 두산동,경상사고,0,0,1,0,차대차 - 측면충돌,신호위반,건조,맑음,교차로 - 교차로안,승용,남,58세,상해없음,승용,남,59세,경상
2019012600100051,2019년 1월 26일 01시,토요일,대구광역시 달서구 송현동,중상사고,0,1,0,0,차대차 - 측면충돌,신호위반,건조,맑음,교차로 - 교차로안,승용,남,69세,상해없음,이륜,남,36세,중상
2019012600100052,2019년 1월 26일 01시,토요일,대구광역시 북구 산격동,경상사고,0,0,1,0,차대차 - 추돌,차로위반,건조,맑음,교차로 - 교차로부근,승용,남,55세,상해없음,이륜,남,21세,경상
2019012600100066,2019년 1월 26일 02시,토요일,대구광역시 중구 삼덕동1가,경상사고,0,0,1,0,차대사람 - 기타,안전운전불이행,건조,맑음,단일로 - 기타,승용,여,27세,상해없음,보행자,여,24세,경상
2019012600100084,2019년 1월 26일 04시,토요일,대구광역시 서구 내당동,중상사고,0,1,0,0,차대차 - 추돌,과속,건조,맑음,교차로 - 교차로부근,승용,남,27세,상해없음,이륜,남,25세,중상
2019012600100090,2019년 1월 26일 05시,토요일,대구광역시 달서구 용산동,중상사고,0,1,0,0,차대차 - 기타,과속,건조,맑음,단일로 - 기타,승용,남,47세,중상,승용,남,54세,상해없음
2019012600100100,2019년 1월 26일 06시,토요일,대구광역시 남구 이천동,경상사고,0,0,2,0,차대차 - 추돌,안전운전불이행,건조,맑음,단일로 - 교량,승용,남,26세,상해없음,이륜,남,27세,경상
2019012600100113,2019년 1월 26일 07시,토요일,대구광역시 달성군 현풍읍,중상사고,0,1,0,0,차대차 - 측면충돌,안전운전불이행,건조,맑음,교차로 - 교차로부근,승용,남,38세,상해없음,이륜,남,24세,중상
2019012600100127,2019년 1월 26일 08시,토요일,대구광역시 달성군 유가읍,경상사고,0,0,1,0,차대차 - 기타,안전운전불이행,건조,맑음,주차장 - 주차장,승용,여,47세,경상,승용,여,38세,상해없음
2019012600100141,2019년 1월 26일 09시,토요일,대구광역시 남구 대명동,경상사고,0,0,1,0,차대차 - 측면충돌,안전운전불이행,건조,맑음,단일로 - 기타,승용,남,61세,상해없음,승용,남,32세,경상
2019012600100142,2019년 1월 26일 09시,토요일,대구광역시 서구 비산동,중상사고,0,1,0,0,차대사람 - 차도통행중,안전운전불이행,건조,맑음,단일로 - 기타,승용,여,33세,상해없음,보행자,남,88세,중상
2019012600100143,2019년 1월 26일 09시,토요일,대구광역시 서구 내당동,중상사고,0,2,0,1,차대차 - 정면충돌,중앙선침범,건조,맑음,단일로 - 기타,승용,남,47세,부상신고,승용,여,70세,중상
2019012600100166,2019년 1월 26일 10시,토요일,대구광역시 동구 신천동,경상사고,0,0,3,0,차대차 - 기타,안전거리미확보,건조,맑음,단일로 - 기타,승용,남,44세,경상,승용,여,69세,경상
2019012600100167,2019년 1월 26일 10시,토요일,대구광역시 달서구 송현동,경상사고,0,0,2,0,차대차 - 정면충돌,직진우회전진행방해,건조,맑음,교차로 - 교차로안,승용,남,33세,경상,승용,남,71세,경상
2019012600100168,2019년 1월 26일 10시,토요일,대구광역시 달서구 본리동,경상사고,0,0,1,0,차대차 - 기타,안전거리미확보,건조,맑음,단일로 - 기타,승용,남,30세,상해없음,승용,남,71세,경상
2019012600100203,2019년 1월 26일 11시,토요일,대구광역시 남구 봉덕동,부상신고사고,0,0,0,1,차량단독 - 기타,안전운전불이행,서리/결빙,맑음,단일로 - 기타,이륜,남,40세,부상신고,,,,
2019012600100204,2019년 1월 26일 11시,토요일,대구광역시 수성구 시지동,경상사고,0,0,2,0,차대차 - 측면충돌,불법유턴,건조,맑음,단일로 - 기타,승용,남,62세,상해없음,승용,남,44세,경상
2019012600100205,2019년 1월 26일 11시,토요일,대구광역시 수성구 시지동,경상사고,0,0,3,0,차대차 - 측면충돌,안전거리미확보,건조,맑음,단일로 - 기타,승용,남,83세,상해없음,승용,여,48세,경상
2019012600100232,2019년 1월 26일 12시,토요일,대구광역시 달서구 대곡동,부상신고사고,0,0,0,1,차대차 - 측면충돌,신호위반,건조,맑음,교차로 - 교차로안,승용,남,73세,상해없음,승용,남,61세,부상신고
2019012600100233,2019년 1월 26일 12시,토요일,대구광역시 중구 수창동,부상신고사고,0,0,0,1,차대차 - 측면충돌,차로위반,건조,맑음,교차로 - 교차로횡단보도내,자전거,남,55세,부상신고,승용,남,33세,상해없음
2019012600100234,2019년 1월 26일 12시,토요일,대구광역시 달서구 신당동,경상사고,0,0,2,0,차대차 - 정면충돌,신호위반,건조,맑음,교차로 - 교차로안,승용,여,45세,상해없음,승용,여,47세,경상
2019012600100273,2019년 1월 26일 13시,토요일,대구광역시 수성구 황금동,중상사고,0,1,0,0,차대차 - 측면충돌,신호위반,건조,맑음,교차로 - 교차로안,화물,남,52세,상해없음,승용,남,60세,중상
2019012600100274,2019년 1월 26일 13시,토요일,대구광역시 달서구 월성동,경상사고,0,0,1,0,차대사람 - 기타,기타,건조,맑음,기타 - 기타,화물,남,59세,상해없음,보행자,여,49세,경상
2019012600100275,2019년 1월 26일 13시,토요일,대구광역시 중구 동인동2가,중상사고,0,1,4,0,차대차 - 추돌,안전운전불이행,건조,맑음,교차로 - 교차로안,승용,남,56세,상해없음,승용,남,70세,중상
2019012600100310,2019년 1월 26일 14시,토요일,대구광역시 남구 대명동,경상사고,0,0,2,1,차대차 - 추돌,안전거리미확보,건조,맑음,단일로 - 기타,화물,남,66세,상해없음,승합,남,62세,부상신고
2019012600100311,2019년 1월 26일 14시,토요일,대구광역시 동구 괴전동,경상사고,0,0,1,1,차대차 - 측면충돌,과속,건조,맑음,단일로 - 기타,화물,남,60세,부상신고,승용,남,59세,경상
2019012600100312,2019년 1월 26일 14시,토요일,대구광역시 달서구 대천동,경상사고,0,0,1,0,차대사람 - 기타,안전운전불이행,건조,맑음,단일로 - 기타,승합,남,41세,상해없음,보행자,남,57세,경상
2019012600100313,2019년 1월 26일 14시,토요일,대구광역시 북구 칠성동1가,경상사고,0,0,2,0,차대차 - 후진중충돌,불법유턴,건조,맑음,단일로 - 기타,승용,남,41세,기타불명,승용,남,37세,경상
2019012600100314,2019년 1월 26일 14시,토요일,대구광역시 달서구 두류동,경상사고,0,0,3,1,차대차 - 추돌,안전거리미확보,건조,맑음,단일로 - 기타,화물,남,55세,상해없음,승용,여,48세,경상
2019012600100342,2019년 1월 26일 15시,토요일,대구광역시 수성구 가천동,경상사고,0,0,2,0,차대차 - 측면충돌,안전운전불이행,건조,맑음,단일로 - 기타,승용,남,73세,상해없음,승용,남,39세,경상
2019012600100376,2019년 1월 26일 16시,토요일,대구광역시 수성구 노변동,경상사고,0,0,1,0,차대차 - 기타,안전운전불이행,건조,맑음,단일로 - 기타,화물,남,31세,상해없음,자전거,여,64세,경상
2019012600100377,2019년 1월 26일 16시,토요일,대구광역시 달성군 현풍읍,경상사고,0,0,1,0,차대차 - 측면충돌,신호위반,건조,맑음,교차로 - 교차로안,이륜,남,33세,기타불명,화물,남,43세,경상
2019012600100378,2019년 1월 26일 16시,토요일,대구광역시 북구 산격동,부상신고사고,0,0,0,1,차대차 - 기타,불법유턴,건조,맑음,교차로 - 교차로부근,자전거,남,66세,상해없음,이륜,남,45세,부상신고
2019012600100379,2019년 1월 26일 16시,토요일,대구광역시 달서구 두류동,경상사고,0,0,1,0,차대차 - 측면충돌,중앙선침범,건조,맑음,기타 - 기타,승용,남,66세,상해없음,승용,남,25세,경상
2019012600100412,2019년 1월 26일 17시,토요일,대구광역시 북구 읍내동,경상사고,0,0,4,0,차대차 - 측면충돌,안전운전불이행,건조,맑음,단일로 - 기타,승합,남,60세,상해없음,승용,남,44세,경상
2019012600100413,2019년 1월 26일 17시,토요일,대구광역시 북구 구암동,경상사고,0,0,1,0,차대차 - 측면충돌,안전거리미확보,건조,맑음,단일로 - 기타,승용,남,70세,상해없음,이륜,남,23세,경상
2019012600100448,2019년 1월 26일 18시,토요일,대구광역시 수성구 신매동,경상사고,0,0,1,0,차대차 - 기타,안전거리미확보,건조,맑음,단일로 - 기타,승용,여,38세,상해없음,승합,남,53세,상해없음
2019012600100487,2019년 1월 26일 19시,토요일,대구광역시 수성구 신매동,경상사고,0,0,2,0,차대차 - 측면충돌,안전거리미확보,건조,맑음,교차로 - 교차로부근,승용,남,29세,상해없음,승용,남,58세,경상
2019012600100488,2019년 1월 26일 19시,토요일,대구광역시 서구 비산동,경상사고,0,0,2,0,차대차 - 측면충돌,신호위반,건조,맑음,단일로 - 기타,승용,여,55세,상해없음,승용,남,33세,경상
2019012600100489,2019년 1월 26일 19시,토요일,대구광역시 달서구 이곡동,경상사고,0,0,2,0,차대차 - 측면충돌,안전운전불이행,건조,맑음,기타 - 기타,승용,남,45세,상해없음,이륜,남,23세,경상
2019012600100548,2019년 1월 26일 21시,토요일,대구광역시 수성구 신매동,경상사고,0,0,1,0,차대차 - 측면충돌,안전운전불이행,건조,맑음,단일로 - 기타,승용,여,27세,상해없음,승용,남,27세,경상
2019012600100549,2019년 1월 26일 21시,토요일,대구광역시 북구 노원동3가,경상사고,0,0,3,0,차대차 - 추돌,안전운전불이행,건조,맑음,단일로 - 기타,승용,남,51세,상해없음,승용,남,61세,경상
2019012600100550,2019년 1월 26일 21시,토요일,대구광역시 중구 동인동1가,경상사고,0,0,1,0,차대차 - 측면충돌,차로위반,건조,맑음,단일로 - 기타,승용,남,60세,상해없음,이륜,남,29세,경상
2019012600100577,2019년 1월 26일 22시,토요일,대구광역시 서구 중리동,경상사고,0,0,1,0,차대사람 - 기타,기타,건조,맑음,단일로 - 기타,승합,남,54세,기타불명,보행자,여,71세,경상
2019012600100597,2019년 1월 26일 23시,토요일,대구광역시 동구 지저동,경상사고,0,0,1,0,차대차 - 기타,신호위반,건조,맑음,교차로 - 교차로안,승용,남,27세,상해없음,승용,남,26세,경상
2019012700100048,2019년 1월 27일 02시,일요일,대구광역시 달서구 진천동,경상사고,0,0,1,0,차대차 - 측면충돌,안전운전불이행,건조,맑음,단일로 - 기타,승용,여,60세,상해없음,이륜,여,21세,경상
2019012700100055,2019년 1월 27일 03시,일요일,대구광역시 중구 삼덕동1가,경상사고,0,0,1,0,차대사람 - 길가장자리구역통행중,안전운전불이행,건조,맑음,단일로 - 기타,승용,남,19세,상해없음,보행자,남,26세,경상
2019012700100086,2019년 1월 27일 08시,일요일,대구광역시 서구 내당동,경상사고,0,0,1,0,차대차 - 측면충돌,교차로운행방법위반,건조,맑음,교차로 - 교차로안,승용,여,68세,상해없음,자전거,남,68세,경상
2019012700100103,2019년 1월 27일 09시,일요일,대구광역시 달서구 본동,경상사고,0,0,1,0,차대차 - 측면충돌,중앙선침범,건조,맑음,교차로 - 교차로부근,이륜,남,66세,경상,화물,남,60세,상해없음
2019012700100104,2019년 1월 27일 09시,일요일,대구광역시 중구 달성동,중상사고,0,1,0,0,차대사람 - 기타,안전운전불이행,건조,맑음,단일로 - 기타,승용,남,61세,상해없음,보행자,남,44세,중상
2019012700100119,2019년 1월 27일 10시,일요일,대구광역시 수성구 범어동,중상사고,0,1,0,0,차대차 - 기타,안전운전불이행,건조,맑음,단일로 - 기타,승용,남,30세,상해없음,자전거,여,73세,중상
2019012700100120,2019년 1월 27일 10시,일요일,대구광역시 북구 태전동,경상사고,0,0,1,0,차대차 - 기타,직진우회전진행방해,건조,맑음,교차로 - 교차로안,승용,남,42세,상해없음,승용,남,30세,경상
2019012700100136,2019년 1월 27일 11시,일요일,대구광역시 중구 동인동3가,경상사고,0,0,1,0,차대차 - 추돌,안전운전불이행,건조,맑음,교차로 - 교차로부근,승용,남,26세,상해없음,승용,남,36세,경상
2019012700100161,2019년 1월 27일 12시,일요일,대구광역시 동구 신천동,경상사고,0,0,5,0,차대차 - 측면충돌,신호위반,건조,맑음,교차로 - 교차로안,승용,남,67세,상해없음,승용,남,48세,경상
2019012700100191,2019년 1월 27일 13시,일요일,대구광역시 수성구 만촌동,경상사고,0,0,1,0,차대차 - 측면충돌,안전운전불이행,건조,맑음,주차장 - 주차장,승용,남,63세,상해없음,승용,여,58세,경상
2019012700100215,2019년 1월 27일 14시,일요일,대구광역시 서구 평리동,중상사고,0,1,2,0,차대차 - 측면충돌,중앙선침범,건조,맑음,단일로 - 기타,승용,남,38세,상해없음,승용,남,60세,중상
2019012700100216,2019년 1월 27일 14시,일요일,대구광역시 달서구 신당동,중상사고,0,1,0,0,차대차 - 측면충돌,안전운전불이행,건조,맑음,기타 - 기타,승용,남,62세,상해없음,이륜,남,20세,중상
2019012700100243,2019년 1월 27일 15시,일요일,대구광역시 동구 방촌동,경상사고,0,0,1,1,차대차 - 측면충돌,중앙선침범,건조,맑음,단일로 - 기타,이륜,남,79세,부상신고,이륜,남,34세,경상
2019012700100244,2019년 1월 27일 15시,일요일,대구광역시 수성구 만촌동,중상사고,0,1,0,0,차대차 - 추돌,안전운전불이행,건조,맑음,교차로 - 교차로부근,승용,남,23세,상해없음,이륜,남,43세,중상
2019012700100245,2019년 1월 27일 15시,일요일,대구광역시 북구 침산동,경상사고,0,0,4,0,차대차 - 측면충돌,안전거리미확보,건조,맑음,단일로 - 기타,승용,남,54세,상해없음,승용,남,27세,경상
2019012700100273,2019년 1월 27일 16시,일요일,대구광역시 달서구 월성동,경상사고,0,0,2,4,차대차 - 측면충돌,교차로운행방법위반,건조,맑음,교차로 - 교차로안,승용,여,35세,부상신고,승용,남,45세,경상
2019012700100274,2019년 1월 27일 16시,일요일,대구광역시 서구 내당동,경상사고,0,0,1,0,차대사람 - 기타,안전운전불이행,건조,맑음,교차로 - 교차로안,승용,남,63세,상해없음,보행자,남,57세,경상
2019012700100294,2019년 1월 27일 17시,일요일,대구광역시 달서구 갈산동,중상사고,0,1,2,0,차대차 - 측면충돌,안전운전불이행,건조,맑음,교차로 - 교차로안,승용,남,62세,경상,승용,여,51세,중상
2019012700100319,2019년 1월 27일 18시,일요일,대구광역시 북구 침산동,경상사고,0,0,1,0,차대차 - 측면충돌,직진우회전진행방해,건조,맑음,교차로 - 교차로안,승용,여,60세,상해없음,원동기,남,22세,경상
2019012700100342,2019년 1월 27일 19시,일요일,대구광역시 동구 신천동,경상사고,0,0,2,0,차량단독 - 기타,안전운전불이행,건조,맑음,교차로 - 교차로부근,승용,남,70세,상해없음,,,,
2019012700100362,2019년 1월 27일 20시,일요일,대구광역시 남구 대명동,경상사고,0,0,1,0,차대사람 - 기타,안전운전불이행,건조,맑음,교차로 - 교차로부근,기타불명,기타불명,미분류,기타불명,보행자,남,40세,경상