사고번호,사고일시,요일,시군구,사고내용,사망자수,중상자수,경상자수,부상신고자수,사고유형,법규위반,노면상태,기상상태,도로형태,가해운전자 차종,가해운전자 성별,가해운전자 연령,가해운전자 상해정도,피해운전자 차종,피해운전자 성별,피해운전자 연령,피해운전자 상해정도
2019012700100363,2019년 1월 27일 20시,일요일,대구광역시 남구 대명동,중상사고,0,1,0,0,차대사람 - 보도통행중,기타,건조,맑음,단일로 - 기타,승용,남,58세,상해없음,보행자,남,54세,중상
2019012700100364,2019년 1월 27일 20시,일요일,대구광역시 수성구 두산동,경상사고,0,0,1,0,차대차 - 측면충돌,안전운전불이행,건조,맑음,교차로 - 교차로안,승용,남,52세,상해없음,승용,남,32세,경상
2019012700100365,2019년 1월 27일 20시,일요일,대구광역시 북구 침산동,경상사고,0,0,2,0,차대차 - 측면충돌,신호위반,건조,맑음,교차로 - 교차로안,원동기,남,32세,기타불명,승용,남,34세,경상
2019012700100366,2019년 1월 27일 20시,일요일,대구광역시 중구 동인동4가,경상사고,0,0,1,0,차대차 - 측면충돌,안전운전불이행,건조,맑음,단일로 - 기타,승용,여,46세,상해없음,승용,남,51세,상해없음
2019012700100396,2019년 1월 27일 22시,일요일,대구광역시 중구 서문로2가,경상사고,0,0,3,0,차대차 - 기타,교차로운행방법위반,건조,맑음,교차로 - 교차로부근,승용,남,62세,상해없음,이륜,남,35세,경상
2019012700100397,2019년 1월 27일 22시,일요일,대구광역시 달서구 본리동,경상사고,0,0,1,0,차대사람 - 횡단중,안전운전불이행,건조,맑음,교차로 - 교차로안,승용,남,33세,상해없음,보행자,여,76세,경상
2019012700100407,2019년 1월 27일 23시,일요일,대구광역시 북구 동천동,부상신고사고,0,0,0,1,차량단독 - 공작물충돌,안전운전불이행,건조,맑음,교차로 - 교차로부근,이륜,남,16세,부상신고,,,,
2019012800100045,2019년 1월 28일 03시,월요일,대구광역시 동구 율하동,경상사고,0,0,1,0,차대차 - 측면충돌,신호위반,건조,맑음,교차로 - 교차로안,승용,남,24세,상해없음,승용,남,35세,경상
2019012800100090,2019년 1월 28일 06시,월요일,대구광역시 달성군 다사읍,중상사고,0,1,0,0,차대차 - 추돌,안전운전불이행,건조,맑음,단일로 - 기타,화물,남,65세,상해없음,승용,남,33세,중상
2019012800100132,2019년 1월 28일 07시,월요일,대구광역시 남구 대명동,부상신고사고,0,0,0,1,차대차 - 추돌,안전거리미확보,건조,맑음,단일로 - 기타,이륜,남,51세,부상신고,승합,남,50세,상해없음
2019012800100178,2019년 1월 28일 08시,월요일,대구광역시 달성군 하빈면,중상사고,0,1,0,0,차대사람 - 기타,안전운전불이행,건조,맑음,단일로 - 기타,승용,남,27세,상해없음,보행자,여,76세,중상
2019012800100179,2019년 1월 28일 08시,월요일,대구광역시 북구 침산동,경상사고,0,0,2,0,차대차 - 측면충돌,신호위반,건조,맑음,교차로 - 교차로부근,승용,여,44세,상해없음,승용,남,30세,경상
2019012800100217,2019년 1월 28일 09시,월요일,대구광역시 남구 대명동,경상사고,0,0,1,0,차대사람 - 길가장자리구역통행중,안전운전불이행,건조,맑음,기타 - 기타,승용,여,34세,상해없음,보행자,여,30세,경상
2019012800100264,2019년 1월 28일 10시,월요일,대구광역시 동구 효목동,경상사고,0,0,2,0,차대차 - 측면충돌,안전운전불이행,건조,맑음,기타 - 기타,특수,남,26세,상해없음,이륜,남,43세,경상
2019012800100265,2019년 1월 28일 10시,월요일,대구광역시 수성구 지산동,중상사고,0,1,0,1,차대차 - 측면충돌,안전운전불이행,건조,맑음,단일로 - 기타,승용,남,75세,부상신고,화물,남,43세,기타불명
2019012800100266,2019년 1월 28일 10시,월요일,대구광역시 서구 이현동,중상사고,0,1,2,0,차대차 - 추돌,안전거리미확보,건조,맑음,단일로 - 기타,승용,여,30세,경상,화물,남,64세,중상
2019012800100267,2019년 1월 28일 10시,월요일,대구광역시 서구 내당동,경상사고,0,0,1,0,차대사람 - 차도통행중,안전운전불이행,건조,맑음,단일로 - 기타,승용,남,65세,상해없음,보행자,여,57세,경상
2019012800100268,2019년 1월 28일 10시,월요일,대구광역시 달서구 용산동,경상사고,0,0,1,0,차대차 - 기타,안전운전불이행,건조,맑음,단일로 - 기타,화물,남,68세,상해없음,화물,남,37세,경상
2019012800100269,2019년 1월 28일 10시,월요일,대구광역시 북구 동천동,경상사고,0,0,1,0,차대차 - 추돌,안전운전불이행,건조,맑음,교차로 - 교차로부근,승용,여,48세,상해없음,승용,여,47세,경상
2019012800100304,2019년 1월 28일 11시,월요일,대구광역시 동구 봉무동,중상사고,0,1,0,0,차대차 - 측면충돌,차로위반,건조,맑음,단일로 - 기타,승용,여,36세,상해없음,화물,남,51세,중상
2019012800100339,2019년 1월 28일 12시,월요일,대구광역시 수성구 수성동3가,중상사고,0,1,0,0,차대차 - 측면충돌,안전거리미확보,건조,맑음,단일로 - 기타,승용,남,49세,상해없음,원동기,남,45세,중상
2019012800100340,2019년 1월 28일 12시,월요일,대구광역시 달서구 두류동,경상사고,0,0,1,0,차대차 - 측면충돌,안전거리미확보,건조,맑음,단일로 - 기타,승용,남,73세,상해없음,원동기,남,19세,경상
2019012800100400,2019년 1월 28일 14시,월요일,대구광역시 서구 상리동,중상사고,0,3,0,0,차대차 - 추돌,안전운전불이행,건조,맑음,단일로 - 기타,화물,남,55세,상해없음,승용,남,39세,중상
2019012800100406,2019년 1월 28일 14시,월요일,대구광역시 수성구 범어동,경상사고,0,0,2,1,차대차 - 측면충돌,안전거리미확보,건조,맑음,단일로 - 기타,승용,여,26세,부상신고,승용,남,31세,경상
2019012800100407,2019년 1월 28일 14시,월요일,대구광역시 중구 동성로2가,경상사고,0,0,1,0,차대사람 - 기타,기타,건조,맑음,단일로 - 기타,이륜,남,62세,상해없음,보행자,여,22세,경상
2019012800100453,2019년 1월 28일 15시,월요일,대구광역시 서구 중리동,중상사고,0,1,0,0,차대사람 - 기타,기타,건조,맑음,단일로 - 기타,승용,남,42세,상해없음,보행자,남,58세,중상
2019012800100454,2019년 1월 28일 15시,월요일,대구광역시 중구 삼덕동1가,경상사고,0,0,1,0,차대차 - 기타,신호위반,건조,맑음,단일로 - 기타,승용,남,31세,상해없음,원동기,남,27세,경상
2019012800100481,2019년 1월 28일 16시,월요일,대구광역시 동구 신암동,경상사고,0,0,1,0,차대차 - 측면충돌,안전운전불이행,건조,맑음,단일로 - 기타,자전거,남,77세,경상,승용,여,41세,상해없음
2019012800100482,2019년 1월 28일 16시,월요일,대구광역시 북구 침산동,부상신고사고,0,0,0,1,차대차 - 측면충돌,안전운전불이행,건조,맑음,교차로 - 교차로안,자전거,여,54세,부상신고,화물,남,23세,상해없음
2019012800100513,2019년 1월 28일 17시,월요일,대구광역시 동구 용계동,경상사고,0,0,1,0,차대사람 - 횡단중,보행자보호의무위반,건조,맑음,교차로 - 교차로부근,기타불명,기타불명,미분류,기타불명,보행자,남,48세,경상
2019012800100551,2019년 1월 28일 18시,월요일,대구광역시 수성구 지산동,중상사고,0,1,0,0,차대사람 - 차도통행중,안전운전불이행,건조,맑음,교차로 - 교차로부근,승용,남,26세,상해없음,보행자,여,52세,중상
2019012800100552,2019년 1월 28일 18시,월요일,대구광역시 수성구 범물동,중상사고,0,1,1,0,차대차 - 측면충돌,교차로운행방법위반,건조,맑음,교차로 - 교차로안,승용,여,52세,경상,승용,남,55세,중상
2019012800100553,2019년 1월 28일 18시,월요일,대구광역시 달서구 상인동,중상사고,0,1,0,0,차대사람 - 횡단중,보행자보호의무위반,건조,맑음,단일로 - 기타,승용,여,38세,상해없음,보행자,남,54세,중상
2019012800100554,2019년 1월 28일 18시,월요일,대구광역시 북구 침산동,중상사고,0,1,0,0,차대사람 - 횡단중,보행자보호의무위반,건조,맑음,단일로 - 기타,승용,남,56세,기타불명,보행자,남,77세,중상
2019012800100555,2019년 1월 28일 18시,월요일,대구광역시 서구 내당동,경상사고,0,0,1,0,차대사람 - 횡단중,안전운전불이행,건조,맑음,단일로 - 기타,이륜,남,35세,상해없음,보행자,여,39세,경상
2019012800100556,2019년 1월 28일 18시,월요일,대구광역시 서구 평리동,경상사고,0,0,1,0,차대차 - 측면충돌,신호위반,건조,맑음,교차로 - 교차로안,승용,남,54세,상해없음,승용,여,27세,경상
2019012800100589,2019년 1월 28일 19시,월요일,대구광역시 수성구 두산동,경상사고,0,0,1,0,차대차 - 측면충돌,안전운전불이행,건조,맑음,단일로 - 기타,승용,남,33세,상해없음,승용,여,53세,경상
2019012800100590,2019년 1월 28일 19시,월요일,대구광역시 수성구 두산동,경상사고,0,0,2,0,차대차 - 측면충돌,안전거리미확보,건조,맑음,단일로 - 기타,승용,남,70세,경상,승용,여,36세,경상
2019012800100591,2019년 1월 28일 19시,월요일,대구광역시 북구 학정동,중상사고,0,1,0,0,차대사람 - 기타,안전운전불이행,건조,맑음,단일로 - 기타,승용,남,52세,상해없음,보행자,남,11세,중상
2019012800100620,2019년 1월 28일 20시,월요일,대구광역시 수성구 수성동2가,중상사고,0,1,0,0,차대차 - 측면충돌,교차로운행방법위반,건조,맑음,교차로 - 교차로안,승용,남,61세,상해없음,승용,남,50세,중상
2019012800100621,2019년 1월 28일 20시,월요일,대구광역시 달성군 현풍읍,중상사고,0,1,0,0,차대차 - 기타,신호위반,건조,맑음,단일로 - 기타,승용,남,70세,상해없음,자전거,남,15세,중상
2019012800100635,2019년 1월 28일 21시,월요일,대구광역시 달서구 감삼동,경상사고,0,0,1,0,차대차 - 기타,신호위반,건조,맑음,교차로 - 교차로안,화물,남,58세,상해없음,승용,남,33세,경상
2019012800100636,2019년 1월 28일 21시,월요일,대구광역시 달서구 성당동,경상사고,0,0,1,0,차대차 - 추돌,안전거리미확보,건조,맑음,교차로 - 교차로부근,이륜,남,66세,상해없음,이륜,남,40세,경상
2019012800100663,2019년 1월 28일 22시,월요일,대구광역시 달서구 상인동,경상사고,0,0,2,0,차대차 - 기타,안전운전불이행,건조,맑음,단일로 - 기타,승용,남,54세,상해없음,승합,남,76세,상해없음
2019012800100664,2019년 1월 28일 22시,월요일,대구광역시 달서구 이곡동,경상사고,0,0,1,0,차대차 - 측면충돌,교차로운행방법위반,건조,흐림,교차로 - 교차로안,승용,여,51세,상해없음,승용,남,54세,경상
2019012900100034,2019년 1월 29일 01시,화요일,대구광역시 달서구 본동,경상사고,0,0,2,0,차대차 - 추돌,안전운전불이행,건조,맑음,교차로 - 교차로부근,승용,남,37세,상해없음,승용,남,55세,경상
2019012900100040,2019년 1월 29일 02시,화요일,대구광역시 수성구 두산동,경상사고,0,0,1,0,차대사람 - 기타,안전운전불이행,건조,맑음,단일로 - 기타,승용,남,29세,상해없음,보행자,남,32세,경상
2019012900100045,2019년 1월 29일 03시,화요일,대구광역시 남구 대명동,경상사고,0,0,2,0,차대차 - 측면충돌,과속,건조,맑음,교차로 - 교차로안,승용,남,59세,상해없음,화물,남,57세,경상
2019012900100046,2019년 1월 29일 03시,화요일,대구광역시 수성구 중동,경상사고,0,0,1,0,차대차 - 측면충돌,안전운전불이행,건조,맑음,교차로 - 교차로안,화물,남,48세,상해없음,승용,남,59세,경상
2019012900100145,2019년 1월 29일 09시,화요일,대구광역시 북구 읍내동,경상사고,0,0,1,0,차대차 - 기타,안전운전불이행,건조,맑음,교차로 - 교차로부근,승용,남,57세,상해없음,이륜,남,61세,경상
2019012900100171,2019년 1월 29일 10시,화요일,대구광역시 수성구 신매동,중상사고,0,1,0,0,차대사람 - 횡단중,보행자보호의무위반,건조,맑음,교차로 - 교차로부근,승용,남,50세,상해없음,보행자,남,65세,중상
2019012900100172,2019년 1월 29일 10시,화요일,대구광역시 북구 읍내동,부상신고사고,0,0,0,2,차대차 - 기타,안전운전불이행,건조,맑음,교차로 - 교차로안,승합,남,45세,상해없음,기타불명,기타불명,미분류,기타불명
2019012900100219,2019년 1월 29일 12시,화요일,대구광역시 수성구 지산동,경상사고,0,0,1,0,차대차 - 측면충돌,안전운전불이행,건조,맑음,교차로 - 교차로횡단보도내,화물,남,45세,상해없음,자전거,남,67세,경상
2019012900100220,2019년 1월 29일 12시,화요일,대구광역시 북구 산격동,중상사고,0,2,0,0,차대사람 - 차도통행중,안전운전불이행,건조,맑음,단일로 - 기타,승용,여,59세,상해없음,보행자,남,18세,중상
2019012900100221,2019년 1월 29일 12시,화요일,대구광역시 달서구 장기동,경상사고,0,0,1,0,차대차 - 측면충돌,안전운전불이행,건조,맑음,교차로 - 교차로안,승용,남,62세,상해없음,승용,여,57세,경상
2019012900100247,2019년 1월 29일 13시,화요일,대구광역시 남구 봉덕동,경상사고,0,0,1,0,차대차 - 측면충돌,안전운전불이행,건조,맑음,교차로 - 교차로부근,화물,남,56세,상해없음,화물,남,27세,경상
2019012900100266,2019년 1월 29일 14시,화요일,대구광역시 수성구 수성동3가,경상사고,0,0,1,0,차대사람 - 횡단중,안전운전불이행,건조,맑음,단일로 - 기타,승용,남,44세,상해없음,보행자,여,9세,경상
2019012900100267,2019년 1월 29일 14시,화요일,대구광역시 달서구 진천동,경상사고,0,0,1,0,차대차 - 측면충돌,교차로운행방법위반,건조,맑음,단일로 - 기타,승용,여,40세,상해없음,이륜,남,19세,경상
2019012900100268,2019년 1월 29일 14시,화요일,대구광역시 달서구 진천동,경상사고,0,0,1,0,차대차 - 측면충돌,안전운전불이행,건조,맑음,교차로 - 교차로부근,승용,여,39세,상해없음,화물,남,48세,경상
2019012900100269,2019년 1월 29일 14시,화요일,대구광역시 북구 칠성동2가,중상사고,0,1,0,0,차대차 - 측면충돌,신호위반,기타,맑음,교차로 - 교차로안,승합,남,54세,상해없음,원동기,남,76세,중상
2019012900100270,2019년 1월 29일 14시,화요일,대구광역시 달서구 본리동,중상사고,0,1,0,0,차대사람 - 횡단중,안전운전불이행,건조,맑음,단일로 - 기타,승용,남,34세,상해없음,보행자,여,10세,중상
2019012900100319,2019년 1월 29일 15시,화요일,대구광역시 달서구 상인동,경상사고,0,0,1,0,차대차 - 측면충돌,안전운전불이행,건조,맑음,교차로 - 교차로부근,승용,여,40세,상해없음,이륜,남,41세,경상
2019012900100320,2019년 1월 29일 15시,화요일,대구광역시 달성군 현풍읍,경상사고,0,0,1,0,차대차 - 기타,교차로운행방법위반,건조,맑음,교차로 - 교차로안,승용,여,43세,상해없음,승용,남,31세,경상
2019012900100321,2019년 1월 29일 15시,화요일,대구광역시 서구 내당동,경상사고,0,0,1,0,차대차 - 추돌,교차로운행방법위반,건조,맑음,교차로 - 교차로부근,승용,남,45세,상해없음,승용,남,27세,경상
2019012900100322,2019년 1월 29일 15시,화요일,대구광역시 달서구 용산동,경상사고,0,0,1,0,차대차 - 측면충돌,차로위반,건조,맑음,단일로 - 기타,승용,남,58세,상해없음,이륜,남,20세,경상
2019012900100323,2019년 1월 29일 15시,화요일,대구광역시 북구 태전동,경상사고,0,0,1,1,차대차 - 기타,안전거리미확보,건조,맑음,교차로 - 교차로부근,화물,남,43세,부상신고,승용,남,38세,경상
2019012900100324,2019년 1월 29일 15시,화요일,대구광역시 북구 사수동,경상사고,0,0,1,0,차대차 - 기타,직진우회전진행방해,건조,맑음,교차로 - 교차로안,승용,여,33세,상해없음,승용,여,58세,경상
2019012900100376,2019년 1월 29일 16시,화요일,대구광역시 남구 대명동,경상사고,0,0,1,0,차대차 - 측면충돌,안전운전불이행,건조,맑음,교차로 - 교차로부근,승용,남,65세,상해없음,이륜,남,39세,경상
2019012900100377,2019년 1월 29일 16시,화요일,대구광역시 남구 대명동,경상사고,0,0,1,0,차대차 - 측면충돌,차로위반,건조,맑음,단일로 - 기타,승용,남,28세,상해없음,이륜,남,16세,경상
2019012900100378,2019년 1월 29일 16시,화요일,대구광역시 동구 효목동,경상사고,0,0,1,0,차대사람 - 차도통행중,안전운전불이행,건조,맑음,단일로 - 기타,승용,남,76세,상해없음,보행자,여,79세,경상
2019012900100379,2019년 1월 29일 16시,화요일,대구광역시 북구 침산동,중상사고,0,1,0,0,차대차 - 기타,안전운전불이행,건조,맑음,교차로 - 교차로부근,승용,남,49세,상해없음,원동기,여,63세,중상
2019012900100380,2019년 1월 29일 16시,화요일,대구광역시 중구 남산동,중상사고,0,1,0,0,차대차 - 측면충돌,안전운전불이행,건조,맑음,교차로 - 교차로부근,승용,여,23세,상해없음,이륜,남,17세,중상
2019012900100381,2019년 1월 29일 16시,화요일,대구광역시 달서구 본리동,경상사고,0,0,1,0,차대차 - 기타,안전거리미확보,건조,맑음,단일로 - 기타,승용,남,68세,상해없음,승용,여,43세,경상
2019012900100421,2019년 1월 29일 17시,화요일,대구광역시 동구 신천동,경상사고,0,0,1,0,차대차 - 기타,안전거리미확보,건조,맑음,교차로 - 교차로부근,승용,여,35세,상해없음,승용,여,53세,경상
2019012900100422,2019년 1월 29일 17시,화요일,대구광역시 달서구 진천동,중상사고,0,1,0,0,차대사람 - 기타,안전운전불이행,건조,맑음,단일로 - 기타,승용,남,55세,상해없음,보행자,여,68세,중상
2019012900100468,2019년 1월 29일 18시,화요일,대구광역시 남구 대명동,중상사고,0,1,0,0,차대차 - 정면충돌,중앙선침범,건조,맑음,단일로 - 기타,승용,남,53세,상해없음,이륜,남,59세,중상
2019012900100469,2019년 1월 29일 18시,화요일,대구광역시 달서구 송현동,중상사고,0,1,0,0,차대차 - 측면충돌,신호위반,건조,맑음,교차로 - 교차로안,화물,남,44세,상해없음,승용,여,29세,중상
2019012900100470,2019년 1월 29일 18시,화요일,대구광역시 서구 비산동,경상사고,0,0,1,0,차대차 - 측면충돌,교차로운행방법위반,건조,맑음,교차로 - 교차로안,승용,남,52세,상해없음,승용,남,56세,경상
2019012900100471,2019년 1월 29일 18시,화요일,대구광역시 중구 남산동,부상신고사고,0,0,0,2,차대차 - 측면충돌,안전거리미확보,건조,맑음,단일로 - 기타,승용,여,51세,기타불명,이륜,남,17세,부상신고
2019012900100511,2019년 1월 29일 19시,화요일,대구광역시 동구 중대동,경상사고,0,0,2,0,차대차 - 측면충돌,안전운전불이행,건조,맑음,단일로 - 기타,승용,여,39세,상해없음,승용,남,37세,경상
2019012900100512,2019년 1월 29일 19시,화요일,대구광역시 수성구 지산동,경상사고,0,0,1,0,차대차 - 측면충돌,안전거리미확보,건조,맑음,단일로 - 기타,승용,여,62세,상해없음,승용,남,52세,상해없음
2019012900100513,2019년 1월 29일 19시,화요일,대구광역시 수성구 만촌동,중상사고,0,1,0,0,차대차 - 추돌,안전운전불이행,건조,맑음,단일로 - 기타,승용,남,59세,기타불명,자전거,남,70세,중상
2019012900100514,2019년 1월 29일 19시,화요일,대구광역시 서구 평리동,경상사고,0,0,1,0,차대차 - 측면충돌,안전운전불이행,건조,맑음,단일로 - 기타,기타불명,기타불명,미분류,기타불명,승용,남,25세,상해없음
2019012900100573,2019년 1월 29일 21시,화요일,대구광역시 수성구 상동,경상사고,0,0,1,0,차대차 - 측면충돌,안전거리미확보,건조,맑음,단일로 - 기타,승용,남,31세,상해없음,승용,남,44세,상해없음
2019012900100574,2019년 1월 29일 21시,화요일,대구광역시 서구 내당동,중상사고,0,2,0,1,차대차 - 측면충돌,안전거리미확보,건조,맑음,단일로 - 기타,승용,남,27세,상해없음,원동기,남,25세,중상
2019012900100575,2019년 1월 29일 21시,화요일,대구광역시 서구 중리동,경상사고,0,0,1,0,차대차 - 기타,안전운전불이행,건조,맑음,교차로 - 교차로부근,기타불명,기타불명,미분류,기타불명,승합,남,48세,상해없음
2019012900100591,2019년 1월 29일 22시,화요일,대구광역시 수성구 황금동,경상사고,0,0,2,0,차대차 - 측면충돌,안전운전불이행,건조,맑음,교차로 - 교차로안,승용,남,46세,상해없음,승용,남,32세,상해없음
2019012900100592,2019년 1월 29일 22시,화요일,대구광역시 중구 공평동,경상사고,0,0,3,0,차대차 - 측면충돌,신호위반,건조,맑음,단일로 - 기타,승용,남,25세,상해없음,승용,남,21세,경상
2019012900100593,2019년 1월 29일 22시,화요일,대구광역시 달서구 감삼동,경상사고,0,0,1,0,차대차 - 측면충돌,안전운전불이행,건조,맑음,교차로 - 교차로횡단보도내,승용,남,30세,상해없음,이륜,남,40세,경상
2019012900100619,2019년 1월 29일 23시,화요일,대구광역시 수성구 수성동1가,경상사고,0,0,1,0,차대차 - 추돌,안전운전불이행,건조,맑음,교차로 - 교차로부근,승용,남,31세,상해없음,승용,남,27세,경상
2019013000100049,2019년 1월 30일 04시,수요일,대구광역시 달서구 도원동,중상사고,0,1,0,0,차대차 - 기타,안전운전불이행,건조,맑음,교차로 - 교차로부근,기타불명,기타불명,미분류,기타불명,자전거,여,78세,중상
2019013000100084,2019년 1월 30일 07시,수요일,대구광역시 북구 매천동,경상사고,0,0,2,0,차대차 - 측면충돌,안전운전불이행,건조,맑음,단일로 - 기타,승용,남,29세,상해없음,승용,여,44세,경상
2019013000100106,2019년 1월 30일 08시,수요일,대구광역시 동구 율하동,경상사고,0,0,1,0,차대차 - 기타,안전운전불이행,건조,맑음,단일로 - 기타,승용,여,54세,상해없음,승용,남,37세,경상
2019013000100107,2019년 1월 30일 08시,수요일,대구광역시 동구 신암동,경상사고,0,0,1,0,차대차 - 추돌,안전운전불이행,건조,맑음,단일로 - 기타,기타불명,기타불명,미분류,기타불명,이륜,남,51세,경상
2019013000100108,2019년 1월 30일 08시,수요일,대구광역시 달서구 월암동,중상사고,0,1,1,0,차대차 - 기타,안전운전불이행,건조,맑음,단일로 - 기타,승합,남,36세,상해없음,화물,남,46세,경상
2019013000100133,2019년 1월 30일 09시,수요일,대구광역시 동구 신천동,경상사고,0,0,2,0,차대차 - 측면충돌,안전운전불이행,건조,맑음,교차로 - 교차로부근,승용,여,66세,상해없음,승용,여,37세,경상
2019013000100134,2019년 1월 30일 09시,수요일,대구광역시 동구 검사동,경상사고,0,0,1,0,차대차 - 측면충돌,안전운전불이행,건조,맑음,교차로 - 교차로안,화물,남,58세,상해없음,승용,남,59세,경상
2019013000100135,2019년 1월 30일 09시,수요일,대구광역시 달서구 상인동,경상사고,0,0,1,0,차대차 - 측면충돌,안전운전불이행,건조,맑음,교차로 - 교차로부근,승용,여,63세,상해없음,승용,여,29세,경상
2019013000100136,2019년 1월 30일 09시,수요일,대구광역시 달서구 성당동,경상사고,0,0,2,0,차대차 - 기타,안전운전불이행,건조,맑음,단일로 - 기타,승용,남,63세,상해없음,승용,여,33세,경상
2019013000100204,2019년 1월 30일 11시,수요일,대구광역시 남구 대명동,경상사고,0,0,1,0,차대차 - 측면충돌,신호위반,건조,맑음,교차로 - 교차로안,승용,여,43세,상해없음,이륜,남,22세,경상
2019013000100205,2019년 1월 30일 11시,수요일,대구광역시 남구 대명동,경상사고,0,0,1,0,차대차 - 추돌,안전운전불이행,건조,맑음,교차로 - 교차로부근,승용,남,64세,상해없음,승용,여,50세,경상
2019013000100206,2019년 1월 30일 11시,수요일,대구광역시 북구 산격동,경상사고,0,0,1,0,차대차 - 측면충돌,교차로운행방법위반,건조,맑음,교차로 - 교차로안,승용,남,28세,상해없음,이륜,남,30세,경상
2019013000100207,2019년 1월 30일 11시,수요일,대구광역시 북구 동천동,사망사고,1,0,0,0,차대사람 - 횡단중,안전운전불이행,건조,맑음,교차로 - 교차로횡단보도내,승합,남,44세,상해없음,보행자,남,87세,사망
2019013000100223,2019년 1월 30일 12시,수요일,대구광역시 동구 신암동,중상사고,0,1,0,0,차대차 - 측면충돌,안전운전불이행,건조,맑음,단일로 - 기타,승용,여,44세,상해없음,이륜,남,40세,중상
2019013000100254,2019년 1월 30일 13시,수요일,대구광역시 수성구 범어동,경상사고,0,0,1,0,차대차 - 측면충돌,안전운전불이행,건조,맑음,단일로 - 기타,승합,남,73세,상해없음,승용,남,23세,경상
2019013000100255,2019년 1월 30일 13시,수요일,대구광역시 수성구 신매동,중상사고,0,1,0,0,차대차 - 기타,안전운전불이행,건조,맑음,교차로 - 교차로안,승합,남,60세,상해없음,승용,여,54세,상해없음
2019013000100256,2019년 1월 30일 13시,수요일,대구광역시 동구 신천동,경상사고,0,0,1,0,차대차 - 추돌,안전운전불이행,건조,맑음,교차로 - 교차로부근,승용,남,52세,상해없음,승용,남,46세,상해없음
2019013000100257,2019년 1월 30일 13시,수요일,대구광역시 달성군 구지면,중상사고,0,1,0,0,차대차 - 측면충돌,안전운전불이행,건조,맑음,교차로 - 교차로부근,화물,남,68세,상해없음,특수,남,50세,중상
2019013000100258,2019년 1월 30일 13시,수요일,대구광역시 북구 산격동,경상사고,0,0,2,1,차대차 - 추돌,안전거리미확보,건조,맑음,교차로 - 교차로안,승용,여,54세,부상신고,승용,남,70세,경상
2019013000100259,2019년 1월 30일 13시,수요일,대구광역시 중구 덕산동,경상사고,0,0,1,0,차대차 - 측면충돌,차로위반,건조,맑음,단일로 - 기타,승용,여,66세,상해없음,승용,여,26세,경상
2019013000100260,2019년 1월 30일 13시,수요일,대구광역시 달서구 성당동,중상사고,0,2,1,0,차대차 - 기타,신호위반,건조,맑음,단일로 - 기타,승용,남,84세,경상,이륜,남,79세,중상
2019013000100261,2019년 1월 30일 13시,수요일,대구광역시 달서구 감삼동,경상사고,0,0,1,0,차대차 - 기타,안전거리미확보,건조,맑음,기타 - 기타,승용,여,64세,상해없음,승합,남,57세,경상
2019013000100300,2019년 1월 30일 14시,수요일,대구광역시 수성구 신매동,중상사고,0,1,0,0,차대사람 - 기타,안전운전불이행,건조,맑음,단일로 - 기타,승용,남,70세,상해없음,보행자,남,83세,중상
2019013000100301,2019년 1월 30일 14시,수요일,대구광역시 북구 노원동1가,경상사고,0,0,1,0,차대사람 - 기타,안전운전불이행,건조,맑음,단일로 - 기타,승용,남,51세,상해없음,보행자,여,82세,경상
2019013000100332,2019년 1월 30일 15시,수요일,대구광역시 수성구 황금동,중상사고,0,1,0,0,차대사람 - 기타,안전운전불이행,건조,맑음,단일로 - 기타,이륜,남,64세,상해없음,보행자,여,57세,중상
2019013000100333,2019년 1월 30일 15시,수요일,대구광역시 서구 비산동,경상사고,0,0,1,0,차대차 - 측면충돌,차로위반,건조,맑음,단일로 - 기타,승합,남,61세,상해없음,화물,남,56세,상해없음
2019013000100371,2019년 1월 30일 16시,수요일,대구광역시 동구 효목동,중상사고,0,1,0,0,차대사람 - 횡단중,보행자보호의무위반,건조,맑음,교차로 - 교차로횡단보도내,승합,여,45세,상해없음,보행자,여,60세,중상
2019013000100397,2019년 1월 30일 17시,수요일,대구광역시 서구 내당동,경상사고,0,0,1,0,차대차 - 후진중충돌,안전운전불이행,건조,맑음,미분류 - 미분류,승용,남,70세,상해없음,승용,남,37세,경상
2019013000100398,2019년 1월 30일 17시,수요일,대구광역시 달서구 용산동,경상사고,0,0,6,0,차대차 - 추돌,안전운전불이행,건조,맑음,단일로 - 기타,승용,남,34세,상해없음,승용,여,47세,경상
2019013000100442,2019년 1월 30일 18시,수요일,대구광역시 서구 상리동,중상사고,0,1,1,0,차대차 - 추돌,안전운전불이행,건조,맑음,단일로 - 교량,승용,남,48세,상해없음,승용,남,37세,경상
2019013000100449,2019년 1월 30일 18시,수요일,대구광역시 중구 남산동,경상사고,0,0,2,0,차대차 - 측면충돌,안전운전불이행,건조,맑음,단일로 - 기타,승용,여,41세,상해없음,승용,남,58세,경상
2019013000100450,2019년 1월 30일 18시,수요일,대구광역시 달서구 용산동,경상사고,0,0,1,0,차대차 - 추돌,안전운전불이행,건조,맑음,단일로 - 기타,기타불명,기타불명,미분류,기타불명,승용,여,28세,경상
2019013000100497,2019년 1월 30일 19시,수요일,대구광역시 남구 봉덕동,중상사고,0,1,1,0,차대차 - 측면충돌,안전거리미확보,건조,맑음,단일로 - 기타,승용,남,57세,중상,승용,여,53세,경상