사고번호,사고일시,요일,시군구,사고내용,사망자수,중상자수,경상자수,부상신고자수,사고유형,법규위반,노면상태,기상상태,도로형태,가해운전자 차종,가해운전자 성별,가해운전자 연령,가해운전자 상해정도,피해운전자 차종,피해운전자 성별,피해운전자 연령,피해운전자 상해정도
2019013000100498,2019년 1월 30일 19시,수요일,대구광역시 남구 봉덕동,경상사고,0,0,3,0,차대차 - 측면충돌,안전거리미확보,건조,맑음,교차로 - 교차로안,승용,여,54세,상해없음,승용,남,21세,경상
2019013000100499,2019년 1월 30일 19시,수요일,대구광역시 수성구 범어동,경상사고,0,0,1,0,차대차 - 측면충돌,신호위반,건조,맑음,교차로 - 교차로안,이륜,남,27세,상해없음,이륜,남,21세,경상
2019013000100500,2019년 1월 30일 19시,수요일,대구광역시 수성구 사월동,부상신고사고,0,0,0,1,차대차 - 기타,안전운전불이행,건조,맑음,교차로 - 교차로안,기타불명,기타불명,미분류,기타불명,이륜,남,57세,부상신고
2019013000100522,2019년 1월 30일 20시,수요일,대구광역시 북구 동천동,부상신고사고,0,0,0,1,차대차 - 기타,안전운전불이행,건조,맑음,교차로 - 교차로안,사륜오토바이(ATV),여,57세,부상신고,승용,여,33세,상해없음
2019013000100551,2019년 1월 30일 21시,수요일,대구광역시 달서구 상인동,경상사고,0,0,1,0,차대차 - 측면충돌,안전운전불이행,건조,맑음,교차로 - 교차로부근,승용,여,23세,상해없음,승용,남,65세,경상
2019013000100596,2019년 1월 30일 23시,수요일,대구광역시 수성구 두산동,경상사고,0,0,2,0,차대차 - 추돌,안전운전불이행,건조,맑음,단일로 - 기타,이륜,남,17세,경상,승용,남,67세,상해없음
2019013100100026,2019년 1월 31일 00시,목요일,대구광역시 달서구 상인동,경상사고,0,0,1,0,차대차 - 측면충돌,안전운전불이행,건조,맑음,단일로 - 기타,이륜,남,21세,경상,승용,남,24세,상해없음
2019013100100027,2019년 1월 31일 00시,목요일,대구광역시 달서구 장기동,경상사고,0,0,2,0,차대차 - 추돌,안전운전불이행,건조,맑음,단일로 - 기타,이륜,남,15세,상해없음,승용,남,42세,경상
2019013100100033,2019년 1월 31일 01시,목요일,대구광역시 북구 침산동,경상사고,0,0,2,0,차대차 - 추돌,안전운전불이행,건조,맑음,기타 - 기타,승용,여,43세,상해없음,승용,남,36세,경상
2019013100100043,2019년 1월 31일 02시,목요일,대구광역시 남구 대명동,중상사고,0,1,0,0,차대사람 - 횡단중,안전운전불이행,건조,흐림,단일로 - 기타,기타불명,기타불명,미분류,기타불명,보행자,남,40세,중상
2019013100100052,2019년 1월 31일 04시,목요일,대구광역시 중구 봉산동,중상사고,0,1,0,0,차대사람 - 길가장자리구역통행중,안전운전불이행,건조,맑음,단일로 - 기타,승용,남,19세,상해없음,보행자,여,37세,중상
2019013100100081,2019년 1월 31일 06시,목요일,대구광역시 남구 봉덕동,경상사고,0,0,1,0,차대차 - 기타,안전거리미확보,젖음/습기,비,단일로 - 기타,승용,남,54세,상해없음,승용,남,69세,상해없음
2019013100100082,2019년 1월 31일 06시,목요일,대구광역시 북구 산격동,부상신고사고,0,0,0,1,차대차 - 추돌,안전운전불이행,건조,맑음,단일로 - 기타,화물,남,42세,상해없음,원동기,남,60세,부상신고
2019013100100120,2019년 1월 31일 07시,목요일,대구광역시 동구 용계동,중상사고,0,1,0,0,차대사람 - 횡단중,신호위반,건조,맑음,단일로 - 기타,승용,남,63세,상해없음,보행자,여,70세,중상
2019013100100121,2019년 1월 31일 07시,목요일,대구광역시 북구 칠성동2가,중상사고,0,1,0,0,차대사람 - 횡단중,보행자보호의무위반,건조,맑음,단일로 - 기타,승용,남,53세,상해없음,보행자,여,65세,중상
2019013100100122,2019년 1월 31일 07시,목요일,대구광역시 북구 검단동,부상신고사고,0,0,0,1,차대차 - 측면충돌,안전운전불이행,건조,맑음,단일로 - 기타,화물,남,45세,상해없음,승용,남,29세,부상신고
2019013100100152,2019년 1월 31일 08시,목요일,대구광역시 동구 신암동,경상사고,0,0,1,1,차대차 - 측면충돌,교차로운행방법위반,젖음/습기,비,교차로 - 교차로안,승용,남,23세,부상신고,이륜,남,47세,경상
2019013100100178,2019년 1월 31일 09시,목요일,대구광역시 서구 비산동,중상사고,0,1,0,0,차대사람 - 기타,신호위반,젖음/습기,비,교차로 - 교차로안,승용,남,44세,상해없음,보행자,여,67세,중상
2019013100100179,2019년 1월 31일 09시,목요일,대구광역시 서구 비산동,경상사고,0,0,1,0,차대차 - 측면충돌,안전운전불이행,젖음/습기,비,단일로 - 기타,승용,남,54세,기타불명,승용,남,67세,상해없음
2019013100100229,2019년 1월 31일 11시,목요일,대구광역시 서구 평리동,경상사고,0,0,1,0,차대차 - 측면충돌,안전거리미확보,젖음/습기,비,교차로 - 교차로부근,이륜,남,19세,상해없음,승용,여,34세,경상
2019013100100230,2019년 1월 31일 11시,목요일,대구광역시 중구 장관동,경상사고,0,0,1,0,차대사람 - 길가장자리구역통행중,안전운전불이행,건조,맑음,단일로 - 기타,승용,여,44세,상해없음,보행자,남,43세,경상
2019013100100231,2019년 1월 31일 11시,목요일,대구광역시 북구 동천동,경상사고,0,0,1,0,차대차 - 기타,신호위반,젖음/습기,비,교차로 - 교차로안,승용,여,41세,상해없음,이륜,남,17세,경상
2019013100100314,2019년 1월 31일 14시,목요일,대구광역시 남구 대명동,경상사고,0,0,1,0,차대차 - 측면충돌,안전거리미확보,젖음/습기,비,교차로 - 교차로부근,승용,남,27세,상해없음,원동기,남,29세,경상
2019013100100315,2019년 1월 31일 14시,목요일,대구광역시 동구 입석동,중상사고,0,1,4,0,차대차 - 측면충돌,중앙선침범,건조,맑음,단일로 - 기타,승용,남,61세,상해없음,승용,여,61세,경상
2019013100100316,2019년 1월 31일 14시,목요일,대구광역시 북구 읍내동,경상사고,0,0,1,0,차대차 - 측면충돌,안전운전불이행,건조,맑음,단일로 - 터널,화물,남,53세,상해없음,화물,남,43세,경상
2019013100100357,2019년 1월 31일 15시,목요일,대구광역시 동구 율하동,경상사고,0,0,1,1,차대차 - 기타,안전운전불이행,건조,맑음,단일로 - 기타,승용,여,37세,부상신고,승용,여,42세,경상
2019013100100358,2019년 1월 31일 15시,목요일,대구광역시 수성구 연호동,경상사고,0,0,1,0,차대차 - 추돌,신호위반,젖음/습기,흐림,교차로 - 교차로부근,화물,남,56세,상해없음,승용,남,36세,경상
2019013100100359,2019년 1월 31일 15시,목요일,대구광역시 달서구 두류동,경상사고,0,0,2,0,차량단독 - 기타,안전운전불이행,건조,맑음,교차로 - 교차로부근,승용,남,58세,상해없음,,,,
2019013100100360,2019년 1월 31일 15시,목요일,대구광역시 북구 서변동,경상사고,0,0,1,1,차대차 - 기타,불법유턴,건조,맑음,단일로 - 기타,승용,여,60세,부상신고,승용,여,37세,경상
2019013100100466,2019년 1월 31일 18시,목요일,대구광역시 수성구 만촌동,부상신고사고,0,0,0,1,차대사람 - 횡단중,안전운전불이행,건조,맑음,기타 - 기타,승용,여,40세,상해없음,보행자,여,24세,부상신고
2019013100100513,2019년 1월 31일 19시,목요일,대구광역시 수성구 지산동,경상사고,0,0,2,0,차대차 - 추돌,안전운전불이행,건조,맑음,단일로 - 기타,승용,남,47세,상해없음,승용,남,63세,경상
2019013100100514,2019년 1월 31일 19시,목요일,대구광역시 수성구 만촌동,경상사고,0,0,1,0,차대차 - 측면충돌,안전거리미확보,건조,맑음,단일로 - 기타,승용,남,43세,상해없음,이륜,남,19세,경상
2019013100100515,2019년 1월 31일 19시,목요일,대구광역시 북구 대현동,부상신고사고,0,0,0,1,차대차 - 기타,안전운전불이행,건조,맑음,단일로 - 기타,이륜,남,17세,부상신고,승용,남,62세,상해없음
2019013100100516,2019년 1월 31일 19시,목요일,대구광역시 북구 산격동,중상사고,0,1,0,0,차량단독 - 기타,안전운전불이행,건조,맑음,단일로 - 기타,승합,남,41세,상해없음,,,,
2019013100100517,2019년 1월 31일 19시,목요일,대구광역시 북구 대현동,부상신고사고,0,0,0,1,차대차 - 추돌,안전운전불이행,건조,맑음,교차로 - 교차로부근,이륜,남,21세,부상신고,승용,남,63세,상해없음
2019013100100518,2019년 1월 31일 19시,목요일,대구광역시 달서구 죽전동,중상사고,0,1,0,0,차대차 - 측면충돌,중앙선침범,건조,흐림,단일로 - 기타,화물,남,58세,상해없음,이륜,남,47세,중상
2019013100100549,2019년 1월 31일 20시,목요일,대구광역시 동구 율하동,경상사고,0,0,2,0,차대차 - 측면충돌,교차로운행방법위반,건조,맑음,교차로 - 교차로부근,승용,남,41세,상해없음,이륜,남,19세,경상
2019013100100550,2019년 1월 31일 20시,목요일,대구광역시 달서구 송현동,경상사고,0,0,1,0,차대차 - 추돌,안전거리미확보,건조,맑음,교차로 - 교차로부근,승용,남,70세,상해없음,승용,여,51세,경상
2019013100100551,2019년 1월 31일 20시,목요일,대구광역시 달성군 논공읍,경상사고,0,0,2,0,차대차 - 측면충돌,안전운전불이행,건조,맑음,단일로 - 기타,승용,여,57세,상해없음,승용,여,41세,경상
2019013100100552,2019년 1월 31일 20시,목요일,대구광역시 북구 대현동,중상사고,0,1,0,0,차대차 - 기타,안전운전불이행,건조,맑음,교차로 - 교차로안,승용,남,30세,상해없음,이륜,남,57세,중상
2019013100100553,2019년 1월 31일 20시,목요일,대구광역시 서구 평리동,경상사고,0,0,1,0,차대차 - 측면충돌,안전운전불이행,건조,맑음,교차로 - 교차로부근,승용,여,60세,상해없음,화물,남,49세,경상
2019013100100554,2019년 1월 31일 20시,목요일,대구광역시 달서구 두류동,경상사고,0,0,1,0,차대사람 - 차도통행중,안전운전불이행,건조,흐림,단일로 - 기타,승용,남,32세,상해없음,보행자,여,18세,경상
2019013100100586,2019년 1월 31일 21시,목요일,대구광역시 수성구 매호동,중상사고,0,1,0,0,차대차 - 측면충돌,교차로운행방법위반,건조,맑음,교차로 - 교차로안,승용,여,38세,상해없음,이륜,남,54세,중상
2019013100100606,2019년 1월 31일 22시,목요일,대구광역시 수성구 신매동,경상사고,0,0,2,0,차대차 - 측면충돌,안전운전불이행,젖음/습기,맑음,교차로 - 교차로부근,승용,남,28세,상해없음,승용,여,25세,경상
2019013100100607,2019년 1월 31일 22시,목요일,대구광역시 북구 침산동,경상사고,0,0,2,0,차대차 - 측면충돌,신호위반,건조,맑음,교차로 - 교차로안,승용,여,59세,상해없음,승용,남,26세,경상
2019013100100620,2019년 1월 31일 23시,목요일,대구광역시 동구 방촌동,경상사고,0,0,1,0,차대차 - 기타,과속,건조,맑음,단일로 - 기타,승용,남,24세,경상,승용,여,23세,상해없음
2019020100100035,2019년 2월 1일 00시,금요일,대구광역시 서구 비산동,중상사고,0,1,0,0,차대차 - 기타,안전운전불이행,건조,맑음,교차로 - 교차로안,화물,남,27세,상해없음,승용,남,52세,상해없음
2019020100100053,2019년 2월 1일 01시,금요일,대구광역시 남구 대명동,경상사고,0,0,4,0,차대차 - 추돌,안전운전불이행,건조,맑음,교차로 - 교차로부근,승용,남,25세,상해없음,승용,남,60세,경상
2019020100100054,2019년 2월 1일 01시,금요일,대구광역시 수성구 황금동,경상사고,0,0,1,0,차대차 - 측면충돌,안전운전불이행,건조,맑음,단일로 - 기타,승용,남,52세,기타불명,승용,남,43세,경상
2019020100100060,2019년 2월 1일 02시,금요일,대구광역시 달서구 상인동,경상사고,0,0,1,0,차대차 - 측면충돌,신호위반,건조,맑음,교차로 - 교차로안,승합,남,54세,상해없음,승용,남,25세,경상
2019020100100075,2019년 2월 1일 04시,금요일,대구광역시 남구 봉덕동,부상신고사고,0,0,0,1,차대차 - 측면충돌,불법유턴,건조,맑음,단일로 - 기타,승용,남,24세,상해없음,이륜,남,28세,부상신고
2019020100100076,2019년 2월 1일 04시,금요일,대구광역시 달서구 송현동,경상사고,0,0,2,0,차대차 - 추돌,안전운전불이행,건조,맑음,교차로 - 교차로부근,승용,남,19세,상해없음,승용,남,56세,상해없음
2019020100100087,2019년 2월 1일 05시,금요일,대구광역시 달성군 논공읍,중상사고,0,1,0,0,차대사람 - 횡단중,안전운전불이행,젖음/습기,맑음,교차로 - 교차로부근,승용,남,40세,상해없음,보행자,여,60세,중상
2019020100100115,2019년 2월 1일 07시,금요일,대구광역시 달성군 논공읍,부상신고사고,0,0,0,1,차대차 - 측면충돌,안전거리미확보,건조,맑음,단일로 - 기타,이륜,남,54세,부상신고,승용,남,61세,상해없음
2019020100100152,2019년 2월 1일 08시,금요일,대구광역시 북구 침산동,경상사고,0,0,1,1,차대차 - 측면충돌,신호위반,건조,맑음,교차로 - 교차로안,승용,남,67세,부상신고,승용,남,38세,경상
2019020100100153,2019년 2월 1일 08시,금요일,대구광역시 북구 침산동,중상사고,0,1,1,0,차대차 - 측면충돌,안전거리미확보,건조,맑음,단일로 - 기타,화물,남,52세,경상,화물,남,54세,중상
2019020100100208,2019년 2월 1일 10시,금요일,대구광역시 수성구 수성동1가,중상사고,0,1,1,0,차대차 - 측면충돌,신호위반,건조,맑음,교차로 - 교차로안,화물,남,57세,중상,승용,여,51세,경상
2019020100100209,2019년 2월 1일 10시,금요일,대구광역시 서구 비산동,중상사고,0,1,0,0,차대사람 - 횡단중,보행자보호의무위반,건조,맑음,단일로 - 기타,화물,남,58세,상해없음,보행자,여,86세,중상
2019020100100242,2019년 2월 1일 11시,금요일,대구광역시 수성구 범어동,경상사고,0,0,1,0,차대사람 - 보도통행중,기타,건조,맑음,단일로 - 기타,승용,남,69세,상해없음,보행자,남,69세,경상
2019020100100243,2019년 2월 1일 11시,금요일,대구광역시 달서구 상인동,경상사고,0,0,1,0,차대차 - 측면충돌,기타,건조,맑음,교차로 - 교차로안,이륜,남,55세,경상,승용,여,49세,상해없음
2019020100100244,2019년 2월 1일 11시,금요일,대구광역시 달성군 현풍읍,경상사고,0,0,1,0,차대사람 - 기타,안전운전불이행,건조,맑음,단일로 - 기타,승용,남,19세,상해없음,보행자,남,73세,경상
2019020100100245,2019년 2월 1일 11시,금요일,대구광역시 중구 봉산동,경상사고,0,0,1,1,차대차 - 측면충돌,신호위반,건조,맑음,교차로 - 교차로안,이륜,남,81세,부상신고,승용,여,54세,경상
2019020100100279,2019년 2월 1일 12시,금요일,대구광역시 중구 삼덕동1가,중상사고,0,1,0,0,차대사람 - 보도통행중,기타,건조,맑음,단일로 - 기타,이륜,남,45세,상해없음,보행자,여,39세,중상
2019020100100280,2019년 2월 1일 12시,금요일,대구광역시 북구 동천동,경상사고,0,0,1,0,차대차 - 측면충돌,안전운전불이행,건조,맑음,교차로 - 교차로안,승용,여,45세,상해없음,이륜,남,19세,경상
2019020100100305,2019년 2월 1일 13시,금요일,대구광역시 달서구 상인동,경상사고,0,0,2,0,차대차 - 추돌,안전거리미확보,서리/결빙,맑음,단일로 - 기타,승용,남,43세,경상,승용,여,36세,상해없음
2019020100100306,2019년 2월 1일 13시,금요일,대구광역시 달서구 진천동,경상사고,0,0,1,0,차대차 - 기타,안전운전불이행,건조,맑음,단일로 - 기타,승용,남,51세,상해없음,승용,여,41세,경상
2019020100100352,2019년 2월 1일 14시,금요일,대구광역시 남구 대명동,부상신고사고,0,0,0,1,차대차 - 측면충돌,안전운전불이행,건조,맑음,기타 - 기타,승용,남,54세,상해없음,이륜,남,32세,부상신고
2019020100100353,2019년 2월 1일 14시,금요일,대구광역시 수성구 만촌동,경상사고,0,0,1,0,차대사람 - 기타,안전운전불이행,건조,맑음,주차장 - 주차장,화물,남,53세,상해없음,보행자,여,90세 이상,경상
2019020100100354,2019년 2월 1일 14시,금요일,대구광역시 달성군 논공읍,경상사고,0,0,1,0,차대차 - 후진중충돌,안전운전불이행,건조,맑음,기타 - 기타,승용,여,40세,상해없음,승용,여,40세,경상
2019020100100355,2019년 2월 1일 14시,금요일,대구광역시 북구 칠성동1가,경상사고,0,0,1,0,차대사람 - 횡단중,안전운전불이행,건조,맑음,단일로 - 기타,승용,남,50세,상해없음,보행자,남,83세,경상
2019020100100356,2019년 2월 1일 14시,금요일,대구광역시 북구 노원동3가,경상사고,0,0,1,0,차대사람 - 기타,안전운전불이행,건조,맑음,단일로 - 기타,화물,남,66세,상해없음,보행자,남,30세,경상
2019020100100357,2019년 2월 1일 14시,금요일,대구광역시 북구 노원동3가,경상사고,0,0,1,0,차대차 - 기타,안전운전불이행,건조,맑음,단일로 - 기타,화물,남,24세,상해없음,이륜,남,53세,경상
2019020100100404,2019년 2월 1일 15시,금요일,대구광역시 중구 삼덕동3가,경상사고,0,0,1,0,차대차 - 측면충돌,기타,건조,맑음,교차로 - 교차로부근,화물,남,58세,상해없음,승용,남,29세,경상
2019020100100405,2019년 2월 1일 15시,금요일,대구광역시 북구 구암동,중상사고,0,1,0,0,차대차 - 기타,안전운전불이행,건조,맑음,교차로 - 교차로부근,승용,여,34세,상해없음,자전거,남,74세,중상
2019020100100436,2019년 2월 1일 16시,금요일,대구광역시 중구 봉산동,경상사고,0,0,1,4,차대차 - 기타,안전거리미확보,건조,맑음,단일로 - 기타,승용,남,57세,상해없음,승용,남,19세,경상
2019020100100437,2019년 2월 1일 16시,금요일,대구광역시 달서구 성당동,경상사고,0,0,1,0,차대사람 - 기타,보행자보호의무위반,건조,맑음,단일로 - 기타,승용,남,26세,상해없음,보행자,여,65세,경상
2019020100100438,2019년 2월 1일 16시,금요일,대구광역시 북구 관음동,경상사고,0,0,2,0,차대차 - 측면충돌,안전운전불이행,건조,맑음,단일로 - 기타,승용,여,57세,경상,승용,여,66세,경상
2019020100100477,2019년 2월 1일 17시,금요일,대구광역시 남구 대명동,중상사고,0,1,1,0,차대차 - 측면충돌,신호위반,건조,맑음,단일로 - 기타,승용,남,75세,상해없음,이륜,남,29세,중상
2019020100100478,2019년 2월 1일 17시,금요일,대구광역시 남구 봉덕동,경상사고,0,0,1,0,차대차 - 측면충돌,안전운전불이행,건조,맑음,기타 - 기타,이륜,남,21세,경상,승용,남,54세,상해없음
2019020100100479,2019년 2월 1일 17시,금요일,대구광역시 남구 대명동,경상사고,0,0,1,0,차대차 - 후진중충돌,안전운전불이행,건조,맑음,단일로 - 기타,승용,남,58세,상해없음,승용,남,25세,경상
2019020100100480,2019년 2월 1일 17시,금요일,대구광역시 북구 복현동,경상사고,0,0,1,0,차대사람 - 횡단중,보행자보호의무위반,건조,맑음,단일로 - 기타,승용,남,72세,상해없음,보행자,여,8세,경상
2019020100100481,2019년 2월 1일 17시,금요일,대구광역시 북구 산격동,중상사고,0,1,0,0,차대사람 - 기타,기타,건조,맑음,단일로 - 기타,화물,남,45세,상해없음,보행자,여,49세,중상
2019020100100482,2019년 2월 1일 17시,금요일,대구광역시 중구 남산동,중상사고,0,1,0,0,차대차 - 측면충돌,안전거리미확보,건조,맑음,교차로 - 교차로부근,승용,남,40세,상해없음,승용,여,52세,중상
2019020100100483,2019년 2월 1일 17시,금요일,대구광역시 달서구 용산동,경상사고,0,0,2,0,차대차 - 추돌,안전운전불이행,건조,맑음,교차로 - 교차로부근,승용,여,60세,상해없음,승용,남,49세,경상
2019020100100484,2019년 2월 1일 17시,금요일,대구광역시 북구 태전동,경상사고,0,0,3,0,차대차 - 추돌,안전운전불이행,건조,맑음,단일로 - 지하차도(도로)내,승용,여,44세,상해없음,승용,남,61세,경상
2019020100100549,2019년 2월 1일 18시,금요일,대구광역시 수성구 시지동,경상사고,0,0,1,0,차대차 - 추돌,안전운전불이행,건조,맑음,단일로 - 기타,화물,남,22세,상해없음,승용,남,43세,경상
2019020100100550,2019년 2월 1일 18시,금요일,대구광역시 수성구 중동,부상신고사고,0,0,0,1,차대차 - 측면충돌,안전운전불이행,건조,맑음,단일로 - 기타,승용,여,32세,상해없음,자전거,남,57세,부상신고
2019020100100551,2019년 2월 1일 18시,금요일,대구광역시 달서구 진천동,중상사고,0,1,0,0,차대사람 - 횡단중,보행자보호의무위반,건조,맑음,단일로 - 기타,승용,여,39세,상해없음,보행자,여,24세,중상
2019020100100552,2019년 2월 1일 18시,금요일,대구광역시 중구 대봉동,경상사고,0,0,1,0,차대사람 - 기타,안전운전불이행,건조,맑음,단일로 - 기타,승합,남,49세,상해없음,보행자,여,57세,경상
2019020100100553,2019년 2월 1일 18시,금요일,대구광역시 달서구 파호동,경상사고,0,0,1,0,차대차 - 측면충돌,안전운전불이행,건조,맑음,기타 - 기타,승용,남,61세,상해없음,특수,남,32세,경상
2019020100100602,2019년 2월 1일 19시,금요일,대구광역시 달서구 도원동,경상사고,0,0,1,1,차대차 - 측면충돌,안전운전불이행,건조,맑음,단일로 - 기타,화물,남,58세,부상신고,승용,남,42세,경상
2019020100100603,2019년 2월 1일 19시,금요일,대구광역시 북구 검단동,경상사고,0,0,1,0,차대차 - 측면충돌,안전운전불이행,건조,맑음,단일로 - 기타,승용,여,30세,상해없음,이륜,남,59세,경상
2019020100100604,2019년 2월 1일 19시,금요일,대구광역시 북구 산격동,중상사고,0,1,0,0,차대사람 - 횡단중,보행자보호의무위반,건조,맑음,교차로 - 교차로횡단보도내,승용,남,57세,상해없음,보행자,남,60세,중상
2019020100100605,2019년 2월 1일 19시,금요일,대구광역시 중구 대봉동,경상사고,0,0,1,0,차대차 - 추돌,안전운전불이행,건조,맑음,단일로 - 기타,승용,남,62세,상해없음,승용,여,40세,경상
2019020100100606,2019년 2월 1일 19시,금요일,대구광역시 달서구 성당동,중상사고,0,1,0,0,차대사람 - 기타,안전운전불이행,건조,맑음,단일로 - 기타,승용,남,61세,상해없음,보행자,남,57세,중상
2019020100100607,2019년 2월 1일 19시,금요일,대구광역시 북구 관음동,중상사고,0,1,0,0,차량단독 - 도로외이탈 - 추락,안전운전불이행,건조,맑음,미분류 - 미분류,이륜,남,58세,중상,,,,
2019020100100608,2019년 2월 1일 19시,금요일,대구광역시 북구 태전동,경상사고,0,0,1,0,차대차 - 기타,교차로운행방법위반,건조,맑음,교차로 - 교차로안,승용,남,44세,상해없음,승용,여,36세,경상
2019020100100650,2019년 2월 1일 20시,금요일,대구광역시 북구 동천동,경상사고,0,0,2,0,차대차 - 측면충돌,안전운전불이행,건조,맑음,교차로 - 교차로안,승용,여,66세,상해없음,승용,남,19세,경상
2019020100100705,2019년 2월 1일 22시,금요일,대구광역시 동구 효목동,경상사고,0,0,2,0,차대차 - 측면충돌,안전운전불이행,건조,맑음,단일로 - 기타,승용,남,65세,상해없음,승용,남,61세,경상
2019020100100706,2019년 2월 1일 22시,금요일,대구광역시 동구 신암동,경상사고,0,0,2,0,차대차 - 기타,안전거리미확보,건조,맑음,교차로 - 교차로부근,승용,남,67세,상해없음,승용,남,56세,경상
2019020100100707,2019년 2월 1일 22시,금요일,대구광역시 수성구 범어동,경상사고,0,0,2,0,차대차 - 측면충돌,안전운전불이행,건조,맑음,교차로 - 교차로부근,승용,남,54세,상해없음,이륜,남,18세,경상
2019020100100708,2019년 2월 1일 22시,금요일,대구광역시 서구 평리동,경상사고,0,0,1,0,차대차 - 측면충돌,안전운전불이행,건조,맑음,교차로 - 교차로안,승용,여,30세,상해없음,자전거,남,57세,경상
2019020100100730,2019년 2월 1일 23시,금요일,대구광역시 달서구 대천동,부상신고사고,0,0,0,1,차대차 - 측면충돌,안전거리미확보,건조,맑음,단일로 - 기타,승용,남,60세,상해없음,승용,남,54세,부상신고
2019020100100731,2019년 2월 1일 23시,금요일,대구광역시 북구 칠성동2가,경상사고,0,0,1,0,차대사람 - 기타,보행자보호의무위반,건조,맑음,교차로 - 교차로횡단보도내,기타불명,기타불명,미분류,기타불명,보행자,남,59세,경상
2019020200100037,2019년 2월 2일 00시,토요일,대구광역시 수성구 가천동,중상사고,0,1,0,0,차대차 - 측면충돌,안전거리미확보,건조,맑음,단일로 - 기타,승용,남,23세,상해없음,승용,남,67세,중상
2019020200100038,2019년 2월 2일 00시,토요일,대구광역시 달서구 장기동,경상사고,0,0,1,0,차대차 - 기타,안전운전불이행,건조,맑음,기타 - 기타,승용,여,63세,경상,화물,남,46세,기타불명
2019020200100055,2019년 2월 2일 01시,토요일,대구광역시 달서구 상인동,경상사고,0,0,1,0,차대차 - 추돌,안전운전불이행,건조,맑음,교차로 - 교차로부근,승용,남,42세,상해없음,승용,여,45세,경상
2019020200100056,2019년 2월 2일 01시,토요일,대구광역시 남구 대명동,경상사고,0,0,1,0,차대차 - 기타,신호위반,건조,맑음,교차로 - 교차로안,화물,남,58세,상해없음,이륜,남,62세,경상
2019020200100072,2019년 2월 2일 02시,토요일,대구광역시 남구 봉덕동,경상사고,0,0,3,0,차대차 - 측면충돌,안전거리미확보,건조,맑음,단일로 - 기타,승용,남,36세,상해없음,승용,남,22세,경상
2019020200100073,2019년 2월 2일 02시,토요일,대구광역시 달서구 감삼동,경상사고,0,0,2,0,차대차 - 기타,안전운전불이행,건조,맑음,단일로 - 기타,승용,남,53세,상해없음,승용,남,37세,경상
2019020200100083,2019년 2월 2일 03시,토요일,대구광역시 남구 봉덕동,사망사고,1,0,0,0,차대사람 - 횡단중,보행자보호의무위반,건조,맑음,교차로 - 교차로횡단보도내,승용,남,62세,상해없음,보행자,여,66세,사망
2019020200100084,2019년 2월 2일 03시,토요일,대구광역시 수성구 범어동,경상사고,0,0,1,0,차대차 - 측면충돌,차로위반,건조,맑음,교차로 - 교차로부근,승용,남,24세,기타불명,승용,남,62세,경상
2019020200100085,2019년 2월 2일 03시,토요일,대구광역시 북구 복현동,중상사고,0,1,0,0,차대차 - 측면충돌,직진우회전진행방해,건조,맑음,교차로 - 교차로안,승용,남,56세,상해없음,승용,남,35세,중상
2019020200100086,2019년 2월 2일 03시,토요일,대구광역시 서구 중리동,경상사고,0,0,1,0,차량단독 - 기타,안전운전불이행,건조,맑음,교차로 - 교차로부근,승용,남,58세,상해없음,,,,
2019020200100102,2019년 2월 2일 04시,토요일,대구광역시 달서구 용산동,경상사고,0,0,2,0,차대차 - 측면충돌,안전운전불이행,건조,맑음,교차로 - 교차로부근,승용,남,22세,경상,화물,남,57세,경상
2019020200100113,2019년 2월 2일 05시,토요일,대구광역시 남구 대명동,경상사고,0,0,2,0,차대차 - 측면충돌,안전운전불이행,건조,맑음,단일로 - 기타,승용,남,21세,상해없음,승용,남,47세,상해없음
2019020200100177,2019년 2월 2일 09시,토요일,대구광역시 남구 봉덕동,부상신고사고,0,0,0,2,차대차 - 추돌,안전운전불이행,건조,맑음,단일로 - 기타,승용,남,65세,상해없음,승용,남,39세,상해없음
2019020200100220,2019년 2월 2일 11시,토요일,대구광역시 달서구 송현동,경상사고,0,0,1,0,차대차 - 측면충돌,안전거리미확보,건조,맑음,단일로 - 기타,승용,남,53세,상해없음,승용,여,45세,경상
2019020200100221,2019년 2월 2일 11시,토요일,대구광역시 중구 동산동,경상사고,0,0,3,1,차대차 - 측면충돌,안전거리미확보,건조,맑음,단일로 - 기타,승용,남,66세,상해없음,승용,남,28세,경상
2019020200100254,2019년 2월 2일 12시,토요일,대구광역시 서구 내당동,경상사고,0,0,1,0,차대차 - 추돌,안전거리미확보,건조,맑음,교차로 - 교차로부근,승용,남,62세,상해없음,승용,여,45세,경상
2019020200100255,2019년 2월 2일 12시,토요일,대구광역시 달서구 용산동,경상사고,0,0,1,0,차대사람 - 기타,안전운전불이행,건조,맑음,단일로 - 기타,승용,여,61세,상해없음,보행자,남,25세,경상
2019020200100280,2019년 2월 2일 13시,토요일,대구광역시 남구 대명동,경상사고,0,0,1,0,차대사람 - 기타,안전운전불이행,건조,맑음,단일로 - 기타,승용,여,39세,상해없음,보행자,여,53세,경상
2019020200100281,2019년 2월 2일 13시,토요일,대구광역시 동구 각산동,경상사고,0,0,1,0,차대사람 - 횡단중,신호위반,건조,맑음,교차로 - 교차로부근,승용,남,47세,상해없음,보행자,남,27세,경상
2019020200100282,2019년 2월 2일 13시,토요일,대구광역시 달서구 상인동,경상사고,0,0,1,0,차대차 - 기타,안전운전불이행,건조,맑음,교차로 - 교차로안,승용,남,69세,상해없음,자전거,남,16세,경상