사고번호,사고일시,요일,시군구,사고내용,사망자수,중상자수,경상자수,부상신고자수,사고유형,법규위반,노면상태,기상상태,도로형태,가해운전자 차종,가해운전자 성별,가해운전자 연령,가해운전자 상해정도,피해운전자 차종,피해운전자 성별,피해운전자 연령,피해운전자 상해정도
2019020600100223,2019년 2월 6일 16시,수요일,대구광역시 북구 대현동,경상사고,0,0,1,0,차대차 - 후진중충돌,불법유턴,건조,맑음,교차로 - 교차로안,승용,여,31세,상해없음,이륜,남,20세,경상
2019020600100237,2019년 2월 6일 17시,수요일,대구광역시 서구 평리동,경상사고,0,0,1,0,차대차 - 측면충돌,차로위반,건조,맑음,단일로 - 기타,화물,남,19세,상해없음,승용,남,56세,경상
2019020600100264,2019년 2월 6일 18시,수요일,대구광역시 달서구 상인동,경상사고,0,0,5,0,차대차 - 추돌,안전운전불이행,건조,맑음,단일로 - 기타,승용,여,57세,상해없음,승용,남,41세,경상
2019020600100265,2019년 2월 6일 18시,수요일,대구광역시 달서구 월성동,경상사고,0,0,1,0,차대차 - 측면충돌,안전운전불이행,건조,맑음,교차로 - 교차로안,승합,남,22세,상해없음,승용,여,37세,경상
2019020600100293,2019년 2월 6일 19시,수요일,대구광역시 수성구 상동,중상사고,0,1,0,0,차량단독 - 기타,안전운전불이행,건조,맑음,단일로 - 기타,화물,여,59세,상해없음,,,,
2019020600100294,2019년 2월 6일 19시,수요일,대구광역시 서구 내당동,경상사고,0,0,2,0,차대차 - 정면충돌,안전운전불이행,건조,맑음,교차로 - 교차로안,승용,여,49세,상해없음,승용,남,26세,경상
2019020600100310,2019년 2월 6일 20시,수요일,대구광역시 달서구 월성동,경상사고,0,0,1,0,차대차 - 후진중충돌,안전운전불이행,건조,맑음,교차로 - 교차로부근,승용,남,57세,상해없음,승용,남,58세,경상
2019020600100329,2019년 2월 6일 21시,수요일,대구광역시 동구 효목동,경상사고,0,0,2,0,차대차 - 추돌,안전운전불이행,건조,맑음,교차로 - 교차로부근,승용,여,42세,상해없음,승용,남,55세,경상
2019020600100330,2019년 2월 6일 21시,수요일,대구광역시 동구 신암동,경상사고,0,0,2,0,차대차 - 기타,교차로운행방법위반,건조,맑음,교차로 - 교차로안,승용,여,43세,상해없음,승용,남,54세,경상
2019020600100358,2019년 2월 6일 23시,수요일,대구광역시 달서구 상인동,경상사고,0,0,1,0,차대차 - 기타,불법유턴,건조,맑음,기타 - 기타,승용,남,62세,상해없음,승용,남,58세,상해없음
2019020700100029,2019년 2월 7일 00시,목요일,대구광역시 달성군 옥포읍,경상사고,0,0,2,0,차대차 - 측면충돌,과속,건조,맑음,단일로 - 기타,승용,남,41세,경상,승용,남,29세,경상
2019020700100030,2019년 2월 7일 00시,목요일,대구광역시 서구 내당동,중상사고,0,1,0,0,차대차 - 추돌,과속,건조,맑음,단일로 - 기타,승용,남,59세,상해없음,승용,남,55세,중상
2019020700100031,2019년 2월 7일 00시,목요일,대구광역시 달서구 본리동,중상사고,0,1,1,0,차대차 - 후진중충돌,안전운전불이행,건조,맑음,단일로 - 기타,승용,남,33세,경상,승용,남,33세,중상
2019020700100039,2019년 2월 7일 01시,목요일,대구광역시 중구 동인동3가,중상사고,0,1,0,0,차대차 - 추돌,안전운전불이행,건조,맑음,교차로 - 교차로부근,승용,남,32세,상해없음,승용,남,48세,중상
2019020700100051,2019년 2월 7일 02시,목요일,대구광역시 중구 남산동,경상사고,0,0,1,0,차대차 - 측면충돌,안전운전불이행,건조,맑음,단일로 - 기타,승용,남,47세,상해없음,승용,여,20세,경상
2019020700100067,2019년 2월 7일 04시,목요일,대구광역시 달서구 이곡동,경상사고,0,0,1,0,차대차 - 기타,안전운전불이행,건조,맑음,단일로 - 기타,승용,남,44세,상해없음,개인형이동수단(PM),남,53세,경상
2019020700100086,2019년 2월 7일 06시,목요일,대구광역시 수성구 지산동,중상사고,0,1,0,0,차량단독 - 공작물충돌,안전운전불이행,건조,맑음,교차로 - 교차로안,승용,남,22세,중상,,,,
2019020700100159,2019년 2월 7일 09시,목요일,대구광역시 동구 효목동,중상사고,0,1,0,0,차대사람 - 기타,안전운전불이행,건조,맑음,단일로 - 기타,승합,남,54세,상해없음,보행자,남,47세,중상
2019020700100160,2019년 2월 7일 09시,목요일,대구광역시 서구 원대동3가,중상사고,0,1,0,0,차대차 - 측면충돌,안전운전불이행,건조,맑음,단일로 - 기타,자전거,여,64세,중상,화물,남,59세,상해없음
2019020700100205,2019년 2월 7일 11시,목요일,대구광역시 동구 지묘동,경상사고,0,0,1,0,차대차 - 측면충돌,신호위반,건조,맑음,교차로 - 교차로안,승용,남,69세,상해없음,승용,남,44세,경상
2019020700100206,2019년 2월 7일 11시,목요일,대구광역시 동구 신암동,경상사고,0,0,1,0,차대차 - 정면충돌,신호위반,건조,맑음,교차로 - 교차로안,승용,남,64세,상해없음,이륜,남,49세,경상
2019020700100207,2019년 2월 7일 11시,목요일,대구광역시 달서구 성당동,중상사고,0,1,0,0,차대차 - 추돌,안전운전불이행,건조,맑음,단일로 - 기타,승용,여,57세,상해없음,승용,남,22세,중상
2019020700100208,2019년 2월 7일 11시,목요일,대구광역시 북구 침산동,경상사고,0,0,2,0,차대차 - 측면충돌,불법유턴,건조,맑음,단일로 - 기타,승용,여,43세,기타불명,승용,남,35세,경상
2019020700100209,2019년 2월 7일 11시,목요일,대구광역시 달서구 두류동,경상사고,0,0,2,0,차대차 - 측면충돌,안전운전불이행,건조,맑음,기타 - 기타,승용,여,26세,상해없음,승용,남,69세,경상
2019020700100210,2019년 2월 7일 11시,목요일,대구광역시 북구 태전동,경상사고,0,0,1,0,차대차 - 측면충돌,안전운전불이행,건조,맑음,단일로 - 기타,승용,남,54세,상해없음,승용,여,51세,경상
2019020700100229,2019년 2월 7일 12시,목요일,대구광역시 동구 지저동,경상사고,0,0,1,0,차대차 - 측면충돌,안전거리미확보,건조,맑음,단일로 - 기타,승용,남,61세,상해없음,승합,여,60세,경상
2019020700100230,2019년 2월 7일 12시,목요일,대구광역시 서구 내당동,경상사고,0,0,1,0,차대사람 - 횡단중,기타,건조,맑음,단일로 - 기타,이륜,남,63세,상해없음,보행자,남,66세,경상
2019020700100254,2019년 2월 7일 13시,목요일,대구광역시 북구 침산동,경상사고,0,0,1,0,차대차 - 측면충돌,신호위반,건조,맑음,교차로 - 교차로안,승용,여,33세,상해없음,이륜,남,27세,경상
2019020700100255,2019년 2월 7일 13시,목요일,대구광역시 달서구 본리동,경상사고,0,0,2,0,차대차 - 측면충돌,직진우회전진행방해,건조,맑음,교차로 - 교차로안,승용,남,58세,경상,승용,남,60세,경상
2019020700100285,2019년 2월 7일 14시,목요일,대구광역시 수성구 범어동,중상사고,0,1,1,0,차대차 - 측면충돌,신호위반,건조,맑음,교차로 - 교차로부근,이륜,남,14세,중상,승용,여,44세,경상
2019020700100286,2019년 2월 7일 14시,목요일,대구광역시 수성구 매호동,경상사고,0,0,1,0,차대차 - 추돌,안전운전불이행,건조,맑음,교차로 - 교차로부근,승합,남,72세,상해없음,승용,여,44세,경상
2019020700100287,2019년 2월 7일 14시,목요일,대구광역시 서구 평리동,경상사고,0,0,1,0,차대차 - 측면충돌,안전운전불이행,건조,맑음,교차로 - 교차로부근,승용,남,51세,상해없음,승용,여,32세,상해없음
2019020700100320,2019년 2월 7일 15시,목요일,대구광역시 남구 대명동,경상사고,0,0,1,0,차대차 - 측면충돌,직진우회전진행방해,건조,맑음,교차로 - 교차로안,승용,여,49세,상해없음,승용,남,53세,경상
2019020700100321,2019년 2월 7일 15시,목요일,대구광역시 달성군 다사읍,경상사고,0,0,1,0,차대차 - 기타,직진우회전진행방해,건조,맑음,교차로 - 교차로안,승용,여,46세,상해없음,승용,여,32세,경상
2019020700100322,2019년 2월 7일 15시,목요일,대구광역시 북구 태전동,경상사고,0,0,1,0,차대차 - 측면충돌,안전운전불이행,건조,맑음,단일로 - 기타,승용,여,61세,상해없음,승용,여,39세,경상
2019020700100352,2019년 2월 7일 16시,목요일,대구광역시 동구 불로동,경상사고,0,0,1,0,차대차 - 측면충돌,교차로운행방법위반,건조,맑음,교차로 - 교차로안,이륜,남,23세,상해없음,승용,남,62세,경상
2019020700100353,2019년 2월 7일 16시,목요일,대구광역시 달성군 화원읍,경상사고,0,0,1,0,차대차 - 측면충돌,안전운전불이행,건조,맑음,교차로 - 교차로안,승용,여,53세,상해없음,승용,남,37세,경상
2019020700100354,2019년 2월 7일 16시,목요일,대구광역시 중구 삼덕동1가,경상사고,0,0,1,0,차대사람 - 길가장자리구역통행중,신호위반,건조,맑음,교차로 - 교차로부근,승용,여,25세,상해없음,보행자,남,20세,경상
2019020700100355,2019년 2월 7일 16시,목요일,대구광역시 중구 대봉동,경상사고,0,0,1,0,차대차 - 추돌,안전운전불이행,건조,맑음,단일로 - 기타,승용,남,40세,상해없음,승용,남,32세,경상
2019020700100393,2019년 2월 7일 17시,목요일,대구광역시 수성구 지산동,부상신고사고,0,0,0,1,차대차 - 추돌,안전운전불이행,건조,맑음,단일로 - 기타,자전거,남,18세,부상신고,승용,여,56세,상해없음
2019020700100394,2019년 2월 7일 17시,목요일,대구광역시 중구 동인동3가,경상사고,0,0,1,0,차대차 - 기타,안전운전불이행,건조,맑음,단일로 - 기타,승용,여,49세,상해없음,승용,남,50세,경상
2019020700100430,2019년 2월 7일 18시,목요일,대구광역시 남구 대명동,중상사고,0,1,0,0,차대사람 - 기타,직진우회전진행방해,건조,맑음,단일로 - 기타,승용,남,24세,상해없음,보행자,여,81세,중상
2019020700100431,2019년 2월 7일 18시,목요일,대구광역시 동구 신천동,부상신고사고,0,0,0,1,차대사람 - 기타,안전운전불이행,건조,맑음,기타 - 기타,기타불명,기타불명,미분류,기타불명,보행자,남,61세,부상신고
2019020700100432,2019년 2월 7일 18시,목요일,대구광역시 서구 내당동,부상신고사고,0,0,0,1,차량단독 - 기타,안전운전불이행,건조,맑음,교차로 - 교차로부근,자전거,남,55세,부상신고,,,,
2019020700100464,2019년 2월 7일 19시,목요일,대구광역시 서구 내당동,중상사고,0,1,0,0,차대차 - 측면충돌,안전운전불이행,건조,맑음,단일로 - 기타,이륜,남,77세,중상,승용,여,53세,상해없음
2019020700100465,2019년 2월 7일 19시,목요일,대구광역시 달서구 용산동,경상사고,0,0,2,0,차대차 - 측면충돌,안전운전불이행,건조,맑음,단일로 - 기타,승용,남,48세,상해없음,이륜,남,22세,경상
2019020700100486,2019년 2월 7일 20시,목요일,대구광역시 동구 신기동,부상신고사고,0,0,0,1,차대차 - 기타,안전운전불이행,건조,맑음,기타 - 기타,이륜,남,40세,부상신고,승용,남,47세,상해없음
2019020700100487,2019년 2월 7일 20시,목요일,대구광역시 북구 산격동,경상사고,0,0,1,0,차대차 - 측면충돌,안전거리미확보,건조,맑음,기타 - 기타,승용,남,19세,상해없음,승용,남,21세,경상
2019020700100488,2019년 2월 7일 20시,목요일,대구광역시 중구 남산동,경상사고,0,0,2,0,차대차 - 측면충돌,안전운전불이행,건조,맑음,단일로 - 기타,승용,남,68세,상해없음,승용,남,31세,경상
2019020700100507,2019년 2월 7일 21시,목요일,대구광역시 동구 효목동,경상사고,0,0,4,0,차대차 - 측면충돌,안전거리미확보,건조,맑음,교차로 - 교차로부근,승용,여,43세,상해없음,승용,남,30세,경상
2019020700100508,2019년 2월 7일 21시,목요일,대구광역시 중구 동일동,경상사고,0,0,1,0,차대사람 - 횡단중,보행자보호의무위반,건조,맑음,단일로 - 기타,이륜,남,26세,상해없음,보행자,여,19세,경상
2019020700100524,2019년 2월 7일 22시,목요일,대구광역시 달서구 송현동,부상신고사고,0,0,0,1,차대사람 - 기타,안전운전불이행,건조,맑음,단일로 - 기타,기타불명,기타불명,미분류,기타불명,보행자,남,54세,부상신고
2019020800100024,2019년 2월 8일 00시,금요일,대구광역시 달서구 대천동,경상사고,0,0,1,0,차대차 - 측면충돌,직진우회전진행방해,건조,맑음,교차로 - 교차로안,승용,남,57세,상해없음,승용,남,26세,상해없음
2019020800100032,2019년 2월 8일 01시,금요일,대구광역시 서구 내당동,중상사고,0,1,1,0,차대차 - 측면충돌,중앙선침범,건조,맑음,단일로 - 기타,승용,여,27세,상해없음,승용,남,66세,중상
2019020800100107,2019년 2월 8일 08시,금요일,대구광역시 달서구 월성동,부상신고사고,0,0,0,1,차대사람 - 기타,안전운전불이행,건조,맑음,단일로 - 기타,기타불명,기타불명,미분류,기타불명,보행자,남,19세,부상신고
2019020800100108,2019년 2월 8일 08시,금요일,대구광역시 중구 봉산동,중상사고,0,2,0,0,차대차 - 추돌,안전운전불이행,건조,맑음,단일로 - 기타,승합,남,55세,상해없음,승용,여,56세,중상
2019020800100129,2019년 2월 8일 09시,금요일,대구광역시 수성구 시지동,경상사고,0,0,1,0,차대차 - 정면충돌,안전운전불이행,건조,맑음,교차로 - 교차로안,승용,여,36세,상해없음,이륜,남,20세,경상
2019020800100149,2019년 2월 8일 10시,금요일,대구광역시 남구 대명동,경상사고,0,0,1,0,차대차 - 측면충돌,중앙선침범,건조,맑음,단일로 - 기타,원동기,남,23세,상해없음,승용,여,50세,경상
2019020800100150,2019년 2월 8일 10시,금요일,대구광역시 동구 신암동,중상사고,0,1,0,0,차대사람 - 기타,안전운전불이행,건조,맑음,단일로 - 기타,승합,남,49세,상해없음,보행자,여,74세,중상
2019020800100151,2019년 2월 8일 10시,금요일,대구광역시 수성구 시지동,경상사고,0,0,2,0,차대차 - 추돌,안전운전불이행,건조,맑음,교차로 - 교차로부근,승용,남,77세,상해없음,승용,남,21세,경상
2019020800100152,2019년 2월 8일 10시,금요일,대구광역시 중구 대봉동,경상사고,0,0,1,0,차대차 - 기타,안전거리미확보,건조,맑음,단일로 - 기타,승용,여,56세,상해없음,승용,여,39세,경상
2019020800100153,2019년 2월 8일 10시,금요일,대구광역시 달서구 용산동,중상사고,0,1,0,0,차대사람 - 기타,안전운전불이행,건조,맑음,단일로 - 기타,승합,남,58세,상해없음,보행자,여,79세,중상
2019020800100174,2019년 2월 8일 11시,금요일,대구광역시 수성구 범어동,경상사고,0,0,1,0,차대차 - 정면충돌,안전운전불이행,건조,맑음,교차로 - 교차로부근,승용,여,57세,상해없음,승용,남,66세,경상
2019020800100200,2019년 2월 8일 12시,금요일,대구광역시 중구 시장북로,경상사고,0,0,1,0,차대차 - 측면충돌,안전운전불이행,건조,맑음,단일로 - 기타,자전거,남,71세,경상,승용,여,54세,상해없음
2019020800100240,2019년 2월 8일 13시,금요일,대구광역시 남구 대명동,경상사고,0,0,1,0,차대차 - 기타,안전운전불이행,건조,맑음,교차로 - 교차로안,승합,남,65세,상해없음,승합,남,55세,상해없음
2019020800100293,2019년 2월 8일 15시,금요일,대구광역시 달서구 진천동,경상사고,0,0,1,0,차대차 - 측면충돌,안전거리미확보,건조,맑음,단일로 - 기타,승용,여,49세,상해없음,승용,남,39세,경상
2019020800100294,2019년 2월 8일 15시,금요일,대구광역시 달서구 용산동,경상사고,0,0,1,0,차대사람 - 기타,안전운전불이행,건조,맑음,기타 - 기타,이륜,남,18세,경상,보행자,남,12세,상해없음
2019020800100325,2019년 2월 8일 16시,금요일,대구광역시 남구 대명동,경상사고,0,0,1,0,차대차 - 측면충돌,안전운전불이행,건조,맑음,교차로 - 교차로안,승용,여,40세,상해없음,자전거,여,58세,경상
2019020800100326,2019년 2월 8일 16시,금요일,대구광역시 동구 입석동,경상사고,0,0,1,0,차대차 - 후진중충돌,안전운전불이행,건조,맑음,단일로 - 기타,화물,남,73세,상해없음,승용,남,42세,경상
2019020800100327,2019년 2월 8일 16시,금요일,대구광역시 수성구 시지동,경상사고,0,0,1,0,차대차 - 측면충돌,안전거리미확보,건조,맑음,교차로 - 교차로부근,승용,남,44세,상해없음,승용,여,56세,경상
2019020800100328,2019년 2월 8일 16시,금요일,대구광역시 수성구 만촌동,경상사고,0,0,2,0,차대차 - 측면충돌,교차로운행방법위반,건조,맑음,교차로 - 교차로안,승용,남,36세,경상,승용,여,50세,경상
2019020800100352,2019년 2월 8일 17시,금요일,대구광역시 달서구 상인동,중상사고,0,1,0,0,차대차 - 측면충돌,안전거리미확보,건조,맑음,단일로 - 기타,승용,남,20세,상해없음,이륜,남,37세,중상
2019020800100393,2019년 2월 8일 18시,금요일,대구광역시 남구 대명동,경상사고,0,0,1,0,차량단독 - 기타,안전운전불이행,건조,맑음,단일로 - 기타,자전거,여,56세,경상,,,,
2019020800100394,2019년 2월 8일 18시,금요일,대구광역시 동구 신천동,경상사고,0,0,1,0,차대차 - 기타,안전운전불이행,건조,맑음,기타 - 기타,승용,남,46세,상해없음,이륜,남,20세,경상
2019020800100395,2019년 2월 8일 18시,금요일,대구광역시 북구 칠성동2가,경상사고,0,0,1,0,차대차 - 측면충돌,안전거리미확보,건조,맑음,단일로 - 기타,승용,남,49세,상해없음,승용,여,44세,경상
2019020800100396,2019년 2월 8일 18시,금요일,대구광역시 서구 상리동,경상사고,0,0,1,0,차대차 - 추돌,안전운전불이행,건조,맑음,단일로 - 기타,화물,남,55세,상해없음,승용,남,47세,경상
2019020800100397,2019년 2월 8일 18시,금요일,대구광역시 북구 서변동,경상사고,0,0,1,0,차대차 - 추돌,안전운전불이행,건조,맑음,단일로 - 기타,승용,여,42세,상해없음,승용,남,31세,경상
2019020800100447,2019년 2월 8일 20시,금요일,대구광역시 동구 신천동,경상사고,0,0,1,0,차대차 - 정면충돌,안전운전불이행,건조,맑음,단일로 - 기타,승용,남,61세,상해없음,승용,여,31세,경상
2019020800100448,2019년 2월 8일 20시,금요일,대구광역시 수성구 범어동,부상신고사고,0,0,0,1,차대차 - 측면충돌,안전운전불이행,건조,맑음,단일로 - 기타,승용,남,62세,상해없음,승용,남,22세,부상신고
2019020800100449,2019년 2월 8일 20시,금요일,대구광역시 달서구 감삼동,경상사고,0,0,2,0,차대차 - 기타,안전운전불이행,건조,맑음,단일로 - 기타,승용,남,56세,상해없음,이륜,남,18세,경상
2019020800100474,2019년 2월 8일 21시,금요일,대구광역시 달서구 용산동,경상사고,0,0,2,0,차대차 - 기타,안전거리미확보,건조,맑음,단일로 - 기타,승용,남,65세,상해없음,이륜,남,19세,경상
2019020800100475,2019년 2월 8일 21시,금요일,대구광역시 달서구 신당동,중상사고,0,1,0,0,차대차 - 측면충돌,안전운전불이행,건조,맑음,교차로 - 교차로안,승용,남,31세,상해없음,승용,남,58세,중상
2019020800100497,2019년 2월 8일 22시,금요일,대구광역시 달서구 월성동,경상사고,0,0,1,0,차대차 - 기타,기타,건조,맑음,단일로 - 기타,승용,남,55세,상해없음,원동기,남,64세,경상
2019020800100517,2019년 2월 8일 23시,금요일,대구광역시 수성구 중동,부상신고사고,0,0,0,1,차대사람 - 횡단중,안전운전불이행,건조,맑음,교차로 - 교차로횡단보도내,기타불명,기타불명,미분류,기타불명,보행자,남,54세,부상신고
2019020800100518,2019년 2월 8일 23시,금요일,대구광역시 서구 평리동,중상사고,0,1,0,1,차대사람 - 횡단중,보행자보호의무위반,건조,맑음,단일로 - 기타,이륜,남,26세,부상신고,보행자,남,53세,중상
2019020900100043,2019년 2월 9일 01시,토요일,대구광역시 서구 평리동,경상사고,0,0,1,0,차대차 - 측면충돌,교차로운행방법위반,건조,맑음,교차로 - 교차로안,승용,남,55세,상해없음,이륜,남,25세,경상
2019020900100091,2019년 2월 9일 06시,토요일,대구광역시 서구 중리동,중상사고,0,1,0,0,차대차 - 측면충돌,교차로운행방법위반,건조,맑음,교차로 - 교차로안,승용,남,64세,상해없음,자전거,여,60세,중상
2019020900100097,2019년 2월 9일 07시,토요일,대구광역시 수성구 수성동4가,경상사고,0,0,1,0,차대차 - 추돌,안전운전불이행,건조,맑음,교차로 - 교차로부근,승용,남,43세,상해없음,승용,남,22세,경상
2019020900100098,2019년 2월 9일 07시,토요일,대구광역시 달성군 현풍읍,중상사고,0,1,0,0,차대차 - 측면충돌,신호위반,건조,맑음,교차로 - 교차로안,승용,남,59세,상해없음,이륜,남,58세,중상
2019020900100099,2019년 2월 9일 07시,토요일,대구광역시 달서구 신당동,경상사고,0,0,1,0,차대차 - 측면충돌,안전거리미확보,건조,맑음,단일로 - 기타,화물,남,52세,상해없음,승용,남,50세,경상
2019020900100113,2019년 2월 9일 08시,토요일,대구광역시 동구 신천동,경상사고,0,0,1,0,차대차 - 기타,안전거리미확보,건조,맑음,교차로 - 교차로부근,화물,남,58세,상해없음,이륜,남,41세,경상
2019020900100114,2019년 2월 9일 08시,토요일,대구광역시 수성구 두산동,중상사고,0,1,0,0,차대사람 - 횡단중,안전운전불이행,건조,맑음,단일로 - 기타,승용,남,58세,상해없음,보행자,남,41세,중상
2019020900100115,2019년 2월 9일 08시,토요일,대구광역시 달서구 진천동,경상사고,0,0,1,0,차대차 - 측면충돌,교차로운행방법위반,건조,맑음,단일로 - 기타,화물,남,63세,상해없음,승용,남,40세,경상
2019020900100137,2019년 2월 9일 09시,토요일,대구광역시 북구 관음동,경상사고,0,0,1,0,차대차 - 추돌,안전운전불이행,건조,맑음,단일로 - 지하차도(도로)내,승용,남,75세,상해없음,승용,남,64세,경상
2019020900100174,2019년 2월 9일 11시,토요일,대구광역시 남구 이천동,경상사고,0,0,1,0,차대사람 - 기타,안전운전불이행,건조,맑음,기타 - 기타,승용,여,42세,상해없음,보행자,여,21세,경상
2019020900100175,2019년 2월 9일 11시,토요일,대구광역시 북구 침산동,중상사고,0,1,0,0,차대차 - 측면충돌,안전운전불이행,건조,맑음,교차로 - 교차로안,승용,남,54세,상해없음,이륜,남,59세,중상
2019020900100176,2019년 2월 9일 11시,토요일,대구광역시 북구 태전동,경상사고,0,0,1,0,차대차 - 측면충돌,안전운전불이행,건조,맑음,단일로 - 기타,승용,남,23세,상해없음,자전거,여,67세,경상
2019020900100230,2019년 2월 9일 13시,토요일,대구광역시 동구 봉무동,경상사고,0,0,1,0,차대차 - 측면충돌,기타,건조,맑음,교차로 - 교차로부근,승용,남,54세,상해없음,이륜,남,26세,경상
2019020900100231,2019년 2월 9일 13시,토요일,대구광역시 수성구 범어동,부상신고사고,0,0,0,1,차대차 - 기타,안전운전불이행,건조,맑음,단일로 - 기타,이륜,남,19세,부상신고,건설기계,남,54세,상해없음
2019020900100257,2019년 2월 9일 14시,토요일,대구광역시 수성구 만촌동,경상사고,0,0,1,1,차대차 - 측면충돌,안전운전불이행,건조,맑음,교차로 - 교차로안,화물,남,59세,부상신고,승용,여,58세,경상
2019020900100258,2019년 2월 9일 14시,토요일,대구광역시 달서구 월성동,경상사고,0,0,2,0,차대차 - 측면충돌,안전운전불이행,건조,맑음,단일로 - 기타,승용,여,44세,상해없음,승용,남,46세,경상
2019020900100259,2019년 2월 9일 14시,토요일,대구광역시 달서구 용산동,경상사고,0,0,1,0,차대차 - 정면충돌,중앙선침범,건조,맑음,단일로 - 기타,승용,남,57세,상해없음,승용,남,46세,경상
2019020900100286,2019년 2월 9일 15시,토요일,대구광역시 동구 서호동,경상사고,0,0,1,0,차대차 - 기타,안전운전불이행,건조,맑음,교차로 - 교차로부근,승용,남,24세,상해없음,이륜,남,54세,경상
2019020900100287,2019년 2월 9일 15시,토요일,대구광역시 수성구 수성동3가,경상사고,0,0,3,0,차대차 - 기타,안전운전불이행,건조,맑음,기타 - 기타,승용,여,35세,경상,승용,남,69세,경상
2019020900100288,2019년 2월 9일 15시,토요일,대구광역시 달서구 감삼동,경상사고,0,0,1,0,차대차 - 측면충돌,안전운전불이행,건조,맑음,단일로 - 기타,화물,남,63세,상해없음,이륜,남,48세,경상
2019020900100306,2019년 2월 9일 16시,토요일,대구광역시 달서구 본동,경상사고,0,0,1,0,차대차 - 측면충돌,중앙선침범,건조,맑음,단일로 - 기타,승용,남,56세,상해없음,승용,남,37세,경상
2019020900100307,2019년 2월 9일 16시,토요일,대구광역시 달서구 진천동,경상사고,0,0,1,0,차대차 - 측면충돌,교차로운행방법위반,건조,맑음,교차로 - 교차로안,승용,남,37세,상해없음,승용,여,36세,경상
2019020900100326,2019년 2월 9일 17시,토요일,대구광역시 달서구 신당동,경상사고,0,0,1,0,차대차 - 기타,안전운전불이행,건조,맑음,단일로 - 기타,이륜,남,19세,경상,승용,여,39세,상해없음
2019020900100374,2019년 2월 9일 19시,토요일,대구광역시 수성구 만촌동,경상사고,0,0,1,0,차대차 - 측면충돌,신호위반,건조,맑음,교차로 - 교차로안,승용,여,49세,상해없음,승용,남,67세,경상
2019020900100420,2019년 2월 9일 21시,토요일,대구광역시 수성구 두산동,경상사고,0,0,1,0,차대사람 - 기타,보행자보호의무위반,건조,맑음,단일로 - 기타,승용,남,40세,상해없음,보행자,여,52세,경상
2019020900100441,2019년 2월 9일 22시,토요일,대구광역시 북구 읍내동,경상사고,0,0,1,0,차대차 - 측면충돌,안전운전불이행,건조,맑음,단일로 - 기타,승용,남,64세,상해없음,승용,남,40세,경상
2019020900100457,2019년 2월 9일 23시,토요일,대구광역시 수성구 만촌동,중상사고,0,1,0,0,차대차 - 측면충돌,신호위반,건조,맑음,교차로 - 교차로안,승용,남,33세,상해없음,승용,남,57세,중상
2019020900100458,2019년 2월 9일 23시,토요일,대구광역시 북구 침산동,경상사고,0,0,3,0,차대차 - 측면충돌,안전거리미확보,건조,맑음,단일로 - 기타,승용,남,58세,상해없음,승용,남,68세,경상
2019021000100027,2019년 2월 10일 00시,일요일,대구광역시 서구 평리동,경상사고,0,0,1,0,차대차 - 측면충돌,안전운전불이행,건조,맑음,교차로 - 교차로횡단보도내,자전거,여,51세,경상,승용,남,23세,상해없음
2019021000100037,2019년 2월 10일 01시,일요일,대구광역시 남구 봉덕동,중상사고,0,3,1,0,차대차 - 측면충돌,신호위반,건조,맑음,교차로 - 교차로안,승용,남,63세,상해없음,승용,남,67세,중상
2019021000100108,2019년 2월 10일 09시,일요일,대구광역시 달성군 옥포읍,중상사고,0,1,0,0,차대차 - 기타,안전운전불이행,건조,맑음,기타 - 기타,승용,남,41세,상해없음,이륜,남,40세,중상
2019021000100134,2019년 2월 10일 11시,일요일,대구광역시 북구 칠성동2가,경상사고,0,0,1,0,차대차 - 기타,기타,건조,맑음,단일로 - 기타,승용,여,53세,상해없음,기타불명,기타불명,미분류,기타불명
2019021000100146,2019년 2월 10일 12시,일요일,대구광역시 수성구 만촌동,경상사고,0,0,1,0,차대차 - 기타,안전운전불이행,건조,맑음,교차로 - 교차로부근,승용,남,41세,상해없음,이륜,남,22세,경상
2019021000100147,2019년 2월 10일 12시,일요일,대구광역시 수성구 지산동,경상사고,0,0,1,0,차대차 - 추돌,교차로운행방법위반,건조,맑음,단일로 - 기타,이륜,남,42세,경상,승용,남,49세,상해없음
2019021000100148,2019년 2월 10일 12시,일요일,대구광역시 서구 중리동,중상사고,0,1,0,0,차대차 - 측면충돌,직진우회전진행방해,건조,맑음,교차로 - 교차로안,자전거,남,37세,중상,승용,남,43세,상해없음
2019021000100165,2019년 2월 10일 13시,일요일,대구광역시 달서구 감삼동,중상사고,0,1,0,0,차대차 - 기타,신호위반,건조,맑음,단일로 - 기타,이륜,남,30세,상해없음,자전거,남,53세,중상
2019021000100182,2019년 2월 10일 14시,일요일,대구광역시 동구 용수동,경상사고,0,0,3,0,차대차 - 측면충돌,안전운전불이행,건조,맑음,단일로 - 기타,승용,여,39세,경상,자전거,남,37세,경상
2019021000100183,2019년 2월 10일 14시,일요일,대구광역시 중구 동산동,경상사고,0,0,1,0,차대차 - 측면충돌,안전운전불이행,건조,맑음,교차로 - 교차로안,승용,여,32세,상해없음,이륜,남,44세,경상
2019021000100184,2019년 2월 10일 14시,일요일,대구광역시 중구 남산동,부상신고사고,0,0,0,1,차대차 - 측면충돌,안전운전불이행,건조,맑음,단일로 - 기타,승용,남,58세,부상신고,승용,남,41세,상해없음