사고번호,사고일시,요일,시군구,사고내용,사망자수,중상자수,경상자수,부상신고자수,사고유형,법규위반,노면상태,기상상태,도로형태,가해운전자 차종,가해운전자 성별,가해운전자 연령,가해운전자 상해정도,피해운전자 차종,피해운전자 성별,피해운전자 연령,피해운전자 상해정도
2019021400100237,2019년 2월 14일 12시,목요일,대구광역시 달서구 진천동,경상사고,0,0,1,0,차대차 - 기타,안전운전불이행,건조,맑음,단일로 - 기타,원동기,여,59세,경상,승용,남,55세,상해없음
2019021400100238,2019년 2월 14일 12시,목요일,대구광역시 북구 고성동2가,경상사고,0,0,3,0,차대차 - 후진중충돌,안전운전불이행,건조,맑음,교차로 - 교차로안,화물,남,52세,상해없음,승용,여,35세,경상
2019021400100260,2019년 2월 14일 13시,목요일,대구광역시 북구 노원동3가,경상사고,0,0,1,0,차대차 - 추돌,안전운전불이행,건조,맑음,교차로 - 교차로부근,승용,여,64세,상해없음,승용,남,45세,경상
2019021400100261,2019년 2월 14일 13시,목요일,대구광역시 달서구 용산동,경상사고,0,0,1,0,차대차 - 추돌,안전운전불이행,건조,맑음,교차로 - 교차로부근,승용,남,86세,상해없음,승용,여,37세,경상
2019021400100291,2019년 2월 14일 14시,목요일,대구광역시 동구 율하동,경상사고,0,0,1,0,차대차 - 측면충돌,안전운전불이행,건조,맑음,단일로 - 기타,화물,남,41세,상해없음,승용,여,38세,경상
2019021400100292,2019년 2월 14일 14시,목요일,대구광역시 중구 공평동,경상사고,0,0,1,0,차대사람 - 길가장자리구역통행중,안전운전불이행,건조,맑음,단일로 - 기타,승용,남,47세,상해없음,보행자,여,12세,경상
2019021400100321,2019년 2월 14일 15시,목요일,대구광역시 달서구 송현동,중상사고,0,1,0,0,차대차 - 측면충돌,교차로운행방법위반,건조,맑음,교차로 - 교차로안,승용,남,66세,상해없음,이륜,남,29세,중상
2019021400100358,2019년 2월 14일 16시,목요일,대구광역시 달서구 이곡동,경상사고,0,0,1,0,차대차 - 정면충돌,안전운전불이행,건조,맑음,단일로 - 기타,승용,남,21세,상해없음,승용,여,45세,경상
2019021400100387,2019년 2월 14일 17시,목요일,대구광역시 서구 비산동,중상사고,0,1,0,0,차대차 - 측면충돌,안전운전불이행,건조,맑음,단일로 - 기타,승용,여,40세,상해없음,자전거,남,73세,중상
2019021400100436,2019년 2월 14일 18시,목요일,대구광역시 남구 봉덕동,부상신고사고,0,0,0,1,차대사람 - 차도통행중,안전운전불이행,건조,맑음,단일로 - 기타,승용,남,54세,상해없음,보행자,여,66세,부상신고
2019021400100437,2019년 2월 14일 18시,목요일,대구광역시 수성구 욱수동,부상신고사고,0,0,0,1,차대차 - 측면충돌,보행자보호의무위반,건조,맑음,교차로 - 교차로횡단보도내,이륜,남,54세,부상신고,승용,남,44세,상해없음
2019021400100438,2019년 2월 14일 18시,목요일,대구광역시 서구 내당동,경상사고,0,0,1,0,차대차 - 추돌,안전운전불이행,건조,맑음,단일로 - 기타,승용,남,20세,상해없음,승용,남,69세,경상
2019021400100439,2019년 2월 14일 18시,목요일,대구광역시 달서구 성당동,경상사고,0,0,1,0,차대사람 - 횡단중,안전운전불이행,건조,맑음,단일로 - 기타,승용,남,62세,상해없음,보행자,남,3세,경상
2019021400100440,2019년 2월 14일 18시,목요일,대구광역시 달서구 감삼동,중상사고,0,2,0,0,차대차 - 측면충돌,안전거리미확보,건조,맑음,단일로 - 기타,승용,남,36세,상해없음,승합,남,37세,상해없음
2019021400100480,2019년 2월 14일 19시,목요일,대구광역시 서구 평리동,경상사고,0,0,1,1,차대사람 - 보도통행중,기타,건조,맑음,기타 - 기타,자전거,남,47세,부상신고,보행자,남,34세,경상
2019021400100481,2019년 2월 14일 19시,목요일,대구광역시 달서구 감삼동,경상사고,0,0,1,0,차대사람 - 기타,안전운전불이행,건조,맑음,기타 - 기타,승용,남,70세,상해없음,보행자,남,31세,경상
2019021400100567,2019년 2월 14일 22시,목요일,대구광역시 수성구 대흥동,부상신고사고,0,0,0,1,차대차 - 기타,안전운전불이행,건조,맑음,단일로 - 기타,기타불명,기타불명,미분류,기타불명,자전거,남,18세,부상신고
2019021400100568,2019년 2월 14일 22시,목요일,대구광역시 달서구 송현동,경상사고,0,0,1,0,차대차 - 측면충돌,안전거리미확보,건조,맑음,교차로 - 교차로안,승용,남,64세,상해없음,승용,남,20세,경상
2019021400100569,2019년 2월 14일 22시,목요일,대구광역시 달서구 성당동,경상사고,0,0,1,0,차대사람 - 기타,안전운전불이행,건조,맑음,단일로 - 기타,화물,남,55세,상해없음,보행자,남,39세,경상
2019021400100585,2019년 2월 14일 23시,목요일,대구광역시 수성구 범어동,경상사고,0,0,1,0,차대차 - 측면충돌,안전운전불이행,건조,맑음,교차로 - 교차로안,승용,여,37세,상해없음,이륜,남,22세,경상
2019021500100026,2019년 2월 15일 00시,금요일,대구광역시 달서구 이곡동,중상사고,0,1,0,0,차대차 - 측면충돌,안전거리미확보,건조,맑음,단일로 - 기타,승합,남,52세,상해없음,승용,남,55세,중상
2019021500100047,2019년 2월 15일 02시,금요일,대구광역시 서구 내당동,사망사고,1,0,0,0,차대사람 - 횡단중,안전운전불이행,건조,맑음,단일로 - 기타,승용,남,32세,상해없음,보행자,여,43세,사망
2019021500100179,2019년 2월 15일 08시,금요일,대구광역시 달성군 유가읍,경상사고,0,0,1,0,차대차 - 기타,안전거리미확보,건조,맑음,교차로 - 교차로안,승합,남,64세,상해없음,건설기계,남,33세,경상
2019021500100180,2019년 2월 15일 08시,금요일,대구광역시 달서구 장동,경상사고,0,0,1,0,차대차 - 측면충돌,차로위반,건조,맑음,교차로 - 교차로안,화물,남,64세,상해없음,승용,여,50세,경상
2019021500100221,2019년 2월 15일 09시,금요일,대구광역시 수성구 상동,부상신고사고,0,0,0,1,차대차 - 측면충돌,안전운전불이행,건조,맑음,교차로 - 교차로안,이륜,남,74세,부상신고,승합,남,31세,상해없음
2019021500100222,2019년 2월 15일 09시,금요일,대구광역시 달서구 본동,경상사고,0,0,1,0,차대차 - 추돌,안전운전불이행,건조,맑음,단일로 - 기타,승용,남,28세,상해없음,승용,남,70세,경상
2019021500100223,2019년 2월 15일 09시,금요일,대구광역시 서구 내당동,경상사고,0,0,1,0,차대사람 - 기타,안전운전불이행,건조,맑음,단일로 - 기타,승용,여,63세,상해없음,보행자,여,24세,경상
2019021500100224,2019년 2월 15일 09시,금요일,대구광역시 북구 서변동,경상사고,0,0,1,0,차량단독 - 공작물충돌,안전운전불이행,건조,맑음,단일로 - 기타,승용,여,27세,상해없음,,,,
2019021500100311,2019년 2월 15일 12시,금요일,대구광역시 서구 내당동,사망사고,1,0,0,0,차대사람 - 기타,안전운전불이행,건조,맑음,단일로 - 기타,승용,여,29세,상해없음,보행자,남,69세,사망
2019021500100312,2019년 2월 15일 12시,금요일,대구광역시 북구 동호동,중상사고,0,1,0,0,차대차 - 측면충돌,교차로운행방법위반,건조,맑음,교차로 - 교차로안,승용,남,27세,상해없음,자전거,남,61세,중상
2019021500100342,2019년 2월 15일 13시,금요일,대구광역시 동구 신천동,경상사고,0,0,1,0,차대차 - 기타,안전운전불이행,건조,맑음,단일로 - 기타,승용,남,56세,상해없음,이륜,남,30세,경상
2019021500100343,2019년 2월 15일 13시,금요일,대구광역시 중구 달성동,경상사고,0,0,1,0,차대차 - 측면충돌,기타,건조,맑음,교차로 - 교차로안,승용,여,57세,상해없음,승용,남,44세,상해없음
2019021500100344,2019년 2월 15일 13시,금요일,대구광역시 중구 대신동,경상사고,0,0,1,0,차대차 - 측면충돌,신호위반,건조,맑음,교차로 - 교차로부근,승용,남,76세,상해없음,이륜,남,37세,경상
2019021500100345,2019년 2월 15일 13시,금요일,대구광역시 남구 대명동,경상사고,0,0,1,0,차대차 - 측면충돌,안전거리미확보,건조,맑음,단일로 - 기타,승용,남,72세,상해없음,승용,여,32세,경상
2019021500100413,2019년 2월 15일 15시,금요일,대구광역시 북구 복현동,부상신고사고,0,0,0,1,차대사람 - 기타,안전운전불이행,건조,맑음,단일로 - 기타,승합,남,55세,상해없음,보행자,여,81세,부상신고
2019021500100441,2019년 2월 15일 16시,금요일,대구광역시 서구 원대동3가,중상사고,0,1,0,0,차대차 - 측면충돌,안전거리미확보,건조,맑음,단일로 - 기타,이륜,남,59세,상해없음,자전거,남,65세,중상
2019021500100442,2019년 2월 15일 16시,금요일,대구광역시 북구 검단동,부상신고사고,0,0,0,1,차대차 - 측면충돌,안전운전불이행,건조,맑음,교차로 - 교차로안,기타불명,남,25세,부상신고,승용,여,45세,상해없음
2019021500100443,2019년 2월 15일 16시,금요일,대구광역시 중구 동인동2가,경상사고,0,0,1,0,차대차 - 측면충돌,안전거리미확보,건조,맑음,단일로 - 기타,승합,남,52세,경상,승용,여,37세,상해없음
2019021500100476,2019년 2월 15일 17시,금요일,대구광역시 수성구 범어동,경상사고,0,0,1,0,차대차 - 추돌,안전운전불이행,건조,맑음,단일로 - 기타,승용,여,37세,상해없음,이륜,남,39세,경상
2019021500100518,2019년 2월 15일 18시,금요일,대구광역시 동구 효목동,경상사고,0,0,3,0,차대차 - 측면충돌,안전거리미확보,건조,맑음,단일로 - 기타,승용,남,61세,경상,승용,남,68세,경상
2019021500100519,2019년 2월 15일 18시,금요일,대구광역시 서구 내당동,경상사고,0,0,1,0,차대차 - 측면충돌,기타,건조,맑음,단일로 - 기타,승용,남,58세,상해없음,이륜,남,31세,경상
2019021500100520,2019년 2월 15일 18시,금요일,대구광역시 서구 중리동,중상사고,0,1,0,0,차대차 - 정면충돌,안전운전불이행,건조,맑음,단일로 - 기타,자전거,남,30세,중상,화물,남,55세,상해없음
2019021500100521,2019년 2월 15일 18시,금요일,대구광역시 달서구 성당동,경상사고,0,0,2,0,차대차 - 측면충돌,안전운전불이행,건조,맑음,교차로 - 교차로부근,승용,여,45세,기타불명,승용,남,31세,경상
2019021500100578,2019년 2월 15일 19시,금요일,대구광역시 북구 산격동,경상사고,0,0,1,0,차대차 - 기타,안전운전불이행,건조,맑음,교차로 - 교차로부근,승용,남,65세,상해없음,승용,남,41세,상해없음
2019021500100619,2019년 2월 15일 20시,금요일,대구광역시 달서구 도원동,경상사고,0,0,1,1,차대차 - 측면충돌,안전운전불이행,건조,맑음,단일로 - 기타,이륜,남,31세,부상신고,승용,남,24세,경상
2019021500100644,2019년 2월 15일 21시,금요일,대구광역시 달서구 장기동,경상사고,0,0,1,0,차대차 - 측면충돌,안전거리미확보,건조,맑음,단일로 - 기타,승용,남,36세,상해없음,화물,남,56세,경상
2019021500100660,2019년 2월 15일 22시,금요일,대구광역시 동구 효목동,부상신고사고,0,0,0,1,차대차 - 측면충돌,안전운전불이행,건조,맑음,단일로 - 기타,승용,남,79세,상해없음,화물,여,36세,상해없음
2019021500100685,2019년 2월 15일 23시,금요일,대구광역시 달서구 진천동,중상사고,0,1,0,0,차대사람 - 횡단중,신호위반,건조,맑음,교차로 - 교차로안,이륜,남,47세,상해없음,보행자,남,42세,중상
2019021600100026,2019년 2월 16일 00시,토요일,대구광역시 중구 대봉동,중상사고,0,1,2,0,차대차 - 측면충돌,안전거리미확보,건조,맑음,교차로 - 교차로부근,승용,남,23세,상해없음,승용,남,50세,중상
2019021600100068,2019년 2월 16일 03시,토요일,대구광역시 동구 효목동,중상사고,0,1,0,0,차대사람 - 횡단중,과속,건조,맑음,교차로 - 교차로횡단보도내,승용,남,48세,상해없음,보행자,남,22세,중상
2019021600100080,2019년 2월 16일 05시,토요일,대구광역시 달성군 옥포읍,부상신고사고,0,0,0,1,차량단독 - 공작물충돌,안전운전불이행,건조,맑음,단일로 - 기타,승용,남,25세,부상신고,,,,
2019021600100094,2019년 2월 16일 06시,토요일,대구광역시 동구 신천동,경상사고,0,0,2,0,차대차 - 측면충돌,안전거리미확보,건조,맑음,단일로 - 기타,승용,여,45세,상해없음,승용,남,62세,경상
2019021600100095,2019년 2월 16일 06시,토요일,대구광역시 북구 검단동,경상사고,0,0,1,0,차량단독 - 기타,안전운전불이행,건조,맑음,교차로 - 교차로부근,이륜,남,38세,경상,,,,
2019021600100128,2019년 2월 16일 08시,토요일,대구광역시 달서구 송현동,경상사고,0,0,2,0,차대차 - 측면충돌,직진우회전진행방해,건조,맑음,교차로 - 교차로안,승용,남,20세,상해없음,승용,남,25세,경상
2019021600100129,2019년 2월 16일 08시,토요일,대구광역시 북구 동천동,부상신고사고,0,0,0,1,차대차 - 측면충돌,안전운전불이행,건조,맑음,교차로 - 교차로횡단보도내,자전거,남,83세,부상신고,승용,여,51세,상해없음
2019021600100146,2019년 2월 16일 09시,토요일,대구광역시 수성구 만촌동,경상사고,0,0,6,0,차대차 - 측면충돌,안전운전불이행,건조,맑음,단일로 - 기타,승용,남,39세,경상,승용,남,58세,경상
2019021600100147,2019년 2월 16일 09시,토요일,대구광역시 중구 남산동,경상사고,0,0,1,0,차대차 - 추돌,안전운전불이행,건조,맑음,단일로 - 기타,승용,남,23세,상해없음,승용,남,44세,경상
2019021600100197,2019년 2월 16일 11시,토요일,대구광역시 중구 태평로3가,경상사고,0,0,1,0,차대차 - 측면충돌,안전운전불이행,건조,맑음,교차로 - 교차로횡단보도내,이륜,남,44세,경상,승용,여,32세,상해없음
2019021600100198,2019년 2월 16일 11시,토요일,대구광역시 달서구 용산동,부상신고사고,0,0,0,3,차대차 - 측면충돌,교차로운행방법위반,건조,맑음,교차로 - 교차로안,승용,남,20세,부상신고,승용,남,58세,상해없음
2019021600100226,2019년 2월 16일 12시,토요일,대구광역시 동구 율하동,중상사고,0,2,3,0,차대차 - 기타,안전운전불이행,건조,맑음,교차로 - 교차로안,원동기,남,19세,경상,승용,여,53세,중상
2019021600100227,2019년 2월 16일 12시,토요일,대구광역시 수성구 수성동1가,경상사고,0,0,1,0,차대차 - 기타,신호위반,건조,맑음,교차로 - 교차로안,승합,남,42세,상해없음,승용,남,48세,경상
2019021600100228,2019년 2월 16일 12시,토요일,대구광역시 북구 침산동,부상신고사고,0,0,0,1,차대차 - 측면충돌,신호위반,건조,맑음,교차로 - 교차로부근,자전거,남,68세,부상신고,승용,남,68세,상해없음
2019021600100229,2019년 2월 16일 12시,토요일,대구광역시 북구 구암동,중상사고,0,1,0,0,차대차 - 기타,안전운전불이행,건조,맑음,단일로 - 기타,승용,남,49세,상해없음,자전거,남,67세,중상
2019021600100230,2019년 2월 16일 12시,토요일,대구광역시 북구 국우동,경상사고,0,0,1,0,차대차 - 측면충돌,안전운전불이행,건조,맑음,교차로 - 교차로부근,승용,여,54세,상해없음,이륜,남,20세,경상
2019021600100342,2019년 2월 16일 15시,토요일,대구광역시 달서구 상인동,중상사고,0,1,0,0,차대사람 - 횡단중,신호위반,건조,맑음,단일로 - 기타,이륜,남,34세,상해없음,보행자,여,8세,중상
2019021600100343,2019년 2월 16일 15시,토요일,대구광역시 달서구 호림동,경상사고,0,0,4,0,차대차 - 측면충돌,교차로운행방법위반,건조,맑음,교차로 - 교차로안,승용,여,49세,경상,승용,남,39세,경상
2019021600100344,2019년 2월 16일 15시,토요일,대구광역시 북구 읍내동,경상사고,0,0,3,0,차대차 - 측면충돌,신호위반,건조,맑음,교차로 - 교차로안,화물,남,57세,상해없음,승용,남,26세,경상
2019021600100382,2019년 2월 16일 16시,토요일,대구광역시 동구 효목동,경상사고,0,0,1,0,차대차 - 측면충돌,안전운전불이행,건조,맑음,단일로 - 기타,기타불명,기타불명,미분류,기타불명,승용,여,50세,경상
2019021600100383,2019년 2월 16일 16시,토요일,대구광역시 수성구 수성동2가,부상신고사고,0,0,0,3,차대차 - 추돌,안전운전불이행,건조,맑음,기타 - 기타,화물,남,39세,기타불명,승용,남,54세,부상신고
2019021600100384,2019년 2월 16일 16시,토요일,대구광역시 북구 복현동,부상신고사고,0,0,0,1,차대사람 - 길가장자리구역통행중,안전운전불이행,건조,맑음,단일로 - 기타,기타불명,기타불명,미분류,기타불명,보행자,여,23세,부상신고
2019021600100423,2019년 2월 16일 17시,토요일,대구광역시 수성구 두산동,경상사고,0,0,1,0,차대사람 - 기타,안전운전불이행,건조,맑음,단일로 - 기타,승용,여,50세,기타불명,보행자,남,13세,경상
2019021600100424,2019년 2월 16일 17시,토요일,대구광역시 서구 내당동,경상사고,0,0,1,0,차대사람 - 보도통행중,기타,건조,맑음,단일로 - 기타,승용,남,55세,상해없음,보행자,여,81세,경상
2019021600100425,2019년 2월 16일 17시,토요일,대구광역시 북구 연경동,경상사고,0,0,6,0,차대차 - 측면충돌,교차로운행방법위반,건조,맑음,교차로 - 교차로안,승용,남,63세,경상,승용,남,51세,경상
2019021600100469,2019년 2월 16일 18시,토요일,대구광역시 수성구 두산동,중상사고,0,1,0,0,차대사람 - 횡단중,안전운전불이행,건조,맑음,단일로 - 기타,승용,여,47세,기타불명,보행자,여,57세,중상
2019021600100470,2019년 2월 16일 18시,토요일,대구광역시 달서구 송현동,경상사고,0,0,2,0,차대차 - 추돌,안전거리미확보,건조,맑음,단일로 - 기타,승합,남,52세,상해없음,승용,남,42세,경상
2019021600100501,2019년 2월 16일 19시,토요일,대구광역시 달서구 대곡동,중상사고,0,1,1,0,차대차 - 측면충돌,신호위반,건조,맑음,교차로 - 교차로안,승용,여,32세,상해없음,승용,남,48세,경상
2019021600100502,2019년 2월 16일 19시,토요일,대구광역시 달서구 장기동,경상사고,0,0,1,0,차대차 - 측면충돌,안전운전불이행,건조,흐림,단일로 - 기타,승용,남,35세,상해없음,자전거,남,45세,경상
2019021600100567,2019년 2월 16일 21시,토요일,대구광역시 동구 용계동,중상사고,0,1,0,0,차대차 - 기타,신호위반,건조,맑음,교차로 - 교차로안,원동기,남,58세,상해없음,자전거,여,61세,중상
2019021600100569,2019년 2월 16일 21시,토요일,대구광역시 달성군 유가읍,중상사고,0,1,0,0,차대차 - 측면충돌,안전운전불이행,건조,맑음,교차로 - 교차로부근,화물,남,41세,중상,화물,남,45세,기타불명
2019021600100570,2019년 2월 16일 21시,토요일,대구광역시 북구 침산동,경상사고,0,0,1,0,차대차 - 측면충돌,안전운전불이행,건조,맑음,교차로 - 교차로안,승용,남,30세,상해없음,승용,남,57세,경상
2019021700100043,2019년 2월 17일 00시,일요일,대구광역시 북구 동천동,사망사고,1,0,0,0,차대사람 - 횡단중,안전운전불이행,건조,맑음,단일로 - 기타,승용,남,29세,상해없음,보행자,여,69세,사망
2019021700100060,2019년 2월 17일 01시,일요일,대구광역시 수성구 수성동1가,경상사고,0,0,1,0,차대차 - 측면충돌,교차로운행방법위반,건조,맑음,교차로 - 교차로안,승용,남,58세,상해없음,원동기,남,33세,경상
2019021700100073,2019년 2월 17일 02시,일요일,대구광역시 달서구 송현동,경상사고,0,0,1,0,차대사람 - 횡단중,안전운전불이행,건조,맑음,단일로 - 기타,기타불명,기타불명,미분류,기타불명,보행자,여,28세,경상
2019021700100074,2019년 2월 17일 02시,일요일,대구광역시 서구 비산동,부상신고사고,0,0,0,1,차대차 - 추돌,안전운전불이행,건조,맑음,단일로 - 기타,이륜,남,24세,부상신고,승용,남,58세,상해없음
2019021700100087,2019년 2월 17일 03시,일요일,대구광역시 동구 동호동,경상사고,0,0,2,0,차대차 - 기타,신호위반,건조,맑음,교차로 - 교차로안,기타불명,기타불명,미분류,기타불명,승용,남,43세,경상
2019021700100088,2019년 2월 17일 03시,일요일,대구광역시 중구 삼덕동1가,경상사고,0,0,1,0,차대사람 - 차도통행중,안전운전불이행,건조,맑음,단일로 - 기타,승용,남,44세,상해없음,보행자,여,23세,경상
2019021700100157,2019년 2월 17일 10시,일요일,대구광역시 북구 침산동,경상사고,0,0,2,0,차대차 - 측면충돌,신호위반,건조,맑음,교차로 - 교차로안,승용,여,56세,상해없음,승용,남,50세,경상
2019021700100158,2019년 2월 17일 10시,일요일,대구광역시 북구 칠성동2가,경상사고,0,0,2,0,차대차 - 측면충돌,안전운전불이행,건조,맑음,단일로 - 기타,승용,남,35세,상해없음,승용,남,70세,경상
2019021700100159,2019년 2월 17일 10시,일요일,대구광역시 북구 태전동,중상사고,0,1,0,0,차량단독 - 기타,안전운전불이행,건조,맑음,단일로 - 지하차도(도로)내,승합,남,49세,기타불명,,,,
2019021700100180,2019년 2월 17일 11시,일요일,대구광역시 남구 대명동,중상사고,0,1,0,0,차대차 - 측면충돌,안전운전불이행,건조,맑음,단일로 - 기타,이륜,남,25세,상해없음,자전거,남,73세,중상
2019021700100181,2019년 2월 17일 11시,일요일,대구광역시 동구 동호동,중상사고,0,1,0,0,차대차 - 측면충돌,직진우회전진행방해,건조,맑음,교차로 - 교차로안,이륜,남,67세,중상,승용,남,52세,상해없음
2019021700100182,2019년 2월 17일 11시,일요일,대구광역시 서구 원대동1가,중상사고,0,2,2,0,차대차 - 측면충돌,신호위반,건조,맑음,교차로 - 교차로안,승용,남,58세,상해없음,승용,남,43세,중상
2019021700100200,2019년 2월 17일 12시,일요일,대구광역시 북구 태전동,경상사고,0,0,2,0,차대차 - 추돌,안전거리미확보,건조,맑음,교차로 - 교차로부근,이륜,남,16세,경상,화물,남,50세,경상
2019021700100222,2019년 2월 17일 13시,일요일,대구광역시 달서구 대곡동,경상사고,0,0,1,0,차대차 - 측면충돌,안전거리미확보,건조,맑음,단일로 - 기타,승용,남,62세,상해없음,승용,남,39세,경상
2019021700100246,2019년 2월 17일 14시,일요일,대구광역시 달성군 유가읍,경상사고,0,0,1,0,차대차 - 추돌,안전운전불이행,건조,맑음,교차로 - 교차로부근,승용,남,27세,상해없음,승합,남,38세,경상
2019021700100274,2019년 2월 17일 15시,일요일,대구광역시 달서구 상인동,경상사고,0,0,1,0,차대차 - 측면충돌,안전운전불이행,건조,맑음,교차로 - 교차로안,승용,남,63세,상해없음,승용,남,68세,경상
2019021700100275,2019년 2월 17일 15시,일요일,대구광역시 북구 노원동3가,경상사고,0,0,1,0,차대차 - 측면충돌,신호위반,건조,맑음,교차로 - 교차로부근,이륜,남,49세,상해없음,이륜,남,61세,경상
2019021700100302,2019년 2월 17일 16시,일요일,대구광역시 중구 남일동,경상사고,0,0,1,0,차대차 - 측면충돌,안전거리미확보,건조,맑음,단일로 - 기타,승용,남,62세,상해없음,승용,남,28세,경상
2019021700100327,2019년 2월 17일 17시,일요일,대구광역시 남구 대명동,경상사고,0,0,1,0,차대차 - 기타,안전거리미확보,건조,맑음,단일로 - 기타,이륜,남,27세,경상,승용,남,64세,상해없음
2019021700100328,2019년 2월 17일 17시,일요일,대구광역시 북구 복현동,경상사고,0,0,4,0,차대차 - 측면충돌,안전거리미확보,건조,맑음,단일로 - 기타,승용,여,58세,상해없음,승용,여,38세,경상
2019021700100360,2019년 2월 17일 18시,일요일,대구광역시 수성구 연호동,경상사고,0,0,1,0,차대차 - 정면충돌,신호위반,건조,맑음,교차로 - 교차로안,화물,남,37세,상해없음,이륜,남,45세,경상
2019021700100361,2019년 2월 17일 18시,일요일,대구광역시 서구 평리동,중상사고,0,1,0,0,차대사람 - 횡단중,안전운전불이행,건조,맑음,교차로 - 교차로안,승용,남,44세,상해없음,보행자,여,77세,중상
2019021700100362,2019년 2월 17일 18시,일요일,대구광역시 달서구 신당동,경상사고,0,0,2,0,차대차 - 정면충돌,신호위반,건조,맑음,교차로 - 교차로안,승용,여,37세,상해없음,이륜,남,19세,경상
2019021700100394,2019년 2월 17일 19시,일요일,대구광역시 동구 부동,경상사고,0,0,4,0,차대차 - 측면충돌,안전운전불이행,건조,맑음,단일로 - 기타,승용,남,59세,상해없음,승용,남,32세,경상
2019021700100398,2019년 2월 17일 19시,일요일,대구광역시 달성군 화원읍,중상사고,0,1,0,0,차대사람 - 기타,중앙선침범,건조,맑음,기타 - 기타,승용,남,23세,상해없음,보행자,남,54세,중상
2019021700100399,2019년 2월 17일 19시,일요일,대구광역시 달성군 화원읍,경상사고,0,0,2,0,차대차 - 기타,교차로운행방법위반,건조,맑음,교차로 - 교차로안,이륜,남,18세,경상,이륜,남,42세,경상
2019021700100400,2019년 2월 17일 19시,일요일,대구광역시 북구 동천동,경상사고,0,0,1,0,차대사람 - 기타,안전운전불이행,건조,맑음,단일로 - 기타,승용,남,60세,상해없음,보행자,남,35세,경상
2019021700100445,2019년 2월 17일 21시,일요일,대구광역시 서구 내당동,경상사고,0,0,2,0,차대차 - 기타,과속,건조,맑음,교차로 - 교차로안,승용,남,73세,상해없음,승용,여,37세,상해없음
2019021700100471,2019년 2월 17일 23시,일요일,대구광역시 북구 구암동,경상사고,0,0,1,0,차대차 - 추돌,안전운전불이행,건조,맑음,단일로 - 기타,승용,남,28세,상해없음,승용,여,47세,경상
2019021800100061,2019년 2월 18일 05시,월요일,대구광역시 동구 율하동,경상사고,0,0,2,0,차대차 - 측면충돌,안전운전불이행,건조,맑음,주차장 - 주차장,승용,남,53세,상해없음,승용,남,29세,경상
2019021800100062,2019년 2월 18일 05시,월요일,대구광역시 달서구 진천동,경상사고,0,0,1,0,차대차 - 측면충돌,안전거리미확보,건조,맑음,교차로 - 교차로부근,화물,남,64세,상해없음,승용,여,68세,경상
2019021800100083,2019년 2월 18일 06시,월요일,대구광역시 동구 지저동,경상사고,0,0,1,0,차대사람 - 기타,안전운전불이행,건조,맑음,교차로 - 교차로안,승용,남,61세,상해없음,보행자,여,62세,경상
2019021800100146,2019년 2월 18일 08시,월요일,대구광역시 북구 침산동,경상사고,0,0,1,0,차대차 - 추돌,안전운전불이행,건조,맑음,교차로 - 교차로부근,승용,여,39세,상해없음,승용,남,31세,경상
2019021800100147,2019년 2월 18일 08시,월요일,대구광역시 북구 태전동,경상사고,0,0,1,0,차대차 - 측면충돌,안전운전불이행,건조,맑음,교차로 - 교차로안,승용,남,51세,상해없음,자전거,여,66세,경상
2019021800100195,2019년 2월 18일 10시,월요일,대구광역시 수성구 범어동,경상사고,0,0,1,0,차대차 - 추돌,안전거리미확보,건조,맑음,단일로 - 기타,승용,남,62세,상해없음,승용,여,44세,경상
2019021800100196,2019년 2월 18일 10시,월요일,대구광역시 달서구 본동,부상신고사고,0,0,0,1,차대사람 - 기타,안전운전불이행,건조,맑음,주차장 - 주차장,화물,남,54세,상해없음,보행자,남,29세,부상신고
2019021800100248,2019년 2월 18일 12시,월요일,대구광역시 수성구 범어동,경상사고,0,0,1,0,차대차 - 측면충돌,안전운전불이행,건조,맑음,교차로 - 교차로부근,승용,남,69세,상해없음,이륜,남,28세,경상
2019021800100249,2019년 2월 18일 12시,월요일,대구광역시 수성구 중동,경상사고,0,0,1,0,차대차 - 추돌,안전운전불이행,건조,맑음,단일로 - 기타,기타불명,기타불명,미분류,기타불명,승합,남,59세,상해없음
2019021800100250,2019년 2월 18일 12시,월요일,대구광역시 서구 중리동,경상사고,0,0,1,0,차대차 - 측면충돌,안전운전불이행,건조,맑음,주차장 - 주차장,승용,남,70세,상해없음,승용,여,60세,상해없음
2019021800100295,2019년 2월 18일 14시,월요일,대구광역시 동구 각산동,중상사고,0,1,2,0,차대차 - 측면충돌,신호위반,건조,맑음,교차로 - 교차로안,승용,남,58세,상해없음,승용,남,61세,경상
2019021800100296,2019년 2월 18일 14시,월요일,대구광역시 수성구 황금동,경상사고,0,0,1,0,차대차 - 측면충돌,안전거리미확보,건조,맑음,단일로 - 기타,이륜,남,46세,상해없음,승용,남,65세,상해없음
2019021800100297,2019년 2월 18일 14시,월요일,대구광역시 달서구 감삼동,경상사고,0,0,1,0,차대사람 - 기타,안전운전불이행,건조,맑음,주차장 - 주차장,승용,여,57세,상해없음,보행자,남,58세,경상
2019021800100316,2019년 2월 18일 15시,월요일,대구광역시 동구 율하동,경상사고,0,0,1,0,차대사람 - 횡단중,안전운전불이행,건조,맑음,교차로 - 교차로부근,승용,여,63세,상해없음,보행자,남,60세,경상