사고번호,사고일시,요일,시군구,사고내용,사망자수,중상자수,경상자수,부상신고자수,사고유형,법규위반,노면상태,기상상태,도로형태,가해운전자 차종,가해운전자 성별,가해운전자 연령,가해운전자 상해정도,피해운전자 차종,피해운전자 성별,피해운전자 연령,피해운전자 상해정도
2019022100100552,2019년 2월 21일 20시,목요일,대구광역시 수성구 두산동,경상사고,0,0,1,0,차대차 - 측면충돌,안전운전불이행,건조,맑음,교차로 - 교차로부근,화물,남,46세,상해없음,승용,남,26세,경상
2019022100100553,2019년 2월 21일 20시,목요일,대구광역시 달성군 다사읍,경상사고,0,0,1,0,차대사람 - 기타,기타,건조,맑음,기타 - 기타,승용,여,50세,상해없음,보행자,남,41세,경상
2019022100100554,2019년 2월 21일 20시,목요일,대구광역시 달서구 이곡동,중상사고,0,2,1,0,차대차 - 기타,안전거리미확보,건조,맑음,교차로 - 교차로부근,승용,여,51세,중상,승용,여,52세,경상
2019022100100583,2019년 2월 21일 21시,목요일,대구광역시 동구 각산동,중상사고,0,2,0,0,차대차 - 정면충돌,안전운전불이행,건조,맑음,단일로 - 기타,승합,남,48세,상해없음,승용,남,44세,중상
2019022100100584,2019년 2월 21일 21시,목요일,대구광역시 달서구 감삼동,경상사고,0,0,1,0,차대차 - 기타,교차로운행방법위반,건조,흐림,교차로 - 교차로안,승용,여,29세,상해없음,승합,남,63세,경상
2019022100100603,2019년 2월 21일 22시,목요일,대구광역시 동구 신천동,경상사고,0,0,1,0,차대차 - 추돌,안전운전불이행,건조,맑음,단일로 - 기타,승용,남,31세,상해없음,승용,남,43세,경상
2019022100100629,2019년 2월 21일 23시,목요일,대구광역시 달서구 상인동,경상사고,0,0,1,0,차대차 - 측면충돌,안전운전불이행,건조,맑음,단일로 - 기타,승용,남,22세,상해없음,승용,남,51세,경상
2019022200100120,2019년 2월 22일 07시,금요일,대구광역시 달성군 화원읍,경상사고,0,0,1,0,차대차 - 측면충돌,안전운전불이행,건조,맑음,단일로 - 터널,승용,남,25세,상해없음,승용,남,56세,경상
2019022200100142,2019년 2월 22일 08시,금요일,대구광역시 달성군 화원읍,경상사고,0,0,2,0,차대차 - 추돌,안전운전불이행,건조,맑음,교차로 - 교차로안,승용,남,57세,상해없음,화물,남,52세,경상
2019022200100143,2019년 2월 22일 08시,금요일,대구광역시 달서구 감삼동,중상사고,0,1,0,0,차대차 - 측면충돌,신호위반,건조,맑음,교차로 - 교차로부근,승용,남,58세,상해없음,자전거,남,68세,중상
2019022200100169,2019년 2월 22일 09시,금요일,대구광역시 동구 신암동,경상사고,0,0,1,0,차대차 - 측면충돌,안전운전불이행,건조,맑음,교차로 - 교차로안,승용,남,69세,상해없음,승용,남,48세,경상
2019022200100218,2019년 2월 22일 11시,금요일,대구광역시 동구 신암동,중상사고,0,2,0,0,차대차 - 기타,안전운전불이행,건조,맑음,단일로 - 기타,승용,남,59세,상해없음,이륜,남,78세,중상
2019022200100219,2019년 2월 22일 11시,금요일,대구광역시 북구 산격동,경상사고,0,0,4,0,차대차 - 추돌,안전운전불이행,건조,맑음,단일로 - 기타,승용,남,62세,상해없음,승용,남,55세,경상
2019022200100254,2019년 2월 22일 12시,금요일,대구광역시 달서구 용산동,경상사고,0,0,1,0,차대차 - 측면충돌,차로위반,건조,맑음,단일로 - 기타,승용,남,24세,상해없음,특수,남,47세,경상
2019022200100277,2019년 2월 22일 13시,금요일,대구광역시 남구 대명동,중상사고,0,1,0,0,차대사람 - 횡단중,과속,건조,맑음,단일로 - 기타,승용,남,64세,상해없음,보행자,남,78세,중상
2019022200100278,2019년 2월 22일 13시,금요일,대구광역시 북구 칠성동1가,경상사고,0,0,1,0,차대차 - 측면충돌,안전거리미확보,건조,맑음,단일로 - 기타,화물,남,62세,상해없음,승용,여,26세,경상
2019022200100279,2019년 2월 22일 13시,금요일,대구광역시 서구 이현동,경상사고,0,0,1,0,차대차 - 측면충돌,교차로운행방법위반,건조,맑음,교차로 - 교차로부근,승용,여,42세,상해없음,승용,남,57세,경상
2019022200100280,2019년 2월 22일 13시,금요일,대구광역시 달서구 성당동,경상사고,0,0,1,0,차대차 - 측면충돌,안전운전불이행,건조,맑음,단일로 - 기타,승용,남,88세,상해없음,승용,남,60세,경상
2019022200100319,2019년 2월 22일 14시,금요일,대구광역시 달서구 상인동,경상사고,0,0,1,0,차대차 - 기타,안전운전불이행,건조,맑음,단일로 - 기타,승용,여,43세,상해없음,이륜,남,25세,경상
2019022200100320,2019년 2월 22일 14시,금요일,대구광역시 북구 복현동,경상사고,0,0,2,0,차대차 - 추돌,안전거리미확보,건조,맑음,단일로 - 기타,승용,남,53세,상해없음,승용,여,46세,경상
2019022200100321,2019년 2월 22일 14시,금요일,대구광역시 달서구 장동,경상사고,0,0,1,0,차대차 - 측면충돌,안전운전불이행,건조,맑음,단일로 - 기타,승용,남,54세,상해없음,승용,남,37세,경상
2019022200100355,2019년 2월 22일 15시,금요일,대구광역시 북구 태전동,경상사고,0,0,1,0,차대차 - 기타,안전거리미확보,건조,맑음,교차로 - 교차로안,승용,남,76세,상해없음,승용,여,39세,경상
2019022200100384,2019년 2월 22일 16시,금요일,대구광역시 중구 봉산동,중상사고,0,1,0,0,차대차 - 측면충돌,안전운전불이행,건조,맑음,단일로 - 기타,승용,남,27세,상해없음,승용,여,37세,중상
2019022200100405,2019년 2월 22일 17시,금요일,대구광역시 달서구 송현동,경상사고,0,0,1,0,차대차 - 측면충돌,안전거리미확보,건조,맑음,단일로 - 기타,승용,여,50세,상해없음,화물,남,61세,경상
2019022200100436,2019년 2월 22일 18시,금요일,대구광역시 북구 동천동,경상사고,0,0,1,0,차대차 - 측면충돌,안전운전불이행,건조,맑음,교차로 - 교차로안,승용,남,41세,상해없음,이륜,남,17세,경상
2019022200100437,2019년 2월 22일 18시,금요일,대구광역시 북구 관음동,경상사고,0,0,1,0,차대차 - 측면충돌,안전운전불이행,건조,맑음,단일로 - 기타,승용,여,65세,상해없음,이륜,남,17세,경상
2019022200100475,2019년 2월 22일 19시,금요일,대구광역시 서구 비산동,중상사고,0,1,0,0,차대사람 - 길가장자리구역통행중,안전운전불이행,건조,맑음,단일로 - 기타,자전거,남,14세,상해없음,보행자,여,49세,중상
2019022200100476,2019년 2월 22일 19시,금요일,대구광역시 달서구 장기동,경상사고,0,0,2,0,차대차 - 측면충돌,안전거리미확보,건조,맑음,단일로 - 기타,승용,남,32세,경상,승용,남,20세,상해없음
2019022200100524,2019년 2월 22일 20시,금요일,대구광역시 달서구 용산동,경상사고,0,0,1,0,차대차 - 측면충돌,안전운전불이행,건조,맑음,교차로 - 교차로안,승용,남,52세,상해없음,승용,여,41세,경상
2019022200100564,2019년 2월 22일 21시,금요일,대구광역시 동구 송정동,경상사고,0,0,2,2,차대차 - 추돌,안전운전불이행,건조,맑음,단일로 - 기타,승용,남,74세,상해없음,화물,남,60세,부상신고
2019022200100565,2019년 2월 22일 21시,금요일,대구광역시 수성구 연호동,경상사고,0,0,1,0,차대차 - 측면충돌,안전운전불이행,건조,맑음,단일로 - 기타,승용,남,36세,상해없음,자전거,남,27세,경상
2019022200100566,2019년 2월 22일 21시,금요일,대구광역시 수성구 수성동4가,경상사고,0,0,1,0,차대차 - 추돌,안전운전불이행,건조,맑음,단일로 - 교량,승용,남,45세,상해없음,승용,남,22세,경상
2019022200100567,2019년 2월 22일 21시,금요일,대구광역시 중구 봉산동,중상사고,0,1,0,0,차대차 - 기타,안전운전불이행,건조,맑음,단일로 - 기타,승용,여,64세,상해없음,이륜,남,34세,중상
2019022200100568,2019년 2월 22일 21시,금요일,대구광역시 달서구 본리동,경상사고,0,0,3,0,차대차 - 측면충돌,교차로운행방법위반,건조,맑음,교차로 - 교차로안,승용,남,62세,상해없음,승용,남,24세,경상
2019022200100596,2019년 2월 22일 22시,금요일,대구광역시 수성구 상동,중상사고,0,1,1,0,차대차 - 측면충돌,신호위반,건조,맑음,교차로 - 교차로안,승용,남,33세,경상,승용,여,26세,중상
2019022200100597,2019년 2월 22일 22시,금요일,대구광역시 북구 복현동,경상사고,0,0,2,0,차대차 - 후진중충돌,안전운전불이행,건조,맑음,단일로 - 기타,승용,여,59세,상해없음,승용,남,57세,경상
2019022200100612,2019년 2월 22일 23시,금요일,대구광역시 달서구 본동,경상사고,0,0,2,0,차대차 - 추돌,안전운전불이행,건조,맑음,단일로 - 기타,승용,여,52세,상해없음,승용,남,26세,경상
2019022200100613,2019년 2월 22일 23시,금요일,대구광역시 중구 삼덕동1가,경상사고,0,0,1,0,차대사람 - 길가장자리구역통행중,안전운전불이행,건조,맑음,단일로 - 기타,승용,남,18세,상해없음,보행자,남,30세,경상
2019022300100045,2019년 2월 23일 01시,토요일,대구광역시 남구 대명동,중상사고,0,1,0,0,차대차 - 측면충돌,차로위반,건조,맑음,교차로 - 교차로부근,승용,여,31세,상해없음,승용,남,41세,중상
2019022300100046,2019년 2월 23일 01시,토요일,대구광역시 달서구 진천동,경상사고,0,0,1,0,차대차 - 추돌,안전거리미확보,건조,맑음,단일로 - 기타,승용,여,29세,상해없음,승용,남,54세,경상
2019022300100047,2019년 2월 23일 01시,토요일,대구광역시 중구 삼덕동2가,경상사고,0,0,1,0,차대사람 - 길가장자리구역통행중,안전운전불이행,건조,맑음,단일로 - 기타,승용,여,23세,상해없음,보행자,남,35세,경상
2019022300100048,2019년 2월 23일 01시,토요일,대구광역시 북구 태전동,중상사고,0,1,0,0,차대차 - 추돌,안전운전불이행,건조,맑음,단일로 - 지하차도(도로)내,승합,남,39세,상해없음,이륜,남,61세,중상
2019022300100101,2019년 2월 23일 05시,토요일,대구광역시 달서구 두류동,경상사고,0,0,1,0,차대차 - 추돌,안전운전불이행,건조,맑음,교차로 - 교차로부근,승용,남,26세,상해없음,화물,남,60세,경상
2019022300100131,2019년 2월 23일 07시,토요일,대구광역시 수성구 수성동2가,중상사고,0,1,0,0,차대사람 - 횡단중,신호위반,건조,맑음,교차로 - 교차로횡단보도내,화물,남,56세,상해없음,보행자,여,62세,중상
2019022300100177,2019년 2월 23일 09시,토요일,대구광역시 수성구 중동,부상신고사고,0,0,0,1,차대차 - 측면충돌,안전운전불이행,건조,맑음,교차로 - 교차로안,승용,여,73세,상해없음,자전거,여,48세,부상신고
2019022300100178,2019년 2월 23일 09시,토요일,대구광역시 달서구 도원동,부상신고사고,0,0,0,1,차대차 - 측면충돌,안전운전불이행,건조,맑음,교차로 - 교차로횡단보도내,승용,남,61세,상해없음,자전거,남,74세,부상신고
2019022300100179,2019년 2월 23일 09시,토요일,대구광역시 달서구 월성동,경상사고,0,0,2,0,차대차 - 정면충돌,직진우회전진행방해,건조,맑음,교차로 - 교차로안,승용,여,34세,경상,승용,남,65세,경상
2019022300100241,2019년 2월 23일 11시,토요일,대구광역시 달성군 화원읍,경상사고,0,0,3,0,차대차 - 측면충돌,안전운전불이행,건조,맑음,단일로 - 기타,이륜,남,82세,경상,승용,여,51세,경상
2019022300100242,2019년 2월 23일 11시,토요일,대구광역시 중구 삼덕동3가,경상사고,0,0,1,0,차대차 - 측면충돌,안전운전불이행,건조,맑음,단일로 - 기타,승용,여,31세,상해없음,승용,여,33세,경상
2019022300100313,2019년 2월 23일 13시,토요일,대구광역시 남구 봉덕동,경상사고,0,0,1,0,차대차 - 측면충돌,안전운전불이행,건조,맑음,단일로 - 기타,화물,남,60세,상해없음,이륜,남,33세,경상
2019022300100314,2019년 2월 23일 13시,토요일,대구광역시 동구 신암동,경상사고,0,0,1,0,차량단독 - 기타,안전운전불이행,건조,맑음,단일로 - 기타,승합,남,44세,상해없음,,,,
2019022300100315,2019년 2월 23일 13시,토요일,대구광역시 동구 신암동,경상사고,0,0,1,0,차대차 - 추돌,안전운전불이행,건조,맑음,단일로 - 기타,승용,남,73세,상해없음,승용,남,35세,경상
2019022300100316,2019년 2월 23일 13시,토요일,대구광역시 달서구 성당동,중상사고,0,1,3,0,차대차 - 측면충돌,안전거리미확보,건조,맑음,교차로 - 교차로부근,승용,남,31세,상해없음,승용,남,65세,상해없음
2019022300100351,2019년 2월 23일 14시,토요일,대구광역시 동구 백안동,중상사고,0,1,0,0,차량단독 - 전도전복 - 전복,안전운전불이행,건조,맑음,단일로 - 기타,이륜,남,44세,중상,,,,
2019022300100352,2019년 2월 23일 14시,토요일,대구광역시 동구 신기동,경상사고,0,0,1,0,차대차 - 추돌,안전운전불이행,건조,맑음,단일로 - 기타,화물,남,58세,상해없음,화물,남,30세,경상
2019022300100353,2019년 2월 23일 14시,토요일,대구광역시 수성구 만촌동,경상사고,0,0,8,0,차대차 - 추돌,안전운전불이행,건조,맑음,단일로 - 지하차도(도로)내,승용,남,57세,상해없음,승용,여,51세,경상
2019022300100354,2019년 2월 23일 14시,토요일,대구광역시 서구 내당동,경상사고,0,0,1,1,차대차 - 측면충돌,안전운전불이행,건조,맑음,단일로 - 기타,승용,남,49세,상해없음,이륜,남,16세,부상신고
2019022300100413,2019년 2월 23일 16시,토요일,대구광역시 동구 신평동,경상사고,0,0,1,0,차대차 - 기타,안전운전불이행,건조,맑음,단일로 - 기타,승용,남,60세,상해없음,자전거,남,72세,경상
2019022300100414,2019년 2월 23일 16시,토요일,대구광역시 달서구 송현동,경상사고,0,0,1,0,차대차 - 추돌,안전운전불이행,건조,맑음,단일로 - 기타,승용,남,49세,상해없음,승용,여,25세,경상
2019022300100436,2019년 2월 23일 17시,토요일,대구광역시 동구 신암동,경상사고,0,0,3,0,차대차 - 측면충돌,직진우회전진행방해,건조,맑음,교차로 - 교차로안,승용,남,31세,상해없음,승용,남,41세,경상
2019022300100437,2019년 2월 23일 17시,토요일,대구광역시 달서구 본동,경상사고,0,0,1,0,차대차 - 정면충돌,직진우회전진행방해,건조,맑음,교차로 - 교차로안,승용,남,71세,상해없음,승용,여,69세,경상
2019022300100438,2019년 2월 23일 17시,토요일,대구광역시 서구 내당동,경상사고,0,0,1,0,차대차 - 측면충돌,차로위반,건조,맑음,단일로 - 기타,승용,남,53세,상해없음,승용,여,57세,경상
2019022300100439,2019년 2월 23일 17시,토요일,대구광역시 서구 내당동,경상사고,0,0,1,0,차대차 - 추돌,안전운전불이행,건조,맑음,단일로 - 기타,승용,남,32세,상해없음,이륜,남,19세,경상
2019022300100481,2019년 2월 23일 18시,토요일,대구광역시 북구 노원동3가,경상사고,0,0,1,0,차대차 - 측면충돌,안전운전불이행,건조,맑음,단일로 - 기타,승용,남,66세,상해없음,화물,남,57세,상해없음
2019022300100525,2019년 2월 23일 19시,토요일,대구광역시 동구 입석동,경상사고,0,0,2,0,차대차 - 추돌,안전운전불이행,건조,맑음,교차로 - 교차로안,승용,남,42세,상해없음,승용,남,58세,경상
2019022300100526,2019년 2월 23일 19시,토요일,대구광역시 북구 태전동,중상사고,0,2,0,0,차대차 - 추돌,안전운전불이행,건조,맑음,단일로 - 기타,승용,남,25세,상해없음,승용,남,60세,중상
2019022300100542,2019년 2월 23일 20시,토요일,대구광역시 달성군 화원읍,경상사고,0,0,1,0,차대차 - 기타,안전운전불이행,건조,맑음,교차로 - 교차로횡단보도내,승용,여,54세,상해없음,자전거,남,66세,경상
2019022300100543,2019년 2월 23일 20시,토요일,대구광역시 서구 내당동,경상사고,0,0,9,0,차대차 - 측면충돌,신호위반,건조,맑음,단일로 - 기타,승합,남,55세,상해없음,승용,여,59세,경상
2019022300100544,2019년 2월 23일 20시,토요일,대구광역시 중구 공평동,경상사고,0,0,1,0,차대사람 - 길가장자리구역통행중,안전운전불이행,건조,맑음,교차로 - 교차로부근,승용,남,49세,상해없음,보행자,남,24세,경상
2019022300100607,2019년 2월 23일 23시,토요일,대구광역시 중구 삼덕동1가,경상사고,0,0,1,0,차대차 - 기타,안전거리미확보,건조,맑음,단일로 - 기타,승용,남,63세,상해없음,승용,남,32세,경상
2019022400100030,2019년 2월 24일 01시,일요일,대구광역시 동구 신서동,경상사고,0,0,1,0,차대차 - 측면충돌,안전운전불이행,건조,맑음,단일로 - 기타,승용,여,48세,상해없음,승용,여,46세,경상
2019022400100031,2019년 2월 24일 01시,일요일,대구광역시 북구 동천동,중상사고,0,1,2,0,차대차 - 측면충돌,신호위반,건조,맑음,교차로 - 교차로안,승용,여,27세,중상,승용,남,48세,경상
2019022400100074,2019년 2월 24일 07시,일요일,대구광역시 달서구 상인동,중상사고,0,2,2,0,차대차 - 측면충돌,과속,건조,맑음,교차로 - 교차로안,승용,남,61세,중상,승용,남,23세,경상
2019022400100111,2019년 2월 24일 10시,일요일,대구광역시 달서구 상인동,경상사고,0,0,1,0,차대차 - 측면충돌,교차로운행방법위반,건조,맑음,교차로 - 교차로안,승용,여,39세,상해없음,승용,남,60세,경상
2019022400100135,2019년 2월 24일 11시,일요일,대구광역시 서구 중리동,중상사고,0,1,0,0,차대차 - 측면충돌,안전운전불이행,건조,맑음,교차로 - 교차로안,승용,남,46세,상해없음,이륜,남,23세,중상
2019022400100202,2019년 2월 24일 13시,일요일,대구광역시 동구 불로동,경상사고,0,0,1,0,차대사람 - 횡단중,안전운전불이행,건조,맑음,단일로 - 기타,승용,남,55세,상해없음,보행자,남,17세,경상
2019022400100203,2019년 2월 24일 13시,일요일,대구광역시 동구 지저동,경상사고,0,0,2,0,차대차 - 후진중충돌,안전운전불이행,건조,맑음,주차장 - 주차장,승용,여,54세,상해없음,승용,남,47세,경상
2019022400100204,2019년 2월 24일 13시,일요일,대구광역시 수성구 두산동,중상사고,0,4,2,0,차대차 - 추돌,안전운전불이행,건조,맑음,단일로 - 기타,승용,남,64세,상해없음,승용,남,48세,중상
2019022400100236,2019년 2월 24일 14시,일요일,대구광역시 수성구 만촌동,경상사고,0,0,1,0,차대차 - 추돌,안전운전불이행,건조,맑음,단일로 - 기타,이륜,남,18세,경상,승용,남,24세,상해없음
2019022400100256,2019년 2월 24일 15시,일요일,대구광역시 동구 지저동,부상신고사고,0,0,0,1,차대차 - 기타,안전운전불이행,건조,맑음,단일로 - 기타,승용,여,60세,상해없음,원동기,남,49세,부상신고
2019022400100314,2019년 2월 24일 17시,일요일,대구광역시 달서구 신당동,경상사고,0,0,1,0,차대사람 - 기타,안전운전불이행,건조,맑음,단일로 - 기타,기타불명,기타불명,미분류,기타불명,보행자,여,51세,경상
2019022400100340,2019년 2월 24일 18시,일요일,대구광역시 달서구 두류동,중상사고,0,2,4,0,차대차 - 측면충돌,중앙선침범,건조,맑음,단일로 - 기타,승용,여,40세,상해없음,승용,여,52세,경상
2019022400100368,2019년 2월 24일 19시,일요일,대구광역시 동구 지묘동,중상사고,0,1,0,0,차대차 - 측면충돌,안전운전불이행,건조,맑음,단일로 - 기타,화물,남,56세,상해없음,승용,여,60세,중상
2019022400100392,2019년 2월 24일 20시,일요일,대구광역시 북구 칠성동2가,중상사고,0,1,0,0,차대차 - 측면충돌,안전운전불이행,건조,맑음,교차로 - 교차로안,승용,여,29세,상해없음,이륜,남,43세,중상
2019022400100393,2019년 2월 24일 20시,일요일,대구광역시 북구 침산동,중상사고,0,1,2,0,차대차 - 측면충돌,안전운전불이행,건조,맑음,단일로 - 기타,승용,남,68세,중상,승용,여,61세,경상
2019022400100416,2019년 2월 24일 21시,일요일,대구광역시 달서구 대천동,경상사고,0,0,1,0,차대차 - 기타,안전거리미확보,건조,맑음,단일로 - 기타,승용,남,31세,상해없음,이륜,남,40세,경상
2019022400100431,2019년 2월 24일 22시,일요일,대구광역시 수성구 범어동,경상사고,0,0,3,0,차대차 - 측면충돌,안전운전불이행,건조,맑음,단일로 - 기타,승용,남,43세,상해없음,승용,남,25세,경상
2019022400100432,2019년 2월 24일 22시,일요일,대구광역시 서구 중리동,경상사고,0,0,2,0,차대차 - 측면충돌,신호위반,건조,맑음,교차로 - 교차로안,승용,남,67세,상해없음,승용,여,27세,경상
2019022400100450,2019년 2월 24일 23시,일요일,대구광역시 북구 국우동,중상사고,0,1,2,0,차대차 - 측면충돌,신호위반,건조,맑음,교차로 - 교차로안,승용,남,46세,경상,이륜,남,19세,중상
2019022500100031,2019년 2월 25일 01시,월요일,대구광역시 북구 산격동,경상사고,0,0,1,0,차대차 - 추돌,안전운전불이행,건조,맑음,단일로 - 기타,승용,여,68세,상해없음,화물,남,57세,기타불명
2019022500100050,2019년 2월 25일 04시,월요일,대구광역시 달서구 대천동,중상사고,0,1,0,0,차대차 - 추돌,안전운전불이행,건조,맑음,단일로 - 기타,승용,여,23세,상해없음,화물,남,25세,상해없음
2019022500100091,2019년 2월 25일 07시,월요일,대구광역시 동구 효목동,경상사고,0,0,2,0,차대차 - 측면충돌,안전운전불이행,건조,맑음,단일로 - 고가도로위,승용,남,51세,상해없음,승용,남,61세,경상
2019022500100146,2019년 2월 25일 09시,월요일,대구광역시 남구 대명동,중상사고,0,1,0,0,차대사람 - 기타,안전운전불이행,건조,맑음,기타 - 기타,승용,남,33세,상해없음,보행자,여,22세,중상
2019022500100147,2019년 2월 25일 09시,월요일,대구광역시 동구 도동,경상사고,0,0,1,0,차대차 - 기타,안전운전불이행,건조,맑음,단일로 - 기타,기타불명,남,52세,상해없음,자전거,남,71세,경상
2019022500100190,2019년 2월 25일 10시,월요일,대구광역시 북구 읍내동,경상사고,0,0,4,0,차대차 - 추돌,안전운전불이행,건조,맑음,교차로 - 교차로부근,승용,남,30세,상해없음,승용,남,59세,경상
2019022500100219,2019년 2월 25일 11시,월요일,대구광역시 수성구 시지동,경상사고,0,0,3,0,차대차 - 측면충돌,안전거리미확보,건조,맑음,단일로 - 기타,승용,여,24세,경상,승용,여,33세,경상
2019022500100220,2019년 2월 25일 11시,월요일,대구광역시 달성군 유가읍,경상사고,0,0,4,0,차대차 - 기타,안전운전불이행,건조,맑음,교차로 - 교차로부근,승용,남,68세,경상,승용,여,41세,경상
2019022500100221,2019년 2월 25일 11시,월요일,대구광역시 북구 동천동,중상사고,0,1,0,0,차대사람 - 횡단중,안전운전불이행,건조,맑음,교차로 - 교차로부근,승용,남,59세,상해없음,보행자,여,23세,중상
2019022500100259,2019년 2월 25일 12시,월요일,대구광역시 서구 중리동,경상사고,0,0,1,0,차대차 - 추돌,안전운전불이행,건조,맑음,교차로 - 교차로부근,승용,남,52세,상해없음,승용,여,61세,경상
2019022500100285,2019년 2월 25일 13시,월요일,대구광역시 달서구 본리동,경상사고,0,0,1,0,차대차 - 후진중충돌,불법유턴,건조,맑음,단일로 - 기타,승용,남,53세,상해없음,승용,여,20세,경상
2019022500100322,2019년 2월 25일 14시,월요일,대구광역시 수성구 두산동,경상사고,0,0,4,0,차대차 - 추돌,안전운전불이행,건조,맑음,교차로 - 교차로부근,승용,여,32세,상해없음,승용,남,33세,경상
2019022500100323,2019년 2월 25일 14시,월요일,대구광역시 북구 산격동,경상사고,0,0,2,0,차대차 - 기타,안전거리미확보,건조,맑음,단일로 - 기타,화물,남,48세,상해없음,승용,여,56세,경상
2019022500100324,2019년 2월 25일 14시,월요일,대구광역시 달서구 성당동,경상사고,0,0,1,0,차대사람 - 횡단중,보행자보호의무위반,건조,맑음,단일로 - 기타,승용,남,66세,상해없음,보행자,여,64세,경상
2019022500100325,2019년 2월 25일 14시,월요일,대구광역시 달서구 이곡동,중상사고,0,1,0,0,차대차 - 추돌,안전운전불이행,건조,맑음,단일로 - 기타,승용,남,25세,상해없음,승용,여,74세,중상
2019022500100360,2019년 2월 25일 15시,월요일,대구광역시 동구 지묘동,중상사고,0,2,3,0,차대차 - 기타,신호위반,건조,맑음,교차로 - 교차로안,승용,여,65세,중상,화물,남,59세,경상
2019022500100361,2019년 2월 25일 15시,월요일,대구광역시 수성구 매호동,중상사고,0,1,0,0,차대사람 - 횡단중,기타,건조,맑음,단일로 - 기타,승용,여,39세,상해없음,보행자,남,6세,중상
2019022500100382,2019년 2월 25일 16시,월요일,대구광역시 동구 방촌동,경상사고,0,0,1,0,차대사람 - 횡단중,안전운전불이행,건조,맑음,교차로 - 교차로부근,승용,남,62세,상해없음,보행자,남,7세,경상
2019022500100383,2019년 2월 25일 16시,월요일,대구광역시 중구 삼덕동1가,경상사고,0,0,1,0,차대차 - 측면충돌,교차로운행방법위반,건조,맑음,교차로 - 교차로안,승용,남,57세,상해없음,승용,여,30세,경상
2019022500100384,2019년 2월 25일 16시,월요일,대구광역시 달서구 용산동,경상사고,0,0,1,0,차대사람 - 보도통행중,안전운전불이행,건조,맑음,단일로 - 기타,승용,남,68세,상해없음,보행자,남,61세,경상
2019022500100385,2019년 2월 25일 16시,월요일,대구광역시 달서구 성당동,경상사고,0,0,1,0,차대차 - 기타,안전운전불이행,젖음/습기,맑음,교차로 - 교차로안,승용,여,40세,상해없음,자전거,남,70세,경상
2019022500100424,2019년 2월 25일 17시,월요일,대구광역시 동구 율하동,경상사고,0,0,1,0,차대사람 - 횡단중,안전운전불이행,건조,맑음,단일로 - 기타,승용,남,48세,상해없음,보행자,남,62세,경상
2019022500100425,2019년 2월 25일 17시,월요일,대구광역시 달서구 진천동,중상사고,0,1,1,0,차대차 - 측면충돌,안전거리미확보,건조,맑음,단일로 - 기타,승합,남,49세,상해없음,승용,남,58세,경상
2019022500100466,2019년 2월 25일 18시,월요일,대구광역시 동구 지저동,경상사고,0,0,1,0,차대차 - 측면충돌,안전운전불이행,건조,맑음,단일로 - 기타,승용,여,57세,상해없음,화물,남,63세,경상
2019022500100467,2019년 2월 25일 18시,월요일,대구광역시 동구 용계동,중상사고,0,1,0,0,차대차 - 추돌,안전운전불이행,건조,맑음,단일로 - 기타,승용,남,22세,상해없음,승용,남,44세,중상
2019022500100468,2019년 2월 25일 18시,월요일,대구광역시 수성구 매호동,중상사고,0,1,0,0,차대차 - 추돌,안전거리미확보,건조,맑음,단일로 - 기타,승용,남,56세,상해없음,이륜,남,26세,중상
2019022500100510,2019년 2월 25일 19시,월요일,대구광역시 동구 신암동,중상사고,0,1,0,0,차량단독 - 기타,안전운전불이행,건조,맑음,단일로 - 기타,승합,남,56세,상해없음,,,,
2019022500100511,2019년 2월 25일 19시,월요일,대구광역시 북구 구암동,경상사고,0,0,1,0,차대차 - 기타,안전운전불이행,건조,맑음,단일로 - 기타,건설기계,남,44세,상해없음,이륜,남,19세,경상
2019022500100512,2019년 2월 25일 19시,월요일,대구광역시 북구 관음동,중상사고,0,2,2,0,차대차 - 측면충돌,신호위반,건조,맑음,교차로 - 교차로안,승용,여,27세,경상,승용,남,50세,경상
2019022500100541,2019년 2월 25일 20시,월요일,대구광역시 동구 불로동,부상신고사고,0,0,0,1,차대차 - 측면충돌,교차로운행방법위반,건조,맑음,교차로 - 교차로안,이륜,남,55세,부상신고,승용,여,58세,상해없음
2019022500100602,2019년 2월 25일 23시,월요일,대구광역시 수성구 두산동,경상사고,0,0,1,0,차대차 - 추돌,안전운전불이행,건조,맑음,단일로 - 기타,승용,여,50세,상해없음,이륜,남,17세,경상
2019022600100039,2019년 2월 26일 01시,화요일,대구광역시 달서구 이곡동,경상사고,0,0,1,0,차대차 - 기타,안전운전불이행,건조,맑음,단일로 - 기타,승용,남,28세,상해없음,승용,남,55세,경상
2019022600100040,2019년 2월 26일 01시,화요일,대구광역시 북구 서변동,사망사고,1,0,2,0,차대차 - 측면충돌,안전운전불이행,건조,맑음,단일로 - 터널,승용,남,28세,사망,화물,남,53세,경상
2019022600100045,2019년 2월 26일 02시,화요일,대구광역시 달서구 도원동,경상사고,0,0,1,0,차대차 - 추돌,안전운전불이행,건조,맑음,교차로 - 교차로부근,승용,남,56세,상해없음,승용,남,25세,경상
2019022600100058,2019년 2월 26일 05시,화요일,대구광역시 서구 내당동,경상사고,0,0,1,0,차대차 - 측면충돌,신호위반,건조,맑음,교차로 - 교차로안,승합,남,23세,상해없음,승용,여,22세,경상