사고번호,사고일시,요일,시군구,사고내용,사망자수,중상자수,경상자수,부상신고자수,사고유형,법규위반,노면상태,기상상태,도로형태,가해운전자 차종,가해운전자 성별,가해운전자 연령,가해운전자 상해정도,피해운전자 차종,피해운전자 성별,피해운전자 연령,피해운전자 상해정도
2019031100100053,2019년 3월 11일 05시,월요일,대구광역시 서구 비산동,경상사고,0,0,2,0,차대차 - 측면충돌,신호위반,젖음/습기,안개,교차로 - 교차로안,승용,남,63세,상해없음,승용,남,66세,경상
2019031100100091,2019년 3월 11일 07시,월요일,대구광역시 수성구 욱수동,경상사고,0,0,1,0,차대사람 - 기타,보행자보호의무위반,건조,맑음,교차로 - 교차로횡단보도내,승합,남,69세,상해없음,보행자,여,16세,경상
2019031100100092,2019년 3월 11일 07시,월요일,대구광역시 달서구 신당동,경상사고,0,0,1,0,차대차 - 측면충돌,안전운전불이행,건조,맑음,단일로 - 기타,자전거,남,48세,경상,승용,남,41세,상해없음
2019031100100142,2019년 3월 11일 08시,월요일,대구광역시 수성구 수성동1가,중상사고,0,1,0,0,차대차 - 추돌,안전거리미확보,젖음/습기,맑음,단일로 - 기타,승용,남,49세,상해없음,승용,남,66세,중상
2019031100100143,2019년 3월 11일 08시,월요일,대구광역시 수성구 만촌동,경상사고,0,0,1,0,차대차 - 추돌,안전운전불이행,건조,맑음,교차로 - 교차로부근,승용,남,39세,상해없음,화물,남,40세,경상
2019031100100144,2019년 3월 11일 08시,월요일,대구광역시 북구 침산동,경상사고,0,0,1,0,차대차 - 추돌,안전운전불이행,건조,맑음,단일로 - 기타,승용,남,38세,기타불명,승용,여,39세,경상
2019031100100145,2019년 3월 11일 08시,월요일,대구광역시 북구 침산동,경상사고,0,0,2,0,차대차 - 추돌,안전운전불이행,건조,맑음,교차로 - 교차로부근,승용,남,30세,상해없음,승용,남,67세,경상
2019031100100167,2019년 3월 11일 09시,월요일,대구광역시 수성구 두산동,경상사고,0,0,1,0,차대차 - 측면충돌,안전운전불이행,건조,맑음,단일로 - 기타,승용,남,37세,기타불명,승용,남,51세,경상
2019031100100168,2019년 3월 11일 09시,월요일,대구광역시 달성군 유가읍,경상사고,0,0,2,0,차대사람 - 기타,안전운전불이행,건조,맑음,기타 - 기타,승합,남,43세,상해없음,보행자,여,40세,경상
2019031100100169,2019년 3월 11일 09시,월요일,대구광역시 북구 노원동3가,경상사고,0,0,1,0,차대차 - 기타,안전거리미확보,건조,맑음,단일로 - 기타,승용,여,39세,상해없음,화물,남,52세,경상
2019031100100170,2019년 3월 11일 09시,월요일,대구광역시 달서구 신당동,경상사고,0,0,1,4,차대차 - 기타,안전운전불이행,건조,맑음,교차로 - 교차로부근,승용,남,21세,부상신고,화물,남,35세,경상
2019031100100171,2019년 3월 11일 09시,월요일,대구광역시 북구 읍내동,경상사고,0,0,3,0,차대차 - 기타,불법유턴,건조,맑음,단일로 - 기타,승용,남,47세,상해없음,승용,남,40세,경상
2019031100100213,2019년 3월 11일 11시,월요일,대구광역시 남구 대명동,경상사고,0,0,1,0,차대차 - 추돌,안전운전불이행,건조,맑음,단일로 - 지하차도(도로)내,화물,여,55세,상해없음,승용,여,54세,경상
2019031100100234,2019년 3월 11일 12시,월요일,대구광역시 남구 대명동,중상사고,0,1,0,0,차량단독 - 기타,안전운전불이행,건조,맑음,단일로 - 기타,승합,남,47세,상해없음,,,,
2019031100100235,2019년 3월 11일 12시,월요일,대구광역시 남구 이천동,중상사고,0,1,0,0,차대차 - 측면충돌,안전운전불이행,건조,맑음,교차로 - 교차로부근,승합,남,55세,상해없음,자전거,남,79세,중상
2019031100100236,2019년 3월 11일 12시,월요일,대구광역시 동구 용계동,경상사고,0,0,1,0,차대차 - 추돌,안전운전불이행,건조,맑음,단일로 - 기타,승용,여,44세,상해없음,승용,여,45세,경상
2019031100100237,2019년 3월 11일 12시,월요일,대구광역시 달성군 현풍읍,경상사고,0,0,1,0,차대차 - 기타,교차로운행방법위반,건조,맑음,교차로 - 교차로안,승용,여,35세,상해없음,승용,여,25세,경상
2019031100100238,2019년 3월 11일 12시,월요일,대구광역시 달서구 이곡동,경상사고,0,0,1,0,차대차 - 측면충돌,안전운전불이행,건조,맑음,교차로 - 교차로안,승용,남,70세,상해없음,화물,남,35세,경상
2019031100100272,2019년 3월 11일 13시,월요일,대구광역시 수성구 중동,경상사고,0,0,1,0,차대차 - 기타,기타,건조,맑음,기타 - 기타,자전거,남,71세,경상,승용,여,51세,상해없음
2019031100100273,2019년 3월 11일 13시,월요일,대구광역시 수성구 신매동,중상사고,0,1,0,0,차대사람 - 횡단중,안전운전불이행,건조,맑음,교차로 - 교차로안,화물,남,64세,상해없음,보행자,여,79세,중상
2019031100100299,2019년 3월 11일 14시,월요일,대구광역시 수성구 황금동,경상사고,0,0,1,0,차대사람 - 기타,안전운전불이행,건조,맑음,단일로 - 기타,승용,남,76세,상해없음,보행자,여,34세,경상
2019031100100300,2019년 3월 11일 14시,월요일,대구광역시 수성구 범어동,경상사고,0,0,1,0,차대차 - 측면충돌,안전운전불이행,건조,맑음,교차로 - 교차로부근,승용,여,36세,상해없음,승용,여,46세,경상
2019031100100340,2019년 3월 11일 15시,월요일,대구광역시 동구 각산동,경상사고,0,0,1,1,차대차 - 측면충돌,교차로운행방법위반,건조,맑음,교차로 - 교차로안,승용,남,78세,부상신고,승용,남,30세,경상
2019031100100371,2019년 3월 11일 16시,월요일,대구광역시 동구 지묘동,중상사고,0,1,0,1,차대차 - 기타,안전거리미확보,건조,맑음,단일로 - 기타,승용,여,69세,부상신고,승용,여,27세,중상
2019031100100372,2019년 3월 11일 16시,월요일,대구광역시 달성군 유가읍,중상사고,0,1,0,0,차대차 - 측면충돌,안전운전불이행,건조,맑음,교차로 - 교차로부근,이륜,남,25세,중상,승용,남,38세,기타불명
2019031100100373,2019년 3월 11일 16시,월요일,대구광역시 서구 평리동,중상사고,0,1,0,1,차대차 - 측면충돌,직진우회전진행방해,건조,맑음,교차로 - 교차로안,이륜,남,43세,부상신고,자전거,남,11세,중상
2019031100100405,2019년 3월 11일 17시,월요일,대구광역시 달서구 월성동,경상사고,0,0,1,0,차대차 - 측면충돌,안전거리미확보,건조,맑음,단일로 - 기타,화물,남,66세,상해없음,승용,여,39세,경상
2019031100100406,2019년 3월 11일 17시,월요일,대구광역시 북구 산격동,경상사고,0,0,2,1,차대차 - 측면충돌,신호위반,건조,맑음,교차로 - 교차로안,승용,남,31세,상해없음,승용,남,51세,경상
2019031100100448,2019년 3월 11일 18시,월요일,대구광역시 달서구 장기동,경상사고,0,0,6,0,차대차 - 측면충돌,신호위반,젖음/습기,흐림,교차로 - 교차로안,승용,여,45세,상해없음,승용,여,51세,경상
2019031100100449,2019년 3월 11일 18시,월요일,대구광역시 북구 매천동,경상사고,0,0,1,0,차대사람 - 횡단중,안전운전불이행,젖음/습기,흐림,단일로 - 기타,승용,남,63세,상해없음,보행자,여,16세,경상
2019031100100494,2019년 3월 11일 19시,월요일,대구광역시 북구 산격동,부상신고사고,0,0,0,1,차대차 - 측면충돌,교차로운행방법위반,젖음/습기,비,교차로 - 교차로안,이륜,남,23세,부상신고,승용,남,27세,상해없음
2019031100100522,2019년 3월 11일 20시,월요일,대구광역시 남구 대명동,부상신고사고,0,0,0,1,차대사람 - 횡단중,보행자보호의무위반,건조,맑음,교차로 - 교차로횡단보도내,기타불명,기타불명,미분류,기타불명,보행자,여,25세,부상신고
2019031100100523,2019년 3월 11일 20시,월요일,대구광역시 동구 신서동,경상사고,0,0,1,0,차대차 - 기타,신호위반,건조,맑음,단일로 - 기타,이륜,남,30세,상해없음,자전거,여,55세,경상
2019031100100524,2019년 3월 11일 20시,월요일,대구광역시 동구 율하동,경상사고,0,0,2,0,차대차 - 추돌,안전운전불이행,건조,맑음,단일로 - 기타,승용,남,52세,상해없음,승용,남,50세,경상
2019031100100525,2019년 3월 11일 20시,월요일,대구광역시 달성군 화원읍,중상사고,0,1,0,0,차대차 - 기타,안전운전불이행,건조,맑음,교차로 - 교차로부근,화물,남,70세,상해없음,화물,남,52세,중상
2019031100100526,2019년 3월 11일 20시,월요일,대구광역시 북구 관음동,경상사고,0,0,1,0,차대차 - 기타,안전운전불이행,건조,맑음,단일로 - 기타,기타불명,기타불명,미분류,기타불명,승용,남,27세,경상
2019031100100551,2019년 3월 11일 21시,월요일,대구광역시 중구 봉산동,경상사고,0,0,1,0,차대사람 - 기타,안전운전불이행,건조,맑음,단일로 - 기타,승용,남,46세,상해없음,보행자,남,19세,경상
2019031100100577,2019년 3월 11일 22시,월요일,대구광역시 달서구 상인동,경상사고,0,0,2,0,차대차 - 측면충돌,안전운전불이행,건조,맑음,단일로 - 기타,승용,남,25세,상해없음,승용,남,39세,경상
2019031100100578,2019년 3월 11일 22시,월요일,대구광역시 달서구 도원동,경상사고,0,0,1,0,차대차 - 정면충돌,안전운전불이행,젖음/습기,흐림,단일로 - 기타,승용,남,28세,상해없음,이륜,남,60세,경상
2019031100100579,2019년 3월 11일 22시,월요일,대구광역시 달성군 옥포읍,경상사고,0,0,1,0,차대차 - 추돌,교차로운행방법위반,건조,맑음,교차로 - 교차로안,화물,남,62세,상해없음,승용,남,38세,경상
2019031100100580,2019년 3월 11일 22시,월요일,대구광역시 달서구 두류동,중상사고,0,1,0,0,차대사람 - 횡단중,안전운전불이행,건조,맑음,단일로 - 기타,승용,남,64세,상해없음,보행자,남,58세,중상
2019031100100597,2019년 3월 11일 23시,월요일,대구광역시 달서구 상인동,경상사고,0,0,1,0,차대사람 - 보도통행중,기타,건조,맑음,단일로 - 기타,승용,남,38세,상해없음,보행자,여,57세,경상
2019031100100598,2019년 3월 11일 23시,월요일,대구광역시 북구 태전동,경상사고,0,0,3,0,차대차 - 측면충돌,교차로운행방법위반,건조,맑음,교차로 - 교차로안,승용,남,26세,경상,승용,남,32세,경상
2019031200100038,2019년 3월 12일 02시,화요일,대구광역시 서구 비산동,중상사고,0,1,1,0,차대차 - 추돌,안전운전불이행,건조,맑음,교차로 - 교차로부근,승용,남,53세,상해없음,화물,남,61세,중상
2019031200100048,2019년 3월 12일 03시,화요일,대구광역시 수성구 상동,경상사고,0,0,1,0,차대차 - 측면충돌,신호위반,건조,맑음,교차로 - 교차로안,승용,남,63세,상해없음,승용,남,39세,경상
2019031200100059,2019년 3월 12일 05시,화요일,대구광역시 북구 고성동3가,중상사고,0,1,0,0,차대차 - 기타,신호위반,건조,맑음,교차로 - 교차로부근,승용,여,59세,상해없음,자전거,여,59세,중상
2019031200100093,2019년 3월 12일 07시,화요일,대구광역시 수성구 신매동,경상사고,0,0,1,0,차대차 - 측면충돌,신호위반,건조,맑음,교차로 - 교차로안,화물,남,58세,상해없음,화물,남,48세,경상
2019031200100134,2019년 3월 12일 08시,화요일,대구광역시 수성구 성동,중상사고,0,1,0,0,차대차 - 측면충돌,안전거리미확보,건조,맑음,단일로 - 기타,승용,남,50세,상해없음,이륜,남,77세,중상
2019031200100182,2019년 3월 12일 10시,화요일,대구광역시 서구 내당동,경상사고,0,0,1,0,차대차 - 측면충돌,안전운전불이행,건조,맑음,기타 - 기타,승용,여,56세,상해없음,이륜,남,52세,경상
2019031200100183,2019년 3월 12일 10시,화요일,대구광역시 북구 국우동,중상사고,0,1,0,0,차대차 - 측면충돌,신호위반,건조,맑음,교차로 - 교차로부근,승용,여,39세,상해없음,화물,여,48세,중상
2019031200100219,2019년 3월 12일 11시,화요일,대구광역시 북구 구암동,경상사고,0,0,1,0,차대차 - 기타,안전운전불이행,건조,맑음,단일로 - 기타,승용,여,39세,상해없음,승용,여,42세,경상
2019031200100242,2019년 3월 12일 12시,화요일,대구광역시 동구 대림동,중상사고,0,1,0,0,차대차 - 추돌,안전운전불이행,건조,맑음,단일로 - 기타,자전거,남,64세,중상,화물,남,32세,기타불명
2019031200100271,2019년 3월 12일 13시,화요일,대구광역시 달서구 진천동,중상사고,0,1,0,0,차대사람 - 횡단중,안전운전불이행,건조,맑음,단일로 - 기타,화물,남,56세,상해없음,보행자,여,72세,중상
2019031200100272,2019년 3월 12일 13시,화요일,대구광역시 달서구 본리동,경상사고,0,0,1,0,차대차 - 기타,안전운전불이행,건조,맑음,기타 - 기타,화물,남,53세,상해없음,자전거,남,71세,경상
2019031200100307,2019년 3월 12일 14시,화요일,대구광역시 달서구 파호동,경상사고,0,0,1,0,차대차 - 측면충돌,신호위반,건조,맑음,교차로 - 교차로부근,이륜,남,52세,상해없음,자전거,남,74세,경상
2019031200100308,2019년 3월 12일 14시,화요일,대구광역시 달서구 신당동,부상신고사고,0,0,0,1,차대사람 - 차도통행중,안전운전불이행,건조,맑음,단일로 - 기타,승용,남,18세,상해없음,보행자,여,28세,부상신고
2019031200100309,2019년 3월 12일 14시,화요일,대구광역시 북구 서변동,중상사고,0,1,0,0,차대차 - 기타,안전운전불이행,건조,맑음,교차로 - 교차로안,승용,여,50세,기타불명,승용,여,39세,중상
2019031200100334,2019년 3월 12일 15시,화요일,대구광역시 동구 효목동,경상사고,0,0,1,0,차대차 - 측면충돌,안전운전불이행,건조,맑음,단일로 - 기타,승용,남,47세,상해없음,승용,남,54세,기타불명
2019031200100335,2019년 3월 12일 15시,화요일,대구광역시 서구 평리동,중상사고,0,1,0,0,차대차 - 측면충돌,안전운전불이행,건조,맑음,교차로 - 교차로안,자전거,남,63세,중상,승합,남,66세,상해없음
2019031200100370,2019년 3월 12일 16시,화요일,대구광역시 달서구 장동,경상사고,0,0,2,0,차대차 - 측면충돌,교차로운행방법위반,건조,맑음,단일로 - 기타,화물,남,59세,상해없음,이륜,남,17세,경상
2019031200100371,2019년 3월 12일 16시,화요일,대구광역시 달서구 용산동,경상사고,0,0,1,0,차대차 - 측면충돌,안전거리미확보,건조,맑음,단일로 - 기타,승용,여,61세,상해없음,승용,여,48세,경상
2019031200100411,2019년 3월 12일 17시,화요일,대구광역시 달성군 다사읍,중상사고,0,1,0,0,차대차 - 측면충돌,안전운전불이행,건조,맑음,교차로 - 교차로안,승용,남,39세,상해없음,승용,남,59세,중상
2019031200100412,2019년 3월 12일 17시,화요일,대구광역시 북구 노원동3가,경상사고,0,0,1,1,차대차 - 추돌,안전거리미확보,건조,맑음,단일로 - 기타,승용,남,28세,상해없음,승용,여,49세,경상
2019031200100454,2019년 3월 12일 18시,화요일,대구광역시 남구 대명동,경상사고,0,0,2,0,차대사람 - 기타,안전운전불이행,건조,맑음,교차로 - 교차로부근,기타불명,기타불명,미분류,기타불명,보행자,여,16세,경상
2019031200100455,2019년 3월 12일 18시,화요일,대구광역시 동구 신천동,중상사고,0,1,0,0,차대차 - 기타,교차로운행방법위반,젖음/습기,비,교차로 - 교차로안,승용,남,31세,상해없음,자전거,남,62세,중상
2019031200100456,2019년 3월 12일 18시,화요일,대구광역시 중구 동인동4가,중상사고,0,1,0,0,차대사람 - 차도통행중,신호위반,젖음/습기,맑음,단일로 - 기타,화물,남,62세,상해없음,보행자,여,22세,중상
2019031200100492,2019년 3월 12일 19시,화요일,대구광역시 수성구 두산동,경상사고,0,0,2,0,차대차 - 측면충돌,안전운전불이행,젖음/습기,비,교차로 - 교차로부근,승용,여,43세,상해없음,승용,남,64세,경상
2019031200100493,2019년 3월 12일 19시,화요일,대구광역시 달서구 송현동,중상사고,0,1,0,0,차대사람 - 횡단중,안전운전불이행,건조,맑음,단일로 - 기타,승합,남,65세,상해없음,보행자,남,24세,중상
2019031200100494,2019년 3월 12일 19시,화요일,대구광역시 달성군 다사읍,경상사고,0,0,1,0,차대차 - 추돌,안전운전불이행,건조,맑음,단일로 - 기타,기타불명,기타불명,미분류,기타불명,승용,여,27세,경상
2019031200100495,2019년 3월 12일 19시,화요일,대구광역시 서구 평리동,경상사고,0,0,1,0,차대차 - 측면충돌,안전운전불이행,건조,맑음,단일로 - 기타,승용,남,37세,상해없음,이륜,남,32세,경상
2019031200100496,2019년 3월 12일 19시,화요일,대구광역시 중구 교동,경상사고,0,0,1,0,차대차 - 추돌,안전운전불이행,젖음/습기,비,단일로 - 기타,승용,남,39세,상해없음,승용,여,37세,경상
2019031200100497,2019년 3월 12일 19시,화요일,대구광역시 달서구 장기동,중상사고,0,2,0,0,차대사람 - 횡단중,보행자보호의무위반,건조,맑음,기타 - 기타,승용,여,57세,상해없음,보행자,여,65세,중상
2019031200100498,2019년 3월 12일 19시,화요일,대구광역시 달서구 본리동,경상사고,0,0,1,0,차대사람 - 횡단중,신호위반,젖음/습기,비,교차로 - 교차로안,화물,남,48세,상해없음,보행자,여,9세,경상
2019031200100589,2019년 3월 12일 22시,화요일,대구광역시 동구 불로동,부상신고사고,0,0,0,1,차대차 - 측면충돌,중앙선침범,건조,맑음,단일로 - 기타,자전거,남,26세,부상신고,승용,남,26세,상해없음
2019031300100052,2019년 3월 13일 05시,수요일,대구광역시 달서구 죽전동,경상사고,0,0,1,0,차량단독 - 기타,안전운전불이행,건조,맑음,단일로 - 기타,승용,남,62세,상해없음,,,,
2019031300100091,2019년 3월 13일 07시,수요일,대구광역시 달서구 대천동,중상사고,0,3,0,0,차대차 - 측면충돌,직진우회전진행방해,건조,맑음,교차로 - 교차로안,승용,남,63세,중상,화물,남,58세,중상
2019031300100092,2019년 3월 13일 07시,수요일,대구광역시 서구 비산동,중상사고,0,1,0,0,차대차 - 정면충돌,안전운전불이행,건조,맑음,교차로 - 교차로안,승합,여,56세,상해없음,자전거,남,58세,중상
2019031300100163,2019년 3월 13일 09시,수요일,대구광역시 동구 신천동,경상사고,0,0,1,0,차대차 - 추돌,안전운전불이행,건조,맑음,단일로 - 기타,화물,남,56세,상해없음,승용,여,42세,경상
2019031300100164,2019년 3월 13일 09시,수요일,대구광역시 수성구 범어동,중상사고,0,1,1,0,차대차 - 측면충돌,안전운전불이행,건조,맑음,단일로 - 기타,승용,남,26세,상해없음,승용,남,64세,경상
2019031300100165,2019년 3월 13일 09시,수요일,대구광역시 달성군 다사읍,사망사고,1,0,0,0,차대사람 - 보도통행중,신호위반,건조,맑음,단일로 - 기타,승용,남,77세,상해없음,보행자,남,55세,사망
2019031300100166,2019년 3월 13일 09시,수요일,대구광역시 북구 산격동,부상신고사고,0,0,0,1,차대사람 - 길가장자리구역통행중,안전운전불이행,건조,맑음,단일로 - 기타,승용,남,31세,상해없음,보행자,남,62세,부상신고
2019031300100167,2019년 3월 13일 09시,수요일,대구광역시 달서구 성당동,경상사고,0,0,1,0,차대차 - 측면충돌,안전운전불이행,건조,맑음,단일로 - 기타,화물,남,56세,상해없음,승용,남,66세,경상
2019031300100202,2019년 3월 13일 10시,수요일,대구광역시 수성구 중동,중상사고,0,1,0,0,차대차 - 추돌,안전운전불이행,건조,맑음,단일로 - 기타,건설기계,남,30세,상해없음,승용,여,29세,중상
2019031300100203,2019년 3월 13일 10시,수요일,대구광역시 달서구 도원동,경상사고,0,0,2,0,차대차 - 측면충돌,직진우회전진행방해,건조,맑음,교차로 - 교차로부근,승용,여,43세,경상,승용,남,64세,경상
2019031300100204,2019년 3월 13일 10시,수요일,대구광역시 북구 노원동3가,중상사고,0,1,3,0,차대차 - 추돌,안전운전불이행,건조,맑음,단일로 - 기타,화물,남,59세,상해없음,승용,남,52세,중상
2019031300100244,2019년 3월 13일 11시,수요일,대구광역시 북구 구암동,경상사고,0,0,1,0,차대차 - 추돌,안전운전불이행,건조,맑음,교차로 - 교차로안,승용,남,68세,기타불명,승용,여,42세,경상
2019031300100274,2019년 3월 13일 12시,수요일,대구광역시 동구 각산동,경상사고,0,0,1,0,차대차 - 측면충돌,안전운전불이행,건조,맑음,교차로 - 교차로안,이륜,남,63세,경상,승용,남,47세,상해없음
2019031300100275,2019년 3월 13일 12시,수요일,대구광역시 북구 복현동,경상사고,0,0,1,0,차대차 - 측면충돌,안전거리미확보,건조,맑음,단일로 - 기타,승용,남,47세,기타불명,승용,남,34세,경상
2019031300100300,2019년 3월 13일 13시,수요일,대구광역시 수성구 만촌동,부상신고사고,0,0,0,1,차대차 - 측면충돌,신호위반,건조,맑음,교차로 - 교차로부근,이륜,남,27세,부상신고,승용,남,36세,상해없음
2019031300100301,2019년 3월 13일 13시,수요일,대구광역시 수성구 삼덕동,부상신고사고,0,0,0,1,차대사람 - 기타,기타,건조,맑음,단일로 - 기타,승용,남,48세,상해없음,보행자,남,20세,부상신고
2019031300100342,2019년 3월 13일 14시,수요일,대구광역시 수성구 만촌동,경상사고,0,0,1,0,차대차 - 추돌,안전운전불이행,건조,맑음,단일로 - 기타,승용,여,67세,상해없음,승용,남,42세,경상
2019031300100372,2019년 3월 13일 15시,수요일,대구광역시 동구 방촌동,경상사고,0,0,1,0,차대사람 - 기타,기타,건조,맑음,단일로 - 기타,승용,남,44세,상해없음,보행자,여,36세,경상
2019031300100373,2019년 3월 13일 15시,수요일,대구광역시 서구 내당동,경상사고,0,0,1,0,차대차 - 측면충돌,기타,건조,맑음,교차로 - 교차로부근,기타불명,기타불명,미분류,기타불명,자전거,여,72세,경상
2019031300100413,2019년 3월 13일 16시,수요일,대구광역시 수성구 황금동,경상사고,0,0,1,0,차대차 - 기타,안전운전불이행,건조,맑음,교차로 - 교차로안,화물,남,38세,상해없음,이륜,남,38세,경상
2019031300100414,2019년 3월 13일 16시,수요일,대구광역시 달서구 월성동,경상사고,0,0,1,0,차대차 - 측면충돌,안전운전불이행,건조,맑음,단일로 - 기타,승용,여,48세,상해없음,승용,남,51세,경상
2019031300100415,2019년 3월 13일 16시,수요일,대구광역시 북구 산격동,경상사고,0,0,1,0,차대차 - 측면충돌,교차로운행방법위반,건조,맑음,교차로 - 교차로안,화물,남,63세,기타불명,승용,남,39세,경상
2019031300100416,2019년 3월 13일 16시,수요일,대구광역시 서구 내당동,중상사고,0,1,0,0,차대차 - 측면충돌,안전운전불이행,건조,맑음,단일로 - 기타,승용,남,49세,상해없음,승용,남,24세,중상
2019031300100417,2019년 3월 13일 16시,수요일,대구광역시 달서구 이곡동,경상사고,0,0,1,0,차대차 - 측면충돌,안전운전불이행,건조,맑음,단일로 - 기타,화물,남,74세,상해없음,승용,남,57세,경상
2019031300100456,2019년 3월 13일 17시,수요일,대구광역시 달서구 본동,경상사고,0,0,1,2,차대차 - 측면충돌,안전거리미확보,건조,맑음,교차로 - 교차로부근,승용,남,68세,상해없음,승용,남,21세,부상신고
2019031300100457,2019년 3월 13일 17시,수요일,대구광역시 서구 중리동,중상사고,0,1,0,0,차대차 - 기타,교차로운행방법위반,건조,맑음,교차로 - 교차로안,승합,남,59세,상해없음,화물,남,52세,상해없음
2019031300100491,2019년 3월 13일 18시,수요일,대구광역시 수성구 황금동,경상사고,0,0,1,0,차대사람 - 횡단중,보행자보호의무위반,건조,맑음,단일로 - 기타,승용,여,48세,상해없음,보행자,여,15세,경상
2019031300100492,2019년 3월 13일 18시,수요일,대구광역시 수성구 상동,중상사고,0,1,2,0,차대차 - 측면충돌,신호위반,건조,맑음,교차로 - 교차로안,승용,여,58세,상해없음,승용,남,64세,경상
2019031300100534,2019년 3월 13일 19시,수요일,대구광역시 달서구 진천동,경상사고,0,0,2,0,차대차 - 측면충돌,교차로운행방법위반,건조,맑음,교차로 - 교차로안,승용,여,49세,상해없음,승용,여,40세,경상
2019031300100535,2019년 3월 13일 19시,수요일,대구광역시 달성군 화원읍,중상사고,0,1,0,0,차대차 - 측면충돌,신호위반,건조,맑음,교차로 - 교차로안,승용,남,34세,상해없음,이륜,남,29세,중상
2019031300100536,2019년 3월 13일 19시,수요일,대구광역시 북구 산격동,부상신고사고,0,0,0,1,차대차 - 측면충돌,불법유턴,건조,맑음,교차로 - 교차로안,자전거,남,73세,부상신고,승용,남,51세,상해없음
2019031300100537,2019년 3월 13일 19시,수요일,대구광역시 중구 태평로2가,부상신고사고,0,0,0,1,차대차 - 측면충돌,안전운전불이행,건조,맑음,교차로 - 교차로횡단보도내,이륜,남,73세,부상신고,승용,남,65세,상해없음
2019031300100538,2019년 3월 13일 19시,수요일,대구광역시 달서구 신당동,경상사고,0,0,1,0,차대차 - 측면충돌,차로위반,건조,맑음,기타 - 기타,승용,여,48세,상해없음,승용,여,57세,상해없음
2019031300100570,2019년 3월 13일 20시,수요일,대구광역시 동구 신서동,경상사고,0,0,1,0,차대사람 - 기타,안전운전불이행,건조,맑음,단일로 - 기타,승용,남,70세,상해없음,보행자,남,50세,경상
2019031300100571,2019년 3월 13일 20시,수요일,대구광역시 달서구 송현동,경상사고,0,0,1,0,차대차 - 측면충돌,안전운전불이행,건조,맑음,교차로 - 교차로부근,승용,여,46세,상해없음,승용,남,53세,경상
2019031300100608,2019년 3월 13일 21시,수요일,대구광역시 서구 비산동,중상사고,0,1,0,0,차대사람 - 길가장자리구역통행중,안전운전불이행,건조,맑음,단일로 - 기타,승용,여,54세,상해없음,보행자,남,42세,중상
2019031300100609,2019년 3월 13일 21시,수요일,대구광역시 북구 매천동,경상사고,0,0,1,0,차대차 - 측면충돌,안전운전불이행,건조,맑음,단일로 - 기타,승용,남,65세,상해없음,승용,남,63세,경상
2019031300100630,2019년 3월 13일 22시,수요일,대구광역시 서구 이현동,중상사고,0,1,0,0,차대차 - 정면충돌,신호위반,건조,맑음,교차로 - 교차로안,화물,남,66세,상해없음,승용,여,55세,중상
2019031300100631,2019년 3월 13일 22시,수요일,대구광역시 달서구 본리동,중상사고,0,1,0,0,차대차 - 측면충돌,안전운전불이행,건조,맑음,교차로 - 교차로안,승용,남,46세,상해없음,승용,남,42세,중상
2019031400100032,2019년 3월 14일 00시,목요일,대구광역시 남구 대명동,경상사고,0,0,1,0,차대차 - 측면충돌,교차로운행방법위반,건조,맑음,교차로 - 교차로안,승용,남,51세,상해없음,원동기,남,36세,경상
2019031400100042,2019년 3월 14일 01시,목요일,대구광역시 달성군 구지면,사망사고,1,1,1,0,차대차 - 추돌,안전운전불이행,건조,맑음,단일로 - 기타,특수,남,48세,상해없음,화물,남,57세,사망
2019031400100043,2019년 3월 14일 01시,목요일,대구광역시 달성군 구지면,경상사고,0,0,3,0,차대차 - 추돌,안전운전불이행,건조,맑음,단일로 - 기타,화물,남,34세,경상,특수,남,38세,경상
2019031400100101,2019년 3월 14일 07시,목요일,대구광역시 동구 숙천동,경상사고,0,0,1,0,차대차 - 정면충돌,안전운전불이행,건조,맑음,교차로 - 교차로부근,승용,남,29세,상해없음,화물,남,57세,경상
2019031400100102,2019년 3월 14일 07시,목요일,대구광역시 서구 이현동,경상사고,0,0,1,0,차대차 - 기타,안전운전불이행,건조,맑음,교차로 - 교차로부근,이륜,남,56세,상해없음,승용,여,50세,경상
2019031400100103,2019년 3월 14일 07시,목요일,대구광역시 달서구 장동,중상사고,0,1,0,0,차대사람 - 횡단중,보행자보호의무위반,건조,맑음,기타 - 기타,승용,여,55세,상해없음,보행자,남,60세,중상
2019031400100154,2019년 3월 14일 08시,목요일,대구광역시 달서구 성당동,경상사고,0,0,1,0,차대차 - 추돌,안전거리미확보,건조,맑음,단일로 - 기타,승용,남,32세,상해없음,승용,남,48세,경상
2019031400100155,2019년 3월 14일 08시,목요일,대구광역시 달서구 갈산동,경상사고,0,0,1,0,차대차 - 측면충돌,신호위반,건조,맑음,교차로 - 교차로안,승용,남,53세,상해없음,승용,남,23세,경상
2019031400100156,2019년 3월 14일 08시,목요일,대구광역시 북구 매천동,중상사고,0,1,0,0,차대차 - 측면충돌,안전운전불이행,건조,맑음,교차로 - 교차로부근,화물,남,22세,상해없음,이륜,남,32세,중상
2019031400100193,2019년 3월 14일 09시,목요일,대구광역시 동구 방촌동,경상사고,0,0,1,0,차대사람 - 기타,안전운전불이행,건조,맑음,단일로 - 기타,화물,남,55세,상해없음,보행자,남,44세,경상