사고번호,사고일시,요일,시군구,사고내용,사망자수,중상자수,경상자수,부상신고자수,사고유형,법규위반,노면상태,기상상태,도로형태,가해운전자 차종,가해운전자 성별,가해운전자 연령,가해운전자 상해정도,피해운전자 차종,피해운전자 성별,피해운전자 연령,피해운전자 상해정도
2019040400100526,2019년 4월 4일 18시,목요일,대구광역시 수성구 수성동4가,경상사고,0,0,4,0,차대차 - 측면충돌,안전운전불이행,건조,맑음,단일로 - 기타,승용,여,60세,경상,승용,남,36세,경상
2019040400100551,2019년 4월 4일 19시,목요일,대구광역시 수성구 지산동,중상사고,0,1,0,0,차대사람 - 횡단중,안전운전불이행,건조,맑음,단일로 - 기타,승합,남,81세,상해없음,보행자,남,5세,중상
2019040400100552,2019년 4월 4일 19시,목요일,대구광역시 달서구 대곡동,경상사고,0,0,3,0,차대차 - 측면충돌,차로위반,건조,맑음,단일로 - 기타,승용,여,25세,상해없음,승용,여,41세,경상
2019040400100553,2019년 4월 4일 19시,목요일,대구광역시 달서구 도원동,경상사고,0,0,1,0,차대차 - 측면충돌,안전운전불이행,건조,맑음,단일로 - 기타,화물,남,45세,상해없음,승용,남,30세,경상
2019040400100554,2019년 4월 4일 19시,목요일,대구광역시 서구 평리동,중상사고,0,1,0,0,차대사람 - 기타,안전운전불이행,건조,맑음,단일로 - 기타,승용,남,61세,상해없음,보행자,남,57세,중상
2019040400100555,2019년 4월 4일 19시,목요일,대구광역시 서구 내당동,경상사고,0,0,2,0,차대사람 - 차도통행중,안전운전불이행,건조,맑음,단일로 - 기타,화물,남,58세,상해없음,보행자,남,50세,경상
2019040400100556,2019년 4월 4일 19시,목요일,대구광역시 달서구 용산동,중상사고,0,1,0,0,차대사람 - 기타,안전운전불이행,건조,맑음,교차로 - 교차로횡단보도내,승용,남,23세,상해없음,보행자,여,64세,중상
2019040400100557,2019년 4월 4일 19시,목요일,대구광역시 북구 읍내동,경상사고,0,0,2,1,차대차 - 기타,차로위반,건조,맑음,교차로 - 교차로부근,승용,여,52세,부상신고,이륜,남,16세,경상
2019040400100596,2019년 4월 4일 20시,목요일,대구광역시 달서구 대천동,부상신고사고,0,0,0,1,차대차 - 측면충돌,안전운전불이행,건조,맑음,단일로 - 기타,승용,남,42세,상해없음,자전거,남,51세,부상신고
2019040400100597,2019년 4월 4일 20시,목요일,대구광역시 북구 침산동,경상사고,0,0,1,0,차대차 - 기타,신호위반,건조,맑음,교차로 - 교차로안,승용,여,58세,상해없음,승용,여,36세,상해없음
2019040400100623,2019년 4월 4일 21시,목요일,대구광역시 동구 신천동,경상사고,0,0,6,0,차대차 - 측면충돌,안전거리미확보,건조,맑음,단일로 - 기타,승용,남,19세,경상,승용,여,24세,경상
2019040400100624,2019년 4월 4일 21시,목요일,대구광역시 중구 동인동4가,경상사고,0,0,1,1,차대차 - 추돌,안전운전불이행,건조,맑음,단일로 - 기타,승합,여,29세,상해없음,승용,여,41세,경상
2019040400100649,2019년 4월 4일 22시,목요일,대구광역시 동구 효목동,경상사고,0,0,3,0,차대차 - 추돌,안전운전불이행,건조,맑음,단일로 - 기타,승용,남,52세,상해없음,승용,남,56세,경상
2019040400100650,2019년 4월 4일 22시,목요일,대구광역시 북구 고성동1가,중상사고,0,1,2,0,차대차 - 측면충돌,신호위반,건조,흐림,교차로 - 교차로안,승용,남,26세,경상,승용,남,31세,경상
2019040400100674,2019년 4월 4일 23시,목요일,대구광역시 달서구 신당동,경상사고,0,0,2,0,차대차 - 기타,안전운전불이행,건조,기타,단일로 - 기타,승용,남,33세,상해없음,이륜,남,16세,경상
2019040500100079,2019년 4월 5일 05시,금요일,대구광역시 달성군 다사읍,중상사고,0,1,0,0,차대차 - 기타,안전운전불이행,건조,맑음,교차로 - 교차로안,승용,남,27세,상해없음,승용,남,43세,중상
2019040500100091,2019년 4월 5일 06시,금요일,대구광역시 북구 산격동,중상사고,0,1,0,0,차대사람 - 횡단중,신호위반,건조,맑음,교차로 - 교차로횡단보도내,이륜,남,36세,상해없음,보행자,여,28세,중상
2019040500100110,2019년 4월 5일 07시,금요일,대구광역시 동구 용계동,경상사고,0,0,2,0,차대차 - 측면충돌,신호위반,건조,맑음,교차로 - 교차로안,승용,남,55세,상해없음,승용,남,41세,경상
2019040500100111,2019년 4월 5일 07시,금요일,대구광역시 수성구 범물동,경상사고,0,0,1,0,차대사람 - 횡단중,안전운전불이행,건조,맑음,단일로 - 기타,승용,남,58세,상해없음,보행자,여,9세,경상
2019040500100112,2019년 4월 5일 07시,금요일,대구광역시 북구 태전동,경상사고,0,0,1,0,차대차 - 기타,안전운전불이행,건조,맑음,단일로 - 기타,화물,남,56세,상해없음,건설기계,남,55세,경상
2019040500100147,2019년 4월 5일 08시,금요일,대구광역시 수성구 시지동,경상사고,0,0,2,0,차대차 - 기타,안전거리미확보,건조,맑음,단일로 - 기타,승용,여,64세,상해없음,승용,여,46세,경상
2019040500100178,2019년 4월 5일 09시,금요일,대구광역시 달서구 감삼동,경상사고,0,0,1,0,차대차 - 추돌,안전운전불이행,건조,맑음,교차로 - 교차로부근,승용,남,54세,상해없음,승용,여,57세,경상
2019040500100230,2019년 4월 5일 11시,금요일,대구광역시 수성구 매호동,경상사고,0,0,1,0,차대차 - 측면충돌,안전운전불이행,건조,맑음,단일로 - 기타,승용,남,39세,상해없음,승용,여,37세,경상
2019040500100231,2019년 4월 5일 11시,금요일,대구광역시 수성구 매호동,경상사고,0,0,1,0,차대차 - 측면충돌,안전운전불이행,건조,맑음,단일로 - 기타,승용,남,39세,상해없음,승용,여,37세,경상
2019040500100232,2019년 4월 5일 11시,금요일,대구광역시 달성군 유가읍,경상사고,0,0,1,0,차대차 - 기타,신호위반,건조,맑음,교차로 - 교차로안,승용,남,26세,상해없음,승용,남,36세,경상
2019040500100254,2019년 4월 5일 12시,금요일,대구광역시 수성구 연호동,경상사고,0,0,1,0,차대차 - 측면충돌,차로위반,건조,맑음,단일로 - 기타,승용,여,63세,상해없음,화물,남,31세,경상
2019040500100255,2019년 4월 5일 12시,금요일,대구광역시 수성구 파동,경상사고,0,0,1,0,차대차 - 추돌,안전운전불이행,건조,맑음,단일로 - 기타,승용,여,64세,기타불명,화물,남,55세,경상
2019040500100256,2019년 4월 5일 12시,금요일,대구광역시 북구 노원동1가,경상사고,0,0,1,0,차대차 - 측면충돌,직진우회전진행방해,건조,맑음,교차로 - 교차로안,승용,여,46세,상해없음,승용,남,50세,경상
2019040500100288,2019년 4월 5일 13시,금요일,대구광역시 북구 노곡동,경상사고,0,0,4,0,차대차 - 기타,안전거리미확보,건조,맑음,단일로 - 기타,화물,남,62세,상해없음,승용,남,58세,경상
2019040500100323,2019년 4월 5일 14시,금요일,대구광역시 남구 대명동,경상사고,0,0,3,0,차대차 - 측면충돌,교차로운행방법위반,건조,맑음,단일로 - 기타,승용,남,76세,상해없음,승합,남,58세,상해없음
2019040500100324,2019년 4월 5일 14시,금요일,대구광역시 수성구 만촌동,경상사고,0,0,2,0,차대차 - 측면충돌,신호위반,건조,맑음,교차로 - 교차로안,승용,남,26세,상해없음,승용,여,47세,경상
2019040500100364,2019년 4월 5일 15시,금요일,대구광역시 남구 봉덕동,중상사고,0,3,3,1,차대사람 - 기타,보행자보호의무위반,건조,맑음,교차로 - 교차로부근,승용,여,57세,상해없음,보행자,여,14세,중상
2019040500100365,2019년 4월 5일 15시,금요일,대구광역시 수성구 두산동,중상사고,0,1,0,0,차대차 - 추돌,안전운전불이행,건조,맑음,교차로 - 교차로부근,승용,남,58세,상해없음,승용,남,43세,상해없음
2019040500100366,2019년 4월 5일 15시,금요일,대구광역시 달서구 유천동,경상사고,0,0,1,0,차대차 - 측면충돌,신호위반,건조,맑음,교차로 - 교차로안,건설기계,남,60세,상해없음,승용,남,68세,경상
2019040500100367,2019년 4월 5일 15시,금요일,대구광역시 서구 평리동,경상사고,0,0,2,0,차대차 - 측면충돌,안전운전불이행,건조,맑음,기타 - 기타,승용,남,29세,경상,승합,남,43세,상해없음
2019040500100408,2019년 4월 5일 16시,금요일,대구광역시 달서구 장기동,중상사고,0,1,1,0,차대차 - 측면충돌,신호위반,건조,맑음,교차로 - 교차로안,승용,남,48세,경상,화물,남,40세,중상
2019040500100463,2019년 4월 5일 17시,금요일,대구광역시 북구 산격동,중상사고,0,1,0,0,차대사람 - 기타,중앙선침범,건조,맑음,기타 - 기타,승용,여,53세,상해없음,보행자,남,52세,중상
2019040500100514,2019년 4월 5일 18시,금요일,대구광역시 달성군 화원읍,경상사고,0,0,3,0,차대차 - 추돌,안전운전불이행,건조,맑음,단일로 - 기타,승용,남,77세,상해없음,승용,여,35세,경상
2019040500100515,2019년 4월 5일 18시,금요일,대구광역시 북구 산격동,경상사고,0,0,5,0,차대차 - 측면충돌,안전운전불이행,건조,맑음,단일로 - 기타,화물,남,52세,상해없음,승합,남,58세,경상
2019040500100572,2019년 4월 5일 19시,금요일,대구광역시 남구 대명동,중상사고,0,1,0,0,차대사람 - 횡단중,보행자보호의무위반,건조,맑음,단일로 - 기타,승용,남,28세,상해없음,보행자,여,56세,중상
2019040500100573,2019년 4월 5일 19시,금요일,대구광역시 북구 구암동,경상사고,0,0,2,0,차대차 - 기타,안전운전불이행,건조,맑음,교차로 - 교차로안,승용,남,70세,상해없음,승용,남,31세,경상
2019040500100619,2019년 4월 5일 20시,금요일,대구광역시 동구 불로동,경상사고,0,0,1,0,차대차 - 측면충돌,안전운전불이행,건조,맑음,단일로 - 기타,승용,남,38세,상해없음,이륜,남,27세,경상
2019040500100620,2019년 4월 5일 20시,금요일,대구광역시 북구 침산동,경상사고,0,0,3,0,차대차 - 추돌,안전거리미확보,건조,맑음,단일로 - 기타,승용,남,26세,상해없음,승용,남,27세,경상
2019040500100621,2019년 4월 5일 20시,금요일,대구광역시 달서구 성당동,중상사고,0,1,1,0,차대차 - 측면충돌,안전운전불이행,건조,맑음,단일로 - 기타,이륜,남,55세,경상,이륜,남,23세,중상
2019040500100655,2019년 4월 5일 21시,금요일,대구광역시 달성군 다사읍,경상사고,0,0,1,0,차대차 - 측면충돌,안전운전불이행,건조,맑음,단일로 - 기타,승용,남,18세,상해없음,승용,여,41세,경상
2019040500100692,2019년 4월 5일 22시,금요일,대구광역시 서구 내당동,경상사고,0,0,1,0,차대사람 - 차도통행중,안전운전불이행,건조,맑음,단일로 - 기타,승용,남,64세,상해없음,보행자,남,57세,경상
2019040500100714,2019년 4월 5일 23시,금요일,대구광역시 동구 신기동,중상사고,0,1,0,0,차대차 - 추돌,안전운전불이행,건조,맑음,교차로 - 교차로부근,승용,남,27세,상해없음,이륜,남,18세,중상
2019040600100041,2019년 4월 6일 00시,토요일,대구광역시 동구 신암동,경상사고,0,0,1,0,차대차 - 추돌,안전운전불이행,건조,맑음,단일로 - 기타,화물,남,37세,상해없음,승용,남,40세,경상
2019040600100042,2019년 4월 6일 00시,토요일,대구광역시 동구 신천동,경상사고,0,0,1,0,차대사람 - 기타,안전운전불이행,건조,맑음,단일로 - 기타,승용,남,39세,상해없음,보행자,남,70세,경상
2019040600100043,2019년 4월 6일 00시,토요일,대구광역시 수성구 두산동,중상사고,0,1,2,0,차대차 - 기타,안전거리미확보,건조,맑음,단일로 - 기타,승용,남,28세,상해없음,승용,남,48세,경상
2019040600100044,2019년 4월 6일 00시,토요일,대구광역시 북구 구암동,중상사고,0,1,1,2,차대차 - 측면충돌,안전거리미확보,건조,맑음,단일로 - 기타,승용,남,62세,상해없음,승용,남,46세,중상
2019040600100076,2019년 4월 6일 02시,토요일,대구광역시 수성구 두산동,경상사고,0,0,1,0,차대사람 - 횡단중,안전운전불이행,건조,맑음,단일로 - 기타,승용,남,64세,상해없음,보행자,여,25세,경상
2019040600100085,2019년 4월 6일 03시,토요일,대구광역시 북구 노원동2가,중상사고,0,1,0,0,차대사람 - 횡단중,안전운전불이행,건조,맑음,단일로 - 기타,승용,남,70세,상해없음,보행자,남,48세,중상
2019040600100086,2019년 4월 6일 03시,토요일,대구광역시 달서구 두류동,경상사고,0,0,1,0,차대사람 - 기타,안전운전불이행,건조,맑음,단일로 - 기타,승용,여,40세,상해없음,보행자,남,33세,경상
2019040600100098,2019년 4월 6일 05시,토요일,대구광역시 중구 대봉동,중상사고,0,1,0,0,차대차 - 측면충돌,신호위반,건조,맑음,교차로 - 교차로안,승용,남,73세,상해없음,승용,남,35세,중상
2019040600100211,2019년 4월 6일 10시,토요일,대구광역시 수성구 두산동,부상신고사고,0,0,0,1,차대차 - 추돌,안전운전불이행,건조,맑음,교차로 - 교차로부근,승용,남,64세,상해없음,승용,남,31세,부상신고
2019040600100212,2019년 4월 6일 10시,토요일,대구광역시 달서구 두류동,경상사고,0,0,2,0,차대차 - 측면충돌,안전운전불이행,건조,맑음,단일로 - 기타,승용,남,62세,경상,승용,남,30세,상해없음
2019040600100244,2019년 4월 6일 11시,토요일,대구광역시 달성군 다사읍,중상사고,0,1,0,0,차대차 - 측면충돌,안전운전불이행,건조,맑음,교차로 - 교차로부근,승용,남,62세,상해없음,승용,남,47세,중상
2019040600100275,2019년 4월 6일 12시,토요일,대구광역시 동구 지저동,경상사고,0,0,1,0,차대사람 - 기타,안전운전불이행,건조,맑음,단일로 - 기타,승용,남,56세,상해없음,보행자,남,72세,경상
2019040600100276,2019년 4월 6일 12시,토요일,대구광역시 동구 효목동,경상사고,0,0,1,0,차대차 - 측면충돌,교차로운행방법위반,건조,맑음,교차로 - 교차로안,승합,남,25세,상해없음,승용,남,55세,경상
2019040600100277,2019년 4월 6일 12시,토요일,대구광역시 달서구 월성동,경상사고,0,0,1,0,차대차 - 추돌,안전거리미확보,건조,맑음,교차로 - 교차로안,승용,여,41세,상해없음,승용,여,57세,경상
2019040600100278,2019년 4월 6일 12시,토요일,대구광역시 서구 원대동3가,중상사고,0,1,0,0,차대사람 - 기타,신호위반,건조,맑음,단일로 - 기타,이륜,남,15세,상해없음,보행자,여,57세,중상
2019040600100279,2019년 4월 6일 12시,토요일,대구광역시 중구 삼덕동1가,경상사고,0,0,1,1,차대차 - 측면충돌,교차로운행방법위반,건조,맑음,교차로 - 교차로안,화물,남,35세,부상신고,이륜,남,23세,경상
2019040600100280,2019년 4월 6일 12시,토요일,대구광역시 달서구 이곡동,중상사고,0,1,1,0,차대차 - 측면충돌,신호위반,건조,맑음,단일로 - 기타,이륜,남,30세,중상,이륜,남,39세,경상
2019040600100328,2019년 4월 6일 13시,토요일,대구광역시 동구 용계동,중상사고,0,1,0,0,차대차 - 측면충돌,차로위반,건조,맑음,단일로 - 기타,승용,남,51세,상해없음,승용,남,30세,중상
2019040600100329,2019년 4월 6일 13시,토요일,대구광역시 달서구 상인동,중상사고,0,1,0,0,차대차 - 추돌,안전거리미확보,건조,맑음,단일로 - 기타,승용,여,42세,상해없음,승용,여,43세,상해없음
2019040600100330,2019년 4월 6일 13시,토요일,대구광역시 북구 복현동,중상사고,0,1,0,0,차대차 - 추돌,안전거리미확보,건조,맑음,단일로 - 기타,화물,남,64세,상해없음,승용,여,29세,중상
2019040600100331,2019년 4월 6일 13시,토요일,대구광역시 북구 동천동,경상사고,0,0,1,0,차대차 - 측면충돌,중앙선침범,건조,맑음,교차로 - 교차로횡단보도내,승용,남,52세,상해없음,이륜,남,21세,경상
2019040600100363,2019년 4월 6일 14시,토요일,대구광역시 동구 신서동,경상사고,0,0,1,0,차대차 - 측면충돌,차로위반,건조,맑음,단일로 - 기타,승용,여,63세,상해없음,승용,남,26세,경상
2019040600100364,2019년 4월 6일 14시,토요일,대구광역시 동구 신암동,경상사고,0,0,1,0,차대차 - 측면충돌,안전운전불이행,건조,맑음,단일로 - 기타,승용,여,64세,상해없음,이륜,남,28세,경상
2019040600100365,2019년 4월 6일 14시,토요일,대구광역시 북구 노원동3가,경상사고,0,0,5,0,차대차 - 추돌,안전거리미확보,건조,맑음,단일로 - 기타,승용,남,28세,상해없음,승용,여,36세,경상
2019040600100366,2019년 4월 6일 14시,토요일,대구광역시 서구 비산동,중상사고,0,1,2,0,차대차 - 추돌,안전운전불이행,건조,맑음,단일로 - 기타,건설기계,남,38세,상해없음,승용,남,51세,중상
2019040600100396,2019년 4월 6일 15시,토요일,대구광역시 동구 신천동,경상사고,0,0,4,1,차대차 - 측면충돌,안전운전불이행,건조,맑음,단일로 - 기타,승용,여,46세,경상,승용,남,24세,경상
2019040600100397,2019년 4월 6일 15시,토요일,대구광역시 달서구 월성동,중상사고,0,1,0,0,차대사람 - 기타,안전운전불이행,건조,맑음,단일로 - 기타,자전거,남,11세,상해없음,보행자,여,57세,중상
2019040600100398,2019년 4월 6일 15시,토요일,대구광역시 달성군 논공읍,중상사고,0,1,1,0,차대차 - 측면충돌,신호위반,건조,맑음,교차로 - 교차로안,이륜,남,18세,중상,승용,남,53세,상해없음
2019040600100399,2019년 4월 6일 15시,토요일,대구광역시 북구 칠성동2가,부상신고사고,0,0,0,1,차량단독 - 기타,안전운전불이행,건조,맑음,단일로 - 기타,승용,남,47세,상해없음,,,,
2019040600100400,2019년 4월 6일 15시,토요일,대구광역시 서구 비산동,중상사고,0,1,0,0,차대사람 - 기타,안전운전불이행,건조,맑음,교차로 - 교차로안,원동기,남,70세,상해없음,보행자,여,61세,중상
2019040600100401,2019년 4월 6일 15시,토요일,대구광역시 중구 동성로2가,경상사고,0,0,1,0,차대사람 - 기타,안전운전불이행,건조,맑음,단일로 - 기타,승용,여,38세,상해없음,보행자,여,18세,경상
2019040600100435,2019년 4월 6일 16시,토요일,대구광역시 남구 대명동,경상사고,0,0,1,0,차대사람 - 기타,안전운전불이행,건조,맑음,기타 - 기타,승용,남,22세,상해없음,보행자,남,37세,경상
2019040600100436,2019년 4월 6일 16시,토요일,대구광역시 수성구 범어동,경상사고,0,0,1,0,차대차 - 측면충돌,안전운전불이행,건조,맑음,단일로 - 기타,이륜,남,26세,경상,승용,여,50세,상해없음
2019040600100437,2019년 4월 6일 16시,토요일,대구광역시 수성구 지산동,경상사고,0,0,4,0,차대차 - 측면충돌,안전운전불이행,건조,맑음,단일로 - 기타,승용,남,47세,경상,승용,남,33세,경상
2019040600100438,2019년 4월 6일 16시,토요일,대구광역시 달서구 유천동,경상사고,0,0,1,0,차대차 - 추돌,안전운전불이행,건조,맑음,단일로 - 기타,승용,여,53세,상해없음,승용,여,47세,경상
2019040600100439,2019년 4월 6일 16시,토요일,대구광역시 달성군 구지면,중상사고,0,1,0,0,차대차 - 측면충돌,교차로운행방법위반,건조,맑음,교차로 - 교차로안,승용,남,56세,상해없음,승용,남,47세,중상
2019040600100440,2019년 4월 6일 16시,토요일,대구광역시 북구 산격동,중상사고,0,3,0,0,차대차 - 측면충돌,신호위반,건조,맑음,교차로 - 교차로안,승용,남,69세,상해없음,승용,남,41세,중상
2019040600100441,2019년 4월 6일 16시,토요일,대구광역시 서구 원대동3가,경상사고,0,0,1,0,차대차 - 측면충돌,신호위반,건조,맑음,단일로 - 기타,승용,남,76세,상해없음,이륜,여,40세,경상
2019040600100442,2019년 4월 6일 16시,토요일,대구광역시 달서구 이곡동,중상사고,0,1,0,0,차대차 - 기타,안전거리미확보,건조,맑음,단일로 - 기타,승용,여,54세,상해없음,승용,여,52세,중상
2019040600100473,2019년 4월 6일 17시,토요일,대구광역시 수성구 두산동,경상사고,0,0,3,0,차대차 - 측면충돌,교차로운행방법위반,건조,맑음,교차로 - 교차로안,승용,남,62세,상해없음,승용,남,23세,경상
2019040600100474,2019년 4월 6일 17시,토요일,대구광역시 북구 산격동,경상사고,0,0,1,0,차대차 - 정면충돌,안전운전불이행,건조,맑음,단일로 - 기타,승용,남,47세,상해없음,이륜,남,24세,경상
2019040600100475,2019년 4월 6일 17시,토요일,대구광역시 중구 봉산동,중상사고,0,1,2,0,차대차 - 측면충돌,신호위반,건조,맑음,교차로 - 교차로안,승용,여,51세,상해없음,승용,여,59세,경상
2019040600100476,2019년 4월 6일 17시,토요일,대구광역시 달서구 이곡동,경상사고,0,0,1,0,차대차 - 기타,안전운전불이행,건조,맑음,교차로 - 교차로횡단보도내,승용,남,43세,상해없음,자전거,남,10세,경상
2019040600100477,2019년 4월 6일 17시,토요일,대구광역시 북구 태전동,경상사고,0,0,3,0,차대차 - 측면충돌,안전운전불이행,건조,맑음,교차로 - 교차로부근,승용,남,70세,경상,이륜,남,40세,경상
2019040600100478,2019년 4월 6일 17시,토요일,대구광역시 북구 사수동,중상사고,0,1,4,0,차대차 - 측면충돌,직진우회전진행방해,건조,맑음,교차로 - 교차로안,화물,남,47세,경상,승용,남,76세,중상
2019040600100502,2019년 4월 6일 18시,토요일,대구광역시 동구 상매동,경상사고,0,0,2,0,차대차 - 측면충돌,교차로운행방법위반,건조,맑음,교차로 - 교차로안,화물,남,68세,경상,승용,여,28세,경상
2019040600100503,2019년 4월 6일 18시,토요일,대구광역시 달서구 월암동,경상사고,0,0,1,0,차대차 - 측면충돌,안전운전불이행,건조,맑음,단일로 - 기타,이륜,남,62세,경상,승용,남,50세,상해없음
2019040600100504,2019년 4월 6일 18시,토요일,대구광역시 달서구 본동,경상사고,0,0,1,0,차대차 - 측면충돌,직진우회전진행방해,건조,맑음,교차로 - 교차로안,승용,남,63세,상해없음,승용,남,52세,경상
2019040600100572,2019년 4월 6일 20시,토요일,대구광역시 수성구 수성동3가,중상사고,0,1,2,0,차대차 - 측면충돌,신호위반,건조,맑음,교차로 - 교차로안,이륜,남,65세,중상,승용,남,56세,경상
2019040600100573,2019년 4월 6일 20시,토요일,대구광역시 서구 비산동,경상사고,0,0,1,0,차대차 - 측면충돌,안전운전불이행,건조,맑음,단일로 - 기타,승용,남,51세,상해없음,승용,여,25세,경상
2019040600100574,2019년 4월 6일 20시,토요일,대구광역시 서구 내당동,경상사고,0,0,1,0,차대차 - 측면충돌,안전운전불이행,건조,맑음,교차로 - 교차로안,승용,남,63세,상해없음,승용,남,27세,경상
2019040600100645,2019년 4월 6일 23시,토요일,대구광역시 서구 평리동,경상사고,0,0,2,0,차대차 - 측면충돌,불법유턴,건조,맑음,교차로 - 교차로부근,승용,남,28세,경상,승용,남,26세,상해없음
2019040600100646,2019년 4월 6일 23시,토요일,대구광역시 달서구 두류동,경상사고,0,0,2,0,차대차 - 추돌,안전운전불이행,건조,맑음,교차로 - 교차로부근,승용,남,38세,상해없음,승용,남,62세,경상
2019040600100647,2019년 4월 6일 23시,토요일,대구광역시 달서구 신당동,중상사고,0,1,0,0,차대차 - 기타,안전운전불이행,건조,맑음,단일로 - 기타,승용,남,43세,상해없음,이륜,남,33세,중상
2019040600100648,2019년 4월 6일 23시,토요일,대구광역시 달서구 호산동,경상사고,0,0,3,0,차대차 - 측면충돌,교차로운행방법위반,건조,흐림,교차로 - 교차로안,승용,여,49세,경상,승용,남,66세,경상
2019040600100649,2019년 4월 6일 23시,토요일,대구광역시 북구 구암동,중상사고,0,1,0,0,차대차 - 기타,안전운전불이행,건조,맑음,교차로 - 교차로부근,승용,남,26세,상해없음,자전거,남,62세,중상
2019040700100064,2019년 4월 7일 02시,일요일,대구광역시 달서구 송현동,경상사고,0,0,1,0,차대사람 - 길가장자리구역통행중,안전운전불이행,건조,맑음,단일로 - 기타,승용,남,52세,상해없음,보행자,남,50세,경상
2019040700100075,2019년 4월 7일 03시,일요일,대구광역시 중구 삼덕동1가,경상사고,0,0,1,0,차대사람 - 기타,안전운전불이행,건조,맑음,단일로 - 기타,승용,남,21세,상해없음,보행자,남,24세,경상
2019040700100102,2019년 4월 7일 06시,일요일,대구광역시 달서구 장기동,중상사고,0,1,0,0,차대사람 - 기타,신호위반,건조,맑음,단일로 - 기타,승용,남,51세,상해없음,보행자,여,74세,중상
2019040700100119,2019년 4월 7일 08시,일요일,대구광역시 동구 방촌동,경상사고,0,0,1,1,차대차 - 측면충돌,신호위반,건조,맑음,교차로 - 교차로안,승용,남,31세,상해없음,승용,남,44세,경상
2019040700100120,2019년 4월 7일 08시,일요일,대구광역시 달서구 죽전동,중상사고,0,1,0,0,차대차 - 기타,안전운전불이행,건조,맑음,단일로 - 기타,이륜,남,79세,중상,승용,남,62세,상해없음
2019040700100135,2019년 4월 7일 09시,일요일,대구광역시 중구 달성동,중상사고,0,1,0,0,차대사람 - 길가장자리구역통행중,안전운전불이행,건조,맑음,단일로 - 기타,화물,남,52세,상해없음,보행자,남,74세,중상
2019040700100136,2019년 4월 7일 09시,일요일,대구광역시 북구 태전동,경상사고,0,0,1,0,차대사람 - 기타,기타,건조,맑음,단일로 - 기타,승용,여,54세,상해없음,보행자,여,50세,경상
2019040700100162,2019년 4월 7일 10시,일요일,대구광역시 수성구 범물동,경상사고,0,0,1,0,차대차 - 측면충돌,안전운전불이행,건조,맑음,교차로 - 교차로안,승용,남,63세,상해없음,승용,여,61세,경상
2019040700100190,2019년 4월 7일 11시,일요일,대구광역시 서구 평리동,경상사고,0,0,2,0,차대차 - 측면충돌,직진우회전진행방해,건조,맑음,교차로 - 교차로안,승용,남,61세,경상,승용,여,67세,경상
2019040700100247,2019년 4월 7일 13시,일요일,대구광역시 북구 읍내동,중상사고,0,1,0,0,차대차 - 기타,안전거리미확보,건조,맑음,단일로 - 기타,승용,남,56세,상해없음,이륜,남,37세,중상
2019040700100313,2019년 4월 7일 15시,일요일,대구광역시 수성구 두산동,경상사고,0,0,2,0,차대차 - 추돌,안전운전불이행,건조,맑음,단일로 - 기타,승용,여,39세,상해없음,승용,남,27세,경상
2019040700100353,2019년 4월 7일 16시,일요일,대구광역시 동구 신기동,중상사고,0,1,4,0,차대차 - 추돌,안전운전불이행,건조,맑음,교차로 - 교차로안,승용,남,51세,상해없음,승용,남,72세,경상
2019040700100354,2019년 4월 7일 16시,일요일,대구광역시 수성구 중동,중상사고,0,1,2,0,차대차 - 측면충돌,안전거리미확보,건조,맑음,단일로 - 기타,이륜,남,56세,중상,승용,남,56세,경상
2019040700100386,2019년 4월 7일 17시,일요일,대구광역시 달성군 화원읍,경상사고,0,0,1,0,차대차 - 기타,안전운전불이행,건조,맑음,단일로 - 기타,승용,남,26세,상해없음,이륜,남,22세,경상
2019040700100437,2019년 4월 7일 19시,일요일,대구광역시 동구 율하동,경상사고,0,0,4,0,차대차 - 측면충돌,안전운전불이행,건조,맑음,교차로 - 교차로안,승용,남,27세,상해없음,승용,남,52세,경상
2019040700100438,2019년 4월 7일 19시,일요일,대구광역시 동구 신암동,경상사고,0,0,5,0,차대차 - 추돌,안전운전불이행,건조,맑음,단일로 - 기타,승용,남,62세,기타불명,승용,남,43세,경상
2019040700100439,2019년 4월 7일 19시,일요일,대구광역시 달서구 대천동,경상사고,0,0,1,0,차대차 - 측면충돌,과속,건조,맑음,교차로 - 교차로안,승용,남,45세,상해없음,승용,남,47세,경상
2019040700100440,2019년 4월 7일 19시,일요일,대구광역시 서구 평리동,경상사고,0,0,1,0,차대차 - 추돌,안전운전불이행,건조,맑음,단일로 - 기타,화물,남,58세,상해없음,승용,남,55세,기타불명
2019040700100441,2019년 4월 7일 19시,일요일,대구광역시 서구 내당동,경상사고,0,0,1,0,차대차 - 측면충돌,교차로운행방법위반,건조,맑음,교차로 - 교차로안,승용,남,33세,상해없음,이륜,남,17세,경상
2019040700100463,2019년 4월 7일 20시,일요일,대구광역시 남구 대명동,중상사고,0,1,3,0,차대차 - 측면충돌,안전거리미확보,건조,맑음,단일로 - 기타,승용,남,67세,상해없음,승용,남,38세,중상
2019040700100464,2019년 4월 7일 20시,일요일,대구광역시 달서구 성당동,중상사고,0,1,0,0,차대차 - 측면충돌,신호위반,건조,맑음,교차로 - 교차로안,승용,남,54세,상해없음,이륜,남,17세,중상
2019040700100465,2019년 4월 7일 20시,일요일,대구광역시 달서구 감삼동,경상사고,0,0,1,0,차대차 - 측면충돌,안전운전불이행,건조,맑음,기타 - 기타,승용,여,52세,상해없음,이륜,남,20세,경상