사고번호,사고일시,요일,시군구,사고내용,사망자수,중상자수,경상자수,부상신고자수,사고유형,법규위반,노면상태,기상상태,도로형태,가해운전자 차종,가해운전자 성별,가해운전자 연령,가해운전자 상해정도,피해운전자 차종,피해운전자 성별,피해운전자 연령,피해운전자 상해정도
2019041400100045,2019년 4월 14일 01시,일요일,대구광역시 북구 조야동,경상사고,0,0,1,0,차대차 - 추돌,안전운전불이행,건조,맑음,단일로 - 기타,승용,남,32세,상해없음,승용,남,54세,경상
2019041400100046,2019년 4월 14일 01시,일요일,대구광역시 동구 효목동,경상사고,0,0,3,0,차대차 - 정면충돌,중앙선침범,건조,맑음,교차로 - 교차로안,승용,남,38세,상해없음,승용,남,64세,경상
2019041400100047,2019년 4월 14일 01시,일요일,대구광역시 서구 비산동,중상사고,0,1,0,0,차대차 - 측면충돌,불법유턴,건조,맑음,교차로 - 교차로안,자전거,남,50세,중상,승용,남,53세,상해없음
2019041400100080,2019년 4월 14일 04시,일요일,대구광역시 북구 태전동,중상사고,0,1,0,0,차량단독 - 공작물충돌,안전운전불이행,건조,맑음,단일로 - 기타,이륜,남,23세,중상,,,,
2019041400100093,2019년 4월 14일 06시,일요일,대구광역시 달성군 화원읍,경상사고,0,0,1,0,차대차 - 측면충돌,안전운전불이행,건조,맑음,교차로 - 교차로안,승용,남,63세,상해없음,화물,남,63세,경상
2019041400100125,2019년 4월 14일 09시,일요일,대구광역시 수성구 상동,경상사고,0,0,1,0,차대사람 - 보도통행중,보행자보호의무위반,건조,맑음,교차로 - 교차로횡단보도내,승용,남,69세,상해없음,보행자,남,50세,경상
2019041400100165,2019년 4월 14일 11시,일요일,대구광역시 수성구 두산동,경상사고,0,0,1,0,차대차 - 측면충돌,중앙선침범,건조,맑음,단일로 - 기타,승용,여,35세,상해없음,화물,남,59세,경상
2019041400100166,2019년 4월 14일 11시,일요일,대구광역시 북구 복현동,경상사고,0,0,2,0,차대차 - 측면충돌,안전운전불이행,건조,맑음,단일로 - 기타,승용,남,70세,상해없음,승용,남,38세,경상
2019041400100190,2019년 4월 14일 12시,일요일,대구광역시 동구 입석동,경상사고,0,0,1,0,차대차 - 측면충돌,교차로운행방법위반,건조,맑음,교차로 - 교차로안,승합,남,65세,상해없음,승용,남,38세,경상
2019041400100191,2019년 4월 14일 12시,일요일,대구광역시 수성구 만촌동,부상신고사고,0,0,0,1,차대차 - 측면충돌,안전운전불이행,건조,맑음,주차장 - 주차장,승용,여,75세,부상신고,승용,여,51세,상해없음
2019041400100192,2019년 4월 14일 12시,일요일,대구광역시 달서구 본동,경상사고,0,0,1,0,차대차 - 측면충돌,안전운전불이행,건조,맑음,단일로 - 기타,승용,남,62세,상해없음,자전거,남,48세,경상
2019041400100221,2019년 4월 14일 13시,일요일,대구광역시 동구 지저동,경상사고,0,0,1,0,차대차 - 기타,안전운전불이행,건조,맑음,교차로 - 교차로부근,승용,여,66세,상해없음,자전거,여,57세,경상
2019041400100222,2019년 4월 14일 13시,일요일,대구광역시 달서구 월암동,중상사고,0,1,2,0,차대차 - 측면충돌,직진우회전진행방해,건조,맑음,교차로 - 교차로안,승용,남,60세,경상,승용,여,53세,중상
2019041400100223,2019년 4월 14일 13시,일요일,대구광역시 북구 대현동,경상사고,0,0,1,0,차량단독 - 공작물충돌,안전운전불이행,건조,흐림,단일로 - 기타,승합,남,62세,상해없음,,,,
2019041400100249,2019년 4월 14일 14시,일요일,대구광역시 수성구 이천동,경상사고,0,0,1,1,차대차 - 추돌,안전운전불이행,건조,맑음,단일로 - 기타,승용,여,56세,상해없음,승용,남,66세,부상신고
2019041400100250,2019년 4월 14일 14시,일요일,대구광역시 수성구 지산동,경상사고,0,0,1,0,차대사람 - 기타,안전운전불이행,건조,맑음,교차로 - 교차로부근,승용,여,44세,상해없음,보행자,남,42세,경상
2019041400100251,2019년 4월 14일 14시,일요일,대구광역시 서구 평리동,경상사고,0,0,3,0,차대차 - 측면충돌,신호위반,건조,맑음,단일로 - 기타,승용,여,47세,경상,승용,여,57세,경상
2019041400100272,2019년 4월 14일 15시,일요일,대구광역시 동구 동호동,경상사고,0,0,1,0,차대차 - 측면충돌,안전운전불이행,건조,맑음,단일로 - 기타,승용,남,62세,상해없음,승용,여,47세,경상
2019041400100273,2019년 4월 14일 15시,일요일,대구광역시 수성구 황금동,경상사고,0,0,1,0,차대차 - 추돌,안전운전불이행,건조,맑음,단일로 - 기타,이륜,남,23세,상해없음,승용,남,29세,경상
2019041400100299,2019년 4월 14일 16시,일요일,대구광역시 수성구 두산동,경상사고,0,0,1,0,차대차 - 측면충돌,안전운전불이행,건조,맑음,단일로 - 기타,승용,여,40세,상해없음,자전거,여,60세,경상
2019041400100300,2019년 4월 14일 16시,일요일,대구광역시 수성구 중동,경상사고,0,0,1,0,차대차 - 측면충돌,교차로운행방법위반,건조,맑음,교차로 - 교차로횡단보도내,특수,남,24세,상해없음,원동기,남,36세,경상
2019041400100301,2019년 4월 14일 16시,일요일,대구광역시 달성군 유가읍,경상사고,0,0,1,0,차대차 - 기타,안전운전불이행,건조,맑음,기타 - 기타,승용,여,27세,상해없음,승용,여,35세,경상
2019041400100321,2019년 4월 14일 17시,일요일,대구광역시 달서구 두류동,경상사고,0,0,1,0,차대차 - 측면충돌,안전운전불이행,건조,맑음,단일로 - 기타,승용,남,70세,기타불명,승용,여,60세,경상
2019041400100348,2019년 4월 14일 18시,일요일,대구광역시 남구 대명동,경상사고,0,0,1,0,차대차 - 추돌,안전운전불이행,건조,맑음,단일로 - 기타,승용,남,38세,상해없음,이륜,남,51세,경상
2019041400100349,2019년 4월 14일 18시,일요일,대구광역시 수성구 지산동,경상사고,0,0,1,0,차대차 - 측면충돌,교차로운행방법위반,건조,맑음,교차로 - 교차로안,승용,여,59세,상해없음,승용,남,50세,경상
2019041400100350,2019년 4월 14일 18시,일요일,대구광역시 달서구 호산동,경상사고,0,0,1,0,차대차 - 기타,안전운전불이행,건조,맑음,교차로 - 교차로안,승용,남,19세,상해없음,승용,남,26세,경상
2019041400100376,2019년 4월 14일 19시,일요일,대구광역시 북구 칠성동1가,부상신고사고,0,0,0,1,차대차 - 측면충돌,안전운전불이행,건조,맑음,교차로 - 교차로안,자전거,여,64세,부상신고,승용,남,55세,상해없음
2019041400100377,2019년 4월 14일 19시,일요일,대구광역시 중구 삼덕동1가,경상사고,0,0,1,0,차대사람 - 횡단중,신호위반,건조,맑음,단일로 - 기타,이륜,남,36세,상해없음,보행자,여,20세,경상
2019041400100400,2019년 4월 14일 20시,일요일,대구광역시 동구 효목동,경상사고,0,0,1,0,차대차 - 측면충돌,중앙선침범,건조,맑음,단일로 - 기타,승용,여,58세,상해없음,사륜오토바이(ATV),남,25세,경상
2019041400100422,2019년 4월 14일 21시,일요일,대구광역시 동구 신암동,경상사고,0,0,1,1,차대사람 - 횡단중,신호위반,건조,맑음,단일로 - 기타,이륜,남,55세,부상신고,보행자,여,54세,경상
2019041400100439,2019년 4월 14일 22시,일요일,대구광역시 달서구 본동,중상사고,0,1,0,0,차량단독 - 기타,안전운전불이행,건조,맑음,단일로 - 기타,이륜,남,15세,중상,,,,
2019041500100040,2019년 4월 15일 01시,월요일,대구광역시 동구 덕곡동,사망사고,2,0,0,0,차량단독 - 공작물충돌,안전운전불이행,건조,맑음,교차로 - 교차로안,승용,남,34세,사망,,,,
2019041500100042,2019년 4월 15일 02시,월요일,대구광역시 동구 신암동,중상사고,0,1,1,0,차대차 - 측면충돌,불법유턴,건조,맑음,단일로 - 기타,승용,남,43세,상해없음,이륜,남,16세,중상
2019041500100050,2019년 4월 15일 04시,월요일,대구광역시 북구 복현동,경상사고,0,0,1,0,차대차 - 측면충돌,교차로운행방법위반,건조,맑음,교차로 - 교차로안,승용,여,59세,경상,건설기계,남,45세,상해없음
2019041500100073,2019년 4월 15일 06시,월요일,대구광역시 서구 원대동1가,경상사고,0,0,1,1,차대차 - 측면충돌,안전운전불이행,건조,맑음,단일로 - 기타,이륜,남,57세,부상신고,승용,남,56세,경상
2019041500100093,2019년 4월 15일 07시,월요일,대구광역시 수성구 시지동,부상신고사고,0,0,0,1,차량단독 - 전도전복 - 전도,안전운전불이행,건조,맑음,교차로 - 교차로안,특수,남,53세,부상신고,,,,
2019041500100094,2019년 4월 15일 07시,월요일,대구광역시 달서구 대곡동,중상사고,0,1,0,0,차대사람 - 횡단중,신호위반,건조,맑음,교차로 - 교차로횡단보도내,이륜,남,70세,상해없음,보행자,여,12세,중상
2019041500100152,2019년 4월 15일 08시,월요일,대구광역시 동구 불로동,경상사고,0,0,1,0,차대차 - 측면충돌,안전운전불이행,건조,맑음,교차로 - 교차로안,승합,남,66세,상해없음,승용,여,29세,경상
2019041500100153,2019년 4월 15일 08시,월요일,대구광역시 동구 효목동,경상사고,0,0,2,0,차대차 - 추돌,안전거리미확보,건조,맑음,단일로 - 기타,승용,남,38세,상해없음,화물,남,62세,경상
2019041500100154,2019년 4월 15일 08시,월요일,대구광역시 수성구 만촌동,경상사고,0,0,2,0,차대차 - 측면충돌,교차로운행방법위반,건조,맑음,교차로 - 교차로안,이륜,남,37세,경상,승용,여,27세,경상
2019041500100155,2019년 4월 15일 08시,월요일,대구광역시 달서구 갈산동,경상사고,0,0,1,0,차대차 - 측면충돌,중앙선침범,건조,맑음,교차로 - 교차로횡단보도내,자전거,여,69세,경상,화물,남,51세,상해없음
2019041500100190,2019년 4월 15일 09시,월요일,대구광역시 동구 신천동,중상사고,0,1,0,0,차대차 - 기타,안전운전불이행,건조,맑음,단일로 - 기타,승용,여,27세,상해없음,자전거,남,73세,중상
2019041500100191,2019년 4월 15일 09시,월요일,대구광역시 북구 노원동1가,경상사고,0,0,1,0,차대차 - 추돌,안전운전불이행,건조,맑음,교차로 - 교차로부근,건설기계,남,67세,상해없음,이륜,남,54세,경상
2019041500100192,2019년 4월 15일 09시,월요일,대구광역시 서구 평리동,경상사고,0,0,1,0,차대차 - 측면충돌,안전운전불이행,건조,맑음,교차로 - 교차로횡단보도내,이륜,남,83세,경상,화물,남,48세,상해없음
2019041500100230,2019년 4월 15일 10시,월요일,대구광역시 달서구 죽전동,경상사고,0,0,1,0,차대차 - 기타,안전운전불이행,건조,맑음,교차로 - 교차로안,화물,남,60세,상해없음,자전거,남,73세,경상
2019041500100255,2019년 4월 15일 11시,월요일,대구광역시 수성구 수성동2가,경상사고,0,0,3,0,차대차 - 추돌,안전운전불이행,건조,맑음,단일로 - 기타,승합,남,57세,상해없음,승용,여,55세,경상
2019041500100324,2019년 4월 15일 13시,월요일,대구광역시 달서구 유천동,중상사고,0,1,1,0,차대차 - 측면충돌,안전운전불이행,건조,맑음,교차로 - 교차로횡단보도내,승용,남,64세,상해없음,이륜,남,70세,경상
2019041500100325,2019년 4월 15일 13시,월요일,대구광역시 북구 칠성동1가,경상사고,0,0,1,0,차대사람 - 기타,안전운전불이행,건조,맑음,단일로 - 기타,승용,남,54세,상해없음,보행자,남,75세,경상
2019041500100371,2019년 4월 15일 14시,월요일,대구광역시 남구 이천동,중상사고,0,1,0,0,차대차 - 추돌,안전운전불이행,건조,맑음,교차로 - 교차로부근,승용,여,39세,상해없음,자전거,남,75세,중상
2019041500100418,2019년 4월 15일 15시,월요일,대구광역시 동구 율하동,경상사고,0,0,1,0,차대차 - 측면충돌,안전운전불이행,건조,맑음,교차로 - 교차로안,승용,남,54세,상해없음,승용,여,36세,경상
2019041500100419,2019년 4월 15일 15시,월요일,대구광역시 동구 신서동,경상사고,0,0,2,0,차대사람 - 보도통행중,보행자보호의무위반,건조,맑음,교차로 - 교차로횡단보도내,승용,남,21세,상해없음,보행자,여,11세,경상
2019041500100420,2019년 4월 15일 15시,월요일,대구광역시 수성구 상동,중상사고,0,1,0,0,차대사람 - 횡단중,보행자보호의무위반,건조,맑음,단일로 - 기타,승용,여,29세,상해없음,보행자,남,78세,중상
2019041500100474,2019년 4월 15일 16시,월요일,대구광역시 동구 율하동,중상사고,0,1,0,0,차대사람 - 기타,안전운전불이행,건조,맑음,교차로 - 교차로안,승용,여,29세,상해없음,보행자,여,9세,중상
2019041500100475,2019년 4월 15일 16시,월요일,대구광역시 수성구 두산동,경상사고,0,0,1,0,차대차 - 측면충돌,교차로운행방법위반,건조,맑음,교차로 - 교차로안,화물,남,56세,상해없음,자전거,여,57세,경상
2019041500100476,2019년 4월 15일 16시,월요일,대구광역시 수성구 범물동,경상사고,0,0,1,0,차대사람 - 기타,기타,건조,맑음,단일로 - 기타,승합,남,58세,상해없음,보행자,남,77세,경상
2019041500100477,2019년 4월 15일 16시,월요일,대구광역시 달서구 도원동,경상사고,0,0,1,0,차대차 - 측면충돌,안전거리미확보,건조,맑음,단일로 - 기타,화물,남,77세,상해없음,승용,남,24세,경상
2019041500100478,2019년 4월 15일 16시,월요일,대구광역시 달성군 다사읍,중상사고,0,1,0,0,차대차 - 기타,교차로운행방법위반,건조,맑음,교차로 - 교차로부근,승용,남,59세,상해없음,기타불명,여,71세,중상
2019041500100528,2019년 4월 15일 17시,월요일,대구광역시 수성구 지산동,경상사고,0,0,1,0,차대사람 - 횡단중,보행자보호의무위반,건조,맑음,교차로 - 교차로횡단보도내,승용,남,54세,상해없음,보행자,여,66세,경상
2019041500100529,2019년 4월 15일 17시,월요일,대구광역시 수성구 삼덕동,경상사고,0,0,4,0,차대차 - 추돌,안전운전불이행,건조,맑음,단일로 - 기타,화물,남,31세,경상,승용,남,36세,경상
2019041500100530,2019년 4월 15일 17시,월요일,대구광역시 수성구 범어동,경상사고,0,0,1,0,차대차 - 측면충돌,교차로운행방법위반,건조,맑음,교차로 - 교차로안,승합,남,59세,상해없음,승용,남,35세,경상
2019041500100531,2019년 4월 15일 17시,월요일,대구광역시 달서구 죽전동,경상사고,0,0,3,1,차대차 - 추돌,안전거리미확보,건조,맑음,단일로 - 기타,승용,남,57세,상해없음,승용,여,29세,경상
2019041500100579,2019년 4월 15일 18시,월요일,대구광역시 남구 대명동,경상사고,0,0,1,0,차대차 - 정면충돌,중앙선침범,건조,맑음,단일로 - 기타,승용,여,24세,상해없음,이륜,남,34세,경상
2019041500100580,2019년 4월 15일 18시,월요일,대구광역시 남구 이천동,경상사고,0,0,2,0,차대차 - 기타,기타,건조,맑음,단일로 - 교량,화물,남,55세,상해없음,승용,남,39세,경상
2019041500100581,2019년 4월 15일 18시,월요일,대구광역시 수성구 두산동,경상사고,0,0,1,0,차대사람 - 횡단중,안전운전불이행,건조,맑음,기타 - 기타,승용,남,60세,상해없음,보행자,여,49세,경상
2019041500100582,2019년 4월 15일 18시,월요일,대구광역시 북구 침산동,경상사고,0,0,1,0,차대차 - 추돌,안전운전불이행,건조,맑음,교차로 - 교차로부근,승용,남,64세,상해없음,승용,여,47세,경상
2019041500100583,2019년 4월 15일 18시,월요일,대구광역시 중구 남산동,경상사고,0,0,1,0,차량단독 - 기타,기타,건조,맑음,단일로 - 기타,승합,남,56세,상해없음,,,,
2019041500100584,2019년 4월 15일 18시,월요일,대구광역시 북구 구암동,부상신고사고,0,0,0,1,차대차 - 기타,안전운전불이행,건조,맑음,교차로 - 교차로횡단보도내,원동기,남,21세,부상신고,승용,여,52세,상해없음
2019041500100624,2019년 4월 15일 19시,월요일,대구광역시 동구 율하동,경상사고,0,0,1,0,차대차 - 추돌,직진우회전진행방해,건조,맑음,교차로 - 교차로부근,승용,남,60세,상해없음,승용,남,63세,상해없음
2019041500100625,2019년 4월 15일 19시,월요일,대구광역시 수성구 범어동,경상사고,0,0,1,0,차대차 - 추돌,안전운전불이행,건조,맑음,단일로 - 기타,승용,남,64세,상해없음,승용,여,50세,경상
2019041500100661,2019년 4월 15일 20시,월요일,대구광역시 수성구 만촌동,경상사고,0,0,1,0,차대차 - 측면충돌,안전거리미확보,건조,맑음,단일로 - 기타,승용,여,51세,상해없음,승용,남,66세,경상
2019041500100662,2019년 4월 15일 20시,월요일,대구광역시 북구 관음동,부상신고사고,0,0,0,1,차대차 - 측면충돌,안전운전불이행,건조,맑음,교차로 - 교차로안,이륜,남,73세,부상신고,승용,남,42세,상해없음
2019041500100663,2019년 4월 15일 20시,월요일,대구광역시 북구 서변동,중상사고,0,1,1,0,차대차 - 추돌,안전운전불이행,건조,맑음,교차로 - 교차로부근,승용,남,30세,상해없음,승용,남,48세,경상
2019041500100700,2019년 4월 15일 22시,월요일,대구광역시 서구 내당동,경상사고,0,0,1,0,차대차 - 측면충돌,안전운전불이행,건조,맑음,단일로 - 기타,승용,남,20세,상해없음,승용,남,22세,경상
2019041500100701,2019년 4월 15일 22시,월요일,대구광역시 달서구 감삼동,경상사고,0,0,1,0,차대사람 - 보도통행중,기타,건조,맑음,기타 - 기타,승용,여,63세,상해없음,보행자,남,33세,경상
2019041500100702,2019년 4월 15일 22시,월요일,대구광역시 북구 팔달동,경상사고,0,0,2,0,차대차 - 측면충돌,직진우회전진행방해,건조,맑음,교차로 - 교차로안,승용,남,63세,경상,승용,남,30세,경상
2019041500100703,2019년 4월 15일 22시,월요일,대구광역시 북구 서변동,경상사고,0,0,1,0,차대차 - 추돌,안전운전불이행,건조,맑음,단일로 - 기타,승용,남,53세,상해없음,승용,남,69세,경상
2019041500100721,2019년 4월 15일 23시,월요일,대구광역시 달성군 현풍읍,부상신고사고,0,0,0,1,차대사람 - 보도통행중,안전운전불이행,건조,맑음,단일로 - 기타,승용,남,25세,상해없음,보행자,남,28세,부상신고
2019041600100109,2019년 4월 16일 07시,화요일,대구광역시 동구 신암동,경상사고,0,0,1,0,차대차 - 측면충돌,신호위반,건조,맑음,교차로 - 교차로안,승합,남,38세,상해없음,승용,남,60세,상해없음
2019041600100110,2019년 4월 16일 07시,화요일,대구광역시 수성구 만촌동,경상사고,0,0,1,0,차대사람 - 횡단중,보행자보호의무위반,건조,맑음,교차로 - 교차로부근,승용,여,44세,상해없음,보행자,여,10세,경상
2019041600100111,2019년 4월 16일 07시,화요일,대구광역시 달서구 용산동,중상사고,0,1,0,0,차대사람 - 횡단중,안전운전불이행,건조,맑음,기타 - 기타,승용,남,47세,상해없음,보행자,여,43세,중상
2019041600100160,2019년 4월 16일 08시,화요일,대구광역시 남구 대명동,중상사고,0,1,0,0,차대사람 - 횡단중,보행자보호의무위반,건조,맑음,단일로 - 지하차도(도로)내,승용,여,65세,상해없음,보행자,남,19세,중상
2019041600100161,2019년 4월 16일 08시,화요일,대구광역시 남구 이천동,경상사고,0,0,1,0,차대차 - 측면충돌,안전운전불이행,건조,맑음,교차로 - 교차로안,승용,여,60세,상해없음,승용,남,30세,경상
2019041600100162,2019년 4월 16일 08시,화요일,대구광역시 동구 방촌동,중상사고,0,1,1,0,차대차 - 측면충돌,신호위반,건조,맑음,교차로 - 교차로안,화물,남,31세,기타불명,승용,남,26세,중상
2019041600100163,2019년 4월 16일 08시,화요일,대구광역시 달서구 상인동,경상사고,0,0,1,1,차대차 - 측면충돌,차로위반,건조,맑음,단일로 - 기타,승용,여,50세,경상,승용,남,39세,부상신고
2019041600100164,2019년 4월 16일 08시,화요일,대구광역시 서구 내당동,경상사고,0,0,1,0,차대차 - 기타,안전운전불이행,건조,맑음,교차로 - 교차로부근,승용,남,36세,상해없음,승용,남,28세,경상
2019041600100165,2019년 4월 16일 08시,화요일,대구광역시 중구 동산동,중상사고,0,1,0,0,차대차 - 측면충돌,안전운전불이행,건조,맑음,단일로 - 기타,이륜,남,87세,중상,승용,여,55세,상해없음
2019041600100166,2019년 4월 16일 08시,화요일,대구광역시 달서구 감삼동,중상사고,0,1,0,0,차대차 - 측면충돌,안전운전불이행,건조,맑음,교차로 - 교차로부근,건설기계,남,45세,상해없음,승용,여,51세,중상
2019041600100167,2019년 4월 16일 08시,화요일,대구광역시 달서구 신당동,경상사고,0,0,1,0,차대차 - 측면충돌,교차로운행방법위반,건조,맑음,교차로 - 교차로부근,승용,남,29세,상해없음,승용,남,20세,경상
2019041600100212,2019년 4월 16일 09시,화요일,대구광역시 수성구 만촌동,중상사고,0,1,0,0,차대차 - 측면충돌,차로위반,건조,맑음,단일로 - 기타,승용,여,50세,상해없음,승용,여,24세,중상
2019041600100213,2019년 4월 16일 09시,화요일,대구광역시 북구 복현동,경상사고,0,0,1,0,차대차 - 추돌,안전운전불이행,건조,맑음,단일로 - 기타,승용,남,76세,상해없음,승용,여,50세,경상
2019041600100214,2019년 4월 16일 09시,화요일,대구광역시 달서구 감삼동,경상사고,0,0,1,0,차대차 - 측면충돌,기타,건조,맑음,단일로 - 기타,승용,여,48세,상해없음,개인형이동수단(PM),남,40세,경상
2019041600100240,2019년 4월 16일 10시,화요일,대구광역시 동구 신천동,경상사고,0,0,2,0,차대차 - 측면충돌,교차로운행방법위반,건조,맑음,교차로 - 교차로안,승합,여,58세,상해없음,이륜,남,44세,경상
2019041600100241,2019년 4월 16일 10시,화요일,대구광역시 수성구 중동,중상사고,0,1,0,0,차대사람 - 기타,안전운전불이행,건조,맑음,기타 - 기타,승용,남,45세,상해없음,보행자,남,74세,중상
2019041600100242,2019년 4월 16일 10시,화요일,대구광역시 북구 산격동,경상사고,0,0,1,0,차대사람 - 횡단중,안전운전불이행,건조,맑음,교차로 - 교차로부근,승용,남,70세,상해없음,보행자,남,72세,경상
2019041600100243,2019년 4월 16일 10시,화요일,대구광역시 달서구 두류동,경상사고,0,0,1,0,차대차 - 추돌,안전운전불이행,건조,맑음,단일로 - 기타,승용,여,52세,상해없음,승용,남,47세,경상
2019041600100244,2019년 4월 16일 10시,화요일,대구광역시 북구 태전동,중상사고,0,1,2,1,차대차 - 측면충돌,중앙선침범,건조,맑음,단일로 - 기타,승용,여,48세,상해없음,승용,여,55세,경상
2019041600100317,2019년 4월 16일 12시,화요일,대구광역시 달성군 다사읍,중상사고,0,1,0,0,차대사람 - 횡단중,안전운전불이행,건조,맑음,단일로 - 기타,승용,남,51세,상해없음,보행자,여,70세,중상
2019041600100340,2019년 4월 16일 13시,화요일,대구광역시 동구 율하동,경상사고,0,0,1,0,차대사람 - 횡단중,안전운전불이행,건조,맑음,교차로 - 교차로부근,승용,남,34세,상해없음,보행자,남,8세,경상
2019041600100341,2019년 4월 16일 13시,화요일,대구광역시 수성구 수성동3가,중상사고,0,1,0,0,차대차 - 기타,안전운전불이행,건조,맑음,단일로 - 기타,기타불명,기타불명,미분류,기타불명,자전거,여,65세,중상
2019041600100342,2019년 4월 16일 13시,화요일,대구광역시 수성구 황금동,경상사고,0,0,2,0,차대차 - 추돌,안전운전불이행,건조,맑음,단일로 - 기타,승용,여,44세,상해없음,승용,여,37세,경상
2019041600100343,2019년 4월 16일 13시,화요일,대구광역시 달서구 상인동,중상사고,0,1,0,0,차대사람 - 횡단중,안전운전불이행,건조,맑음,단일로 - 기타,승용,남,28세,상해없음,보행자,남,25세,중상
2019041600100372,2019년 4월 16일 14시,화요일,대구광역시 동구 지묘동,중상사고,0,1,0,0,차대차 - 측면충돌,교차로운행방법위반,건조,맑음,교차로 - 교차로안,승용,남,60세,상해없음,승용,여,59세,중상
2019041600100373,2019년 4월 16일 14시,화요일,대구광역시 서구 원대동3가,중상사고,0,1,0,0,차대차 - 측면충돌,신호위반,건조,맑음,단일로 - 기타,화물,남,52세,기타불명,이륜,남,63세,중상
2019041600100414,2019년 4월 16일 15시,화요일,대구광역시 동구 신천동,경상사고,0,0,1,0,차대차 - 추돌,안전운전불이행,건조,맑음,교차로 - 교차로부근,승용,남,69세,상해없음,승용,남,48세,경상
2019041600100415,2019년 4월 16일 15시,화요일,대구광역시 달성군 화원읍,부상신고사고,0,0,0,1,차대사람 - 기타,안전운전불이행,건조,맑음,교차로 - 교차로부근,승용,여,50세,상해없음,보행자,남,59세,부상신고
2019041600100456,2019년 4월 16일 16시,화요일,대구광역시 북구 학정동,경상사고,0,0,1,0,차대차 - 측면충돌,교차로운행방법위반,건조,맑음,교차로 - 교차로안,승용,남,60세,상해없음,승합,여,46세,경상
2019041600100457,2019년 4월 16일 16시,화요일,대구광역시 북구 팔달동,부상신고사고,0,0,0,1,차대차 - 추돌,안전거리미확보,건조,맑음,단일로 - 기타,승용,남,59세,상해없음,승용,남,55세,부상신고
2019041600100509,2019년 4월 16일 17시,화요일,대구광역시 남구 대명동,부상신고사고,0,0,0,1,차대사람 - 기타,안전운전불이행,건조,맑음,단일로 - 기타,자전거,여,55세,상해없음,보행자,남,46세,부상신고
2019041600100510,2019년 4월 16일 17시,화요일,대구광역시 남구 대명동,경상사고,0,0,1,0,차대차 - 기타,교차로운행방법위반,건조,맑음,교차로 - 교차로안,승합,여,42세,상해없음,이륜,남,38세,경상
2019041600100511,2019년 4월 16일 17시,화요일,대구광역시 동구 신암동,경상사고,0,0,1,0,차대사람 - 보도통행중,기타,건조,맑음,기타 - 기타,승용,여,26세,상해없음,보행자,남,37세,경상
2019041600100512,2019년 4월 16일 17시,화요일,대구광역시 수성구 지산동,중상사고,0,1,0,0,차대사람 - 횡단중,보행자보호의무위반,건조,맑음,기타 - 기타,승용,남,28세,상해없음,보행자,여,10세,중상
2019041600100513,2019년 4월 16일 17시,화요일,대구광역시 북구 고성동2가,경상사고,0,0,1,0,차대차 - 기타,불법유턴,건조,맑음,단일로 - 기타,승용,남,50세,상해없음,승용,여,48세,상해없음
2019041600100554,2019년 4월 16일 18시,화요일,대구광역시 북구 대현동,경상사고,0,0,2,0,차대차 - 측면충돌,안전거리미확보,건조,맑음,단일로 - 기타,승용,남,43세,상해없음,승용,남,28세,경상
2019041600100555,2019년 4월 16일 18시,화요일,대구광역시 달서구 신당동,중상사고,0,1,0,0,차대차 - 측면충돌,안전운전불이행,건조,맑음,단일로 - 기타,승용,남,49세,상해없음,승용,여,29세,중상
2019041600100587,2019년 4월 16일 19시,화요일,대구광역시 북구 복현동,경상사고,0,0,1,0,차대차 - 기타,안전운전불이행,건조,맑음,단일로 - 기타,승용,남,41세,상해없음,이륜,남,51세,경상
2019041600100620,2019년 4월 16일 20시,화요일,대구광역시 동구 각산동,경상사고,0,0,1,0,차대사람 - 횡단중,보행자보호의무위반,건조,맑음,교차로 - 교차로안,승용,남,56세,상해없음,보행자,남,26세,경상
2019041600100621,2019년 4월 16일 20시,화요일,대구광역시 달서구 성당동,부상신고사고,0,0,0,1,차대사람 - 기타,안전운전불이행,건조,맑음,단일로 - 기타,화물,남,28세,상해없음,보행자,여,2세,부상신고
2019041600100653,2019년 4월 16일 21시,화요일,대구광역시 달서구 본동,경상사고,0,0,1,0,차대차 - 추돌,안전운전불이행,건조,맑음,단일로 - 기타,승용,여,63세,상해없음,승용,남,46세,경상
2019041600100677,2019년 4월 16일 22시,화요일,대구광역시 남구 대명동,경상사고,0,0,1,0,차대차 - 측면충돌,안전거리미확보,건조,맑음,단일로 - 기타,원동기,남,17세,상해없음,승용,남,30세,경상
2019041600100695,2019년 4월 16일 23시,화요일,대구광역시 남구 대명동,경상사고,0,0,1,0,차대사람 - 횡단중,신호위반,건조,맑음,교차로 - 교차로안,이륜,남,25세,상해없음,보행자,남,24세,경상
2019041600100696,2019년 4월 16일 23시,화요일,대구광역시 수성구 가천동,경상사고,0,0,3,0,차대차 - 추돌,안전운전불이행,건조,맑음,단일로 - 기타,승용,여,45세,경상,승용,여,49세,기타불명
2019041600100697,2019년 4월 16일 23시,화요일,대구광역시 수성구 연호동,경상사고,0,0,1,1,차대차 - 추돌,안전운전불이행,건조,맑음,교차로 - 교차로부근,승용,남,74세,상해없음,승용,남,43세,경상
2019041700100027,2019년 4월 17일 00시,수요일,대구광역시 달서구 송현동,경상사고,0,0,1,0,차대차 - 측면충돌,안전운전불이행,건조,맑음,단일로 - 기타,승용,남,61세,상해없음,원동기,남,33세,경상