사고번호,사고일시,요일,시군구,사고내용,사망자수,중상자수,경상자수,부상신고자수,사고유형,법규위반,노면상태,기상상태,도로형태,가해운전자 차종,가해운전자 성별,가해운전자 연령,가해운전자 상해정도,피해운전자 차종,피해운전자 성별,피해운전자 연령,피해운전자 상해정도
2019042200100389,2019년 4월 22일 14시,월요일,대구광역시 수성구 파동,경상사고,0,0,2,0,차대차 - 측면충돌,안전운전불이행,건조,맑음,단일로 - 교량,승용,여,48세,상해없음,승용,남,66세,경상
2019042200100390,2019년 4월 22일 14시,월요일,대구광역시 수성구 만촌동,경상사고,0,0,1,0,차대차 - 측면충돌,안전거리미확보,건조,맑음,교차로 - 교차로안,화물,남,58세,상해없음,승용,여,50세,상해없음
2019042200100391,2019년 4월 22일 14시,월요일,대구광역시 수성구 만촌동,경상사고,0,0,2,0,차대차 - 측면충돌,안전운전불이행,건조,맑음,단일로 - 기타,승용,남,46세,상해없음,이륜,남,18세,경상
2019042200100392,2019년 4월 22일 14시,월요일,대구광역시 북구 침산동,중상사고,0,1,0,0,차대차 - 측면충돌,불법유턴,건조,맑음,단일로 - 기타,자전거,여,66세,중상,승용,여,34세,상해없음
2019042200100433,2019년 4월 22일 15시,월요일,대구광역시 달서구 장동,경상사고,0,0,1,0,차대차 - 측면충돌,안전운전불이행,건조,맑음,단일로 - 기타,승용,남,40세,상해없음,승용,여,37세,경상
2019042200100470,2019년 4월 22일 16시,월요일,대구광역시 동구 백안동,경상사고,0,0,1,0,차대차 - 기타,안전거리미확보,건조,맑음,단일로 - 기타,승용,남,64세,경상,승용,남,43세,상해없음
2019042200100471,2019년 4월 22일 16시,월요일,대구광역시 달성군 유가읍,경상사고,0,0,1,0,차대차 - 기타,교차로운행방법위반,건조,맑음,교차로 - 교차로안,승용,여,54세,상해없음,이륜,남,39세,경상
2019042200100472,2019년 4월 22일 16시,월요일,대구광역시 서구 원대동2가,경상사고,0,0,1,0,차대차 - 측면충돌,안전운전불이행,건조,맑음,단일로 - 기타,이륜,남,51세,경상,승용,여,35세,상해없음
2019042200100473,2019년 4월 22일 16시,월요일,대구광역시 북구 칠성동2가,경상사고,0,0,1,0,차대사람 - 길가장자리구역통행중,안전운전불이행,건조,맑음,단일로 - 기타,자전거,남,23세,상해없음,보행자,여,65세,경상
2019042200100474,2019년 4월 22일 16시,월요일,대구광역시 달서구 감삼동,경상사고,0,0,2,0,차대차 - 측면충돌,안전운전불이행,건조,맑음,단일로 - 기타,승용,남,62세,상해없음,이륜,남,17세,경상
2019042200100521,2019년 4월 22일 17시,월요일,대구광역시 북구 금호동,경상사고,0,0,1,0,차대차 - 측면충돌,안전운전불이행,건조,맑음,단일로 - 기타,화물,남,49세,상해없음,승용,여,54세,경상
2019042200100524,2019년 4월 22일 17시,월요일,대구광역시 동구 신암동,부상신고사고,0,0,0,2,차대차 - 측면충돌,안전거리미확보,건조,맑음,단일로 - 교량,승용,남,26세,상해없음,승용,남,21세,부상신고
2019042200100571,2019년 4월 22일 18시,월요일,대구광역시 동구 율암동,중상사고,0,1,0,0,차대사람 - 기타,안전운전불이행,건조,기타,기타 - 기타,승용,남,27세,상해없음,보행자,남,37세,중상
2019042200100572,2019년 4월 22일 18시,월요일,대구광역시 동구 신천동,경상사고,0,0,3,0,차대차 - 측면충돌,안전운전불이행,건조,맑음,교차로 - 교차로안,승용,남,60세,상해없음,승용,남,21세,경상
2019042200100573,2019년 4월 22일 18시,월요일,대구광역시 동구 신암동,경상사고,0,0,2,0,차대차 - 추돌,안전거리미확보,건조,맑음,단일로 - 기타,승용,남,58세,상해없음,승용,남,40세,경상
2019042200100574,2019년 4월 22일 18시,월요일,대구광역시 수성구 만촌동,경상사고,0,0,1,0,차대차 - 추돌,안전운전불이행,건조,맑음,단일로 - 기타,승용,남,34세,상해없음,승용,남,28세,경상
2019042200100575,2019년 4월 22일 18시,월요일,대구광역시 수성구 만촌동,경상사고,0,0,2,0,차대차 - 정면충돌,안전운전불이행,건조,맑음,교차로 - 교차로부근,승용,남,70세,상해없음,승용,여,42세,경상
2019042200100576,2019년 4월 22일 18시,월요일,대구광역시 수성구 만촌동,경상사고,0,0,1,0,차대차 - 측면충돌,안전거리미확보,건조,맑음,교차로 - 교차로부근,승용,여,50세,상해없음,승용,여,63세,경상
2019042200100612,2019년 4월 22일 19시,월요일,대구광역시 수성구 수성동1가,경상사고,0,0,5,0,차대차 - 측면충돌,안전운전불이행,건조,맑음,교차로 - 교차로안,승용,여,29세,상해없음,승용,남,19세,경상
2019042200100634,2019년 4월 22일 20시,월요일,대구광역시 달서구 용산동,중상사고,0,1,0,0,차대차 - 측면충돌,안전운전불이행,건조,맑음,단일로 - 기타,승용,남,51세,상해없음,이륜,남,19세,중상
2019042200100635,2019년 4월 22일 20시,월요일,대구광역시 달서구 이곡동,경상사고,0,0,1,0,차대사람 - 횡단중,보행자보호의무위반,건조,맑음,교차로 - 교차로안,이륜,남,18세,상해없음,보행자,남,27세,경상
2019042200100636,2019년 4월 22일 20시,월요일,대구광역시 달서구 본리동,경상사고,0,0,2,0,차대차 - 측면충돌,차로위반,건조,맑음,단일로 - 기타,승용,남,45세,상해없음,이륜,남,18세,경상
2019042200100637,2019년 4월 22일 20시,월요일,대구광역시 북구 태전동,경상사고,0,0,2,0,차대차 - 측면충돌,안전운전불이행,건조,맑음,단일로 - 기타,승합,남,52세,상해없음,승용,여,34세,경상
2019042200100663,2019년 4월 22일 21시,월요일,대구광역시 남구 대명동,경상사고,0,0,1,0,차대사람 - 기타,안전운전불이행,젖음/습기,비,단일로 - 기타,승합,남,47세,상해없음,보행자,남,69세,경상
2019042200100664,2019년 4월 22일 21시,월요일,대구광역시 수성구 신매동,경상사고,0,0,1,0,차대사람 - 횡단중,기타,건조,맑음,기타 - 기타,승용,남,27세,상해없음,보행자,여,15세,경상
2019042200100665,2019년 4월 22일 21시,월요일,대구광역시 수성구 만촌동,경상사고,0,0,1,0,차대차 - 측면충돌,안전운전불이행,건조,맑음,단일로 - 기타,승용,남,24세,경상,승용,남,59세,상해없음
2019042200100686,2019년 4월 22일 22시,월요일,대구광역시 동구 신암동,경상사고,0,0,1,0,차대차 - 추돌,안전운전불이행,건조,맑음,단일로 - 기타,승용,남,39세,상해없음,이륜,남,22세,경상
2019042200100687,2019년 4월 22일 22시,월요일,대구광역시 달서구 월성동,중상사고,0,1,0,0,차대사람 - 횡단중,안전운전불이행,건조,맑음,교차로 - 교차로횡단보도내,승용,남,51세,상해없음,보행자,남,81세,중상
2019042200100704,2019년 4월 22일 23시,월요일,대구광역시 달서구 도원동,경상사고,0,0,1,0,차대사람 - 횡단중,보행자보호의무위반,건조,맑음,교차로 - 교차로횡단보도내,승용,남,47세,상해없음,보행자,여,19세,경상
2019042300100034,2019년 4월 23일 01시,화요일,대구광역시 북구 칠성동2가,중상사고,0,1,0,0,차대차 - 측면충돌,신호위반,건조,맑음,교차로 - 교차로안,승용,남,27세,상해없음,승용,남,62세,중상
2019042300100061,2019년 4월 23일 06시,화요일,대구광역시 북구 칠성동2가,경상사고,0,0,1,0,차대차 - 추돌,안전운전불이행,건조,맑음,단일로 - 기타,승용,남,49세,상해없음,승용,남,66세,경상
2019042300100062,2019년 4월 23일 06시,화요일,대구광역시 북구 태전동,중상사고,0,1,0,0,차대사람 - 횡단중,보행자보호의무위반,젖음/습기,비,교차로 - 교차로횡단보도내,화물,남,27세,상해없음,보행자,여,25세,중상
2019042300100081,2019년 4월 23일 07시,화요일,대구광역시 동구 율하동,경상사고,0,0,1,0,차대차 - 추돌,안전운전불이행,건조,맑음,교차로 - 교차로안,승용,남,53세,상해없음,승용,남,38세,경상
2019042300100082,2019년 4월 23일 07시,화요일,대구광역시 달서구 도원동,경상사고,0,0,1,0,차대사람 - 횡단중,안전운전불이행,건조,맑음,단일로 - 기타,승용,남,48세,상해없음,보행자,남,15세,경상
2019042300100122,2019년 4월 23일 08시,화요일,대구광역시 남구 봉덕동,중상사고,0,1,0,0,차대차 - 기타,안전운전불이행,건조,맑음,단일로 - 기타,승용,여,39세,상해없음,승용,여,58세,중상
2019042300100123,2019년 4월 23일 08시,화요일,대구광역시 달서구 월성동,중상사고,0,1,0,0,차대차 - 측면충돌,안전운전불이행,건조,맑음,단일로 - 기타,화물,남,57세,상해없음,승용,남,46세,중상
2019042300100124,2019년 4월 23일 08시,화요일,대구광역시 달서구 진천동,경상사고,0,0,1,0,차대차 - 측면충돌,교차로운행방법위반,건조,맑음,교차로 - 교차로안,승용,남,27세,상해없음,승용,여,30세,경상
2019042300100125,2019년 4월 23일 08시,화요일,대구광역시 달성군 현풍읍,경상사고,0,0,1,0,차대차 - 추돌,안전운전불이행,건조,맑음,교차로 - 교차로부근,승용,여,28세,상해없음,승용,여,31세,경상
2019042300100126,2019년 4월 23일 08시,화요일,대구광역시 서구 평리동,중상사고,0,1,0,0,차대차 - 측면충돌,안전운전불이행,건조,맑음,단일로 - 기타,승용,여,25세,상해없음,자전거,남,73세,중상
2019042300100223,2019년 4월 23일 11시,화요일,대구광역시 서구 내당동,경상사고,0,0,1,0,차대차 - 측면충돌,안전운전불이행,건조,맑음,교차로 - 교차로부근,승용,여,49세,상해없음,자전거,남,24세,경상
2019042300100275,2019년 4월 23일 13시,화요일,대구광역시 수성구 두산동,중상사고,0,1,0,0,차대차 - 측면충돌,안전운전불이행,건조,맑음,단일로 - 기타,승용,남,60세,상해없음,자전거,남,64세,중상
2019042300100276,2019년 4월 23일 13시,화요일,대구광역시 수성구 매호동,중상사고,0,1,0,0,차대차 - 측면충돌,안전운전불이행,건조,맑음,단일로 - 기타,승용,남,47세,상해없음,이륜,남,77세,중상
2019042300100277,2019년 4월 23일 13시,화요일,대구광역시 달서구 본동,경상사고,0,0,1,0,차대차 - 측면충돌,교차로운행방법위반,건조,맑음,교차로 - 교차로안,승용,남,77세,상해없음,승용,남,25세,경상
2019042300100278,2019년 4월 23일 13시,화요일,대구광역시 달서구 도원동,경상사고,0,0,1,0,차대차 - 추돌,안전운전불이행,건조,맑음,교차로 - 교차로부근,승용,여,47세,상해없음,승용,여,49세,경상
2019042300100314,2019년 4월 23일 14시,화요일,대구광역시 달성군 하빈면,중상사고,0,1,0,0,차대차 - 기타,직진우회전진행방해,젖음/습기,비,교차로 - 교차로안,승용,남,72세,상해없음,원동기,남,46세,중상
2019042300100315,2019년 4월 23일 14시,화요일,대구광역시 달성군 유가읍,경상사고,0,0,1,0,차대사람 - 기타,안전운전불이행,건조,맑음,단일로 - 기타,승합,남,63세,상해없음,보행자,여,43세,경상
2019042300100316,2019년 4월 23일 14시,화요일,대구광역시 달성군 다사읍,경상사고,0,0,1,0,차대차 - 후진중충돌,안전운전불이행,건조,맑음,단일로 - 기타,승용,남,57세,기타불명,승용,남,25세,경상
2019042300100317,2019년 4월 23일 14시,화요일,대구광역시 서구 내당동,경상사고,0,0,1,0,차대차 - 측면충돌,안전운전불이행,건조,맑음,단일로 - 기타,화물,남,48세,상해없음,자전거,남,84세,경상
2019042300100350,2019년 4월 23일 15시,화요일,대구광역시 달서구 상인동,경상사고,0,0,1,0,차대차 - 측면충돌,안전거리미확보,건조,맑음,단일로 - 기타,승용,여,42세,상해없음,승용,남,28세,경상
2019042300100351,2019년 4월 23일 15시,화요일,대구광역시 달서구 죽전동,중상사고,0,1,0,0,차대사람 - 길가장자리구역통행중,안전운전불이행,건조,맑음,단일로 - 기타,화물,남,50세,상해없음,보행자,남,74세,중상
2019042300100352,2019년 4월 23일 15시,화요일,대구광역시 달서구 이곡동,중상사고,0,1,0,0,차대사람 - 횡단중,보행자보호의무위반,젖음/습기,비,교차로 - 교차로횡단보도내,승용,남,42세,상해없음,보행자,여,79세,중상
2019042300100387,2019년 4월 23일 16시,화요일,대구광역시 남구 대명동,경상사고,0,0,1,0,차대차 - 추돌,안전운전불이행,젖음/습기,비,단일로 - 기타,승용,여,25세,상해없음,승용,여,34세,경상
2019042300100388,2019년 4월 23일 16시,화요일,대구광역시 동구 각산동,경상사고,0,0,1,0,차대차 - 추돌,안전운전불이행,젖음/습기,비,교차로 - 교차로안,특수,남,55세,상해없음,승용,여,30세,경상
2019042300100389,2019년 4월 23일 16시,화요일,대구광역시 달서구 대곡동,경상사고,0,0,1,0,차대차 - 측면충돌,안전운전불이행,건조,맑음,단일로 - 기타,승용,남,59세,상해없음,승용,남,24세,경상
2019042300100390,2019년 4월 23일 16시,화요일,대구광역시 달성군 화원읍,부상신고사고,0,0,0,1,차대차 - 측면충돌,안전운전불이행,젖음/습기,비,단일로 - 기타,승용,여,60세,상해없음,이륜,남,49세,부상신고
2019042300100391,2019년 4월 23일 16시,화요일,대구광역시 서구 비산동,부상신고사고,0,0,0,1,차대차 - 기타,기타,젖음/습기,비,교차로 - 교차로안,이륜,남,47세,부상신고,승용,남,52세,상해없음
2019042300100392,2019년 4월 23일 16시,화요일,대구광역시 서구 평리동,부상신고사고,0,0,0,1,차대차 - 기타,안전운전불이행,젖음/습기,비,단일로 - 기타,이륜,남,38세,부상신고,화물,남,52세,상해없음
2019042300100393,2019년 4월 23일 16시,화요일,대구광역시 서구 내당동,경상사고,0,0,1,1,차대차 - 측면충돌,안전운전불이행,건조,맑음,단일로 - 기타,화물,남,57세,상해없음,승용,여,40세,경상
2019042300100394,2019년 4월 23일 16시,화요일,대구광역시 북구 동천동,경상사고,0,0,3,0,차대차 - 기타,안전거리미확보,젖음/습기,비,단일로 - 기타,승용,여,47세,경상,승용,여,38세,경상
2019042300100395,2019년 4월 23일 16시,화요일,대구광역시 북구 매천동,중상사고,0,1,0,0,차대차 - 측면충돌,교차로운행방법위반,젖음/습기,비,교차로 - 교차로안,이륜,남,53세,중상,화물,남,47세,상해없음
2019042300100435,2019년 4월 23일 17시,화요일,대구광역시 북구 산격동,경상사고,0,0,1,0,차대사람 - 기타,안전운전불이행,건조,맑음,교차로 - 교차로부근,승용,남,75세,상해없음,보행자,여,64세,경상
2019042300100436,2019년 4월 23일 17시,화요일,대구광역시 서구 이현동,경상사고,0,0,1,0,차대차 - 측면충돌,안전운전불이행,건조,맑음,단일로 - 기타,승용,남,46세,상해없음,이륜,남,23세,경상
2019042300100437,2019년 4월 23일 17시,화요일,대구광역시 중구 계산동2가,중상사고,0,1,0,0,차대차 - 측면충돌,신호위반,건조,맑음,교차로 - 교차로안,승용,여,52세,상해없음,이륜,남,38세,중상
2019042300100438,2019년 4월 23일 17시,화요일,대구광역시 북구 태전동,경상사고,0,0,1,1,차대차 - 기타,차로위반,젖음/습기,비,단일로 - 기타,승용,남,56세,부상신고,승용,여,26세,경상
2019042300100471,2019년 4월 23일 18시,화요일,대구광역시 남구 대명동,경상사고,0,0,1,0,차대차 - 기타,안전운전불이행,젖음/습기,비,교차로 - 교차로안,승용,여,39세,상해없음,이륜,남,27세,경상
2019042300100472,2019년 4월 23일 18시,화요일,대구광역시 동구 중대동,경상사고,0,0,2,1,차대차 - 측면충돌,안전운전불이행,젖음/습기,비,교차로 - 교차로안,화물,남,54세,상해없음,승용,여,39세,경상
2019042300100473,2019년 4월 23일 18시,화요일,대구광역시 동구 효목동,경상사고,0,0,1,0,차대사람 - 횡단중,보행자보호의무위반,젖음/습기,비,단일로 - 기타,승용,남,76세,상해없음,보행자,남,48세,경상
2019042300100474,2019년 4월 23일 18시,화요일,대구광역시 수성구 신매동,경상사고,0,0,1,0,차대차 - 기타,안전운전불이행,젖음/습기,비,단일로 - 기타,승용,여,50세,상해없음,승용,여,53세,경상
2019042300100475,2019년 4월 23일 18시,화요일,대구광역시 수성구 범어동,중상사고,0,1,2,0,차대차 - 측면충돌,안전운전불이행,젖음/습기,비,교차로 - 교차로부근,승용,여,53세,상해없음,승용,남,49세,경상
2019042300100476,2019년 4월 23일 18시,화요일,대구광역시 북구 노원동2가,경상사고,0,0,1,0,차대차 - 기타,안전운전불이행,젖음/습기,맑음,교차로 - 교차로안,화물,남,47세,상해없음,자전거,남,57세,경상
2019042300100477,2019년 4월 23일 18시,화요일,대구광역시 북구 동천동,경상사고,0,0,1,0,차대차 - 측면충돌,신호위반,젖음/습기,비,교차로 - 교차로안,승용,남,65세,상해없음,이륜,남,36세,경상
2019042300100478,2019년 4월 23일 18시,화요일,대구광역시 북구 서변동,경상사고,0,0,1,0,차대차 - 기타,교차로운행방법위반,젖음/습기,비,교차로 - 교차로안,승용,여,45세,상해없음,이륜,남,51세,경상
2019042300100516,2019년 4월 23일 19시,화요일,대구광역시 동구 신암동,경상사고,0,0,2,0,차대차 - 측면충돌,신호위반,젖음/습기,비,교차로 - 교차로안,이륜,남,35세,경상,승용,남,57세,경상
2019042300100517,2019년 4월 23일 19시,화요일,대구광역시 달성군 논공읍,중상사고,0,1,0,0,차대차 - 기타,안전운전불이행,젖음/습기,비,단일로 - 기타,승용,남,42세,상해없음,이륜,남,38세,중상
2019042300100518,2019년 4월 23일 19시,화요일,대구광역시 북구 대현동,경상사고,0,0,1,0,차대차 - 기타,안전거리미확보,젖음/습기,비,단일로 - 기타,승용,남,27세,상해없음,이륜,남,48세,경상
2019042300100519,2019년 4월 23일 19시,화요일,대구광역시 달서구 두류동,부상신고사고,0,0,0,1,차대사람 - 길가장자리구역통행중,안전운전불이행,건조,맑음,단일로 - 기타,승용,여,31세,상해없음,보행자,남,65세,부상신고
2019042300100520,2019년 4월 23일 19시,화요일,대구광역시 달서구 성당동,경상사고,0,0,1,0,차대차 - 추돌,안전운전불이행,젖음/습기,비,단일로 - 기타,승용,여,34세,상해없음,승용,여,36세,경상
2019042300100521,2019년 4월 23일 19시,화요일,대구광역시 북구 태전동,경상사고,0,0,3,0,차대차 - 추돌,안전운전불이행,젖음/습기,비,교차로 - 교차로안,승용,남,25세,상해없음,승용,남,38세,경상
2019042300100555,2019년 4월 23일 20시,화요일,대구광역시 동구 용계동,중상사고,0,1,1,0,차대차 - 측면충돌,신호위반,건조,맑음,교차로 - 교차로안,승용,남,29세,상해없음,승용,남,49세,중상
2019042300100556,2019년 4월 23일 20시,화요일,대구광역시 달성군 다사읍,중상사고,0,1,0,0,차대사람 - 횡단중,보행자보호의무위반,젖음/습기,비,교차로 - 교차로횡단보도내,승용,남,54세,상해없음,보행자,여,57세,중상
2019042300100557,2019년 4월 23일 20시,화요일,대구광역시 북구 침산동,경상사고,0,0,1,0,차대차 - 기타,안전거리미확보,젖음/습기,비,단일로 - 기타,승용,남,55세,상해없음,이륜,남,42세,경상
2019042300100558,2019년 4월 23일 20시,화요일,대구광역시 달서구 신당동,경상사고,0,0,1,0,차대사람 - 횡단중,안전운전불이행,젖음/습기,비,교차로 - 교차로횡단보도내,승용,남,49세,상해없음,보행자,남,30세,경상
2019042300100559,2019년 4월 23일 20시,화요일,대구광역시 달서구 죽전동,중상사고,0,1,4,0,차대차 - 측면충돌,안전거리미확보,젖음/습기,비,단일로 - 기타,승용,남,51세,경상,승용,남,28세,중상
2019042300100598,2019년 4월 23일 21시,화요일,대구광역시 달서구 대천동,부상신고사고,0,0,0,2,차대차 - 추돌,안전거리미확보,젖음/습기,비,단일로 - 기타,승용,남,40세,상해없음,승용,여,39세,부상신고
2019042300100599,2019년 4월 23일 21시,화요일,대구광역시 서구 내당동,경상사고,0,0,1,0,차대차 - 정면충돌,안전운전불이행,건조,맑음,단일로 - 기타,승용,남,34세,상해없음,이륜,남,22세,경상
2019042300100629,2019년 4월 23일 22시,화요일,대구광역시 달서구 진천동,경상사고,0,0,1,0,차대차 - 측면충돌,교차로운행방법위반,건조,맑음,교차로 - 교차로부근,승용,남,43세,상해없음,이륜,남,16세,경상
2019042300100630,2019년 4월 23일 22시,화요일,대구광역시 북구 구암동,경상사고,0,0,1,0,차대차 - 기타,안전운전불이행,건조,맑음,단일로 - 기타,기타불명,남,미분류,기타불명,이륜,남,31세,경상
2019042300100649,2019년 4월 23일 23시,화요일,대구광역시 동구 입석동,경상사고,0,0,2,0,차대차 - 추돌,안전운전불이행,젖음/습기,비,단일로 - 기타,승용,남,43세,상해없음,승용,남,51세,경상
2019042300100650,2019년 4월 23일 23시,화요일,대구광역시 동구 신천동,경상사고,0,0,1,0,차대사람 - 기타,안전운전불이행,젖음/습기,비,교차로 - 교차로부근,승용,남,62세,상해없음,보행자,여,53세,경상
2019042300100651,2019년 4월 23일 23시,화요일,대구광역시 동구 방촌동,경상사고,0,0,1,0,차대차 - 추돌,안전운전불이행,젖음/습기,비,단일로 - 기타,승용,남,38세,상해없음,승용,남,67세,경상
2019042400100037,2019년 4월 24일 00시,수요일,대구광역시 남구 봉덕동,중상사고,0,2,2,0,차대차 - 추돌,안전운전불이행,건조,맑음,단일로 - 고가도로위,승용,남,44세,상해없음,승용,남,60세,중상
2019042400100038,2019년 4월 24일 00시,수요일,대구광역시 수성구 수성동3가,경상사고,0,0,2,0,차대차 - 측면충돌,신호위반,건조,맑음,교차로 - 교차로안,승용,남,53세,상해없음,화물,남,36세,경상
2019042400100039,2019년 4월 24일 00시,수요일,대구광역시 수성구 범어동,경상사고,0,0,2,0,차대차 - 측면충돌,교차로운행방법위반,젖음/습기,맑음,단일로 - 기타,승용,남,43세,경상,승용,남,49세,경상
2019042400100074,2019년 4월 24일 02시,수요일,대구광역시 수성구 만촌동,경상사고,0,0,1,0,차대차 - 추돌,안전운전불이행,건조,맑음,교차로 - 교차로부근,승용,여,32세,상해없음,승용,여,54세,경상
2019042400100096,2019년 4월 24일 04시,수요일,대구광역시 북구 태전동,부상신고사고,0,0,0,1,차대사람 - 기타,안전운전불이행,건조,맑음,단일로 - 기타,기타불명,기타불명,미분류,기타불명,보행자,남,24세,부상신고
2019042400100108,2019년 4월 24일 05시,수요일,대구광역시 달서구 상인동,중상사고,0,2,0,0,차대차 - 측면충돌,신호위반,건조,맑음,교차로 - 교차로안,화물,남,65세,상해없음,승용,여,77세,중상
2019042400100109,2019년 4월 24일 05시,수요일,대구광역시 북구 침산동,경상사고,0,0,1,0,차대차 - 추돌,안전거리미확보,젖음/습기,비,단일로 - 기타,화물,남,67세,상해없음,화물,남,52세,경상
2019042400100121,2019년 4월 24일 06시,수요일,대구광역시 동구 신암동,부상신고사고,0,0,0,1,차량단독 - 공작물충돌,안전운전불이행,젖음/습기,비,교차로 - 교차로부근,승용,남,29세,부상신고,,,,
2019042400100149,2019년 4월 24일 07시,수요일,대구광역시 동구 사복동,경상사고,0,0,3,0,차대차 - 추돌,안전거리미확보,젖음/습기,흐림,단일로 - 기타,승용,남,39세,경상,승용,남,45세,경상
2019042400100150,2019년 4월 24일 07시,수요일,대구광역시 달성군 유가읍,중상사고,0,1,1,0,차대차 - 정면충돌,중앙선침범,젖음/습기,비,교차로 - 교차로부근,승용,남,32세,상해없음,승용,여,31세,중상
2019042400100151,2019년 4월 24일 07시,수요일,대구광역시 달서구 신당동,경상사고,0,0,1,0,차대차 - 기타,안전운전불이행,건조,맑음,단일로 - 기타,승용,남,36세,상해없음,자전거,여,58세,경상
2019042400100152,2019년 4월 24일 07시,수요일,대구광역시 달서구 성당동,경상사고,0,0,2,0,차대차 - 측면충돌,교차로운행방법위반,건조,맑음,교차로 - 교차로안,승용,남,31세,상해없음,화물,남,48세,경상
2019042400100194,2019년 4월 24일 08시,수요일,대구광역시 동구 신암동,중상사고,0,1,0,0,차대사람 - 횡단중,안전운전불이행,젖음/습기,비,단일로 - 기타,승용,남,31세,상해없음,보행자,여,17세,중상
2019042400100195,2019년 4월 24일 08시,수요일,대구광역시 북구 복현동,중상사고,0,1,0,0,차대사람 - 기타,안전운전불이행,젖음/습기,비,단일로 - 기타,승용,여,52세,상해없음,보행자,여,38세,중상
2019042400100196,2019년 4월 24일 08시,수요일,대구광역시 서구 평리동,중상사고,0,1,0,0,차대차 - 측면충돌,안전거리미확보,젖음/습기,비,단일로 - 기타,화물,남,54세,기타불명,이륜,남,59세,중상
2019042400100197,2019년 4월 24일 08시,수요일,대구광역시 달서구 호림동,경상사고,0,0,1,0,차대차 - 측면충돌,안전운전불이행,건조,맑음,단일로 - 기타,특수,남,57세,상해없음,승용,남,30세,경상
2019042400100232,2019년 4월 24일 09시,수요일,대구광역시 동구 괴전동,중상사고,0,1,0,0,차대사람 - 횡단중,안전운전불이행,젖음/습기,비,교차로 - 교차로부근,승합,남,57세,상해없음,보행자,남,69세,중상
2019042400100233,2019년 4월 24일 09시,수요일,대구광역시 수성구 욱수동,부상신고사고,0,0,0,1,차량단독 - 기타,안전운전불이행,건조,맑음,단일로 - 기타,승용,여,44세,부상신고,,,,
2019042400100234,2019년 4월 24일 09시,수요일,대구광역시 서구 비산동,경상사고,0,0,1,0,차대차 - 추돌,안전운전불이행,기타,비,단일로 - 기타,화물,남,26세,상해없음,승용,남,33세,경상
2019042400100309,2019년 4월 24일 12시,수요일,대구광역시 동구 신천동,경상사고,0,0,1,0,차대차 - 측면충돌,안전운전불이행,건조,맑음,단일로 - 기타,승용,남,43세,상해없음,자전거,남,46세,경상
2019042400100337,2019년 4월 24일 13시,수요일,대구광역시 북구 구암동,경상사고,0,0,1,0,차대사람 - 기타,기타,건조,맑음,단일로 - 기타,승합,남,48세,상해없음,보행자,여,22세,경상
2019042400100374,2019년 4월 24일 14시,수요일,대구광역시 남구 대명동,부상신고사고,0,0,0,1,차량단독 - 기타,안전운전불이행,건조,맑음,단일로 - 지하차도(도로)내,승합,남,54세,상해없음,,,,
2019042400100375,2019년 4월 24일 14시,수요일,대구광역시 동구 지묘동,사망사고,1,0,0,0,차대차 - 기타,안전운전불이행,건조,맑음,단일로 - 터널,화물,남,64세,상해없음,사륜오토바이(ATV),남,75세,사망
2019042400100409,2019년 4월 24일 15시,수요일,대구광역시 동구 지저동,경상사고,0,0,3,2,차대차 - 기타,교차로운행방법위반,건조,맑음,교차로 - 교차로안,승용,여,54세,상해없음,승용,남,21세,경상
2019042400100410,2019년 4월 24일 15시,수요일,대구광역시 달서구 대곡동,중상사고,0,1,1,0,차대차 - 측면충돌,안전거리미확보,건조,맑음,교차로 - 교차로안,승용,남,75세,상해없음,승용,남,56세,경상
2019042400100411,2019년 4월 24일 15시,수요일,대구광역시 서구 비산동,중상사고,0,1,0,0,차대차 - 측면충돌,안전운전불이행,건조,맑음,교차로 - 교차로안,자전거,남,70세,중상,승용,남,26세,상해없음
2019042400100447,2019년 4월 24일 16시,수요일,대구광역시 동구 검사동,중상사고,0,1,0,0,차대사람 - 기타,안전운전불이행,건조,맑음,기타 - 기타,기타불명,기타불명,미분류,기타불명,보행자,여,70세,중상
2019042400100487,2019년 4월 24일 17시,수요일,대구광역시 서구 내당동,경상사고,0,0,1,0,차대사람 - 횡단중,안전운전불이행,건조,맑음,단일로 - 기타,승용,남,23세,상해없음,보행자,여,82세,경상
2019042400100488,2019년 4월 24일 17시,수요일,대구광역시 달서구 이곡동,경상사고,0,0,1,0,차대차 - 기타,기타,건조,맑음,교차로 - 교차로부근,기타불명,기타불명,미분류,기타불명,이륜,남,26세,경상
2019042400100489,2019년 4월 24일 17시,수요일,대구광역시 북구 구암동,경상사고,0,0,1,0,차대차 - 측면충돌,안전운전불이행,건조,맑음,단일로 - 기타,승합,남,48세,상해없음,원동기,남,23세,경상
2019042400100490,2019년 4월 24일 17시,수요일,대구광역시 북구 팔달동,중상사고,0,1,0,0,차대차 - 기타,안전운전불이행,건조,맑음,단일로 - 기타,승용,남,60세,상해없음,자전거,남,29세,중상
2019042400100537,2019년 4월 24일 18시,수요일,대구광역시 남구 대명동,중상사고,0,1,0,0,차대차 - 측면충돌,안전운전불이행,건조,흐림,단일로 - 지하차도(도로)내,원동기,남,41세,중상,승용,남,43세,기타불명
2019042400100538,2019년 4월 24일 18시,수요일,대구광역시 달성군 현풍읍,경상사고,0,0,2,0,차대차 - 기타,신호위반,젖음/습기,비,교차로 - 교차로안,승용,남,27세,상해없음,승용,남,21세,경상