사고번호,사고일시,요일,시군구,사고내용,사망자수,중상자수,경상자수,부상신고자수,사고유형,법규위반,노면상태,기상상태,도로형태,가해운전자 차종,가해운전자 성별,가해운전자 연령,가해운전자 상해정도,피해운전자 차종,피해운전자 성별,피해운전자 연령,피해운전자 상해정도
2019042400100539,2019년 4월 24일 18시,수요일,대구광역시 북구 팔달동,중상사고,0,1,0,0,차대차 - 측면충돌,불법유턴,건조,맑음,단일로 - 기타,화물,남,44세,상해없음,승용,남,31세,중상
2019042400100582,2019년 4월 24일 19시,수요일,대구광역시 동구 신천동,경상사고,0,0,1,0,차대사람 - 횡단중,안전운전불이행,건조,맑음,교차로 - 교차로안,승용,여,39세,상해없음,보행자,남,60세,경상
2019042400100583,2019년 4월 24일 19시,수요일,대구광역시 북구 산격동,경상사고,0,0,1,0,차대차 - 측면충돌,안전거리미확보,건조,맑음,단일로 - 기타,승용,여,34세,상해없음,승용,남,41세,경상
2019042400100613,2019년 4월 24일 20시,수요일,대구광역시 동구 방촌동,경상사고,0,0,2,0,차대차 - 측면충돌,교차로운행방법위반,건조,맑음,단일로 - 기타,승용,남,70세,상해없음,이륜,남,28세,경상
2019042400100614,2019년 4월 24일 20시,수요일,대구광역시 서구 비산동,경상사고,0,0,1,0,차대사람 - 보도통행중,기타,건조,맑음,단일로 - 기타,승용,남,60세,상해없음,보행자,남,64세,경상
2019042400100634,2019년 4월 24일 21시,수요일,대구광역시 동구 신천동,경상사고,0,0,1,0,차대차 - 기타,안전운전불이행,건조,맑음,단일로 - 기타,승용,남,28세,상해없음,승용,남,42세,경상
2019042400100673,2019년 4월 24일 23시,수요일,대구광역시 중구 덕산동,경상사고,0,0,1,0,차대차 - 측면충돌,안전운전불이행,건조,맑음,교차로 - 교차로부근,승합,남,45세,상해없음,승용,남,24세,경상
2019042400100674,2019년 4월 24일 23시,수요일,대구광역시 달서구 죽전동,경상사고,0,0,3,0,차대차 - 기타,안전거리미확보,건조,맑음,교차로 - 교차로부근,승용,여,55세,상해없음,승용,남,23세,경상
2019042500100025,2019년 4월 25일 00시,목요일,대구광역시 서구 원대동3가,중상사고,0,1,0,0,차대사람 - 기타,안전운전불이행,건조,맑음,교차로 - 교차로부근,승용,남,23세,상해없음,보행자,여,59세,중상
2019042500100040,2019년 4월 25일 01시,목요일,대구광역시 달서구 상인동,중상사고,0,1,1,0,차대차 - 측면충돌,신호위반,건조,맑음,단일로 - 기타,이륜,남,18세,중상,이륜,남,17세,상해없음
2019042500100048,2019년 4월 25일 03시,목요일,대구광역시 수성구 범어동,중상사고,0,1,0,0,차대사람 - 기타,안전운전불이행,건조,맑음,단일로 - 기타,승용,남,31세,상해없음,보행자,남,45세,중상
2019042500100055,2019년 4월 25일 04시,목요일,대구광역시 서구 비산동,경상사고,0,0,2,0,차대차 - 측면충돌,기타,건조,맑음,교차로 - 교차로안,이륜,남,78세,경상,승용,남,70세,상해없음
2019042500100099,2019년 4월 25일 07시,목요일,대구광역시 동구 신서동,경상사고,0,0,1,0,차대차 - 기타,안전거리미확보,건조,맑음,단일로 - 기타,승용,남,31세,상해없음,승용,남,54세,경상
2019042500100100,2019년 4월 25일 07시,목요일,대구광역시 달서구 두류동,경상사고,0,0,1,0,차대차 - 측면충돌,교차로운행방법위반,건조,맑음,교차로 - 교차로부근,승용,남,28세,상해없음,승용,남,21세,경상
2019042500100140,2019년 4월 25일 08시,목요일,대구광역시 달서구 상인동,부상신고사고,0,0,0,1,차대차 - 측면충돌,신호위반,건조,흐림,교차로 - 교차로안,이륜,남,49세,부상신고,승용,남,47세,상해없음
2019042500100141,2019년 4월 25일 08시,목요일,대구광역시 달성군 다사읍,경상사고,0,0,1,0,차대차 - 측면충돌,안전운전불이행,건조,맑음,교차로 - 교차로횡단보도내,승용,남,20세,상해없음,자전거,여,56세,경상
2019042500100142,2019년 4월 25일 08시,목요일,대구광역시 서구 비산동,중상사고,0,1,0,0,차대차 - 측면충돌,교차로운행방법위반,건조,흐림,교차로 - 교차로부근,화물,남,40세,상해없음,이륜,남,69세,중상
2019042500100143,2019년 4월 25일 08시,목요일,대구광역시 서구 중리동,부상신고사고,0,0,0,1,차대차 - 측면충돌,안전운전불이행,건조,맑음,교차로 - 교차로안,자전거,남,26세,부상신고,화물,남,52세,상해없음
2019042500100144,2019년 4월 25일 08시,목요일,대구광역시 달서구 갈산동,경상사고,0,0,1,0,차대차 - 추돌,안전운전불이행,건조,맑음,교차로 - 교차로부근,승용,여,53세,상해없음,이륜,남,60세,경상
2019042500100145,2019년 4월 25일 08시,목요일,대구광역시 북구 태전동,경상사고,0,0,2,0,차대차 - 측면충돌,안전운전불이행,건조,맑음,단일로 - 기타,승용,남,66세,상해없음,승용,여,38세,경상
2019042500100169,2019년 4월 25일 09시,목요일,대구광역시 남구 대명동,경상사고,0,0,2,0,차대차 - 기타,안전운전불이행,건조,맑음,교차로 - 교차로안,이륜,남,25세,경상,승용,여,48세,상해없음
2019042500100170,2019년 4월 25일 09시,목요일,대구광역시 동구 신암동,중상사고,0,1,0,0,차대사람 - 횡단중,보행자보호의무위반,건조,맑음,단일로 - 기타,승합,남,59세,상해없음,보행자,여,57세,중상
2019042500100171,2019년 4월 25일 09시,목요일,대구광역시 수성구 지산동,경상사고,0,0,1,0,차대차 - 측면충돌,안전운전불이행,건조,맑음,교차로 - 교차로부근,승용,여,34세,상해없음,승용,남,50세,경상
2019042500100172,2019년 4월 25일 09시,목요일,대구광역시 달성군 다사읍,경상사고,0,0,3,0,차대차 - 기타,안전운전불이행,건조,맑음,단일로 - 기타,화물,남,57세,경상,화물,여,55세,경상
2019042500100173,2019년 4월 25일 09시,목요일,대구광역시 달서구 본리동,중상사고,0,1,0,0,차대차 - 측면충돌,안전운전불이행,건조,맑음,단일로 - 기타,승용,남,64세,상해없음,이륜,남,65세,중상
2019042500100205,2019년 4월 25일 10시,목요일,대구광역시 북구 관음동,경상사고,0,0,1,0,차대차 - 추돌,안전운전불이행,건조,맑음,교차로 - 교차로부근,화물,남,69세,상해없음,승용,여,47세,경상
2019042500100206,2019년 4월 25일 10시,목요일,대구광역시 북구 금호동,경상사고,0,0,1,0,차대차 - 추돌,안전거리미확보,건조,맑음,단일로 - 기타,건설기계,남,43세,상해없음,승용,남,52세,경상
2019042500100210,2019년 4월 25일 10시,목요일,대구광역시 동구 신천동,중상사고,0,1,0,0,차대차 - 측면충돌,안전거리미확보,건조,맑음,교차로 - 교차로안,승용,남,43세,상해없음,이륜,남,36세,중상
2019042500100211,2019년 4월 25일 10시,목요일,대구광역시 중구 동인동1가,경상사고,0,0,1,0,차대차 - 기타,안전운전불이행,젖음/습기,비,기타 - 기타,기타불명,기타불명,미분류,기타불명,자전거,여,59세,경상
2019042500100244,2019년 4월 25일 11시,목요일,대구광역시 동구 신천동,중상사고,0,1,0,0,차대차 - 측면충돌,차로위반,건조,맑음,단일로 - 기타,승용,남,67세,상해없음,승용,여,36세,중상
2019042500100245,2019년 4월 25일 11시,목요일,대구광역시 동구 각산동,경상사고,0,0,1,0,차대차 - 측면충돌,신호위반,건조,맑음,교차로 - 교차로안,승용,여,30세,상해없음,승용,여,37세,경상
2019042500100273,2019년 4월 25일 12시,목요일,대구광역시 수성구 만촌동,경상사고,0,0,1,0,차대차 - 기타,신호위반,건조,맑음,교차로 - 교차로안,승용,여,41세,상해없음,승용,남,57세,경상
2019042500100274,2019년 4월 25일 12시,목요일,대구광역시 달서구 감삼동,경상사고,0,0,1,0,차대차 - 측면충돌,안전운전불이행,건조,맑음,단일로 - 기타,화물,남,64세,상해없음,승용,남,60세,경상
2019042500100302,2019년 4월 25일 13시,목요일,대구광역시 동구 율하동,경상사고,0,0,1,0,차대차 - 측면충돌,교차로운행방법위반,건조,맑음,교차로 - 교차로안,승용,여,52세,기타불명,승용,여,36세,경상
2019042500100303,2019년 4월 25일 13시,목요일,대구광역시 달서구 장기동,경상사고,0,0,1,0,차대차 - 추돌,안전운전불이행,건조,맑음,기타 - 기타,승용,남,53세,상해없음,승용,여,47세,경상
2019042500100330,2019년 4월 25일 14시,목요일,대구광역시 동구 효목동,중상사고,0,1,0,0,차대차 - 기타,안전운전불이행,건조,맑음,단일로 - 기타,승용,남,32세,상해없음,개인형이동수단(PM),남,59세,중상
2019042500100331,2019년 4월 25일 14시,목요일,대구광역시 달성군 논공읍,경상사고,0,0,1,0,차대사람 - 기타,안전운전불이행,건조,맑음,단일로 - 기타,승용,남,37세,상해없음,보행자,여,75세,경상
2019042500100332,2019년 4월 25일 14시,목요일,대구광역시 북구 노원동3가,경상사고,0,0,1,1,차대차 - 측면충돌,직진우회전진행방해,건조,맑음,교차로 - 교차로안,승용,여,78세,부상신고,승용,남,57세,경상
2019042500100333,2019년 4월 25일 14시,목요일,대구광역시 중구 교동,경상사고,0,0,1,0,차대차 - 추돌,안전운전불이행,건조,맑음,교차로 - 교차로부근,이륜,남,57세,상해없음,승용,남,29세,경상
2019042500100366,2019년 4월 25일 15시,목요일,대구광역시 달서구 월성동,경상사고,0,0,3,0,차대차 - 측면충돌,안전거리미확보,건조,맑음,단일로 - 기타,승용,여,38세,상해없음,이륜,남,24세,경상
2019042500100367,2019년 4월 25일 15시,목요일,대구광역시 북구 칠성동1가,경상사고,0,0,1,0,차량단독 - 기타,기타,건조,맑음,단일로 - 기타,승합,남,54세,상해없음,,,,
2019042500100368,2019년 4월 25일 15시,목요일,대구광역시 북구 읍내동,경상사고,0,0,1,0,차대사람 - 기타,안전운전불이행,건조,맑음,단일로 - 기타,승용,여,41세,상해없음,보행자,남,22세,경상
2019042500100441,2019년 4월 25일 17시,목요일,대구광역시 수성구 연호동,중상사고,0,1,0,0,차량단독 - 공작물충돌,안전운전불이행,건조,맑음,단일로 - 기타,화물,남,65세,상해없음,,,,
2019042500100495,2019년 4월 25일 18시,목요일,대구광역시 수성구 황금동,경상사고,0,0,1,0,차대차 - 추돌,안전운전불이행,건조,맑음,교차로 - 교차로안,화물,남,34세,상해없음,승용,여,37세,경상
2019042500100496,2019년 4월 25일 18시,목요일,대구광역시 중구 동인동4가,경상사고,0,0,1,0,차대차 - 기타,안전운전불이행,건조,맑음,단일로 - 기타,승용,남,64세,상해없음,이륜,남,40세,경상
2019042500100497,2019년 4월 25일 18시,목요일,대구광역시 달서구 이곡동,경상사고,0,0,1,0,차대차 - 측면충돌,안전거리미확보,건조,맑음,단일로 - 기타,승합,남,67세,상해없음,승용,여,27세,경상
2019042500100545,2019년 4월 25일 19시,목요일,대구광역시 달서구 유천동,부상신고사고,0,0,0,2,차대차 - 측면충돌,안전운전불이행,젖음/습기,맑음,교차로 - 교차로부근,이륜,남,16세,부상신고,승용,남,48세,상해없음
2019042500100639,2019년 4월 25일 21시,목요일,대구광역시 수성구 황금동,경상사고,0,0,1,0,차대차 - 추돌,안전운전불이행,젖음/습기,비,단일로 - 기타,승용,남,46세,상해없음,이륜,남,25세,경상
2019042500100640,2019년 4월 25일 21시,목요일,대구광역시 달서구 용산동,중상사고,0,1,0,0,차대사람 - 기타,안전운전불이행,젖음/습기,비,교차로 - 교차로횡단보도내,승용,남,60세,상해없음,보행자,여,69세,중상
2019042500100698,2019년 4월 25일 23시,목요일,대구광역시 동구 율하동,경상사고,0,0,1,0,차대차 - 측면충돌,안전운전불이행,건조,맑음,단일로 - 기타,승용,남,45세,상해없음,이륜,남,21세,경상
2019042600100070,2019년 4월 26일 01시,금요일,대구광역시 중구 계산동2가,경상사고,0,0,1,0,차대차 - 측면충돌,안전운전불이행,건조,맑음,단일로 - 기타,승용,남,65세,기타불명,승용,여,72세,상해없음
2019042600100096,2019년 4월 26일 04시,금요일,대구광역시 서구 내당동,경상사고,0,0,3,0,차대차 - 추돌,안전운전불이행,젖음/습기,흐림,단일로 - 기타,승용,남,63세,상해없음,승용,남,46세,경상
2019042600100117,2019년 4월 26일 06시,금요일,대구광역시 달성군 다사읍,중상사고,0,2,0,0,차대차 - 측면충돌,신호위반,건조,맑음,교차로 - 교차로안,승합,남,47세,상해없음,승용,남,74세,중상
2019042600100133,2019년 4월 26일 07시,금요일,대구광역시 남구 대명동,중상사고,0,1,0,0,차대차 - 측면충돌,안전운전불이행,젖음/습기,비,단일로 - 기타,화물,남,63세,상해없음,승용,여,40세,중상
2019042600100134,2019년 4월 26일 07시,금요일,대구광역시 달서구 송현동,중상사고,0,1,0,0,차대사람 - 기타,안전운전불이행,건조,맑음,단일로 - 기타,승용,남,40세,상해없음,보행자,여,18세,중상
2019042600100135,2019년 4월 26일 07시,금요일,대구광역시 달서구 월암동,경상사고,0,0,1,0,차대차 - 측면충돌,교차로운행방법위반,젖음/습기,흐림,교차로 - 교차로안,승용,남,51세,상해없음,화물,남,52세,경상
2019042600100136,2019년 4월 26일 07시,금요일,대구광역시 달성군 논공읍,경상사고,0,0,1,0,차대차 - 추돌,안전운전불이행,젖음/습기,비,단일로 - 기타,이륜,남,62세,경상,승용,남,41세,상해없음
2019042600100172,2019년 4월 26일 08시,금요일,대구광역시 동구 신암동,경상사고,0,0,1,0,차대차 - 추돌,안전운전불이행,젖음/습기,비,단일로 - 기타,승용,남,32세,상해없음,승용,남,63세,경상
2019042600100173,2019년 4월 26일 08시,금요일,대구광역시 달성군 옥포읍,중상사고,0,1,1,0,차대차 - 기타,신호위반,젖음/습기,비,교차로 - 교차로안,승용,여,55세,경상,승용,남,33세,중상
2019042600100174,2019년 4월 26일 08시,금요일,대구광역시 서구 평리동,경상사고,0,0,1,0,차대차 - 측면충돌,교차로운행방법위반,건조,맑음,교차로 - 교차로안,승용,남,58세,상해없음,승용,여,29세,경상
2019042600100206,2019년 4월 26일 09시,금요일,대구광역시 동구 신암동,경상사고,0,0,2,0,차대차 - 측면충돌,안전운전불이행,건조,맑음,교차로 - 교차로안,승용,여,62세,경상,건설기계,남,55세,경상
2019042600100234,2019년 4월 26일 10시,금요일,대구광역시 달서구 두류동,경상사고,0,0,2,0,차대사람 - 기타,안전운전불이행,건조,맑음,단일로 - 기타,승용,남,77세,상해없음,보행자,남,34세,경상
2019042600100300,2019년 4월 26일 12시,금요일,대구광역시 달서구 상인동,경상사고,0,0,2,0,차대차 - 측면충돌,차로위반,건조,맑음,단일로 - 기타,승용,여,38세,경상,승용,여,50세,경상
2019042600100323,2019년 4월 26일 13시,금요일,대구광역시 동구 신암동,경상사고,0,0,2,0,차대차 - 추돌,안전거리미확보,건조,맑음,단일로 - 기타,승용,남,23세,상해없음,승용,남,30세,상해없음
2019042600100324,2019년 4월 26일 13시,금요일,대구광역시 수성구 지산동,중상사고,0,1,0,0,차대차 - 기타,안전거리미확보,건조,맑음,교차로 - 교차로부근,승용,남,58세,상해없음,승합,남,52세,상해없음
2019042600100395,2019년 4월 26일 15시,금요일,대구광역시 달서구 상인동,중상사고,0,1,0,0,차대차 - 측면충돌,신호위반,젖음/습기,비,단일로 - 기타,승용,남,31세,상해없음,이륜,남,32세,중상
2019042600100396,2019년 4월 26일 15시,금요일,대구광역시 달서구 상인동,부상신고사고,0,0,0,1,차대차 - 기타,교차로운행방법위반,젖음/습기,비,교차로 - 교차로안,기타불명,기타불명,미분류,기타불명,승용,여,47세,부상신고
2019042600100397,2019년 4월 26일 15시,금요일,대구광역시 달성군 현풍읍,중상사고,0,1,0,0,차대차 - 기타,교차로운행방법위반,건조,맑음,교차로 - 교차로안,화물,남,52세,상해없음,승용,남,47세,중상
2019042600100398,2019년 4월 26일 15시,금요일,대구광역시 중구 대신동,경상사고,0,0,1,0,차대차 - 기타,안전운전불이행,젖음/습기,비,단일로 - 기타,화물,남,65세,상해없음,이륜,남,30세,경상
2019042600100399,2019년 4월 26일 15시,금요일,대구광역시 달서구 호산동,경상사고,0,0,1,0,차대차 - 측면충돌,교차로운행방법위반,젖음/습기,비,교차로 - 교차로안,이륜,남,71세,상해없음,승용,여,52세,경상
2019042600100400,2019년 4월 26일 15시,금요일,대구광역시 달서구 신당동,부상신고사고,0,0,0,1,차대차 - 기타,안전운전불이행,젖음/습기,비,단일로 - 기타,이륜,남,40세,부상신고,화물,남,50세,상해없음
2019042600100401,2019년 4월 26일 15시,금요일,대구광역시 북구 사수동,경상사고,0,0,1,0,차대사람 - 기타,불법유턴,젖음/습기,비,교차로 - 교차로부근,기타불명,기타불명,미분류,기타불명,보행자,여,47세,경상
2019042600100440,2019년 4월 26일 16시,금요일,대구광역시 동구 방촌동,부상신고사고,0,0,0,6,차대차 - 추돌,교차로운행방법위반,젖음/습기,비,교차로 - 교차로안,승용,남,38세,부상신고,승합,남,60세,상해없음
2019042600100441,2019년 4월 26일 16시,금요일,대구광역시 수성구 만촌동,경상사고,0,0,3,0,차대차 - 측면충돌,안전거리미확보,젖음/습기,비,단일로 - 기타,승용,남,35세,상해없음,화물,남,57세,경상
2019042600100479,2019년 4월 26일 17시,금요일,대구광역시 수성구 황금동,경상사고,0,0,3,0,차대차 - 측면충돌,불법유턴,젖음/습기,비,단일로 - 기타,승용,남,45세,경상,승합,여,62세,경상
2019042600100480,2019년 4월 26일 17시,금요일,대구광역시 북구 산격동,경상사고,0,0,2,0,차대차 - 측면충돌,신호위반,젖음/습기,비,교차로 - 교차로안,승용,남,43세,상해없음,승용,남,69세,경상
2019042600100481,2019년 4월 26일 17시,금요일,대구광역시 북구 구암동,경상사고,0,0,1,0,차대사람 - 횡단중,신호위반,젖음/습기,비,교차로 - 교차로횡단보도내,승용,여,41세,상해없음,보행자,남,21세,경상
2019042600100533,2019년 4월 26일 18시,금요일,대구광역시 북구 산격동,경상사고,0,0,2,0,차대차 - 추돌,안전운전불이행,젖음/습기,비,단일로 - 기타,승용,남,44세,상해없음,승용,여,52세,경상
2019042600100534,2019년 4월 26일 18시,금요일,대구광역시 중구 대봉동,중상사고,0,1,0,0,차대사람 - 횡단중,보행자보호의무위반,젖음/습기,비,교차로 - 교차로횡단보도내,승용,여,51세,상해없음,보행자,여,70세,중상
2019042600100535,2019년 4월 26일 18시,금요일,대구광역시 중구 삼덕동2가,경상사고,0,0,1,0,차대차 - 추돌,안전거리미확보,젖음/습기,비,교차로 - 교차로부근,승용,여,38세,상해없음,승용,여,56세,경상
2019042600100536,2019년 4월 26일 18시,금요일,대구광역시 달서구 죽전동,경상사고,0,0,2,0,차대차 - 추돌,안전운전불이행,젖음/습기,비,기타 - 기타,승용,남,22세,상해없음,승용,여,29세,경상
2019042600100585,2019년 4월 26일 19시,금요일,대구광역시 동구 신천동,경상사고,0,0,1,0,차대차 - 측면충돌,교차로운행방법위반,건조,맑음,단일로 - 기타,승용,여,25세,상해없음,승합,남,59세,상해없음
2019042600100586,2019년 4월 26일 19시,금요일,대구광역시 수성구 상동,경상사고,0,0,1,0,차대차 - 추돌,안전거리미확보,젖음/습기,비,단일로 - 기타,승용,남,56세,상해없음,승합,남,52세,상해없음
2019042600100587,2019년 4월 26일 19시,금요일,대구광역시 북구 산격동,경상사고,0,0,1,0,차대사람 - 횡단중,안전운전불이행,건조,맑음,단일로 - 기타,승용,여,45세,상해없음,보행자,남,67세,경상
2019042600100634,2019년 4월 26일 20시,금요일,대구광역시 동구 신암동,중상사고,0,1,0,0,차대사람 - 횡단중,보행자보호의무위반,젖음/습기,비,단일로 - 기타,승용,남,24세,상해없음,보행자,남,77세,중상
2019042600100635,2019년 4월 26일 20시,금요일,대구광역시 달서구 송현동,경상사고,0,0,1,0,차대사람 - 횡단중,신호위반,젖음/습기,흐림,단일로 - 기타,기타불명,기타불명,미분류,기타불명,보행자,여,53세,경상
2019042600100636,2019년 4월 26일 20시,금요일,대구광역시 달성군 다사읍,부상신고사고,0,0,0,1,차대차 - 기타,교차로운행방법위반,젖음/습기,비,교차로 - 교차로부근,승용,남,56세,상해없음,이륜,남,57세,부상신고
2019042600100637,2019년 4월 26일 20시,금요일,대구광역시 북구 노원동3가,중상사고,0,1,0,0,차대사람 - 횡단중,보행자보호의무위반,젖음/습기,맑음,교차로 - 교차로안,승용,남,43세,상해없음,보행자,여,56세,중상
2019042600100638,2019년 4월 26일 20시,금요일,대구광역시 달서구 감삼동,경상사고,0,0,3,0,차대차 - 측면충돌,안전운전불이행,젖음/습기,맑음,기타 - 기타,승용,여,48세,상해없음,승용,여,42세,경상
2019042600100639,2019년 4월 26일 20시,금요일,대구광역시 달서구 신당동,경상사고,0,0,4,0,차대차 - 측면충돌,안전운전불이행,건조,맑음,교차로 - 교차로부근,화물,남,53세,상해없음,승용,남,19세,경상
2019042600100679,2019년 4월 26일 21시,금요일,대구광역시 수성구 연호동,경상사고,0,0,2,0,차대차 - 측면충돌,교차로운행방법위반,젖음/습기,비,교차로 - 교차로안,승용,남,54세,상해없음,승용,남,29세,경상
2019042600100680,2019년 4월 26일 21시,금요일,대구광역시 중구 동인동1가,경상사고,0,0,1,1,차대차 - 측면충돌,신호위반,젖음/습기,비,교차로 - 교차로안,이륜,남,18세,상해없음,승용,여,51세,경상
2019042600100681,2019년 4월 26일 21시,금요일,대구광역시 달서구 장기동,중상사고,0,1,0,0,차대차 - 측면충돌,안전운전불이행,건조,맑음,교차로 - 교차로안,승용,여,25세,상해없음,이륜,남,42세,중상
2019042600100705,2019년 4월 26일 22시,금요일,대구광역시 달성군 화원읍,경상사고,0,0,1,0,차대사람 - 기타,안전운전불이행,건조,맑음,교차로 - 교차로부근,화물,남,37세,상해없음,보행자,여,24세,경상
2019042600100706,2019년 4월 26일 22시,금요일,대구광역시 달성군 다사읍,중상사고,0,1,0,0,차대차 - 기타,안전운전불이행,젖음/습기,비,교차로 - 교차로부근,승용,여,57세,상해없음,이륜,남,25세,중상
2019042700100041,2019년 4월 27일 00시,토요일,대구광역시 달서구 대천동,중상사고,0,1,0,0,차대차 - 측면충돌,안전운전불이행,젖음/습기,맑음,교차로 - 교차로부근,승용,남,35세,상해없음,승용,남,50세,중상
2019042700100067,2019년 4월 27일 01시,토요일,대구광역시 달서구 상인동,중상사고,0,2,0,0,차대차 - 측면충돌,신호위반,건조,맑음,교차로 - 교차로안,승용,남,27세,상해없음,승용,남,45세,중상
2019042700100068,2019년 4월 27일 01시,토요일,대구광역시 서구 내당동,경상사고,0,0,2,0,차대차 - 측면충돌,안전거리미확보,건조,맑음,교차로 - 교차로안,승합,남,43세,상해없음,승용,남,42세,경상
2019042700100083,2019년 4월 27일 02시,토요일,대구광역시 수성구 이천동,사망사고,1,0,0,0,차대차 - 추돌,안전운전불이행,건조,맑음,단일로 - 기타,화물,남,32세,사망,화물,남,56세,기타불명
2019042700100084,2019년 4월 27일 02시,토요일,대구광역시 북구 복현동,경상사고,0,0,1,0,차대차 - 측면충돌,안전거리미확보,건조,맑음,단일로 - 기타,승용,남,36세,상해없음,승용,여,62세,경상
2019042700100086,2019년 4월 27일 03시,토요일,대구광역시 북구 침산동,경상사고,0,0,3,0,차대차 - 측면충돌,신호위반,건조,맑음,교차로 - 교차로안,승용,남,25세,상해없음,승용,남,58세,경상
2019042700100120,2019년 4월 27일 06시,토요일,대구광역시 달서구 상인동,경상사고,0,0,1,0,차대차 - 추돌,안전운전불이행,건조,맑음,단일로 - 기타,승용,남,22세,상해없음,승합,남,59세,경상
2019042700100121,2019년 4월 27일 06시,토요일,대구광역시 중구 동성로2가,사망사고,1,0,0,0,차대사람 - 기타,안전운전불이행,건조,맑음,단일로 - 기타,승용,남,51세,상해없음,보행자,남,80세,사망
2019042700100159,2019년 4월 27일 08시,토요일,대구광역시 달성군 화원읍,경상사고,0,0,1,0,차대차 - 기타,안전운전불이행,건조,맑음,단일로 - 기타,화물,남,60세,상해없음,승용,여,36세,경상
2019042700100188,2019년 4월 27일 09시,토요일,대구광역시 북구 침산동,경상사고,0,0,1,0,차대차 - 추돌,안전운전불이행,건조,맑음,단일로 - 기타,승용,남,26세,상해없음,승용,남,30세,경상
2019042700100189,2019년 4월 27일 09시,토요일,대구광역시 달서구 두류동,중상사고,0,1,2,0,차대차 - 추돌,안전거리미확보,건조,흐림,교차로 - 교차로안,승용,남,65세,상해없음,승용,여,60세,중상
2019042700100231,2019년 4월 27일 10시,토요일,대구광역시 남구 대명동,경상사고,0,0,3,0,차대차 - 추돌,안전거리미확보,건조,맑음,단일로 - 기타,승용,남,27세,경상,승용,여,35세,경상
2019042700100232,2019년 4월 27일 10시,토요일,대구광역시 동구 신암동,경상사고,0,0,1,0,차대차 - 기타,신호위반,건조,맑음,단일로 - 기타,이륜,기타불명,미분류,기타불명,자전거,남,63세,경상
2019042700100233,2019년 4월 27일 10시,토요일,대구광역시 수성구 지산동,경상사고,0,0,3,0,차대차 - 기타,안전운전불이행,건조,맑음,단일로 - 기타,승용,여,47세,상해없음,승용,여,36세,경상
2019042700100281,2019년 4월 27일 11시,토요일,대구광역시 남구 대명동,경상사고,0,0,1,0,차대차 - 추돌,안전운전불이행,건조,맑음,교차로 - 교차로부근,승용,남,61세,상해없음,승용,여,30세,경상
2019042700100282,2019년 4월 27일 11시,토요일,대구광역시 수성구 삼덕동,경상사고,0,0,1,1,차대차 - 측면충돌,직진우회전진행방해,건조,맑음,교차로 - 교차로안,승용,여,47세,부상신고,승용,남,55세,경상
2019042700100283,2019년 4월 27일 11시,토요일,대구광역시 달서구 송현동,경상사고,0,0,2,0,차대차 - 측면충돌,직진우회전진행방해,건조,맑음,교차로 - 교차로안,이륜,남,50세,경상,승용,여,29세,경상
2019042700100284,2019년 4월 27일 11시,토요일,대구광역시 서구 평리동,중상사고,0,1,1,0,차대차 - 측면충돌,기타,건조,맑음,교차로 - 교차로안,승용,남,50세,경상,승용,남,58세,중상
2019042700100285,2019년 4월 27일 11시,토요일,대구광역시 달서구 용산동,부상신고사고,0,0,0,1,차대차 - 측면충돌,안전운전불이행,건조,맑음,단일로 - 기타,자전거,남,11세,부상신고,승용,남,57세,상해없음
2019042700100286,2019년 4월 27일 11시,토요일,대구광역시 북구 동천동,경상사고,0,0,1,0,차대차 - 측면충돌,교차로운행방법위반,건조,맑음,교차로 - 교차로안,화물,남,21세,상해없음,화물,남,63세,경상
2019042700100327,2019년 4월 27일 12시,토요일,대구광역시 달서구 진천동,경상사고,0,0,3,0,차대차 - 기타,안전운전불이행,건조,맑음,교차로 - 교차로부근,승용,남,48세,상해없음,승용,여,27세,경상
2019042700100360,2019년 4월 27일 13시,토요일,대구광역시 동구 부동,중상사고,0,1,0,0,차대차 - 기타,안전운전불이행,건조,맑음,단일로 - 기타,화물,남,57세,중상,승용,남,44세,상해없음
2019042700100401,2019년 4월 27일 14시,토요일,대구광역시 수성구 황금동,경상사고,0,0,1,0,차대차 - 추돌,안전운전불이행,건조,맑음,단일로 - 기타,승용,남,53세,상해없음,자전거,남,11세,경상
2019042700100402,2019년 4월 27일 14시,토요일,대구광역시 달서구 월성동,경상사고,0,0,1,0,차대차 - 측면충돌,안전거리미확보,건조,맑음,단일로 - 기타,승용,여,30세,상해없음,이륜,남,24세,경상
2019042700100403,2019년 4월 27일 14시,토요일,대구광역시 서구 평리동,중상사고,0,1,2,0,차량단독 - 기타,기타,건조,맑음,교차로 - 교차로부근,승합,남,58세,상해없음,,,,
2019042700100404,2019년 4월 27일 14시,토요일,대구광역시 달서구 감삼동,경상사고,0,0,1,0,차대차 - 기타,신호위반,건조,맑음,교차로 - 교차로안,승용,남,40세,상해없음,승용,남,38세,경상
2019042700100438,2019년 4월 27일 15시,토요일,대구광역시 달성군 현풍읍,중상사고,0,1,0,0,차대차 - 기타,안전운전불이행,건조,맑음,기타 - 기타,승용,남,68세,상해없음,승용,여,53세,중상