사고번호,사고일시,요일,시군구,사고내용,사망자수,중상자수,경상자수,부상신고자수,사고유형,법규위반,노면상태,기상상태,도로형태,가해운전자 차종,가해운전자 성별,가해운전자 연령,가해운전자 상해정도,피해운전자 차종,피해운전자 성별,피해운전자 연령,피해운전자 상해정도
2019051000100379,2019년 5월 10일 14시,금요일,대구광역시 수성구 범어동,부상신고사고,0,0,0,1,차대차 - 후진중충돌,안전운전불이행,건조,맑음,기타 - 기타,승용,여,49세,상해없음,자전거,남,77세,부상신고
2019051000100380,2019년 5월 10일 14시,금요일,대구광역시 달서구 죽전동,경상사고,0,0,3,0,차대차 - 측면충돌,안전운전불이행,건조,맑음,단일로 - 기타,승용,여,47세,상해없음,승용,여,58세,경상
2019051000100436,2019년 5월 10일 15시,금요일,대구광역시 서구 중리동,부상신고사고,0,0,0,1,차대차 - 정면충돌,안전운전불이행,건조,맑음,교차로 - 교차로안,기타불명,남,18세,부상신고,승용,남,53세,상해없음
2019051000100437,2019년 5월 10일 15시,금요일,대구광역시 달서구 용산동,중상사고,0,1,0,1,차대차 - 기타,안전거리미확보,건조,맑음,단일로 - 기타,승용,남,61세,상해없음,승용,남,62세,중상
2019051000100438,2019년 5월 10일 15시,금요일,대구광역시 달서구 본리동,경상사고,0,0,2,0,차대차 - 측면충돌,교차로운행방법위반,건조,맑음,교차로 - 교차로안,화물,남,28세,상해없음,승용,여,58세,경상
2019051000100475,2019년 5월 10일 16시,금요일,대구광역시 수성구 범어동,중상사고,0,1,0,0,차대차 - 측면충돌,안전운전불이행,건조,맑음,교차로 - 교차로안,승용,남,57세,상해없음,승용,여,43세,중상
2019051000100476,2019년 5월 10일 16시,금요일,대구광역시 수성구 수성동4가,경상사고,0,0,1,0,차대차 - 추돌,안전운전불이행,건조,맑음,교차로 - 교차로부근,승용,여,30세,상해없음,승용,여,33세,경상
2019051000100527,2019년 5월 10일 17시,금요일,대구광역시 서구 내당동,경상사고,0,0,2,0,차대차 - 측면충돌,교차로운행방법위반,건조,맑음,교차로 - 교차로안,승용,남,71세,상해없음,승용,남,22세,경상
2019051000100528,2019년 5월 10일 17시,금요일,대구광역시 달서구 두류동,경상사고,0,0,1,0,차대차 - 측면충돌,차로위반,건조,맑음,단일로 - 기타,승용,남,63세,상해없음,승용,여,61세,경상
2019051000100573,2019년 5월 10일 18시,금요일,대구광역시 수성구 매호동,경상사고,0,0,3,0,차대차 - 추돌,안전운전불이행,건조,맑음,교차로 - 교차로부근,승용,남,62세,상해없음,승용,남,46세,경상
2019051000100574,2019년 5월 10일 18시,금요일,대구광역시 수성구 황금동,경상사고,0,0,1,0,차대차 - 측면충돌,안전운전불이행,건조,맑음,교차로 - 교차로부근,승용,여,50세,상해없음,이륜,남,23세,경상
2019051000100575,2019년 5월 10일 18시,금요일,대구광역시 중구 수창동,부상신고사고,0,0,0,1,차대차 - 측면충돌,안전운전불이행,건조,맑음,단일로 - 기타,이륜,남,17세,부상신고,화물,남,58세,상해없음
2019051000100576,2019년 5월 10일 18시,금요일,대구광역시 달서구 장동,경상사고,0,0,1,0,차대차 - 기타,안전운전불이행,건조,맑음,교차로 - 교차로안,개인형이동수단(PM),남,43세,경상,이륜,남,19세,상해없음
2019051000100612,2019년 5월 10일 19시,금요일,대구광역시 북구 노원동3가,경상사고,0,0,1,0,차대차 - 기타,신호위반,건조,맑음,교차로 - 교차로안,승용,남,36세,상해없음,승용,남,47세,경상
2019051000100613,2019년 5월 10일 19시,금요일,대구광역시 서구 내당동,경상사고,0,0,1,0,차대차 - 측면충돌,안전거리미확보,건조,맑음,단일로 - 기타,승용,여,26세,상해없음,이륜,남,41세,경상
2019051000100614,2019년 5월 10일 19시,금요일,대구광역시 북구 구암동,경상사고,0,0,1,0,차대차 - 측면충돌,안전운전불이행,건조,맑음,교차로 - 교차로부근,승용,남,59세,상해없음,이륜,남,24세,경상
2019051000100658,2019년 5월 10일 20시,금요일,대구광역시 남구 대명동,경상사고,0,0,1,1,차대차 - 측면충돌,신호위반,건조,맑음,교차로 - 교차로부근,이륜,남,20세,부상신고,승용,여,38세,경상
2019051000100659,2019년 5월 10일 20시,금요일,대구광역시 북구 침산동,경상사고,0,0,1,0,차대차 - 측면충돌,안전거리미확보,건조,맑음,단일로 - 기타,승용,남,58세,기타불명,승용,남,57세,상해없음
2019051000100680,2019년 5월 10일 21시,금요일,대구광역시 달성군 다사읍,경상사고,0,0,1,0,차대차 - 기타,교차로운행방법위반,건조,맑음,교차로 - 교차로안,승용,남,60세,상해없음,자전거,남,51세,경상
2019051000100681,2019년 5월 10일 21시,금요일,대구광역시 북구 산격동,경상사고,0,0,1,0,차대차 - 기타,안전거리미확보,건조,맑음,교차로 - 교차로부근,승용,남,52세,상해없음,원동기,남,57세,경상
2019051000100682,2019년 5월 10일 21시,금요일,대구광역시 서구 비산동,경상사고,0,0,1,0,차대차 - 측면충돌,신호위반,건조,맑음,교차로 - 교차로부근,승용,남,51세,상해없음,화물,남,46세,경상
2019051000100712,2019년 5월 10일 22시,금요일,대구광역시 동구 율하동,경상사고,0,0,1,1,차대차 - 측면충돌,신호위반,건조,맑음,교차로 - 교차로횡단보도내,이륜,남,35세,부상신고,이륜,남,42세,경상
2019051000100713,2019년 5월 10일 22시,금요일,대구광역시 동구 검사동,경상사고,0,0,4,0,차대차 - 추돌,안전거리미확보,건조,맑음,단일로 - 기타,승용,남,51세,상해없음,승용,남,32세,경상
2019051000100714,2019년 5월 10일 22시,금요일,대구광역시 북구 복현동,경상사고,0,0,1,0,차대차 - 측면충돌,안전거리미확보,건조,맑음,교차로 - 교차로안,승용,남,37세,상해없음,승용,여,46세,경상
2019051000100740,2019년 5월 10일 23시,금요일,대구광역시 남구 대명동,경상사고,0,0,2,1,차대차 - 측면충돌,안전운전불이행,건조,맑음,교차로 - 교차로안,승용,여,44세,부상신고,승용,남,55세,경상
2019051000100741,2019년 5월 10일 23시,금요일,대구광역시 동구 신암동,경상사고,0,0,1,0,차대차 - 추돌,안전운전불이행,건조,맑음,교차로 - 교차로안,승용,남,51세,상해없음,승용,남,61세,상해없음
2019051100100075,2019년 5월 11일 02시,토요일,대구광역시 중구 남산동,경상사고,0,0,2,0,차대차 - 측면충돌,중앙선침범,건조,맑음,단일로 - 기타,승용,여,58세,상해없음,승용,남,35세,경상
2019051100100085,2019년 5월 11일 03시,토요일,대구광역시 중구 삼덕동1가,경상사고,0,0,1,0,차대사람 - 기타,안전운전불이행,건조,맑음,단일로 - 기타,승용,남,18세,상해없음,보행자,남,19세,경상
2019051100100097,2019년 5월 11일 04시,토요일,대구광역시 달서구 대곡동,중상사고,0,1,0,0,차대사람 - 기타,안전운전불이행,건조,맑음,단일로 - 기타,승합,남,46세,상해없음,보행자,여,45세,중상
2019051100100098,2019년 5월 11일 04시,토요일,대구광역시 서구 비산동,중상사고,0,2,0,0,차대차 - 추돌,안전운전불이행,건조,맑음,교차로 - 교차로안,승용,남,65세,상해없음,이륜,남,77세,중상
2019051100100140,2019년 5월 11일 07시,토요일,대구광역시 북구 침산동,중상사고,0,1,0,0,차대차 - 기타,안전운전불이행,건조,맑음,교차로 - 교차로부근,승용,여,56세,상해없음,승용,남,28세,중상
2019051100100164,2019년 5월 11일 08시,토요일,대구광역시 달성군 논공읍,경상사고,0,0,1,0,차대차 - 기타,안전운전불이행,건조,맑음,기타 - 기타,승용,남,31세,경상,승용,남,50세,상해없음
2019051100100165,2019년 5월 11일 08시,토요일,대구광역시 중구 달성동,경상사고,0,0,1,0,차대차 - 추돌,안전거리미확보,건조,맑음,교차로 - 교차로안,승용,남,35세,상해없음,화물,남,38세,경상
2019051100100199,2019년 5월 11일 09시,토요일,대구광역시 수성구 범어동,경상사고,0,0,1,0,차대차 - 추돌,안전운전불이행,건조,맑음,주차장 - 주차장,승용,남,31세,상해없음,승용,남,33세,경상
2019051100100200,2019년 5월 11일 09시,토요일,대구광역시 달서구 신당동,경상사고,0,0,1,0,차대차 - 측면충돌,안전거리미확보,건조,맑음,단일로 - 기타,승용,남,39세,상해없음,승용,남,55세,경상
2019051100100233,2019년 5월 11일 10시,토요일,대구광역시 수성구 상동,중상사고,0,1,1,0,차대차 - 측면충돌,신호위반,건조,맑음,교차로 - 교차로안,승용,남,76세,상해없음,승용,여,42세,중상
2019051100100234,2019년 5월 11일 10시,토요일,대구광역시 중구 수창동,중상사고,0,1,0,0,차대차 - 기타,안전운전불이행,건조,맑음,교차로 - 교차로횡단보도내,승용,남,83세,상해없음,자전거,남,75세,중상
2019051100100235,2019년 5월 11일 10시,토요일,대구광역시 달서구 신당동,경상사고,0,0,1,0,차대차 - 추돌,안전운전불이행,건조,맑음,기타 - 기타,화물,남,23세,상해없음,승용,남,50세,경상
2019051100100236,2019년 5월 11일 10시,토요일,대구광역시 달서구 본리동,경상사고,0,0,1,0,차대차 - 기타,안전운전불이행,건조,맑음,단일로 - 기타,승용,여,47세,상해없음,자전거,남,32세,경상
2019051100100282,2019년 5월 11일 11시,토요일,대구광역시 수성구 지산동,경상사고,0,0,1,0,차대차 - 측면충돌,안전운전불이행,건조,맑음,단일로 - 기타,승용,남,60세,상해없음,승용,여,37세,경상
2019051100100283,2019년 5월 11일 11시,토요일,대구광역시 달성군 화원읍,경상사고,0,0,1,0,차대차 - 측면충돌,안전운전불이행,건조,맑음,교차로 - 교차로부근,화물,남,52세,상해없음,이륜,남,23세,경상
2019051100100329,2019년 5월 11일 12시,토요일,대구광역시 달서구 월성동,경상사고,0,0,2,0,차대차 - 측면충돌,직진우회전진행방해,건조,맑음,교차로 - 교차로안,승용,남,52세,상해없음,승용,남,48세,경상
2019051100100330,2019년 5월 11일 12시,토요일,대구광역시 북구 침산동,부상신고사고,0,0,0,1,차량단독 - 기타,안전운전불이행,건조,맑음,단일로 - 기타,승용,남,71세,부상신고,,,,
2019051100100377,2019년 5월 11일 13시,토요일,대구광역시 동구 지저동,경상사고,0,0,1,0,차대사람 - 기타,안전운전불이행,건조,맑음,기타 - 기타,승용,남,68세,기타불명,보행자,여,77세,경상
2019051100100378,2019년 5월 11일 13시,토요일,대구광역시 수성구 황금동,경상사고,0,0,2,0,차대차 - 측면충돌,안전운전불이행,건조,맑음,교차로 - 교차로부근,승용,여,43세,경상,승용,남,61세,상해없음
2019051100100425,2019년 5월 11일 14시,토요일,대구광역시 수성구 범어동,경상사고,0,0,1,0,차대사람 - 횡단중,신호위반,건조,맑음,단일로 - 기타,승용,남,58세,상해없음,보행자,여,18세,경상
2019051100100426,2019년 5월 11일 14시,토요일,대구광역시 수성구 지산동,경상사고,0,0,2,0,차대차 - 측면충돌,교차로운행방법위반,건조,맑음,교차로 - 교차로안,승용,남,32세,상해없음,승용,남,46세,경상
2019051100100427,2019년 5월 11일 14시,토요일,대구광역시 북구 산격동,경상사고,0,0,1,0,차대사람 - 기타,안전운전불이행,건조,맑음,단일로 - 기타,승용,남,22세,상해없음,보행자,남,44세,경상
2019051100100428,2019년 5월 11일 14시,토요일,대구광역시 중구 사일동,중상사고,0,1,0,0,차대차 - 측면충돌,중앙선침범,건조,맑음,단일로 - 기타,자전거,남,78세,중상,이륜,남,20세,상해없음
2019051100100465,2019년 5월 11일 15시,토요일,대구광역시 동구 율암동,중상사고,0,1,0,0,차대사람 - 기타,안전운전불이행,건조,맑음,단일로 - 기타,승용,남,53세,상해없음,보행자,남,43세,중상
2019051100100466,2019년 5월 11일 15시,토요일,대구광역시 동구 동호동,중상사고,0,1,0,0,차대차 - 측면충돌,안전운전불이행,건조,맑음,교차로 - 교차로부근,승용,여,60세,상해없음,자전거,남,66세,중상
2019051100100467,2019년 5월 11일 15시,토요일,대구광역시 달서구 용산동,경상사고,0,0,1,0,차대사람 - 횡단중,보행자보호의무위반,건조,맑음,교차로 - 교차로횡단보도내,승용,여,49세,상해없음,보행자,여,54세,경상
2019051100100504,2019년 5월 11일 16시,토요일,대구광역시 동구 지저동,경상사고,0,0,1,0,차대차 - 측면충돌,안전거리미확보,건조,맑음,단일로 - 기타,승용,남,64세,상해없음,승용,남,70세,경상
2019051100100505,2019년 5월 11일 16시,토요일,대구광역시 달성군 다사읍,경상사고,0,0,2,0,차대차 - 측면충돌,안전운전불이행,건조,맑음,교차로 - 교차로안,승용,남,82세,상해없음,승용,남,63세,경상
2019051100100506,2019년 5월 11일 16시,토요일,대구광역시 북구 칠성동2가,중상사고,0,1,2,0,차대차 - 측면충돌,신호위반,건조,맑음,교차로 - 교차로안,이륜,남,24세,경상,승용,남,44세,경상
2019051100100507,2019년 5월 11일 16시,토요일,대구광역시 서구 비산동,중상사고,0,1,0,0,차대차 - 측면충돌,안전거리미확보,건조,맑음,교차로 - 교차로부근,승용,남,53세,상해없음,이륜,남,24세,중상
2019051100100552,2019년 5월 11일 17시,토요일,대구광역시 남구 대명동,부상신고사고,0,0,0,1,차대차 - 측면충돌,차로위반,건조,맑음,단일로 - 기타,이륜,남,47세,부상신고,승용,남,39세,상해없음
2019051100100591,2019년 5월 11일 18시,토요일,대구광역시 수성구 지산동,중상사고,0,1,0,0,차대차 - 기타,안전운전불이행,건조,맑음,단일로 - 기타,승용,여,70세,상해없음,이륜,남,28세,중상
2019051100100592,2019년 5월 11일 18시,토요일,대구광역시 달서구 본동,경상사고,0,0,3,0,차대차 - 측면충돌,교차로운행방법위반,건조,맑음,교차로 - 교차로안,승용,여,57세,상해없음,승용,남,20세,경상
2019051100100593,2019년 5월 11일 18시,토요일,대구광역시 북구 산격동,중상사고,0,1,0,0,차대차 - 측면충돌,안전운전불이행,건조,맑음,기타 - 기타,승용,여,60세,상해없음,이륜,남,18세,중상
2019051100100594,2019년 5월 11일 18시,토요일,대구광역시 북구 노원동1가,경상사고,0,0,1,0,차대사람 - 횡단중,보행자보호의무위반,건조,흐림,교차로 - 교차로안,승용,남,66세,상해없음,보행자,남,20세,경상
2019051100100595,2019년 5월 11일 18시,토요일,대구광역시 서구 내당동,중상사고,0,2,1,1,차대차 - 측면충돌,안전거리미확보,건조,맑음,단일로 - 기타,승용,여,52세,부상신고,승용,남,24세,경상
2019051100100596,2019년 5월 11일 18시,토요일,대구광역시 서구 내당동,경상사고,0,0,3,0,차대차 - 측면충돌,안전운전불이행,건조,맑음,교차로 - 교차로부근,이륜,남,27세,상해없음,승용,여,30세,상해없음
2019051100100662,2019년 5월 11일 20시,토요일,대구광역시 동구 지저동,부상신고사고,0,0,0,1,차대차 - 측면충돌,안전운전불이행,건조,맑음,교차로 - 교차로안,이륜,남,46세,부상신고,승용,남,27세,상해없음
2019051100100663,2019년 5월 11일 20시,토요일,대구광역시 달서구 신당동,중상사고,0,1,1,0,차대차 - 측면충돌,신호위반,건조,맑음,교차로 - 교차로안,화물,남,56세,중상,승용,남,29세,경상
2019051100100687,2019년 5월 11일 21시,토요일,대구광역시 달서구 성당동,경상사고,0,0,1,0,차대차 - 추돌,안전운전불이행,건조,맑음,교차로 - 교차로부근,승용,남,61세,상해없음,승용,남,51세,경상
2019051100100688,2019년 5월 11일 21시,토요일,대구광역시 북구 태전동,중상사고,0,1,0,0,차대차 - 측면충돌,안전운전불이행,건조,맑음,단일로 - 기타,승용,여,59세,상해없음,이륜,남,45세,중상
2019051100100718,2019년 5월 11일 22시,토요일,대구광역시 동구 효목동,중상사고,0,1,0,0,차대차 - 측면충돌,교차로운행방법위반,건조,맑음,교차로 - 교차로안,승용,여,60세,상해없음,자전거,남,67세,중상
2019051100100719,2019년 5월 11일 22시,토요일,대구광역시 중구 남산동,중상사고,0,1,1,0,차대차 - 기타,신호위반,건조,맑음,교차로 - 교차로안,승용,남,23세,상해없음,이륜,남,23세,중상
2019051100100720,2019년 5월 11일 22시,토요일,대구광역시 북구 관음동,경상사고,0,0,1,1,차대차 - 측면충돌,교차로운행방법위반,건조,맑음,교차로 - 교차로안,이륜,남,19세,부상신고,승용,남,52세,경상
2019051100100745,2019년 5월 11일 23시,토요일,대구광역시 서구 비산동,부상신고사고,0,0,0,1,차대사람 - 기타,안전운전불이행,건조,맑음,단일로 - 기타,기타불명,기타불명,미분류,기타불명,보행자,남,59세,부상신고
2019051200100047,2019년 5월 12일 01시,일요일,대구광역시 남구 대명동,중상사고,0,1,0,0,차대사람 - 횡단중,안전운전불이행,건조,맑음,단일로 - 지하차도(도로)내,이륜,남,20세,상해없음,보행자,여,57세,중상
2019051200100048,2019년 5월 12일 01시,일요일,대구광역시 수성구 지산동,경상사고,0,0,1,0,차대차 - 측면충돌,신호위반,건조,맑음,교차로 - 교차로안,이륜,남,15세,상해없음,승용,남,60세,경상
2019051200100069,2019년 5월 12일 03시,일요일,대구광역시 북구 칠성동2가,경상사고,0,0,1,0,차대사람 - 횡단중,신호위반,건조,맑음,교차로 - 교차로횡단보도내,승용,남,73세,상해없음,보행자,여,42세,경상
2019051200100086,2019년 5월 12일 05시,일요일,대구광역시 달서구 송현동,경상사고,0,0,2,0,차대차 - 측면충돌,신호위반,건조,맑음,교차로 - 교차로안,이륜,남,28세,상해없음,승용,남,25세,경상
2019051200100103,2019년 5월 12일 06시,일요일,대구광역시 달서구 본동,경상사고,0,0,2,0,차대차 - 기타,중앙선침범,건조,맑음,교차로 - 교차로부근,승용,남,24세,상해없음,승용,남,72세,경상
2019051200100104,2019년 5월 12일 06시,일요일,대구광역시 중구 삼덕동1가,경상사고,0,0,1,0,차대사람 - 기타,안전운전불이행,건조,맑음,교차로 - 교차로안,화물,남,57세,상해없음,보행자,남,30세,경상
2019051200100118,2019년 5월 12일 07시,일요일,대구광역시 동구 신암동,경상사고,0,0,1,0,차대차 - 추돌,안전운전불이행,건조,맑음,단일로 - 기타,승용,남,70세,상해없음,승용,남,59세,경상
2019051200100134,2019년 5월 12일 08시,일요일,대구광역시 달서구 두류동,중상사고,0,1,0,0,차대차 - 정면충돌,안전운전불이행,건조,맑음,교차로 - 교차로안,승용,남,29세,상해없음,승용,여,60세,중상
2019051200100151,2019년 5월 12일 09시,일요일,대구광역시 중구 달성동,경상사고,0,0,1,0,차대차 - 측면충돌,안전거리미확보,건조,맑음,교차로 - 교차로안,승용,여,66세,상해없음,화물,남,48세,경상
2019051200100152,2019년 5월 12일 09시,일요일,대구광역시 달서구 두류동,경상사고,0,0,1,0,차대사람 - 기타,안전운전불이행,건조,맑음,단일로 - 기타,승용,남,77세,상해없음,보행자,여,63세,경상
2019051200100180,2019년 5월 12일 10시,일요일,대구광역시 달성군 가창면,중상사고,0,1,1,0,차대차 - 정면충돌,중앙선침범,건조,맑음,단일로 - 기타,이륜,남,48세,경상,이륜,남,60세,중상
2019051200100209,2019년 5월 12일 11시,일요일,대구광역시 서구 원대동3가,중상사고,0,1,0,0,차대차 - 측면충돌,안전운전불이행,건조,맑음,교차로 - 교차로안,이륜,남,61세,중상,승용,여,51세,상해없음
2019051200100246,2019년 5월 12일 12시,일요일,대구광역시 동구 도학동,중상사고,0,1,0,0,차량단독 - 전도전복 - 전도,안전운전불이행,건조,맑음,단일로 - 기타,자전거,남,43세,중상,,,,
2019051200100247,2019년 5월 12일 12시,일요일,대구광역시 동구 덕곡동,경상사고,0,0,3,0,차대차 - 측면충돌,안전거리미확보,건조,맑음,단일로 - 기타,승용,남,29세,상해없음,승용,남,46세,경상
2019051200100248,2019년 5월 12일 12시,일요일,대구광역시 북구 읍내동,중상사고,0,1,0,0,차대차 - 측면충돌,안전거리미확보,건조,맑음,단일로 - 기타,승용,남,23세,상해없음,이륜,남,55세,중상
2019051200100277,2019년 5월 12일 13시,일요일,대구광역시 남구 대명동,경상사고,0,0,1,0,차대차 - 기타,안전운전불이행,건조,맑음,기타 - 기타,승합,남,60세,상해없음,승용,남,42세,경상
2019051200100302,2019년 5월 12일 14시,일요일,대구광역시 동구 신암동,중상사고,0,1,0,0,차대차 - 측면충돌,교차로운행방법위반,건조,맑음,교차로 - 교차로부근,승용,남,57세,상해없음,이륜,남,39세,중상
2019051200100339,2019년 5월 12일 15시,일요일,대구광역시 달성군 가창면,경상사고,0,0,1,0,차대차 - 측면충돌,중앙선침범,건조,맑음,단일로 - 기타,승용,여,58세,상해없음,자전거,남,35세,경상
2019051200100340,2019년 5월 12일 15시,일요일,대구광역시 수성구 만촌동,부상신고사고,0,0,0,1,차대차 - 측면충돌,안전운전불이행,건조,맑음,교차로 - 교차로안,이륜,남,62세,부상신고,승용,남,58세,상해없음
2019051200100378,2019년 5월 12일 16시,일요일,대구광역시 북구 산격동,경상사고,0,0,2,0,차대차 - 추돌,안전운전불이행,건조,맑음,교차로 - 교차로부근,승용,남,47세,상해없음,승용,여,21세,경상
2019051200100413,2019년 5월 12일 17시,일요일,대구광역시 북구 검단동,중상사고,0,1,3,0,차대차 - 측면충돌,교차로운행방법위반,건조,맑음,교차로 - 교차로안,승용,남,61세,경상,승용,남,61세,경상
2019051200100414,2019년 5월 12일 17시,일요일,대구광역시 중구 공평동,부상신고사고,0,0,0,1,차대사람 - 길가장자리구역통행중,안전운전불이행,건조,맑음,단일로 - 기타,기타불명,기타불명,미분류,기타불명,보행자,여,16세,부상신고
2019051200100445,2019년 5월 12일 18시,일요일,대구광역시 달서구 도원동,경상사고,0,0,1,0,차대차 - 측면충돌,중앙선침범,건조,맑음,단일로 - 기타,승용,남,30세,상해없음,이륜,남,24세,경상
2019051200100446,2019년 5월 12일 18시,일요일,대구광역시 달서구 신당동,경상사고,0,0,1,0,차대차 - 측면충돌,안전운전불이행,건조,맑음,단일로 - 기타,승용,남,42세,상해없음,이륜,남,28세,경상
2019051200100472,2019년 5월 12일 19시,일요일,대구광역시 달성군 다사읍,중상사고,0,1,0,0,차대차 - 정면충돌,안전운전불이행,건조,맑음,기타 - 기타,승용,남,24세,상해없음,자전거,남,24세,중상
2019051200100526,2019년 5월 12일 21시,일요일,대구광역시 동구 불로동,경상사고,0,0,4,0,차대차 - 측면충돌,교차로운행방법위반,건조,맑음,교차로 - 교차로안,승용,남,29세,경상,승용,남,56세,경상
2019051200100527,2019년 5월 12일 21시,일요일,대구광역시 달서구 월성동,경상사고,0,0,2,0,차대차 - 측면충돌,교차로운행방법위반,건조,맑음,교차로 - 교차로안,승용,여,39세,상해없음,승용,남,35세,경상
2019051200100528,2019년 5월 12일 21시,일요일,대구광역시 서구 비산동,경상사고,0,0,1,0,차대차 - 후진중충돌,안전운전불이행,건조,맑음,단일로 - 기타,화물,남,45세,상해없음,이륜,남,28세,경상
2019051200100547,2019년 5월 12일 22시,일요일,대구광역시 수성구 수성동2가,경상사고,0,0,4,0,차량단독 - 공작물충돌,안전운전불이행,건조,맑음,주차장 - 주차장,승용,남,52세,상해없음,,,,
2019051300100140,2019년 5월 13일 08시,월요일,대구광역시 북구 노원동3가,경상사고,0,0,2,0,차대차 - 추돌,안전운전불이행,건조,맑음,단일로 - 기타,승용,남,76세,상해없음,승용,여,31세,경상
2019051300100141,2019년 5월 13일 08시,월요일,대구광역시 중구 동인동2가,경상사고,0,0,4,4,차대차 - 측면충돌,차로위반,건조,맑음,단일로 - 기타,승용,남,52세,상해없음,승합,남,56세,상해없음
2019051300100181,2019년 5월 13일 09시,월요일,대구광역시 달성군 화원읍,중상사고,0,2,1,0,차대차 - 기타,교차로운행방법위반,건조,맑음,교차로 - 교차로부근,승용,남,74세,중상,화물,남,65세,경상
2019051300100219,2019년 5월 13일 10시,월요일,대구광역시 남구 대명동,중상사고,0,1,2,0,차대차 - 측면충돌,안전운전불이행,건조,맑음,단일로 - 기타,승용,남,34세,경상,승용,여,28세,중상
2019051300100246,2019년 5월 13일 11시,월요일,대구광역시 중구 남산동,중상사고,0,1,0,0,차대사람 - 기타,안전운전불이행,건조,맑음,단일로 - 기타,승용,남,61세,상해없음,보행자,남,21세,중상
2019051300100247,2019년 5월 13일 11시,월요일,대구광역시 달서구 신당동,중상사고,0,1,4,0,차대차 - 기타,신호위반,건조,맑음,교차로 - 교차로안,화물,남,67세,중상,승합,남,58세,상해없음
2019051300100248,2019년 5월 13일 11시,월요일,대구광역시 달서구 본리동,경상사고,0,0,1,0,차대차 - 추돌,안전운전불이행,건조,맑음,단일로 - 기타,승용,남,44세,상해없음,이륜,남,50세,경상
2019051300100284,2019년 5월 13일 12시,월요일,대구광역시 달서구 장기동,경상사고,0,0,1,0,차대차 - 기타,안전운전불이행,건조,맑음,단일로 - 기타,승용,여,50세,상해없음,자전거,남,64세,경상
2019051300100311,2019년 5월 13일 13시,월요일,대구광역시 동구 율하동,사망사고,1,0,0,0,차대사람 - 기타,중앙선침범,건조,맑음,단일로 - 기타,승용,남,55세,상해없음,보행자,남,89세,사망
2019051300100312,2019년 5월 13일 13시,월요일,대구광역시 수성구 파동,경상사고,0,0,3,0,차대차 - 추돌,신호위반,건조,맑음,단일로 - 터널,화물,남,55세,상해없음,승용,여,38세,경상
2019051300100313,2019년 5월 13일 13시,월요일,대구광역시 수성구 두산동,중상사고,0,1,0,0,차대차 - 추돌,안전운전불이행,건조,맑음,교차로 - 교차로부근,승용,여,50세,기타불명,이륜,남,49세,중상
2019051300100314,2019년 5월 13일 13시,월요일,대구광역시 북구 대현동,경상사고,0,0,1,0,차대차 - 기타,안전운전불이행,건조,맑음,교차로 - 교차로횡단보도내,승용,여,57세,상해없음,자전거,여,22세,경상
2019051300100315,2019년 5월 13일 13시,월요일,대구광역시 북구 대현동,중상사고,0,1,0,0,차대차 - 기타,신호위반,건조,맑음,교차로 - 교차로안,화물,남,42세,상해없음,원동기,남,32세,중상
2019051300100353,2019년 5월 13일 14시,월요일,대구광역시 수성구 범어동,부상신고사고,0,0,0,1,차대차 - 추돌,안전운전불이행,건조,맑음,단일로 - 기타,자전거,남,29세,부상신고,승용,여,47세,상해없음
2019051300100354,2019년 5월 13일 14시,월요일,대구광역시 수성구 범어동,경상사고,0,0,1,0,차대사람 - 길가장자리구역통행중,보행자보호의무위반,건조,맑음,단일로 - 기타,승용,남,67세,상해없음,보행자,여,10세,경상
2019051300100355,2019년 5월 13일 14시,월요일,대구광역시 북구 산격동,중상사고,0,1,0,0,차대사람 - 횡단중,중앙선침범,건조,맑음,단일로 - 기타,승용,남,34세,상해없음,보행자,여,57세,중상
2019051300100356,2019년 5월 13일 14시,월요일,대구광역시 서구 상리동,경상사고,0,0,1,0,차대차 - 측면충돌,안전운전불이행,건조,맑음,단일로 - 기타,승용,남,33세,상해없음,승용,남,78세,경상
2019051300100357,2019년 5월 13일 14시,월요일,대구광역시 서구 내당동,부상신고사고,0,0,0,1,차대사람 - 차도통행중,안전운전불이행,건조,맑음,단일로 - 기타,기타불명,기타불명,미분류,기타불명,보행자,남,58세,부상신고
2019051300100358,2019년 5월 13일 14시,월요일,대구광역시 달서구 감삼동,경상사고,0,0,3,0,차대차 - 측면충돌,안전운전불이행,건조,맑음,교차로 - 교차로안,이륜,남,16세,상해없음,승용,여,31세,경상
2019051300100389,2019년 5월 13일 15시,월요일,대구광역시 동구 신천동,중상사고,0,1,0,0,차량단독 - 기타,안전운전불이행,건조,맑음,단일로 - 기타,승합,남,59세,상해없음,,,,
2019051300100390,2019년 5월 13일 15시,월요일,대구광역시 달성군 다사읍,경상사고,0,0,1,0,차대차 - 기타,교차로운행방법위반,건조,맑음,교차로 - 교차로안,화물,남,43세,상해없음,이륜,남,42세,경상
2019051300100420,2019년 5월 13일 16시,월요일,대구광역시 달서구 월성동,경상사고,0,0,1,0,차대차 - 기타,중앙선침범,건조,맑음,단일로 - 기타,승용,여,42세,상해없음,이륜,남,46세,경상
2019051300100458,2019년 5월 13일 17시,월요일,대구광역시 달서구 상인동,경상사고,0,0,1,0,차대차 - 측면충돌,안전거리미확보,건조,맑음,단일로 - 기타,승용,남,58세,상해없음,승용,여,37세,경상