사고번호,사고일시,요일,시군구,사고내용,사망자수,중상자수,경상자수,부상신고자수,사고유형,법규위반,노면상태,기상상태,도로형태,가해운전자 차종,가해운전자 성별,가해운전자 연령,가해운전자 상해정도,피해운전자 차종,피해운전자 성별,피해운전자 연령,피해운전자 상해정도
2019051600100624,2019년 5월 16일 19시,목요일,대구광역시 달서구 월성동,중상사고,0,1,0,0,차대차 - 측면충돌,안전운전불이행,건조,맑음,교차로 - 교차로안,승용,여,36세,상해없음,자전거,남,11세,중상
2019051600100625,2019년 5월 16일 19시,목요일,대구광역시 북구 산격동,경상사고,0,0,1,0,차대차 - 추돌,안전거리미확보,건조,맑음,교차로 - 교차로부근,화물,남,53세,상해없음,승용,여,46세,경상
2019051600100649,2019년 5월 16일 20시,목요일,대구광역시 동구 동호동,경상사고,0,0,3,0,차대차 - 추돌,안전운전불이행,건조,맑음,단일로 - 기타,승용,남,18세,상해없음,승용,여,26세,경상
2019051600100650,2019년 5월 16일 20시,목요일,대구광역시 수성구 만촌동,중상사고,0,1,0,0,차대차 - 기타,안전거리미확보,건조,맑음,단일로 - 기타,승용,남,43세,상해없음,이륜,남,27세,중상
2019051600100651,2019년 5월 16일 20시,목요일,대구광역시 달성군 다사읍,중상사고,0,1,1,0,차대차 - 기타,차로위반,건조,맑음,단일로 - 기타,승용,남,60세,상해없음,이륜,남,37세,중상
2019051600100682,2019년 5월 16일 21시,목요일,대구광역시 북구 태전동,경상사고,0,0,1,0,차대차 - 추돌,안전거리미확보,건조,맑음,교차로 - 교차로안,승용,남,53세,상해없음,승용,여,47세,경상
2019051600100705,2019년 5월 16일 22시,목요일,대구광역시 동구 신암동,경상사고,0,0,1,0,차대사람 - 기타,안전운전불이행,건조,맑음,기타 - 기타,승용,남,19세,상해없음,보행자,여,72세,경상
2019051600100706,2019년 5월 16일 22시,목요일,대구광역시 수성구 만촌동,경상사고,0,0,1,0,차대차 - 측면충돌,안전운전불이행,건조,맑음,단일로 - 기타,자전거,남,15세,경상,승용,남,39세,상해없음
2019051600100707,2019년 5월 16일 22시,목요일,대구광역시 서구 비산동,부상신고사고,0,0,0,1,차대차 - 측면충돌,안전운전불이행,건조,맑음,단일로 - 기타,자전거,남,46세,부상신고,이륜,남,49세,상해없음
2019051700100076,2019년 5월 17일 05시,금요일,대구광역시 북구 침산동,경상사고,0,0,1,0,차량단독 - 전도전복 - 전도,안전운전불이행,건조,맑음,단일로 - 기타,이륜,남,24세,경상,,,,
2019051700100157,2019년 5월 17일 08시,금요일,대구광역시 달성군 화원읍,경상사고,0,0,1,0,차대차 - 기타,안전운전불이행,건조,맑음,단일로 - 기타,화물,남,36세,상해없음,자전거,여,44세,경상
2019051700100158,2019년 5월 17일 08시,금요일,대구광역시 서구 내당동,경상사고,0,0,1,0,차대차 - 측면충돌,안전운전불이행,건조,맑음,단일로 - 기타,승용,여,45세,상해없음,승용,여,26세,경상
2019051700100190,2019년 5월 17일 09시,금요일,대구광역시 달서구 월성동,경상사고,0,0,3,0,차대차 - 측면충돌,안전운전불이행,건조,맑음,주차장 - 주차장,승용,여,36세,경상,승용,남,47세,경상
2019051700100221,2019년 5월 17일 10시,금요일,대구광역시 수성구 수성동1가,경상사고,0,0,1,0,차대차 - 기타,안전운전불이행,건조,맑음,단일로 - 기타,승용,남,57세,기타불명,승용,남,69세,경상
2019051700100251,2019년 5월 17일 11시,금요일,대구광역시 달서구 죽전동,경상사고,0,0,1,0,차대사람 - 기타,안전운전불이행,건조,맑음,기타 - 기타,승용,여,39세,상해없음,보행자,남,51세,경상
2019051700100252,2019년 5월 17일 11시,금요일,대구광역시 달서구 용산동,중상사고,0,1,0,0,차대차 - 기타,안전운전불이행,건조,맑음,단일로 - 기타,화물,남,58세,상해없음,이륜,남,59세,중상
2019051700100283,2019년 5월 17일 12시,금요일,대구광역시 수성구 범어동,경상사고,0,0,1,0,차대차 - 측면충돌,안전거리미확보,건조,맑음,교차로 - 교차로부근,승용,남,53세,기타불명,승용,남,71세,경상
2019051700100284,2019년 5월 17일 12시,금요일,대구광역시 달서구 상인동,경상사고,0,0,1,0,차대차 - 측면충돌,안전운전불이행,건조,맑음,교차로 - 교차로안,자전거,남,77세,경상,승용,여,34세,상해없음
2019051700100320,2019년 5월 17일 13시,금요일,대구광역시 동구 효목동,경상사고,0,0,1,0,차대차 - 측면충돌,안전운전불이행,건조,맑음,단일로 - 기타,승용,남,64세,상해없음,승용,여,57세,경상
2019051700100321,2019년 5월 17일 13시,금요일,대구광역시 수성구 신매동,경상사고,0,0,1,0,차대차 - 기타,안전운전불이행,건조,맑음,단일로 - 기타,승용,여,54세,경상,승용,여,53세,상해없음
2019051700100322,2019년 5월 17일 13시,금요일,대구광역시 달성군 유가읍,부상신고사고,0,0,0,1,차량단독 - 공작물충돌,안전운전불이행,건조,맑음,단일로 - 기타,화물,남,54세,부상신고,,,,
2019051700100323,2019년 5월 17일 13시,금요일,대구광역시 서구 평리동,경상사고,0,0,1,0,차대차 - 기타,안전운전불이행,건조,맑음,교차로 - 교차로안,원동기,남,23세,경상,승용,남,61세,상해없음
2019051700100324,2019년 5월 17일 13시,금요일,대구광역시 달서구 용산동,경상사고,0,0,1,0,차대차 - 기타,안전거리미확보,건조,맑음,단일로 - 기타,승용,남,60세,상해없음,승용,여,54세,경상
2019051700100325,2019년 5월 17일 13시,금요일,대구광역시 달서구 신당동,중상사고,0,1,0,0,차대사람 - 보도통행중,기타,건조,맑음,단일로 - 기타,원동기,남,62세,상해없음,보행자,남,55세,중상
2019051700100326,2019년 5월 17일 13시,금요일,대구광역시 북구 동변동,중상사고,0,1,0,0,차대사람 - 횡단중,안전운전불이행,건조,맑음,단일로 - 기타,이륜,남,45세,상해없음,보행자,여,49세,중상
2019051700100354,2019년 5월 17일 14시,금요일,대구광역시 달서구 송현동,중상사고,0,1,0,0,차대사람 - 기타,안전운전불이행,건조,맑음,단일로 - 기타,승합,남,58세,상해없음,보행자,여,73세,중상
2019051700100355,2019년 5월 17일 14시,금요일,대구광역시 달서구 유천동,경상사고,0,0,1,0,차대차 - 기타,안전운전불이행,건조,맑음,단일로 - 기타,승용,남,29세,상해없음,승합,남,37세,상해없음
2019051700100428,2019년 5월 17일 16시,금요일,대구광역시 동구 효목동,경상사고,0,0,3,0,차대차 - 측면충돌,안전운전불이행,건조,맑음,교차로 - 교차로안,승용,여,45세,경상,승용,여,47세,경상
2019051700100429,2019년 5월 17일 16시,금요일,대구광역시 수성구 황금동,중상사고,0,1,3,0,차대차 - 추돌,안전거리미확보,건조,맑음,교차로 - 교차로안,승용,남,54세,상해없음,승용,남,62세,경상
2019051700100430,2019년 5월 17일 16시,금요일,대구광역시 서구 비산동,중상사고,0,1,0,0,차대차 - 측면충돌,교차로운행방법위반,건조,맑음,교차로 - 교차로안,승용,남,63세,상해없음,자전거,남,65세,중상
2019051700100485,2019년 5월 17일 17시,금요일,대구광역시 수성구 두산동,경상사고,0,0,1,0,차대차 - 기타,신호위반,건조,맑음,교차로 - 교차로안,승용,여,48세,상해없음,승용,여,31세,경상
2019051700100532,2019년 5월 17일 18시,금요일,대구광역시 동구 신천동,경상사고,0,0,1,0,차대차 - 기타,안전거리미확보,건조,맑음,단일로 - 기타,승용,남,49세,경상,승합,남,56세,상해없음
2019051700100533,2019년 5월 17일 18시,금요일,대구광역시 수성구 범어동,경상사고,0,0,2,1,차대차 - 측면충돌,안전거리미확보,건조,맑음,단일로 - 기타,승용,여,28세,부상신고,승용,남,32세,경상
2019051700100534,2019년 5월 17일 18시,금요일,대구광역시 달서구 상인동,경상사고,0,0,1,0,차대차 - 기타,안전거리미확보,건조,맑음,단일로 - 기타,승용,여,36세,상해없음,이륜,남,19세,경상
2019051700100535,2019년 5월 17일 18시,금요일,대구광역시 달서구 감삼동,부상신고사고,0,0,0,1,차대차 - 추돌,안전거리미확보,건조,맑음,단일로 - 기타,이륜,남,65세,부상신고,화물,남,37세,상해없음
2019051700100536,2019년 5월 17일 18시,금요일,대구광역시 달서구 용산동,부상신고사고,0,0,0,1,차량단독 - 전도전복 - 전도,안전운전불이행,건조,맑음,단일로 - 기타,이륜,남,20세,부상신고,,,,
2019051700100581,2019년 5월 17일 19시,금요일,대구광역시 동구 신천동,경상사고,0,0,1,0,차대차 - 기타,차로위반,건조,맑음,단일로 - 기타,승용,남,36세,상해없음,승합,남,48세,상해없음
2019051700100582,2019년 5월 17일 19시,금요일,대구광역시 수성구 파동,경상사고,0,0,3,1,차대차 - 측면충돌,신호위반,건조,맑음,교차로 - 교차로안,승용,여,53세,부상신고,승용,여,31세,경상
2019051700100583,2019년 5월 17일 19시,금요일,대구광역시 달서구 본동,경상사고,0,0,1,0,차대차 - 측면충돌,신호위반,건조,맑음,교차로 - 교차로안,승용,여,40세,상해없음,승용,여,46세,경상
2019051700100584,2019년 5월 17일 19시,금요일,대구광역시 북구 침산동,경상사고,0,0,1,0,차대차 - 측면충돌,안전거리미확보,건조,맑음,교차로 - 교차로안,이륜,남,53세,상해없음,승용,남,40세,상해없음
2019051700100620,2019년 5월 17일 20시,금요일,대구광역시 동구 율하동,경상사고,0,0,1,0,차대차 - 기타,안전운전불이행,건조,맑음,단일로 - 기타,승용,남,47세,상해없음,자전거,남,5세,경상
2019051700100621,2019년 5월 17일 20시,금요일,대구광역시 수성구 두산동,경상사고,0,0,2,0,차대차 - 측면충돌,안전운전불이행,건조,맑음,단일로 - 기타,승용,남,42세,상해없음,이륜,남,19세,경상
2019051700100663,2019년 5월 17일 21시,금요일,대구광역시 수성구 만촌동,경상사고,0,0,2,0,차대차 - 추돌,신호위반,건조,맑음,교차로 - 교차로안,승용,여,24세,기타불명,승용,남,58세,경상
2019051700100664,2019년 5월 17일 21시,금요일,대구광역시 달성군 화원읍,중상사고,0,1,0,0,차대사람 - 횡단중,보행자보호의무위반,건조,맑음,교차로 - 교차로횡단보도내,화물,남,59세,상해없음,보행자,남,44세,중상
2019051700100665,2019년 5월 17일 21시,금요일,대구광역시 북구 태전동,경상사고,0,0,1,0,차대차 - 측면충돌,신호위반,건조,맑음,교차로 - 교차로부근,승용,여,49세,상해없음,승용,여,35세,경상
2019051700100689,2019년 5월 17일 22시,금요일,대구광역시 남구 대명동,중상사고,0,1,0,0,차대사람 - 기타,안전운전불이행,건조,맑음,기타 - 기타,승용,여,52세,상해없음,보행자,남,58세,중상
2019051700100690,2019년 5월 17일 22시,금요일,대구광역시 달서구 상인동,경상사고,0,0,1,0,차대차 - 추돌,안전거리미확보,건조,맑음,단일로 - 기타,이륜,남,33세,상해없음,승용,남,47세,경상
2019051700100721,2019년 5월 17일 23시,금요일,대구광역시 수성구 신매동,경상사고,0,0,1,0,차대사람 - 차도통행중,안전운전불이행,젖음/습기,비,단일로 - 기타,승용,남,19세,상해없음,보행자,여,19세,경상
2019051700100722,2019년 5월 17일 23시,금요일,대구광역시 중구 남산동,부상신고사고,0,0,0,1,차대차 - 기타,안전운전불이행,건조,맑음,교차로 - 교차로부근,이륜,남,66세,부상신고,자전거,남,56세,상해없음
2019051700100723,2019년 5월 17일 23시,금요일,대구광역시 달서구 두류동,경상사고,0,0,1,0,차량단독 - 기타,안전운전불이행,젖음/습기,흐림,단일로 - 기타,승용,남,58세,기타불명,,,,
2019051800100045,2019년 5월 18일 00시,토요일,대구광역시 달서구 이곡동,경상사고,0,0,2,0,차대차 - 측면충돌,안전운전불이행,건조,맑음,교차로 - 교차로부근,승용,남,55세,상해없음,승용,남,53세,경상
2019051800100046,2019년 5월 18일 00시,토요일,대구광역시 달서구 용산동,경상사고,0,0,1,0,차대차 - 측면충돌,안전거리미확보,젖음/습기,비,단일로 - 기타,승용,남,59세,상해없음,승용,남,64세,경상
2019051800100076,2019년 5월 18일 01시,토요일,대구광역시 수성구 수성동2가,경상사고,0,0,1,0,차대차 - 측면충돌,안전운전불이행,젖음/습기,맑음,교차로 - 교차로부근,승용,남,28세,상해없음,승용,남,45세,경상
2019051800100077,2019년 5월 18일 01시,토요일,대구광역시 중구 남산동,경상사고,0,0,1,0,차대차 - 추돌,안전운전불이행,젖음/습기,비,단일로 - 기타,승용,남,31세,상해없음,승용,남,27세,경상
2019051800100108,2019년 5월 18일 03시,토요일,대구광역시 수성구 범어동,중상사고,0,1,3,0,차대차 - 측면충돌,신호위반,젖음/습기,비,교차로 - 교차로안,특수,남,43세,상해없음,승용,남,64세,중상
2019051800100138,2019년 5월 18일 05시,토요일,대구광역시 동구 신천동,중상사고,0,1,0,0,차대차 - 측면충돌,신호위반,젖음/습기,비,교차로 - 교차로안,이륜,남,77세,중상,화물,남,56세,상해없음
2019051800100139,2019년 5월 18일 05시,토요일,대구광역시 북구 칠성동2가,중상사고,0,1,1,0,차대차 - 측면충돌,신호위반,젖음/습기,비,교차로 - 교차로부근,승용,여,32세,상해없음,승용,남,69세,상해없음
2019051800100181,2019년 5월 18일 08시,토요일,대구광역시 서구 중리동,부상신고사고,0,0,0,1,차대차 - 측면충돌,안전운전불이행,젖음/습기,비,단일로 - 기타,화물,남,53세,상해없음,승용,남,60세,부상신고
2019051800100206,2019년 5월 18일 09시,토요일,대구광역시 수성구 범어동,경상사고,0,0,1,0,차대차 - 측면충돌,안전운전불이행,젖음/습기,비,교차로 - 교차로부근,승합,남,44세,상해없음,승용,여,54세,경상
2019051800100207,2019년 5월 18일 09시,토요일,대구광역시 달서구 본동,중상사고,0,1,0,0,차대차 - 측면충돌,신호위반,젖음/습기,비,교차로 - 교차로안,승합,남,56세,상해없음,이륜,여,62세,중상
2019051800100208,2019년 5월 18일 09시,토요일,대구광역시 중구 수창동,경상사고,0,0,1,0,차대차 - 추돌,안전운전불이행,젖음/습기,비,단일로 - 기타,이륜,남,22세,경상,승용,남,61세,상해없음
2019051800100246,2019년 5월 18일 10시,토요일,대구광역시 달서구 월성동,경상사고,0,0,1,0,차대차 - 기타,안전거리미확보,건조,맑음,단일로 - 기타,승용,여,41세,상해없음,이륜,남,67세,경상
2019051800100286,2019년 5월 18일 11시,토요일,대구광역시 북구 산격동,부상신고사고,0,0,0,1,차대사람 - 횡단중,안전운전불이행,건조,맑음,단일로 - 기타,승용,남,51세,상해없음,보행자,남,59세,부상신고
2019051800100322,2019년 5월 18일 12시,토요일,대구광역시 수성구 만촌동,경상사고,0,0,2,1,차대차 - 추돌,안전거리미확보,젖음/습기,비,교차로 - 교차로부근,승용,여,30세,부상신고,승용,여,42세,경상
2019051800100323,2019년 5월 18일 12시,토요일,대구광역시 수성구 신매동,경상사고,0,0,2,0,차대차 - 측면충돌,교차로운행방법위반,젖음/습기,비,교차로 - 교차로안,승용,남,31세,경상,승용,남,37세,경상
2019051800100324,2019년 5월 18일 12시,토요일,대구광역시 수성구 파동,부상신고사고,0,0,0,1,차대차 - 추돌,안전거리미확보,건조,맑음,단일로 - 기타,승합,남,48세,상해없음,승용,남,43세,부상신고
2019051800100325,2019년 5월 18일 12시,토요일,대구광역시 달서구 진천동,경상사고,0,0,1,0,차대차 - 기타,교차로운행방법위반,젖음/습기,비,단일로 - 기타,화물,남,35세,상해없음,이륜,남,47세,경상
2019051800100326,2019년 5월 18일 12시,토요일,대구광역시 달서구 상인동,중상사고,0,1,0,0,차대차 - 추돌,안전운전불이행,젖음/습기,비,교차로 - 교차로부근,승용,남,22세,상해없음,승용,여,42세,중상
2019051800100327,2019년 5월 18일 12시,토요일,대구광역시 달성군 논공읍,중상사고,0,1,0,0,차량단독 - 기타,안전운전불이행,젖음/습기,비,단일로 - 기타,화물,남,36세,중상,,,,
2019051800100371,2019년 5월 18일 13시,토요일,대구광역시 수성구 중동,경상사고,0,0,2,0,차대차 - 추돌,안전운전불이행,건조,맑음,단일로 - 기타,승용,남,25세,상해없음,승용,남,67세,경상
2019051800100372,2019년 5월 18일 13시,토요일,대구광역시 수성구 범어동,경상사고,0,0,3,0,차대차 - 측면충돌,안전운전불이행,건조,맑음,교차로 - 교차로부근,승용,여,43세,상해없음,승용,여,36세,경상
2019051800100373,2019년 5월 18일 13시,토요일,대구광역시 달성군 화원읍,부상신고사고,0,0,0,1,차대차 - 정면충돌,안전운전불이행,기타,비,기타 - 기타,이륜,남,16세,부상신고,승용,남,61세,상해없음
2019051800100408,2019년 5월 18일 14시,토요일,대구광역시 동구 신천동,경상사고,0,0,1,0,차대차 - 추돌,안전거리미확보,건조,맑음,단일로 - 기타,승용,남,25세,상해없음,승용,남,61세,경상
2019051800100409,2019년 5월 18일 14시,토요일,대구광역시 달서구 이곡동,중상사고,0,1,0,0,차대차 - 기타,안전운전불이행,건조,맑음,교차로 - 교차로안,이륜,남,85세,중상,화물,남,47세,상해없음
2019051800100479,2019년 5월 18일 16시,토요일,대구광역시 동구 덕곡동,경상사고,0,0,4,0,차대차 - 추돌,안전운전불이행,건조,맑음,단일로 - 기타,승용,여,50세,상해없음,승합,남,57세,경상
2019051800100480,2019년 5월 18일 16시,토요일,대구광역시 달성군 다사읍,중상사고,0,1,1,0,차대차 - 측면충돌,안전운전불이행,건조,맑음,교차로 - 교차로안,승용,남,49세,경상,승용,여,52세,중상
2019051800100481,2019년 5월 18일 16시,토요일,대구광역시 중구 봉산동,부상신고사고,0,0,0,2,차대차 - 측면충돌,안전운전불이행,건조,맑음,단일로 - 기타,승용,남,24세,상해없음,승용,남,29세,부상신고
2019051800100515,2019년 5월 18일 17시,토요일,대구광역시 동구 신암동,경상사고,0,0,1,0,차대차 - 측면충돌,차로위반,건조,맑음,단일로 - 기타,승용,남,36세,상해없음,승용,여,48세,경상
2019051800100553,2019년 5월 18일 18시,토요일,대구광역시 남구 대명동,경상사고,0,0,1,0,차대차 - 측면충돌,안전운전불이행,건조,맑음,교차로 - 교차로안,승용,여,18세,상해없음,승용,여,48세,경상
2019051800100584,2019년 5월 18일 19시,토요일,대구광역시 수성구 수성동4가,경상사고,0,0,1,0,차대차 - 추돌,안전거리미확보,건조,맑음,단일로 - 기타,승용,남,28세,상해없음,이륜,남,27세,경상
2019051800100585,2019년 5월 18일 19시,토요일,대구광역시 수성구 두산동,중상사고,0,1,1,0,차대차 - 측면충돌,중앙선침범,건조,맑음,기타 - 기타,승용,여,54세,상해없음,승용,남,43세,경상
2019051800100617,2019년 5월 18일 20시,토요일,대구광역시 북구 구암동,부상신고사고,0,0,0,1,차대차 - 기타,안전운전불이행,건조,맑음,교차로 - 교차로부근,승용,여,43세,부상신고,승용,남,39세,상해없음
2019051800100641,2019년 5월 18일 21시,토요일,대구광역시 수성구 시지동,경상사고,0,0,1,0,차대차 - 측면충돌,안전운전불이행,건조,맑음,교차로 - 교차로안,승합,남,47세,상해없음,이륜,남,18세,경상
2019051800100670,2019년 5월 18일 22시,토요일,대구광역시 서구 내당동,경상사고,0,0,1,0,차대차 - 측면충돌,교차로운행방법위반,건조,맑음,교차로 - 교차로안,승용,남,40세,상해없음,원동기,남,36세,경상
2019051900100039,2019년 5월 19일 00시,일요일,대구광역시 달서구 두류동,경상사고,0,0,1,0,차대차 - 측면충돌,안전운전불이행,건조,흐림,단일로 - 기타,승용,남,29세,상해없음,승용,남,31세,경상
2019051900100056,2019년 5월 19일 01시,일요일,대구광역시 달성군 다사읍,경상사고,0,0,1,1,차대차 - 기타,신호위반,건조,맑음,교차로 - 교차로안,승용,남,22세,상해없음,화물,남,54세,경상
2019051900100057,2019년 5월 19일 01시,일요일,대구광역시 서구 내당동,중상사고,0,3,2,0,차대차 - 측면충돌,교차로운행방법위반,건조,맑음,교차로 - 교차로안,승용,여,50세,상해없음,승용,남,61세,경상
2019051900100086,2019년 5월 19일 04시,일요일,대구광역시 동구 신천동,경상사고,0,0,1,0,차대차 - 측면충돌,안전운전불이행,건조,맑음,단일로 - 기타,승용,남,42세,상해없음,이륜,남,28세,경상
2019051900100087,2019년 5월 19일 04시,일요일,대구광역시 달서구 성당동,중상사고,0,3,0,0,차대차 - 측면충돌,안전운전불이행,건조,맑음,단일로 - 기타,승용,남,25세,상해없음,승용,남,50세,중상
2019051900100088,2019년 5월 19일 04시,일요일,대구광역시 달서구 죽전동,경상사고,0,0,1,0,차대차 - 기타,안전거리미확보,건조,맑음,단일로 - 기타,승용,남,65세,상해없음,승용,남,31세,상해없음
2019051900100125,2019년 5월 19일 07시,일요일,대구광역시 중구 동인동4가,부상신고사고,0,0,0,2,차대차 - 추돌,안전운전불이행,건조,맑음,교차로 - 교차로부근,승용,남,30세,상해없음,승용,남,56세,부상신고
2019051900100126,2019년 5월 19일 07시,일요일,대구광역시 중구 동문동,경상사고,0,0,1,0,차대차 - 측면충돌,안전운전불이행,건조,맑음,교차로 - 교차로안,원동기,여,21세,경상,승용,남,58세,상해없음
2019051900100197,2019년 5월 19일 11시,일요일,대구광역시 서구 비산동,경상사고,0,0,1,0,차대차 - 기타,안전운전불이행,건조,맑음,기타 - 기타,승용,남,49세,상해없음,자전거,남,61세,경상
2019051900100251,2019년 5월 19일 13시,일요일,대구광역시 수성구 사월동,경상사고,0,0,4,0,차대차 - 측면충돌,안전운전불이행,건조,맑음,단일로 - 기타,승용,남,40세,상해없음,승용,남,33세,경상
2019051900100289,2019년 5월 19일 14시,일요일,대구광역시 북구 산격동,부상신고사고,0,0,0,1,차대차 - 기타,안전운전불이행,건조,맑음,교차로 - 교차로안,자전거,남,60세,부상신고,승용,남,58세,상해없음
2019051900100317,2019년 5월 19일 15시,일요일,대구광역시 동구 신암동,경상사고,0,0,3,0,차대차 - 기타,안전거리미확보,건조,맑음,단일로 - 기타,승용,남,66세,기타불명,승합,남,47세,상해없음
2019051900100318,2019년 5월 19일 15시,일요일,대구광역시 달서구 신당동,경상사고,0,0,1,0,차대차 - 측면충돌,안전운전불이행,건조,맑음,단일로 - 기타,승용,기타불명,미분류,기타불명,승용,여,26세,경상
2019051900100389,2019년 5월 19일 17시,일요일,대구광역시 동구 신암동,경상사고,0,0,3,0,차대차 - 기타,기타,젖음/습기,비,교차로 - 교차로안,이륜,남,25세,경상,승용,여,42세,경상
2019051900100390,2019년 5월 19일 17시,일요일,대구광역시 동구 숙천동,경상사고,0,0,1,0,차대차 - 기타,안전거리미확보,젖음/습기,비,단일로 - 기타,승용,여,59세,상해없음,승용,남,36세,경상
2019051900100391,2019년 5월 19일 17시,일요일,대구광역시 북구 침산동,경상사고,0,0,1,1,차대차 - 측면충돌,교차로운행방법위반,젖음/습기,비,교차로 - 교차로안,승용,남,75세,상해없음,승용,남,44세,경상
2019051900100429,2019년 5월 19일 18시,일요일,대구광역시 수성구 황금동,경상사고,0,0,1,0,차대차 - 기타,안전운전불이행,젖음/습기,비,교차로 - 교차로안,승용,여,46세,상해없음,이륜,남,17세,경상
2019051900100464,2019년 5월 19일 19시,일요일,대구광역시 동구 봉무동,경상사고,0,0,1,0,차대차 - 기타,안전거리미확보,젖음/습기,비,단일로 - 기타,승용,남,54세,상해없음,이륜,남,57세,경상
2019051900100465,2019년 5월 19일 19시,일요일,대구광역시 달서구 월성동,중상사고,0,1,0,0,차대사람 - 횡단중,신호위반,젖음/습기,비,단일로 - 기타,원동기,남,23세,상해없음,보행자,여,60세,중상
2019051900100466,2019년 5월 19일 19시,일요일,대구광역시 달서구 송현동,경상사고,0,0,1,0,차대사람 - 기타,교차로운행방법위반,젖음/습기,비,교차로 - 교차로안,승용,남,57세,상해없음,보행자,남,63세,경상
2019051900100467,2019년 5월 19일 19시,일요일,대구광역시 달성군 다사읍,경상사고,0,0,2,0,차대차 - 추돌,안전운전불이행,젖음/습기,비,교차로 - 교차로부근,화물,남,44세,상해없음,승용,여,59세,경상
2019051900100468,2019년 5월 19일 19시,일요일,대구광역시 달서구 용산동,경상사고,0,0,5,0,차대차 - 기타,안전거리미확보,젖음/습기,비,단일로 - 기타,승용,남,61세,상해없음,승용,남,20세,경상
2019051900100505,2019년 5월 19일 20시,일요일,대구광역시 동구 신천동,경상사고,0,0,2,0,차대차 - 기타,차로위반,젖음/습기,비,단일로 - 기타,승용,남,31세,상해없음,승용,남,21세,경상
2019051900100506,2019년 5월 19일 20시,일요일,대구광역시 달서구 대곡동,경상사고,0,0,1,0,차대차 - 기타,안전운전불이행,젖음/습기,비,단일로 - 기타,승용,여,41세,상해없음,이륜,남,35세,경상
2019051900100507,2019년 5월 19일 20시,일요일,대구광역시 달성군 화원읍,경상사고,0,0,1,0,차대차 - 측면충돌,안전운전불이행,젖음/습기,비,교차로 - 교차로부근,승용,남,44세,상해없음,이륜,남,39세,경상
2019051900100508,2019년 5월 19일 20시,일요일,대구광역시 달서구 감삼동,중상사고,0,1,0,0,차대사람 - 횡단중,안전운전불이행,젖음/습기,비,단일로 - 기타,화물,여,60세,상해없음,보행자,남,61세,중상
2019051900100540,2019년 5월 19일 21시,일요일,대구광역시 수성구 노변동,경상사고,0,0,2,0,차대차 - 추돌,안전운전불이행,젖음/습기,비,단일로 - 기타,승용,여,58세,경상,승용,여,46세,경상
2019051900100541,2019년 5월 19일 21시,일요일,대구광역시 수성구 범어동,경상사고,0,0,2,0,차대차 - 측면충돌,안전거리미확보,젖음/습기,비,교차로 - 교차로부근,승용,남,50세,상해없음,승용,남,56세,경상
2019051900100542,2019년 5월 19일 21시,일요일,대구광역시 북구 노원동2가,중상사고,0,1,0,0,차대사람 - 횡단중,보행자보호의무위반,젖음/습기,맑음,교차로 - 교차로부근,승용,남,61세,상해없음,보행자,남,56세,중상
2019051900100543,2019년 5월 19일 21시,일요일,대구광역시 북구 동천동,경상사고,0,0,1,0,차대차 - 기타,신호위반,젖음/습기,흐림,단일로 - 기타,승용,남,28세,상해없음,이륜,남,17세,경상
2019051900100590,2019년 5월 19일 23시,일요일,대구광역시 수성구 두산동,부상신고사고,0,0,0,1,차대차 - 기타,안전운전불이행,젖음/습기,비,기타 - 기타,승용,남,46세,상해없음,이륜,남,19세,부상신고
2019051900100591,2019년 5월 19일 23시,일요일,대구광역시 달서구 진천동,경상사고,0,0,2,0,차대차 - 측면충돌,안전거리미확보,건조,맑음,단일로 - 기타,승용,남,48세,상해없음,승용,남,55세,경상
2019052000100032,2019년 5월 20일 00시,월요일,대구광역시 달성군 화원읍,경상사고,0,0,2,0,차대차 - 기타,직진우회전진행방해,건조,맑음,교차로 - 교차로안,승용,남,71세,상해없음,승용,여,49세,경상
2019052000100033,2019년 5월 20일 00시,월요일,대구광역시 중구 동인동2가,중상사고,0,1,0,0,차대사람 - 횡단중,안전운전불이행,건조,맑음,교차로 - 교차로부근,승용,남,32세,상해없음,보행자,여,20세,중상
2019052000100053,2019년 5월 20일 03시,월요일,대구광역시 중구 삼덕동1가,경상사고,0,0,2,0,차대차 - 측면충돌,직진우회전진행방해,건조,맑음,교차로 - 교차로안,승용,남,31세,기타불명,승용,남,51세,상해없음
2019052000100076,2019년 5월 20일 06시,월요일,대구광역시 동구 신천동,경상사고,0,0,2,0,차대차 - 측면충돌,신호위반,건조,맑음,교차로 - 교차로안,승용,남,53세,상해없음,승용,남,54세,경상
2019052000100095,2019년 5월 20일 07시,월요일,대구광역시 수성구 황금동,경상사고,0,0,2,0,차대차 - 기타,안전거리미확보,건조,맑음,교차로 - 교차로안,승용,여,52세,상해없음,승용,남,22세,경상
2019052000100096,2019년 5월 20일 07시,월요일,대구광역시 달서구 진천동,중상사고,0,1,0,0,차대차 - 기타,안전운전불이행,건조,맑음,교차로 - 교차로횡단보도내,개인형이동수단(PM),남,25세,중상,승용,남,47세,상해없음
2019052000100097,2019년 5월 20일 07시,월요일,대구광역시 달서구 도원동,경상사고,0,0,1,0,차대사람 - 기타,안전운전불이행,건조,맑음,단일로 - 기타,승용,남,54세,상해없음,보행자,여,16세,경상