사고번호,사고일시,요일,시군구,사고내용,사망자수,중상자수,경상자수,부상신고자수,사고유형,법규위반,노면상태,기상상태,도로형태,가해운전자 차종,가해운전자 성별,가해운전자 연령,가해운전자 상해정도,피해운전자 차종,피해운전자 성별,피해운전자 연령,피해운전자 상해정도
2019052200100646,2019년 5월 22일 20시,수요일,대구광역시 달성군 다사읍,경상사고,0,0,3,0,차대차 - 기타,교차로운행방법위반,건조,맑음,교차로 - 교차로안,승용,남,69세,경상,화물,남,43세,경상
2019052200100667,2019년 5월 22일 21시,수요일,대구광역시 동구 신천동,경상사고,0,0,3,0,차대차 - 기타,안전거리미확보,건조,맑음,교차로 - 교차로안,승합,남,45세,경상,원동기,남,17세,경상
2019052200100668,2019년 5월 22일 21시,수요일,대구광역시 달서구 송현동,중상사고,0,1,1,0,차대차 - 측면충돌,신호위반,건조,맑음,교차로 - 교차로안,승용,남,63세,상해없음,승합,남,29세,상해없음
2019052200100669,2019년 5월 22일 21시,수요일,대구광역시 중구 계산동1가,경상사고,0,0,1,0,차대차 - 측면충돌,안전운전불이행,건조,맑음,단일로 - 기타,승용,여,33세,상해없음,승용,남,24세,경상
2019052200100694,2019년 5월 22일 22시,수요일,대구광역시 동구 효목동,경상사고,0,0,1,0,차대차 - 추돌,교차로운행방법위반,건조,맑음,교차로 - 교차로안,승용,남,61세,상해없음,이륜,남,22세,경상
2019052200100695,2019년 5월 22일 22시,수요일,대구광역시 달서구 신당동,경상사고,0,0,1,0,차대차 - 기타,안전거리미확보,건조,맑음,단일로 - 기타,승용,남,59세,상해없음,이륜,남,27세,경상
2019052200100719,2019년 5월 22일 23시,수요일,대구광역시 북구 관음동,경상사고,0,0,1,0,차대사람 - 횡단중,보행자보호의무위반,건조,맑음,교차로 - 교차로횡단보도내,승용,여,46세,상해없음,보행자,남,51세,경상
2019052300100036,2019년 5월 23일 00시,목요일,대구광역시 북구 태전동,경상사고,0,0,1,0,차량단독 - 공작물충돌,안전운전불이행,건조,맑음,단일로 - 기타,승용,남,23세,상해없음,,,,
2019052300100071,2019년 5월 23일 03시,목요일,대구광역시 중구 동인동4가,경상사고,0,0,1,0,차대차 - 추돌,안전운전불이행,건조,맑음,교차로 - 교차로부근,승용,여,22세,상해없음,승용,여,21세,경상
2019052300100079,2019년 5월 23일 04시,목요일,대구광역시 달서구 월성동,부상신고사고,0,0,0,1,차대차 - 기타,중앙선침범,건조,맑음,주차장 - 주차장,이륜,남,32세,부상신고,승용,남,60세,상해없음
2019052300100116,2019년 5월 23일 07시,목요일,대구광역시 달성군 화원읍,경상사고,0,0,1,0,차대차 - 기타,직진우회전진행방해,건조,맑음,교차로 - 교차로안,승용,여,63세,경상,승용,남,49세,상해없음
2019052300100117,2019년 5월 23일 07시,목요일,대구광역시 달서구 죽전동,경상사고,0,0,1,0,차대차 - 측면충돌,안전운전불이행,건조,맑음,단일로 - 기타,승용,남,57세,상해없음,승용,남,31세,경상
2019052300100173,2019년 5월 23일 08시,목요일,대구광역시 남구 봉덕동,경상사고,0,0,1,0,차대차 - 측면충돌,안전운전불이행,건조,맑음,단일로 - 기타,승용,남,81세,상해없음,승용,여,60세,경상
2019052300100174,2019년 5월 23일 08시,목요일,대구광역시 동구 검사동,경상사고,0,0,2,0,차대차 - 측면충돌,안전운전불이행,건조,맑음,단일로 - 기타,자전거,남,67세,경상,자전거,남,30세,경상
2019052300100175,2019년 5월 23일 08시,목요일,대구광역시 수성구 수성동1가,경상사고,0,0,1,0,차대차 - 기타,차로위반,건조,맑음,단일로 - 기타,승용,남,51세,상해없음,승용,남,27세,경상
2019052300100176,2019년 5월 23일 08시,목요일,대구광역시 달서구 용산동,중상사고,0,1,0,0,차대차 - 측면충돌,신호위반,건조,맑음,교차로 - 교차로안,승용,남,59세,상해없음,이륜,남,69세,중상
2019052300100177,2019년 5월 23일 08시,목요일,대구광역시 달서구 신당동,중상사고,0,1,0,0,차대차 - 기타,차로위반,건조,맑음,단일로 - 기타,승용,남,37세,상해없음,이륜,남,34세,중상
2019052300100178,2019년 5월 23일 08시,목요일,대구광역시 달서구 신당동,경상사고,0,0,1,0,차대차 - 측면충돌,안전거리미확보,건조,맑음,단일로 - 기타,승용,여,38세,상해없음,이륜,남,23세,경상
2019052300100179,2019년 5월 23일 08시,목요일,대구광역시 북구 학정동,경상사고,0,0,1,0,차대차 - 기타,교차로운행방법위반,건조,맑음,교차로 - 교차로안,승용,남,53세,상해없음,자전거,남,14세,경상
2019052300100210,2019년 5월 23일 09시,목요일,대구광역시 남구 대명동,경상사고,0,0,1,0,차대차 - 측면충돌,안전운전불이행,건조,맑음,교차로 - 교차로안,승용,남,55세,상해없음,화물,남,51세,경상
2019052300100242,2019년 5월 23일 10시,목요일,대구광역시 달서구 상인동,경상사고,0,0,1,0,차대사람 - 기타,안전운전불이행,건조,맑음,기타 - 기타,화물,남,33세,상해없음,보행자,남,65세,경상
2019052300100243,2019년 5월 23일 10시,목요일,대구광역시 서구 내당동,중상사고,0,1,0,0,차대차 - 측면충돌,직진우회전진행방해,건조,맑음,교차로 - 교차로안,승용,여,65세,상해없음,이륜,남,32세,중상
2019052300100244,2019년 5월 23일 10시,목요일,대구광역시 서구 비산동,부상신고사고,0,0,0,1,차대차 - 측면충돌,안전운전불이행,건조,맑음,교차로 - 교차로안,자전거,여,46세,부상신고,이륜,남,72세,상해없음
2019052300100283,2019년 5월 23일 11시,목요일,대구광역시 달성군 현풍읍,중상사고,0,1,0,0,차대차 - 측면충돌,차로위반,건조,맑음,기타 - 기타,승용,남,64세,상해없음,이륜,남,44세,중상
2019052300100284,2019년 5월 23일 11시,목요일,대구광역시 북구 칠성동1가,중상사고,0,1,0,0,차대사람 - 기타,불법유턴,건조,맑음,단일로 - 기타,화물,남,66세,상해없음,보행자,남,54세,중상
2019052300100285,2019년 5월 23일 11시,목요일,대구광역시 북구 매천동,중상사고,0,1,0,0,차대차 - 추돌,안전운전불이행,건조,맑음,단일로 - 기타,화물,남,38세,기타불명,승용,남,54세,중상
2019052300100318,2019년 5월 23일 12시,목요일,대구광역시 남구 대명동,중상사고,0,1,0,0,차대사람 - 횡단중,안전운전불이행,건조,맑음,단일로 - 기타,원동기,남,25세,상해없음,보행자,여,75세,중상
2019052300100319,2019년 5월 23일 12시,목요일,대구광역시 달성군 가창면,중상사고,0,1,0,0,차대사람 - 기타,안전운전불이행,건조,맑음,단일로 - 기타,승용,남,44세,상해없음,보행자,남,82세,중상
2019052300100320,2019년 5월 23일 12시,목요일,대구광역시 달성군 논공읍,경상사고,0,0,1,0,차대차 - 측면충돌,안전운전불이행,건조,맑음,교차로 - 교차로부근,승용,남,75세,경상,승용,남,34세,상해없음
2019052300100321,2019년 5월 23일 12시,목요일,대구광역시 북구 침산동,경상사고,0,0,1,0,차대차 - 측면충돌,안전거리미확보,건조,맑음,교차로 - 교차로부근,승용,남,63세,상해없음,이륜,남,54세,경상
2019052300100322,2019년 5월 23일 12시,목요일,대구광역시 달서구 이곡동,경상사고,0,0,2,0,차대차 - 추돌,안전운전불이행,건조,맑음,교차로 - 교차로부근,화물,남,64세,상해없음,승용,여,62세,경상
2019052300100323,2019년 5월 23일 12시,목요일,대구광역시 달서구 감삼동,경상사고,0,0,1,0,차대차 - 기타,안전운전불이행,건조,맑음,교차로 - 교차로안,승용,남,36세,상해없음,승용,남,39세,상해없음
2019052300100353,2019년 5월 23일 13시,목요일,대구광역시 동구 신천동,경상사고,0,0,1,0,차대차 - 측면충돌,안전운전불이행,건조,맑음,단일로 - 기타,승용,여,43세,상해없음,승용,남,52세,경상
2019052300100354,2019년 5월 23일 13시,목요일,대구광역시 달서구 진천동,경상사고,0,0,1,0,차대차 - 기타,안전운전불이행,건조,맑음,교차로 - 교차로안,승용,여,68세,상해없음,자전거,여,58세,경상
2019052300100355,2019년 5월 23일 13시,목요일,대구광역시 서구 평리동,경상사고,0,0,1,0,차대차 - 측면충돌,안전운전불이행,건조,맑음,교차로 - 교차로안,승용,남,66세,상해없음,자전거,남,69세,경상
2019052300100417,2019년 5월 23일 15시,목요일,대구광역시 동구 대림동,경상사고,0,0,2,0,차대차 - 정면충돌,신호위반,건조,맑음,교차로 - 교차로안,승용,남,19세,경상,승용,여,42세,경상
2019052300100418,2019년 5월 23일 15시,목요일,대구광역시 수성구 범어동,경상사고,0,0,1,0,차대차 - 기타,안전운전불이행,건조,맑음,단일로 - 기타,승용,여,57세,상해없음,승용,여,46세,경상
2019052300100419,2019년 5월 23일 15시,목요일,대구광역시 달서구 송현동,경상사고,0,0,1,0,차대사람 - 기타,안전운전불이행,건조,맑음,교차로 - 교차로부근,승합,남,48세,상해없음,보행자,여,63세,경상
2019052300100420,2019년 5월 23일 15시,목요일,대구광역시 북구 동천동,경상사고,0,0,1,0,차대사람 - 기타,안전운전불이행,건조,맑음,단일로 - 기타,승합,남,37세,상해없음,보행자,남,31세,경상
2019052300100457,2019년 5월 23일 16시,목요일,대구광역시 중구 남산동,중상사고,0,1,0,0,차대사람 - 횡단중,보행자보호의무위반,건조,맑음,교차로 - 교차로횡단보도내,승용,남,51세,상해없음,보행자,남,74세,중상
2019052300100500,2019년 5월 23일 17시,목요일,대구광역시 달서구 본동,중상사고,0,1,0,0,차대차 - 측면충돌,신호위반,건조,맑음,교차로 - 교차로안,승용,남,31세,상해없음,승용,남,42세,중상
2019052300100501,2019년 5월 23일 17시,목요일,대구광역시 달서구 호림동,중상사고,0,1,0,0,차대차 - 정면충돌,안전운전불이행,건조,맑음,단일로 - 기타,승용,남,48세,상해없음,이륜,남,66세,중상
2019052300100554,2019년 5월 23일 18시,목요일,대구광역시 수성구 수성동1가,경상사고,0,0,1,0,차대사람 - 기타,기타,건조,맑음,단일로 - 기타,승용,여,53세,상해없음,보행자,남,45세,경상
2019052300100555,2019년 5월 23일 18시,목요일,대구광역시 달서구 진천동,경상사고,0,0,1,0,차대차 - 측면충돌,안전거리미확보,건조,맑음,단일로 - 기타,승용,남,28세,상해없음,승용,여,46세,경상
2019052300100556,2019년 5월 23일 18시,목요일,대구광역시 달성군 현풍읍,경상사고,0,0,1,0,차대차 - 기타,안전거리미확보,건조,맑음,단일로 - 기타,승용,여,31세,상해없음,승용,남,31세,경상
2019052300100557,2019년 5월 23일 18시,목요일,대구광역시 서구 평리동,경상사고,0,0,1,0,차대차 - 측면충돌,안전거리미확보,건조,맑음,단일로 - 기타,승용,남,51세,상해없음,승용,여,38세,경상
2019052300100558,2019년 5월 23일 18시,목요일,대구광역시 달서구 감삼동,중상사고,0,1,0,0,차대사람 - 기타,보행자보호의무위반,건조,맑음,단일로 - 기타,승용,남,54세,상해없음,보행자,남,43세,중상
2019052300100589,2019년 5월 23일 19시,목요일,대구광역시 동구 신천동,경상사고,0,0,2,0,차대차 - 기타,교차로운행방법위반,건조,맑음,교차로 - 교차로안,승용,남,48세,상해없음,이륜,남,17세,경상
2019052300100590,2019년 5월 23일 19시,목요일,대구광역시 달서구 송현동,중상사고,0,1,14,0,차대차 - 기타,차로위반,건조,맑음,교차로 - 교차로부근,승용,남,27세,기타불명,승합,남,44세,상해없음
2019052300100591,2019년 5월 23일 19시,목요일,대구광역시 달서구 진천동,중상사고,0,1,0,0,차대차 - 측면충돌,중앙선침범,건조,맑음,단일로 - 기타,승용,여,45세,상해없음,이륜,남,59세,중상
2019052300100592,2019년 5월 23일 19시,목요일,대구광역시 달성군 유가읍,경상사고,0,0,2,0,차대차 - 정면충돌,중앙선침범,건조,맑음,단일로 - 기타,화물,남,57세,경상,승용,남,36세,경상
2019052300100593,2019년 5월 23일 19시,목요일,대구광역시 북구 고성동3가,부상신고사고,0,0,0,1,차대차 - 기타,안전운전불이행,건조,맑음,단일로 - 기타,이륜,남,41세,부상신고,승용,남,59세,상해없음
2019052300100594,2019년 5월 23일 19시,목요일,대구광역시 중구 삼덕동2가,경상사고,0,0,2,0,차대차 - 측면충돌,안전거리미확보,건조,맑음,단일로 - 기타,승용,여,33세,기타불명,승용,남,18세,경상
2019052300100640,2019년 5월 23일 20시,목요일,대구광역시 수성구 두산동,경상사고,0,0,1,0,차대사람 - 횡단중,안전운전불이행,건조,맑음,단일로 - 기타,승용,남,59세,상해없음,보행자,여,28세,경상
2019052300100641,2019년 5월 23일 20시,목요일,대구광역시 달서구 대곡동,중상사고,0,1,0,0,차대차 - 측면충돌,직진우회전진행방해,건조,맑음,교차로 - 교차로안,승용,여,42세,상해없음,화물,여,42세,중상
2019052300100642,2019년 5월 23일 20시,목요일,대구광역시 북구 침산동,경상사고,0,0,1,0,차대차 - 추돌,안전운전불이행,건조,맑음,교차로 - 교차로횡단보도내,승용,남,45세,상해없음,자전거,남,19세,경상
2019052300100691,2019년 5월 23일 22시,목요일,대구광역시 수성구 만촌동,경상사고,0,0,1,0,차대사람 - 기타,안전운전불이행,건조,맑음,단일로 - 기타,승용,여,54세,상해없음,보행자,여,55세,경상
2019052300100717,2019년 5월 23일 23시,목요일,대구광역시 수성구 만촌동,부상신고사고,0,0,0,1,차대차 - 측면충돌,안전거리미확보,건조,맑음,단일로 - 기타,승용,남,43세,상해없음,승용,여,37세,부상신고
2019052300100718,2019년 5월 23일 23시,목요일,대구광역시 달서구 상인동,경상사고,0,0,1,0,차대사람 - 기타,안전운전불이행,건조,맑음,단일로 - 기타,승용,남,30세,상해없음,보행자,남,19세,경상
2019052400100040,2019년 5월 24일 00시,금요일,대구광역시 수성구 시지동,경상사고,0,0,1,0,차대차 - 추돌,안전운전불이행,건조,맑음,단일로 - 기타,승용,남,48세,상해없음,승용,남,25세,경상
2019052400100054,2019년 5월 24일 01시,금요일,대구광역시 남구 대명동,부상신고사고,0,0,0,1,차대사람 - 기타,직진우회전진행방해,건조,맑음,교차로 - 교차로안,승용,남,67세,상해없음,보행자,남,43세,부상신고
2019052400100070,2019년 5월 24일 03시,금요일,대구광역시 달서구 이곡동,중상사고,0,1,2,0,차대차 - 측면충돌,신호위반,건조,맑음,교차로 - 교차로안,승용,남,40세,경상,승용,남,50세,경상
2019052400100087,2019년 5월 24일 05시,금요일,대구광역시 달성군 다사읍,경상사고,0,0,1,0,차대차 - 측면충돌,안전운전불이행,건조,맑음,교차로 - 교차로부근,승용,남,64세,상해없음,자전거,남,65세,경상
2019052400100088,2019년 5월 24일 05시,금요일,대구광역시 서구 비산동,경상사고,0,0,1,0,차대차 - 측면충돌,직진우회전진행방해,건조,맑음,교차로 - 교차로안,이륜,남,68세,경상,승용,남,29세,상해없음
2019052400100098,2019년 5월 24일 06시,금요일,대구광역시 수성구 범어동,경상사고,0,0,1,0,차대차 - 추돌,안전운전불이행,건조,맑음,교차로 - 교차로부근,승용,남,64세,상해없음,승용,남,44세,경상
2019052400100099,2019년 5월 24일 06시,금요일,대구광역시 달성군 가창면,중상사고,0,1,2,0,차대차 - 정면충돌,신호위반,건조,맑음,교차로 - 교차로안,승용,남,54세,경상,승용,남,66세,경상
2019052400100121,2019년 5월 24일 07시,금요일,대구광역시 남구 봉덕동,중상사고,0,1,0,0,차대차 - 측면충돌,직진우회전진행방해,건조,맑음,교차로 - 교차로안,승용,남,38세,상해없음,자전거,남,75세,중상
2019052400100122,2019년 5월 24일 07시,금요일,대구광역시 달서구 두류동,중상사고,0,1,0,0,차대차 - 측면충돌,안전운전불이행,건조,맑음,교차로 - 교차로부근,승용,남,49세,상해없음,자전거,여,65세,중상
2019052400100123,2019년 5월 24일 07시,금요일,대구광역시 북구 매천동,중상사고,0,1,0,0,차대사람 - 횡단중,보행자보호의무위반,건조,맑음,교차로 - 교차로횡단보도내,승용,여,45세,상해없음,보행자,남,7세,중상
2019052400100166,2019년 5월 24일 08시,금요일,대구광역시 달서구 신당동,경상사고,0,0,2,0,차대차 - 추돌,안전운전불이행,건조,맑음,교차로 - 교차로부근,승용,남,48세,상해없음,승용,남,64세,경상
2019052400100203,2019년 5월 24일 09시,금요일,대구광역시 남구 봉덕동,경상사고,0,0,1,0,차대차 - 기타,안전운전불이행,건조,맑음,기타 - 기타,승용,여,64세,상해없음,화물,여,53세,기타불명
2019052400100204,2019년 5월 24일 09시,금요일,대구광역시 수성구 수성동1가,중상사고,0,1,0,0,차대차 - 측면충돌,신호위반,건조,맑음,단일로 - 기타,승용,남,30세,상해없음,자전거,남,74세,중상
2019052400100205,2019년 5월 24일 09시,금요일,대구광역시 달성군 다사읍,중상사고,0,1,0,0,차대사람 - 횡단중,보행자보호의무위반,건조,맑음,교차로 - 교차로횡단보도내,화물,남,57세,상해없음,보행자,여,55세,중상
2019052400100206,2019년 5월 24일 09시,금요일,대구광역시 남구 대명동,경상사고,0,0,1,0,차량단독 - 기타,안전운전불이행,건조,맑음,단일로 - 기타,승합,남,51세,상해없음,,,,
2019052400100207,2019년 5월 24일 09시,금요일,대구광역시 북구 서변동,부상신고사고,0,0,0,1,차대사람 - 기타,안전운전불이행,건조,맑음,단일로 - 기타,화물,남,63세,상해없음,보행자,남,5세,부상신고
2019052400100208,2019년 5월 24일 09시,금요일,대구광역시 북구 동천동,경상사고,0,0,1,0,차대차 - 기타,안전운전불이행,건조,맑음,단일로 - 기타,화물,남,40세,상해없음,승용,여,52세,경상
2019052400100236,2019년 5월 24일 10시,금요일,대구광역시 수성구 황금동,경상사고,0,0,1,0,차대차 - 후진중충돌,안전운전불이행,건조,맑음,단일로 - 기타,승용,남,58세,상해없음,이륜,남,49세,경상
2019052400100237,2019년 5월 24일 10시,금요일,대구광역시 수성구 지산동,경상사고,0,0,1,0,차대차 - 측면충돌,안전운전불이행,건조,맑음,단일로 - 기타,승용,남,47세,상해없음,승용,남,63세,경상
2019052400100238,2019년 5월 24일 10시,금요일,대구광역시 북구 침산동,부상신고사고,0,0,0,1,차대차 - 측면충돌,안전운전불이행,건조,맑음,교차로 - 교차로안,자전거,남,73세,부상신고,승용,남,46세,상해없음
2019052400100270,2019년 5월 24일 11시,금요일,대구광역시 동구 지묘동,경상사고,0,0,1,0,차대차 - 측면충돌,안전운전불이행,건조,맑음,교차로 - 교차로부근,승용,남,49세,기타불명,승용,여,63세,경상
2019052400100271,2019년 5월 24일 11시,금요일,대구광역시 달서구 월성동,경상사고,0,0,2,1,차대차 - 측면충돌,안전운전불이행,건조,맑음,교차로 - 교차로안,이륜,남,20세,부상신고,승용,남,60세,경상
2019052400100272,2019년 5월 24일 11시,금요일,대구광역시 달서구 대천동,경상사고,0,0,1,0,차대차 - 측면충돌,안전거리미확보,건조,맑음,교차로 - 교차로부근,화물,남,51세,상해없음,승용,여,34세,경상
2019052400100273,2019년 5월 24일 11시,금요일,대구광역시 달서구 신당동,중상사고,0,1,0,0,차대차 - 기타,기타,건조,맑음,교차로 - 교차로안,이륜,남,55세,중상,화물,남,27세,상해없음
2019052400100274,2019년 5월 24일 11시,금요일,대구광역시 북구 태전동,부상신고사고,0,0,0,1,차대차 - 기타,신호위반,건조,맑음,교차로 - 교차로횡단보도내,승용,여,38세,상해없음,자전거,남,56세,부상신고
2019052400100310,2019년 5월 24일 12시,금요일,대구광역시 남구 대명동,경상사고,0,0,1,0,차대차 - 기타,안전거리미확보,건조,맑음,단일로 - 기타,승용,남,48세,상해없음,승용,여,39세,경상
2019052400100311,2019년 5월 24일 12시,금요일,대구광역시 수성구 중동,중상사고,0,1,0,0,차대차 - 측면충돌,안전운전불이행,건조,맑음,교차로 - 교차로안,승용,남,64세,상해없음,이륜,여,64세,중상
2019052400100312,2019년 5월 24일 12시,금요일,대구광역시 북구 관음동,중상사고,0,1,1,0,차대차 - 기타,안전거리미확보,건조,맑음,단일로 - 기타,승용,여,48세,경상,화물,여,61세,중상
2019052400100355,2019년 5월 24일 13시,금요일,대구광역시 수성구 범어동,경상사고,0,0,1,0,차대사람 - 기타,보행자보호의무위반,건조,맑음,기타 - 기타,승용,남,24세,상해없음,보행자,남,7세,경상
2019052400100356,2019년 5월 24일 13시,금요일,대구광역시 달서구 감삼동,경상사고,0,0,1,0,차대차 - 측면충돌,안전운전불이행,젖음/습기,맑음,기타 - 기타,승용,여,50세,상해없음,승용,여,56세,경상
2019052400100394,2019년 5월 24일 14시,금요일,대구광역시 달성군 다사읍,경상사고,0,0,1,0,차대사람 - 기타,안전운전불이행,건조,맑음,단일로 - 기타,화물,남,69세,상해없음,보행자,여,87세,경상
2019052400100395,2019년 5월 24일 14시,금요일,대구광역시 북구 태전동,경상사고,0,0,1,0,차대차 - 기타,안전운전불이행,건조,맑음,교차로 - 교차로안,승용,남,55세,상해없음,승용,여,61세,경상
2019052400100441,2019년 5월 24일 15시,금요일,대구광역시 달서구 본동,중상사고,0,1,0,0,차대사람 - 횡단중,보행자보호의무위반,건조,맑음,교차로 - 교차로부근,승용,여,23세,상해없음,보행자,여,72세,중상
2019052400100442,2019년 5월 24일 15시,금요일,대구광역시 달서구 두류동,경상사고,0,0,1,0,차대차 - 정면충돌,교차로운행방법위반,건조,맑음,교차로 - 교차로안,승용,남,32세,상해없음,이륜,남,38세,경상
2019052400100500,2019년 5월 24일 16시,금요일,대구광역시 수성구 만촌동,경상사고,0,0,1,0,차대차 - 측면충돌,차로위반,건조,맑음,단일로 - 기타,승용,남,45세,상해없음,승용,여,62세,경상
2019052400100501,2019년 5월 24일 16시,금요일,대구광역시 수성구 만촌동,중상사고,0,1,0,0,차대차 - 기타,안전거리미확보,건조,맑음,단일로 - 기타,승용,남,68세,상해없음,승합,남,58세,상해없음
2019052400100502,2019년 5월 24일 16시,금요일,대구광역시 달서구 두류동,경상사고,0,0,3,0,차대차 - 측면충돌,차로위반,건조,맑음,단일로 - 기타,승용,여,46세,경상,승용,여,43세,경상
2019052400100503,2019년 5월 24일 16시,금요일,대구광역시 달서구 이곡동,경상사고,0,0,4,0,차대차 - 측면충돌,안전운전불이행,건조,맑음,단일로 - 기타,화물,남,67세,상해없음,승용,남,42세,경상
2019052400100552,2019년 5월 24일 17시,금요일,대구광역시 수성구 범어동,경상사고,0,0,1,0,차대차 - 측면충돌,안전거리미확보,건조,맑음,교차로 - 교차로부근,승용,여,47세,상해없음,이륜,남,44세,경상
2019052400100553,2019년 5월 24일 17시,금요일,대구광역시 북구 복현동,중상사고,0,1,3,0,차대차 - 측면충돌,불법유턴,건조,맑음,단일로 - 기타,승용,남,60세,상해없음,승용,남,64세,중상
2019052400100554,2019년 5월 24일 17시,금요일,대구광역시 북구 고성동2가,경상사고,0,0,1,0,차대사람 - 횡단중,보행자보호의무위반,건조,맑음,단일로 - 기타,승용,여,62세,상해없음,보행자,남,7세,경상
2019052400100555,2019년 5월 24일 17시,금요일,대구광역시 서구 비산동,부상신고사고,0,0,0,1,차대차 - 측면충돌,안전운전불이행,건조,맑음,단일로 - 기타,기타불명,기타불명,미분류,기타불명,승용,남,19세,기타불명
2019052400100556,2019년 5월 24일 17시,금요일,대구광역시 북구 관음동,중상사고,0,1,0,0,차대사람 - 기타,기타,기타,맑음,단일로 - 기타,승용,남,36세,상해없음,보행자,여,47세,중상
2019052400100605,2019년 5월 24일 18시,금요일,대구광역시 수성구 범물동,중상사고,0,1,0,0,차대차 - 측면충돌,안전운전불이행,건조,맑음,교차로 - 교차로안,승용,여,59세,상해없음,자전거,남,74세,중상
2019052400100606,2019년 5월 24일 18시,금요일,대구광역시 달성군 논공읍,경상사고,0,0,1,0,차대차 - 기타,안전운전불이행,건조,맑음,교차로 - 교차로안,이륜,남,22세,경상,승용,남,27세,상해없음
2019052400100607,2019년 5월 24일 18시,금요일,대구광역시 북구 노원동3가,부상신고사고,0,0,0,1,차대차 - 측면충돌,안전운전불이행,건조,맑음,단일로 - 기타,이륜,남,49세,부상신고,승용,여,31세,상해없음
2019052400100608,2019년 5월 24일 18시,금요일,대구광역시 중구 남산동,중상사고,0,1,0,0,차대차 - 측면충돌,신호위반,건조,맑음,교차로 - 교차로안,승용,남,44세,상해없음,승용,남,47세,중상
2019052400100609,2019년 5월 24일 18시,금요일,대구광역시 달서구 성당동,부상신고사고,0,0,0,1,차대차 - 측면충돌,안전운전불이행,건조,맑음,교차로 - 교차로안,이륜,기타불명,미분류,기타불명,자전거,남,36세,부상신고
2019052400100651,2019년 5월 24일 19시,금요일,대구광역시 달서구 본동,경상사고,0,0,2,0,차대차 - 측면충돌,차로위반,건조,맑음,단일로 - 기타,승용,남,31세,상해없음,승용,남,33세,경상
2019052400100652,2019년 5월 24일 19시,금요일,대구광역시 달성군 화원읍,경상사고,0,0,1,0,차대차 - 정면충돌,안전운전불이행,건조,맑음,교차로 - 교차로횡단보도내,승용,남,36세,상해없음,자전거,여,66세,경상
2019052400100682,2019년 5월 24일 20시,금요일,대구광역시 남구 대명동,경상사고,0,0,2,0,차대차 - 측면충돌,교차로운행방법위반,건조,맑음,교차로 - 교차로안,승용,남,31세,상해없음,승용,남,22세,경상
2019052400100683,2019년 5월 24일 20시,금요일,대구광역시 달성군 다사읍,중상사고,0,1,0,0,차대차 - 기타,교차로운행방법위반,건조,맑음,교차로 - 교차로안,승용,여,55세,상해없음,이륜,남,38세,중상
2019052400100684,2019년 5월 24일 20시,금요일,대구광역시 달서구 신당동,부상신고사고,0,0,0,1,차량단독 - 기타,안전운전불이행,건조,맑음,단일로 - 기타,승합,남,41세,상해없음,,,,
2019052400100715,2019년 5월 24일 21시,금요일,대구광역시 수성구 수성동1가,경상사고,0,0,1,0,차대차 - 기타,안전운전불이행,건조,맑음,단일로 - 기타,이륜,남,21세,상해없음,이륜,남,48세,경상
2019052400100716,2019년 5월 24일 21시,금요일,대구광역시 달성군 옥포읍,경상사고,0,0,1,0,차대차 - 기타,차로위반,건조,맑음,교차로 - 교차로안,이륜,남,58세,경상,승용,남,64세,상해없음
2019052400100717,2019년 5월 24일 21시,금요일,대구광역시 서구 비산동,중상사고,0,1,0,0,차대차 - 측면충돌,안전운전불이행,건조,맑음,단일로 - 기타,자전거,남,13세,중상,승용,여,46세,상해없음
2019052400100748,2019년 5월 24일 22시,금요일,대구광역시 남구 대명동,경상사고,0,0,1,0,차대차 - 후진중충돌,안전운전불이행,건조,맑음,교차로 - 교차로안,승용,남,38세,상해없음,승용,남,55세,경상
2019052500100063,2019년 5월 25일 02시,토요일,대구광역시 남구 대명동,경상사고,0,0,3,0,차대차 - 측면충돌,직진우회전진행방해,건조,맑음,교차로 - 교차로안,이륜,남,21세,경상,승용,남,47세,경상
2019052500100064,2019년 5월 25일 02시,토요일,대구광역시 중구 남산동,경상사고,0,0,1,0,차대차 - 측면충돌,불법유턴,건조,맑음,단일로 - 기타,승용,남,63세,상해없음,이륜,남,39세,경상
2019052500100086,2019년 5월 25일 04시,토요일,대구광역시 수성구 황금동,경상사고,0,0,2,0,차대차 - 추돌,안전운전불이행,건조,맑음,단일로 - 기타,승용,남,39세,상해없음,승용,남,60세,경상
2019052500100087,2019년 5월 25일 04시,토요일,대구광역시 달서구 송현동,중상사고,0,1,0,0,차대사람 - 횡단중,신호위반,건조,맑음,교차로 - 교차로부근,승용,남,59세,상해없음,보행자,여,67세,중상
2019052500100118,2019년 5월 25일 06시,토요일,대구광역시 북구 산격동,경상사고,0,0,1,0,차대사람 - 기타,안전운전불이행,건조,맑음,단일로 - 기타,승용,남,67세,상해없음,보행자,남,28세,경상
2019052500100140,2019년 5월 25일 07시,토요일,대구광역시 동구 신천동,경상사고,0,0,1,0,차대차 - 측면충돌,안전거리미확보,건조,맑음,단일로 - 기타,승용,남,60세,상해없음,승용,여,33세,상해없음
2019052500100141,2019년 5월 25일 07시,토요일,대구광역시 달서구 송현동,경상사고,0,0,1,0,차대차 - 측면충돌,안전운전불이행,건조,맑음,단일로 - 기타,승용,남,42세,상해없음,승용,여,48세,경상