사고번호,사고일시,요일,시군구,사고내용,사망자수,중상자수,경상자수,부상신고자수,사고유형,법규위반,노면상태,기상상태,도로형태,가해운전자 차종,가해운전자 성별,가해운전자 연령,가해운전자 상해정도,피해운전자 차종,피해운전자 성별,피해운전자 연령,피해운전자 상해정도
2019052500100170,2019년 5월 25일 08시,토요일,대구광역시 수성구 범물동,중상사고,0,1,2,1,차량단독 - 공작물충돌,안전운전불이행,건조,맑음,교차로 - 교차로안,승용,여,54세,부상신고,,,,
2019052500100171,2019년 5월 25일 08시,토요일,대구광역시 달서구 송현동,중상사고,0,1,0,0,차대차 - 측면충돌,과속,건조,맑음,교차로 - 교차로안,승용,남,59세,상해없음,승합,남,66세,중상
2019052500100195,2019년 5월 25일 09시,토요일,대구광역시 동구 효목동,중상사고,0,1,0,0,차대사람 - 횡단중,안전운전불이행,건조,맑음,교차로 - 교차로안,승용,남,71세,상해없음,보행자,남,86세,중상
2019052500100196,2019년 5월 25일 09시,토요일,대구광역시 수성구 만촌동,중상사고,0,1,0,0,차대사람 - 횡단중,안전운전불이행,건조,맑음,단일로 - 기타,승용,여,47세,상해없음,보행자,여,72세,중상
2019052500100197,2019년 5월 25일 09시,토요일,대구광역시 수성구 만촌동,중상사고,0,1,0,0,차량단독 - 기타,안전운전불이행,건조,맑음,단일로 - 기타,승합,남,56세,상해없음,,,,
2019052500100224,2019년 5월 25일 10시,토요일,대구광역시 북구 대현동,경상사고,0,0,3,0,차대차 - 측면충돌,신호위반,건조,맑음,교차로 - 교차로안,승용,남,68세,상해없음,승합,남,33세,경상
2019052500100269,2019년 5월 25일 11시,토요일,대구광역시 수성구 범어동,경상사고,0,0,4,2,차대차 - 추돌,안전거리미확보,건조,맑음,교차로 - 교차로안,승용,여,36세,상해없음,승용,남,29세,부상신고
2019052500100270,2019년 5월 25일 11시,토요일,대구광역시 중구 달성동,경상사고,0,0,2,0,차대차 - 측면충돌,안전운전불이행,건조,맑음,단일로 - 기타,화물,남,54세,상해없음,승용,남,63세,경상
2019052500100271,2019년 5월 25일 11시,토요일,대구광역시 북구 팔달동,경상사고,0,0,1,0,차대차 - 측면충돌,안전운전불이행,건조,맑음,교차로 - 교차로부근,승용,남,51세,상해없음,승용,남,36세,경상
2019052500100305,2019년 5월 25일 12시,토요일,대구광역시 동구 각산동,중상사고,0,1,0,0,차량단독 - 기타,안전운전불이행,건조,맑음,기타 - 기타,자전거,남,86세,중상,,,,
2019052500100306,2019년 5월 25일 12시,토요일,대구광역시 동구 신암동,경상사고,0,0,1,0,차대차 - 측면충돌,교차로운행방법위반,건조,맑음,단일로 - 기타,화물,남,63세,상해없음,승용,여,52세,경상
2019052500100307,2019년 5월 25일 12시,토요일,대구광역시 서구 이현동,중상사고,0,1,3,0,차대차 - 측면충돌,안전운전불이행,건조,맑음,단일로 - 기타,화물,남,44세,상해없음,승용,남,27세,경상
2019052500100345,2019년 5월 25일 13시,토요일,대구광역시 달서구 월성동,경상사고,0,0,1,0,차대사람 - 횡단중,안전운전불이행,건조,맑음,단일로 - 기타,승용,여,41세,상해없음,보행자,남,6세,경상
2019052500100346,2019년 5월 25일 13시,토요일,대구광역시 달서구 송현동,부상신고사고,0,0,0,3,차대차 - 측면충돌,안전거리미확보,건조,맑음,단일로 - 기타,화물,남,66세,상해없음,승용,남,29세,부상신고
2019052500100384,2019년 5월 25일 14시,토요일,대구광역시 수성구 두산동,경상사고,0,0,4,0,차대차 - 추돌,안전운전불이행,건조,맑음,교차로 - 교차로부근,승용,남,40세,상해없음,승용,여,27세,경상
2019052500100385,2019년 5월 25일 14시,토요일,대구광역시 중구 대봉동,경상사고,0,0,1,0,차대차 - 측면충돌,차로위반,건조,맑음,단일로 - 기타,승용,남,68세,상해없음,이륜,남,42세,경상
2019052500100386,2019년 5월 25일 14시,토요일,대구광역시 달서구 감삼동,중상사고,0,1,0,0,차대차 - 기타,신호위반,건조,맑음,단일로 - 기타,승용,여,26세,상해없음,자전거,여,61세,중상
2019052500100427,2019년 5월 25일 15시,토요일,대구광역시 수성구 상동,경상사고,0,0,1,0,차대차 - 측면충돌,안전운전불이행,건조,맑음,기타 - 기타,승용,여,61세,상해없음,승용,여,39세,경상
2019052500100428,2019년 5월 25일 15시,토요일,대구광역시 달서구 진천동,경상사고,0,0,1,0,차대차 - 측면충돌,교차로운행방법위반,건조,맑음,교차로 - 교차로부근,승용,여,30세,상해없음,이륜,남,40세,경상
2019052500100429,2019년 5월 25일 15시,토요일,대구광역시 북구 대현동,경상사고,0,0,1,0,차대사람 - 보도통행중,안전운전불이행,건조,맑음,단일로 - 기타,승용,여,26세,상해없음,보행자,여,65세,경상
2019052500100430,2019년 5월 25일 15시,토요일,대구광역시 달서구 이곡동,경상사고,0,0,1,0,차대차 - 정면충돌,안전운전불이행,건조,맑음,교차로 - 교차로부근,화물,남,49세,상해없음,이륜,남,26세,경상
2019052500100466,2019년 5월 25일 16시,토요일,대구광역시 동구 용계동,경상사고,0,0,1,0,차대차 - 기타,신호위반,건조,맑음,단일로 - 기타,이륜,남,22세,경상,화물,남,61세,상해없음
2019052500100535,2019년 5월 25일 18시,토요일,대구광역시 남구 대명동,경상사고,0,0,1,0,차대차 - 추돌,안전운전불이행,건조,맑음,단일로 - 기타,승용,남,54세,상해없음,이륜,남,24세,경상
2019052500100536,2019년 5월 25일 18시,토요일,대구광역시 북구 침산동,경상사고,0,0,1,0,차대차 - 측면충돌,안전운전불이행,건조,맑음,단일로 - 기타,승용,남,50세,상해없음,승용,남,58세,경상
2019052500100572,2019년 5월 25일 19시,토요일,대구광역시 수성구 두산동,경상사고,0,0,2,0,차대차 - 추돌,안전운전불이행,건조,맑음,단일로 - 기타,승용,남,38세,상해없음,승용,남,51세,경상
2019052500100573,2019년 5월 25일 19시,토요일,대구광역시 서구 내당동,부상신고사고,0,0,0,1,차대사람 - 기타,안전운전불이행,건조,맑음,단일로 - 기타,승용,여,50세,상해없음,보행자,남,16세,부상신고
2019052500100604,2019년 5월 25일 20시,토요일,대구광역시 달성군 현풍읍,중상사고,0,1,0,0,차대차 - 기타,안전운전불이행,건조,맑음,교차로 - 교차로안,이륜,남,27세,중상,승용,남,40세,상해없음
2019052500100605,2019년 5월 25일 20시,토요일,대구광역시 중구 삼덕동3가,경상사고,0,0,1,0,차대차 - 측면충돌,안전거리미확보,건조,맑음,단일로 - 기타,승용,남,62세,상해없음,승용,여,27세,경상
2019052500100638,2019년 5월 25일 21시,토요일,대구광역시 달서구 용산동,경상사고,0,0,1,0,차대차 - 측면충돌,안전운전불이행,건조,맑음,기타 - 기타,승용,여,42세,상해없음,이륜,남,20세,경상
2019052500100639,2019년 5월 25일 21시,토요일,대구광역시 달서구 용산동,경상사고,0,0,1,0,차대차 - 추돌,안전운전불이행,건조,맑음,단일로 - 기타,화물,남,52세,상해없음,승용,여,53세,경상
2019052500100669,2019년 5월 25일 22시,토요일,대구광역시 수성구 범물동,경상사고,0,0,2,0,차대차 - 기타,차로위반,건조,맑음,단일로 - 기타,승용,남,53세,경상,승용,여,56세,경상
2019052500100670,2019년 5월 25일 22시,토요일,대구광역시 달성군 다사읍,경상사고,0,0,1,0,차대차 - 기타,안전운전불이행,건조,맑음,교차로 - 교차로안,승용,남,72세,상해없음,이륜,남,35세,경상
2019052500100671,2019년 5월 25일 22시,토요일,대구광역시 중구 삼덕동1가,중상사고,0,1,1,0,차대사람 - 기타,안전운전불이행,건조,맑음,단일로 - 기타,승용,남,27세,상해없음,보행자,남,29세,중상
2019052500100698,2019년 5월 25일 23시,토요일,대구광역시 서구 비산동,경상사고,0,0,1,0,차대차 - 측면충돌,신호위반,건조,맑음,교차로 - 교차로안,승용,여,39세,상해없음,승용,남,54세,경상
2019052600100027,2019년 5월 26일 00시,일요일,대구광역시 서구 상리동,중상사고,0,2,0,1,차대차 - 정면충돌,중앙선침범,건조,맑음,단일로 - 지하차도(도로)내,승용,남,42세,부상신고,승용,남,29세,중상
2019052600100042,2019년 5월 26일 01시,일요일,대구광역시 수성구 신매동,부상신고사고,0,0,0,1,차대사람 - 횡단중,안전운전불이행,건조,맑음,교차로 - 교차로부근,승용,남,26세,상해없음,보행자,남,45세,부상신고
2019052600100058,2019년 5월 26일 02시,일요일,대구광역시 달서구 이곡동,중상사고,0,1,1,0,차대사람 - 차도통행중,안전운전불이행,건조,맑음,단일로 - 기타,승용,남,50세,상해없음,보행자,남,31세,중상
2019052600100081,2019년 5월 26일 04시,일요일,대구광역시 달서구 상인동,경상사고,0,0,1,0,차대사람 - 기타,안전운전불이행,건조,맑음,교차로 - 교차로부근,승용,남,18세,상해없음,보행자,여,21세,경상
2019052600100098,2019년 5월 26일 05시,일요일,대구광역시 동구 효목동,경상사고,0,0,3,0,차대차 - 측면충돌,중앙선침범,건조,맑음,교차로 - 교차로부근,승용,여,28세,상해없음,화물,남,29세,경상
2019052600100113,2019년 5월 26일 07시,일요일,대구광역시 달성군 옥포읍,경상사고,0,0,1,0,차대차 - 기타,차로위반,건조,맑음,단일로 - 기타,화물,남,67세,상해없음,승용,남,41세,경상
2019052600100194,2019년 5월 26일 11시,일요일,대구광역시 남구 대명동,경상사고,0,0,1,0,차대차 - 측면충돌,직진우회전진행방해,건조,맑음,교차로 - 교차로안,이륜,남,57세,상해없음,이륜,남,33세,경상
2019052600100195,2019년 5월 26일 11시,일요일,대구광역시 동구 방촌동,중상사고,0,1,0,0,차대차 - 기타,안전운전불이행,건조,맑음,단일로 - 기타,승용,남,74세,상해없음,자전거,남,48세,중상
2019052600100196,2019년 5월 26일 11시,일요일,대구광역시 동구 동호동,경상사고,0,0,3,0,차대차 - 기타,안전운전불이행,건조,맑음,교차로 - 교차로부근,승용,남,57세,상해없음,승용,남,44세,경상
2019052600100197,2019년 5월 26일 11시,일요일,대구광역시 달서구 월성동,경상사고,0,0,2,0,차대차 - 측면충돌,신호위반,건조,맑음,교차로 - 교차로부근,승용,남,25세,상해없음,승용,여,48세,상해없음
2019052600100198,2019년 5월 26일 11시,일요일,대구광역시 서구 이현동,경상사고,0,0,1,0,차대차 - 측면충돌,교차로운행방법위반,건조,맑음,교차로 - 교차로안,승용,여,46세,상해없음,승용,남,31세,경상
2019052600100199,2019년 5월 26일 11시,일요일,대구광역시 달서구 신당동,경상사고,0,0,2,0,차대차 - 측면충돌,안전거리미확보,건조,맑음,단일로 - 기타,승용,남,47세,경상,승용,남,61세,경상
2019052600100230,2019년 5월 26일 12시,일요일,대구광역시 남구 대명동,중상사고,0,1,0,0,차대사람 - 차도통행중,안전운전불이행,건조,맑음,교차로 - 교차로부근,승용,여,39세,상해없음,보행자,남,14세,중상
2019052600100231,2019년 5월 26일 12시,일요일,대구광역시 서구 비산동,경상사고,0,0,1,0,차대사람 - 기타,안전운전불이행,건조,맑음,교차로 - 교차로안,승용,여,58세,상해없음,보행자,남,65세,경상
2019052600100263,2019년 5월 26일 13시,일요일,대구광역시 달서구 대천동,경상사고,0,0,1,0,차대사람 - 기타,안전운전불이행,건조,맑음,단일로 - 기타,승용,남,39세,상해없음,보행자,남,10세,경상
2019052600100297,2019년 5월 26일 14시,일요일,대구광역시 동구 신암동,경상사고,0,0,1,0,차대차 - 추돌,안전거리미확보,건조,맑음,단일로 - 기타,이륜,남,33세,경상,승용,남,26세,상해없음
2019052600100298,2019년 5월 26일 14시,일요일,대구광역시 동구 불로동,중상사고,0,1,0,0,차대차 - 기타,신호위반,건조,맑음,교차로 - 교차로안,승용,남,63세,상해없음,이륜,남,55세,중상
2019052600100299,2019년 5월 26일 14시,일요일,대구광역시 서구 비산동,경상사고,0,0,1,0,차대차 - 추돌,안전거리미확보,건조,맑음,단일로 - 지하차도(도로)내,승용,여,25세,상해없음,승용,남,71세,상해없음
2019052600100341,2019년 5월 26일 15시,일요일,대구광역시 동구 방촌동,경상사고,0,0,1,0,차대사람 - 길가장자리구역통행중,안전운전불이행,건조,맑음,단일로 - 기타,기타불명,기타불명,미분류,기타불명,보행자,여,72세,경상
2019052600100342,2019년 5월 26일 15시,일요일,대구광역시 수성구 신매동,경상사고,0,0,3,0,차대차 - 측면충돌,안전운전불이행,건조,맑음,단일로 - 기타,승용,여,44세,상해없음,승용,남,27세,경상
2019052600100343,2019년 5월 26일 15시,일요일,대구광역시 달성군 화원읍,부상신고사고,0,0,0,1,차대차 - 측면충돌,안전운전불이행,건조,맑음,교차로 - 교차로안,이륜,남,16세,부상신고,승용,남,49세,상해없음
2019052600100344,2019년 5월 26일 15시,일요일,대구광역시 서구 내당동,중상사고,0,1,3,0,차대차 - 측면충돌,안전운전불이행,건조,맑음,단일로 - 기타,승용,남,34세,상해없음,승용,여,44세,경상
2019052600100345,2019년 5월 26일 15시,일요일,대구광역시 달서구 호산동,경상사고,0,0,1,0,차대차 - 측면충돌,신호위반,건조,맑음,교차로 - 교차로횡단보도내,이륜,남,23세,상해없음,자전거,남,56세,경상
2019052600100406,2019년 5월 26일 17시,일요일,대구광역시 달성군 유가읍,경상사고,0,0,1,0,차대차 - 추돌,안전운전불이행,건조,맑음,교차로 - 교차로안,화물,남,35세,상해없음,이륜,남,38세,경상
2019052600100407,2019년 5월 26일 17시,일요일,대구광역시 서구 내당동,경상사고,0,0,1,0,차대사람 - 횡단중,보행자보호의무위반,건조,맑음,단일로 - 기타,승용,남,52세,상해없음,보행자,남,41세,경상
2019052600100432,2019년 5월 26일 18시,일요일,대구광역시 남구 대명동,경상사고,0,0,1,0,차대차 - 측면충돌,안전운전불이행,건조,맑음,단일로 - 기타,승용,남,62세,상해없음,원동기,남,39세,경상
2019052600100433,2019년 5월 26일 18시,일요일,대구광역시 동구 신암동,경상사고,0,0,2,0,차대차 - 추돌,안전운전불이행,건조,맑음,교차로 - 교차로부근,승용,남,56세,상해없음,승용,여,37세,경상
2019052600100434,2019년 5월 26일 18시,일요일,대구광역시 달서구 두류동,경상사고,0,0,1,0,차대사람 - 횡단중,보행자보호의무위반,건조,맑음,단일로 - 기타,승용,남,27세,상해없음,보행자,여,12세,경상
2019052600100510,2019년 5월 26일 21시,일요일,대구광역시 동구 신천동,중상사고,0,1,0,0,차대차 - 기타,신호위반,건조,맑음,교차로 - 교차로안,원동기,남,37세,중상,승용,남,56세,상해없음
2019052600100511,2019년 5월 26일 21시,일요일,대구광역시 수성구 범어동,경상사고,0,0,2,0,차대차 - 측면충돌,안전운전불이행,건조,맑음,교차로 - 교차로부근,승용,남,58세,상해없음,승용,남,35세,경상
2019052600100512,2019년 5월 26일 21시,일요일,대구광역시 달성군 다사읍,중상사고,0,1,0,0,차대차 - 기타,중앙선침범,건조,맑음,단일로 - 기타,승용,남,49세,상해없음,이륜,남,42세,중상
2019052600100513,2019년 5월 26일 21시,일요일,대구광역시 달서구 성당동,중상사고,0,1,0,0,차대사람 - 횡단중,안전운전불이행,건조,맑음,단일로 - 기타,이륜,남,17세,상해없음,보행자,여,53세,중상
2019052600100514,2019년 5월 26일 21시,일요일,대구광역시 달서구 이곡동,경상사고,0,0,1,0,차대차 - 측면충돌,교차로운행방법위반,건조,맑음,교차로 - 교차로안,승합,남,47세,상해없음,이륜,남,20세,경상
2019052600100534,2019년 5월 26일 22시,일요일,대구광역시 동구 방촌동,경상사고,0,0,3,0,차대차 - 추돌,안전운전불이행,건조,맑음,단일로 - 기타,승용,남,62세,상해없음,승용,남,52세,경상
2019052600100535,2019년 5월 26일 22시,일요일,대구광역시 달서구 두류동,경상사고,0,0,1,0,차대차 - 기타,안전운전불이행,건조,맑음,단일로 - 기타,이륜,남,39세,상해없음,승용,남,23세,경상
2019052600100551,2019년 5월 26일 23시,일요일,대구광역시 달서구 성당동,중상사고,0,1,0,0,차대차 - 측면충돌,교차로운행방법위반,건조,맑음,교차로 - 교차로부근,승용,남,51세,상해없음,승용,남,27세,중상
2019052600100552,2019년 5월 26일 23시,일요일,대구광역시 북구 서변동,중상사고,0,1,0,0,차량단독 - 공작물충돌,안전운전불이행,건조,맑음,단일로 - 기타,이륜,남,48세,중상,,,,
2019052700100038,2019년 5월 27일 01시,월요일,대구광역시 달서구 감삼동,중상사고,0,1,0,0,차대차 - 기타,안전운전불이행,건조,맑음,교차로 - 교차로안,이륜,남,22세,상해없음,승용,남,57세,중상
2019052700100052,2019년 5월 27일 03시,월요일,대구광역시 중구 남성로,경상사고,0,0,1,0,차대차 - 측면충돌,직진우회전진행방해,건조,맑음,교차로 - 교차로안,승용,남,22세,상해없음,이륜,남,26세,경상
2019052700100064,2019년 5월 27일 04시,월요일,대구광역시 서구 평리동,중상사고,0,1,0,0,차대사람 - 횡단중,신호위반,젖음/습기,비,단일로 - 기타,화물,남,72세,상해없음,보행자,남,47세,중상
2019052700100117,2019년 5월 27일 07시,월요일,대구광역시 달서구 송현동,경상사고,0,0,1,0,차대차 - 측면충돌,안전거리미확보,젖음/습기,비,교차로 - 교차로안,승합,남,63세,상해없음,승용,남,42세,경상
2019052700100118,2019년 5월 27일 07시,월요일,대구광역시 북구 관음동,경상사고,0,0,2,0,차대차 - 기타,안전운전불이행,젖음/습기,비,교차로 - 교차로안,승용,남,27세,경상,화물,남,58세,경상
2019052700100166,2019년 5월 27일 08시,월요일,대구광역시 동구 신천동,중상사고,0,1,0,0,차대사람 - 기타,안전운전불이행,건조,맑음,기타 - 기타,승용,남,51세,상해없음,보행자,여,25세,중상
2019052700100167,2019년 5월 27일 08시,월요일,대구광역시 북구 침산동,중상사고,0,1,0,0,차대차 - 측면충돌,안전거리미확보,젖음/습기,비,교차로 - 교차로부근,승용,남,74세,상해없음,이륜,남,32세,중상
2019052700100168,2019년 5월 27일 08시,월요일,대구광역시 중구 남성로,중상사고,0,1,0,0,차대사람 - 기타,보행자보호의무위반,젖음/습기,비,교차로 - 교차로횡단보도내,승용,여,55세,상해없음,보행자,남,70세,중상
2019052700100196,2019년 5월 27일 09시,월요일,대구광역시 북구 복현동,경상사고,0,0,1,0,차대차 - 측면충돌,불법유턴,젖음/습기,비,교차로 - 교차로부근,건설기계,남,50세,상해없음,화물,남,44세,경상
2019052700100252,2019년 5월 27일 10시,월요일,대구광역시 북구 산격동,경상사고,0,0,1,0,차대차 - 추돌,안전거리미확보,젖음/습기,비,단일로 - 기타,화물,남,51세,상해없음,승용,여,45세,경상
2019052700100284,2019년 5월 27일 11시,월요일,대구광역시 북구 관음동,경상사고,0,0,6,0,차대차 - 측면충돌,안전운전불이행,건조,맑음,교차로 - 교차로부근,승합,남,43세,상해없음,화물,남,26세,경상
2019052700100357,2019년 5월 27일 13시,월요일,대구광역시 달서구 유천동,경상사고,0,0,1,0,차대차 - 추돌,안전운전불이행,젖음/습기,맑음,단일로 - 기타,승용,여,34세,상해없음,이륜,남,25세,경상
2019052700100358,2019년 5월 27일 13시,월요일,대구광역시 달성군 옥포읍,경상사고,0,0,3,0,차대차 - 기타,안전운전불이행,건조,맑음,교차로 - 교차로안,승용,여,52세,경상,승용,여,33세,경상
2019052700100359,2019년 5월 27일 13시,월요일,대구광역시 중구 태평로1가,중상사고,0,1,0,0,차대사람 - 횡단중,보행자보호의무위반,건조,맑음,교차로 - 교차로횡단보도내,화물,남,62세,상해없음,보행자,여,65세,중상
2019052700100393,2019년 5월 27일 14시,월요일,대구광역시 달서구 본동,경상사고,0,0,1,0,차대사람 - 횡단중,안전운전불이행,건조,맑음,교차로 - 교차로부근,승용,여,40세,상해없음,보행자,남,57세,경상
2019052700100394,2019년 5월 27일 14시,월요일,대구광역시 북구 산격동,경상사고,0,0,1,0,차대사람 - 기타,안전운전불이행,건조,맑음,단일로 - 기타,승용,여,55세,상해없음,보행자,남,56세,경상
2019052700100418,2019년 5월 27일 15시,월요일,대구광역시 서구 비산동,경상사고,0,0,1,0,차대차 - 측면충돌,안전운전불이행,건조,맑음,교차로 - 교차로부근,이륜,남,52세,상해없음,이륜,남,54세,경상
2019052700100449,2019년 5월 27일 16시,월요일,대구광역시 남구 이천동,경상사고,0,0,1,1,차대차 - 추돌,안전운전불이행,건조,맑음,교차로 - 교차로부근,이륜,남,16세,부상신고,승용,남,47세,상해없음
2019052700100450,2019년 5월 27일 16시,월요일,대구광역시 달서구 상인동,경상사고,0,0,1,2,차대차 - 측면충돌,직진우회전진행방해,건조,맑음,교차로 - 교차로안,승용,여,54세,부상신고,이륜,남,22세,경상
2019052700100451,2019년 5월 27일 16시,월요일,대구광역시 북구 침산동,경상사고,0,0,2,0,차대차 - 추돌,안전운전불이행,건조,맑음,단일로 - 기타,승용,남,58세,상해없음,승용,여,36세,경상
2019052700100452,2019년 5월 27일 16시,월요일,대구광역시 서구 평리동,경상사고,0,0,1,0,차대차 - 측면충돌,안전운전불이행,건조,맑음,단일로 - 기타,승용,남,71세,상해없음,자전거,여,65세,경상
2019052700100453,2019년 5월 27일 16시,월요일,대구광역시 서구 비산동,경상사고,0,0,1,0,차대사람 - 차도통행중,기타,건조,맑음,교차로 - 교차로부근,승용,여,47세,상해없음,보행자,남,44세,경상
2019052700100492,2019년 5월 27일 17시,월요일,대구광역시 수성구 수성동2가,경상사고,0,0,1,1,차대차 - 측면충돌,안전거리미확보,건조,맑음,단일로 - 기타,승용,남,55세,부상신고,이륜,남,28세,경상
2019052700100493,2019년 5월 27일 17시,월요일,대구광역시 수성구 상동,중상사고,0,1,0,0,차대차 - 추돌,안전운전불이행,건조,맑음,교차로 - 교차로부근,기타불명,기타불명,미분류,기타불명,승용,여,52세,중상
2019052700100494,2019년 5월 27일 17시,월요일,대구광역시 북구 침산동,중상사고,0,1,0,0,차대차 - 기타,안전운전불이행,건조,맑음,단일로 - 기타,승용,남,54세,상해없음,자전거,여,42세,중상
2019052700100530,2019년 5월 27일 18시,월요일,대구광역시 달서구 송현동,경상사고,0,0,3,0,차대차 - 측면충돌,안전거리미확보,건조,맑음,단일로 - 기타,승용,여,62세,상해없음,승용,남,50세,경상
2019052700100531,2019년 5월 27일 18시,월요일,대구광역시 북구 노원동3가,부상신고사고,0,0,0,1,차대차 - 추돌,안전운전불이행,건조,맑음,단일로 - 기타,화물,남,36세,상해없음,승용,남,61세,상해없음
2019052700100532,2019년 5월 27일 18시,월요일,대구광역시 달서구 이곡동,부상신고사고,0,0,0,1,차대차 - 측면충돌,안전거리미확보,건조,맑음,단일로 - 기타,이륜,남,22세,부상신고,승용,남,49세,상해없음
2019052700100584,2019년 5월 27일 20시,월요일,대구광역시 북구 침산동,경상사고,0,0,1,0,차대차 - 추돌,안전운전불이행,젖음/습기,비,단일로 - 기타,승용,남,59세,상해없음,승용,남,46세,경상
2019052700100585,2019년 5월 27일 20시,월요일,대구광역시 달서구 성당동,경상사고,0,0,1,0,차대차 - 추돌,안전운전불이행,건조,맑음,교차로 - 교차로안,승용,남,52세,상해없음,승용,남,45세,경상
2019052700100609,2019년 5월 27일 21시,월요일,대구광역시 수성구 중동,중상사고,0,1,2,0,차대차 - 측면충돌,신호위반,건조,맑음,교차로 - 교차로안,승용,남,70세,상해없음,승용,남,60세,중상
2019052700100610,2019년 5월 27일 21시,월요일,대구광역시 달서구 대곡동,경상사고,0,0,1,0,차대차 - 측면충돌,안전운전불이행,건조,흐림,단일로 - 기타,승용,남,22세,상해없음,이륜,남,59세,경상
2019052700100611,2019년 5월 27일 21시,월요일,대구광역시 서구 내당동,경상사고,0,0,1,0,차대차 - 측면충돌,안전운전불이행,건조,맑음,교차로 - 교차로안,이륜,남,30세,경상,승용,남,42세,상해없음
2019052700100634,2019년 5월 27일 22시,월요일,대구광역시 수성구 상동,경상사고,0,0,1,0,차대차 - 측면충돌,안전거리미확보,건조,맑음,단일로 - 기타,승용,남,50세,상해없음,승용,남,31세,경상
2019052700100635,2019년 5월 27일 22시,월요일,대구광역시 수성구 연호동,경상사고,0,0,1,0,차대차 - 측면충돌,교차로운행방법위반,건조,맑음,교차로 - 교차로안,승용,여,48세,상해없음,승용,남,36세,경상
2019052700100636,2019년 5월 27일 22시,월요일,대구광역시 수성구 가천동,경상사고,0,0,1,0,차대차 - 측면충돌,안전운전불이행,건조,맑음,교차로 - 교차로부근,승용,남,36세,상해없음,승용,남,43세,경상
2019052700100637,2019년 5월 27일 22시,월요일,대구광역시 중구 남산동,경상사고,0,0,4,1,차대차 - 측면충돌,교차로운행방법위반,건조,맑음,단일로 - 기타,승용,남,39세,부상신고,승용,남,20세,경상
2019052700100651,2019년 5월 27일 23시,월요일,대구광역시 서구 내당동,중상사고,0,1,0,0,차대차 - 측면충돌,중앙선침범,건조,맑음,기타 - 기타,개인형이동수단(PM),남,33세,중상,승용,남,34세,상해없음
2019052800100047,2019년 5월 28일 01시,화요일,대구광역시 중구 삼덕동1가,경상사고,0,0,1,0,차대사람 - 기타,안전운전불이행,건조,맑음,단일로 - 기타,이륜,여,21세,상해없음,보행자,여,20세,경상
2019052800100069,2019년 5월 28일 04시,화요일,대구광역시 달서구 두류동,경상사고,0,0,1,0,차대차 - 추돌,안전운전불이행,건조,맑음,단일로 - 기타,승용,남,19세,상해없음,화물,남,45세,경상
2019052800100088,2019년 5월 28일 06시,화요일,대구광역시 달서구 송현동,경상사고,0,0,1,0,차대차 - 기타,차로위반,건조,맑음,단일로 - 기타,승용,여,57세,상해없음,승용,여,31세,경상
2019052800100115,2019년 5월 28일 07시,화요일,대구광역시 달서구 성당동,중상사고,0,1,0,0,차대차 - 측면충돌,교차로운행방법위반,건조,맑음,교차로 - 교차로안,승용,여,38세,상해없음,이륜,남,59세,중상
2019052800100153,2019년 5월 28일 08시,화요일,대구광역시 남구 대명동,사망사고,1,0,0,0,차대사람 - 횡단중,안전운전불이행,건조,맑음,단일로 - 기타,승용,남,74세,상해없음,보행자,여,76세,사망
2019052800100154,2019년 5월 28일 08시,화요일,대구광역시 동구 율하동,중상사고,0,1,0,0,차대차 - 측면충돌,안전운전불이행,건조,맑음,교차로 - 교차로부근,승용,여,37세,상해없음,이륜,남,38세,중상
2019052800100155,2019년 5월 28일 08시,화요일,대구광역시 수성구 신매동,경상사고,0,0,2,0,차대차 - 측면충돌,신호위반,건조,맑음,교차로 - 교차로안,승용,남,79세,상해없음,승용,남,35세,경상
2019052800100156,2019년 5월 28일 08시,화요일,대구광역시 달서구 월암동,중상사고,0,1,0,0,차대차 - 측면충돌,안전거리미확보,건조,맑음,단일로 - 기타,자전거,여,64세,중상,승용,여,53세,상해없음
2019052800100157,2019년 5월 28일 08시,화요일,대구광역시 달서구 송현동,경상사고,0,0,2,0,차대차 - 측면충돌,교차로운행방법위반,건조,맑음,교차로 - 교차로안,승용,여,44세,경상,승용,여,38세,경상
2019052800100158,2019년 5월 28일 08시,화요일,대구광역시 북구 대현동,경상사고,0,0,1,0,차대차 - 측면충돌,안전거리미확보,건조,맑음,단일로 - 기타,화물,남,40세,상해없음,승용,여,50세,경상
2019052800100159,2019년 5월 28일 08시,화요일,대구광역시 서구 내당동,경상사고,0,0,1,0,차대차 - 추돌,안전운전불이행,건조,맑음,단일로 - 기타,승용,남,60세,상해없음,화물,남,49세,경상
2019052800100199,2019년 5월 28일 09시,화요일,대구광역시 달서구 본동,경상사고,0,0,2,0,차대차 - 측면충돌,안전운전불이행,건조,맑음,교차로 - 교차로안,승용,여,44세,상해없음,승용,남,46세,경상
2019052800100234,2019년 5월 28일 10시,화요일,대구광역시 북구 침산동,경상사고,0,0,1,0,차대차 - 추돌,안전거리미확보,건조,맑음,단일로 - 기타,승용,여,50세,기타불명,승용,여,35세,경상
2019052800100235,2019년 5월 28일 10시,화요일,대구광역시 달서구 신당동,중상사고,0,1,0,0,차대차 - 측면충돌,안전운전불이행,건조,맑음,교차로 - 교차로횡단보도내,승용,남,33세,상해없음,자전거,남,72세,중상