사고번호,사고일시,요일,시군구,사고내용,사망자수,중상자수,경상자수,부상신고자수,사고유형,법규위반,노면상태,기상상태,도로형태,가해운전자 차종,가해운전자 성별,가해운전자 연령,가해운전자 상해정도,피해운전자 차종,피해운전자 성별,피해운전자 연령,피해운전자 상해정도
2019052800100268,2019년 5월 28일 11시,화요일,대구광역시 동구 방촌동,중상사고,0,1,0,0,차대차 - 측면충돌,기타,건조,맑음,교차로 - 교차로안,승용,남,65세,상해없음,승용,여,55세,중상
2019052800100269,2019년 5월 28일 11시,화요일,대구광역시 수성구 범어동,경상사고,0,0,1,1,차대차 - 추돌,직진우회전진행방해,건조,맑음,교차로 - 교차로안,이륜,남,19세,부상신고,특수,남,45세,경상
2019052800100270,2019년 5월 28일 11시,화요일,대구광역시 수성구 범어동,중상사고,0,1,0,1,차대차 - 기타,안전운전불이행,건조,맑음,단일로 - 기타,승용,여,64세,부상신고,승용,여,56세,중상
2019052800100271,2019년 5월 28일 11시,화요일,대구광역시 수성구 두산동,부상신고사고,0,0,0,1,차대차 - 기타,안전운전불이행,건조,맑음,교차로 - 교차로안,이륜,남,32세,부상신고,승용,남,79세,상해없음
2019052800100272,2019년 5월 28일 11시,화요일,대구광역시 달서구 죽전동,중상사고,0,1,0,0,차대차 - 기타,안전운전불이행,건조,맑음,단일로 - 기타,승용,남,74세,상해없음,자전거,여,75세,중상
2019052800100289,2019년 5월 28일 12시,화요일,대구광역시 수성구 신매동,부상신고사고,0,0,0,1,차대차 - 측면충돌,안전운전불이행,건조,맑음,교차로 - 교차로부근,이륜,남,79세,부상신고,승용,여,41세,상해없음
2019052800100290,2019년 5월 28일 12시,화요일,대구광역시 달서구 송현동,중상사고,0,1,0,0,차대사람 - 차도통행중,안전운전불이행,건조,맑음,교차로 - 교차로안,승용,여,58세,상해없음,보행자,여,76세,중상
2019052800100291,2019년 5월 28일 12시,화요일,대구광역시 북구 복현동,중상사고,0,1,0,0,차량단독 - 기타,안전운전불이행,건조,맑음,단일로 - 기타,승합,남,59세,상해없음,,,,
2019052800100292,2019년 5월 28일 12시,화요일,대구광역시 서구 비산동,중상사고,0,1,0,0,차대차 - 측면충돌,안전거리미확보,건조,맑음,단일로 - 기타,이륜,남,47세,상해없음,이륜,남,18세,중상
2019052800100293,2019년 5월 28일 12시,화요일,대구광역시 달서구 이곡동,경상사고,0,0,1,0,차대차 - 기타,안전운전불이행,건조,맑음,단일로 - 기타,이륜,남,56세,상해없음,승용,남,38세,경상
2019052800100294,2019년 5월 28일 12시,화요일,대구광역시 북구 학정동,경상사고,0,0,1,0,차대차 - 기타,안전운전불이행,건조,맑음,교차로 - 교차로부근,승용,여,53세,상해없음,자전거,남,84세,경상
2019052800100335,2019년 5월 28일 13시,화요일,대구광역시 남구 대명동,부상신고사고,0,0,0,1,차대사람 - 기타,안전운전불이행,건조,맑음,기타 - 기타,기타불명,기타불명,미분류,기타불명,보행자,여,71세,부상신고
2019052800100336,2019년 5월 28일 13시,화요일,대구광역시 달서구 송현동,부상신고사고,0,0,0,1,차대차 - 측면충돌,안전거리미확보,건조,맑음,단일로 - 기타,승용,남,63세,상해없음,승용,남,33세,부상신고
2019052800100337,2019년 5월 28일 13시,화요일,대구광역시 달서구 성당동,경상사고,0,0,1,0,차대차 - 추돌,안전운전불이행,건조,맑음,기타 - 기타,승용,남,50세,상해없음,승용,남,69세,경상
2019052800100338,2019년 5월 28일 13시,화요일,대구광역시 달서구 두류동,경상사고,0,0,1,0,차대차 - 측면충돌,안전거리미확보,건조,맑음,단일로 - 기타,승용,여,48세,상해없음,승용,남,29세,상해없음
2019052800100377,2019년 5월 28일 14시,화요일,대구광역시 수성구 파동,중상사고,0,1,0,0,차대차 - 측면충돌,교차로운행방법위반,건조,맑음,교차로 - 교차로안,승용,여,46세,상해없음,승용,여,59세,중상
2019052800100378,2019년 5월 28일 14시,화요일,대구광역시 수성구 황금동,경상사고,0,0,1,0,차대차 - 기타,안전운전불이행,건조,맑음,단일로 - 기타,승용,여,52세,상해없음,자전거,여,9세,경상
2019052800100423,2019년 5월 28일 15시,화요일,대구광역시 달성군 구지면,중상사고,0,1,0,0,차대사람 - 횡단중,안전운전불이행,건조,맑음,교차로 - 교차로횡단보도내,승합,여,45세,상해없음,보행자,여,81세,중상
2019052800100424,2019년 5월 28일 15시,화요일,대구광역시 북구 산격동,경상사고,0,0,2,0,차대사람 - 기타,보행자보호의무위반,건조,맑음,교차로 - 교차로안,승용,남,27세,상해없음,보행자,남,59세,경상
2019052800100425,2019년 5월 28일 15시,화요일,대구광역시 북구 구암동,중상사고,0,1,0,0,차대사람 - 기타,안전운전불이행,건조,맑음,단일로 - 기타,화물,남,42세,상해없음,보행자,여,70세,중상
2019052800100481,2019년 5월 28일 16시,화요일,대구광역시 동구 신암동,중상사고,0,1,0,0,차대사람 - 기타,안전운전불이행,건조,맑음,단일로 - 기타,승용,남,50세,상해없음,보행자,남,4세,중상
2019052800100482,2019년 5월 28일 16시,화요일,대구광역시 수성구 시지동,중상사고,0,2,0,0,차대사람 - 횡단중,보행자보호의무위반,건조,맑음,교차로 - 교차로횡단보도내,승용,여,63세,기타불명,보행자,남,7세,중상
2019052800100483,2019년 5월 28일 16시,화요일,대구광역시 수성구 범어동,경상사고,0,0,1,0,차대사람 - 기타,기타,건조,맑음,단일로 - 기타,화물,남,43세,상해없음,보행자,여,54세,경상
2019052800100484,2019년 5월 28일 16시,화요일,대구광역시 서구 비산동,중상사고,0,2,1,0,차대차 - 추돌,안전운전불이행,건조,맑음,단일로 - 기타,화물,남,57세,상해없음,화물,남,23세,중상
2019052800100485,2019년 5월 28일 16시,화요일,대구광역시 달서구 두류동,경상사고,0,0,1,0,차대사람 - 기타,안전운전불이행,건조,맑음,단일로 - 기타,화물,남,55세,상해없음,보행자,여,66세,경상
2019052800100541,2019년 5월 28일 17시,화요일,대구광역시 서구 비산동,경상사고,0,0,1,0,차대사람 - 횡단중,안전운전불이행,건조,맑음,단일로 - 기타,화물,남,57세,상해없음,보행자,남,85세,경상
2019052800100542,2019년 5월 28일 17시,화요일,대구광역시 달서구 신당동,경상사고,0,0,2,0,차대차 - 측면충돌,안전운전불이행,건조,맑음,단일로 - 기타,승용,여,52세,상해없음,승용,여,68세,경상
2019052800100543,2019년 5월 28일 17시,화요일,대구광역시 북구 동천동,경상사고,0,0,3,0,차대차 - 기타,안전거리미확보,건조,맑음,단일로 - 기타,승용,여,42세,경상,이륜,남,21세,경상
2019052800100599,2019년 5월 28일 18시,화요일,대구광역시 남구 대명동,경상사고,0,0,2,0,차대차 - 추돌,안전운전불이행,건조,맑음,기타 - 기타,승용,여,40세,상해없음,승용,여,62세,경상
2019052800100600,2019년 5월 28일 18시,화요일,대구광역시 동구 효목동,경상사고,0,0,2,0,차대차 - 측면충돌,교차로운행방법위반,건조,맑음,교차로 - 교차로부근,승용,남,28세,상해없음,승용,남,77세,경상
2019052800100601,2019년 5월 28일 18시,화요일,대구광역시 달서구 상인동,경상사고,0,0,2,0,차대차 - 추돌,안전거리미확보,건조,맑음,단일로 - 기타,이륜,남,26세,상해없음,승용,남,41세,경상
2019052800100602,2019년 5월 28일 18시,화요일,대구광역시 서구 평리동,경상사고,0,0,1,0,차대차 - 측면충돌,안전운전불이행,건조,맑음,교차로 - 교차로안,화물,남,53세,상해없음,이륜,남,48세,경상
2019052800100603,2019년 5월 28일 18시,화요일,대구광역시 중구 남산동,경상사고,0,0,2,0,차대차 - 추돌,안전운전불이행,건조,맑음,단일로 - 기타,승용,남,76세,상해없음,승용,남,32세,경상
2019052800100645,2019년 5월 28일 19시,화요일,대구광역시 달서구 월성동,경상사고,0,0,2,0,차대차 - 기타,교차로운행방법위반,건조,맑음,교차로 - 교차로부근,승용,남,47세,상해없음,이륜,남,23세,경상
2019052800100646,2019년 5월 28일 19시,화요일,대구광역시 달성군 다사읍,중상사고,0,1,1,0,차대차 - 기타,안전운전불이행,건조,맑음,교차로 - 교차로안,자전거,남,40세,중상,자전거,남,49세,경상
2019052800100683,2019년 5월 28일 20시,화요일,대구광역시 북구 칠성동1가,중상사고,0,1,2,0,차대사람 - 횡단중,안전운전불이행,건조,맑음,단일로 - 기타,승용,남,63세,상해없음,보행자,남,55세,중상
2019052800100684,2019년 5월 28일 20시,화요일,대구광역시 북구 구암동,경상사고,0,0,1,0,차대차 - 측면충돌,안전거리미확보,건조,맑음,단일로 - 기타,승용,남,37세,상해없음,이륜,남,19세,경상
2019052800100712,2019년 5월 28일 21시,화요일,대구광역시 달서구 진천동,경상사고,0,0,1,1,차대차 - 측면충돌,중앙선침범,건조,맑음,단일로 - 기타,자전거,남,44세,경상,승용,남,58세,부상신고
2019052800100713,2019년 5월 28일 21시,화요일,대구광역시 북구 산격동,중상사고,0,1,0,1,차대차 - 측면충돌,중앙선침범,건조,맑음,교차로 - 교차로부근,승용,남,31세,부상신고,승합,남,57세,중상
2019052800100747,2019년 5월 28일 22시,화요일,대구광역시 남구 이천동,경상사고,0,0,3,0,차대차 - 측면충돌,안전거리미확보,건조,맑음,단일로 - 기타,승용,여,66세,상해없음,승용,여,40세,경상
2019052800100748,2019년 5월 28일 22시,화요일,대구광역시 동구 신천동,경상사고,0,0,1,0,차대차 - 측면충돌,안전운전불이행,건조,맑음,교차로 - 교차로안,승용,남,22세,상해없음,승용,남,60세,경상
2019052800100749,2019년 5월 28일 22시,화요일,대구광역시 수성구 황금동,경상사고,0,0,1,0,차대차 - 측면충돌,안전운전불이행,건조,맑음,단일로 - 기타,승용,여,37세,기타불명,승용,남,51세,경상
2019052800100780,2019년 5월 28일 23시,화요일,대구광역시 북구 읍내동,경상사고,0,0,1,0,차대차 - 측면충돌,안전운전불이행,건조,맑음,단일로 - 기타,승용,여,53세,상해없음,승용,남,22세,경상
2019052900100033,2019년 5월 29일 00시,수요일,대구광역시 수성구 범어동,중상사고,0,1,0,0,차대사람 - 횡단중,안전운전불이행,건조,맑음,단일로 - 기타,승용,남,52세,상해없음,보행자,여,22세,중상
2019052900100034,2019년 5월 29일 00시,수요일,대구광역시 수성구 지산동,경상사고,0,0,3,0,차대차 - 측면충돌,안전운전불이행,건조,맑음,교차로 - 교차로안,승용,남,62세,상해없음,승용,남,35세,경상
2019052900100035,2019년 5월 29일 00시,수요일,대구광역시 달서구 성당동,중상사고,0,1,0,0,차대차 - 측면충돌,신호위반,건조,맑음,교차로 - 교차로안,승용,남,49세,상해없음,이륜,남,26세,중상
2019052900100068,2019년 5월 29일 05시,수요일,대구광역시 북구 노원동3가,사망사고,1,0,0,0,차대차 - 측면충돌,안전운전불이행,건조,맑음,교차로 - 교차로안,화물,남,58세,상해없음,자전거,남,78세,사망
2019052900100159,2019년 5월 29일 08시,수요일,대구광역시 동구 율암동,중상사고,0,1,0,0,차대차 - 측면충돌,신호위반,건조,맑음,교차로 - 교차로안,승용,여,30세,상해없음,이륜,여,70세,중상
2019052900100160,2019년 5월 29일 08시,수요일,대구광역시 수성구 만촌동,중상사고,0,2,0,0,차대사람 - 횡단중,신호위반,건조,맑음,단일로 - 기타,승용,여,56세,상해없음,보행자,여,9세,중상
2019052900100161,2019년 5월 29일 08시,수요일,대구광역시 달서구 상인동,경상사고,0,0,1,0,차대차 - 기타,안전운전불이행,건조,맑음,단일로 - 기타,화물,남,62세,상해없음,승용,남,37세,경상
2019052900100162,2019년 5월 29일 08시,수요일,대구광역시 달성군 유가읍,중상사고,0,1,0,0,차대사람 - 횡단중,보행자보호의무위반,건조,맑음,교차로 - 교차로횡단보도내,승용,여,57세,상해없음,보행자,남,6세,중상
2019052900100163,2019년 5월 29일 08시,수요일,대구광역시 달서구 감삼동,경상사고,0,0,1,0,차대차 - 측면충돌,차로위반,건조,맑음,단일로 - 기타,승용,여,33세,상해없음,승용,남,70세,경상
2019052900100202,2019년 5월 29일 09시,수요일,대구광역시 중구 태평로1가,경상사고,0,0,1,0,차대차 - 추돌,안전거리미확보,건조,맑음,단일로 - 기타,승용,남,27세,상해없음,화물,남,54세,경상
2019052900100203,2019년 5월 29일 09시,수요일,대구광역시 달서구 신당동,경상사고,0,0,1,0,차대사람 - 기타,안전운전불이행,건조,맑음,교차로 - 교차로부근,이륜,여,20세,기타불명,보행자,여,25세,경상
2019052900100232,2019년 5월 29일 10시,수요일,대구광역시 동구 효목동,경상사고,0,0,2,0,차대차 - 측면충돌,교차로운행방법위반,건조,맑음,교차로 - 교차로안,화물,남,52세,상해없음,승용,여,24세,경상
2019052900100233,2019년 5월 29일 10시,수요일,대구광역시 서구 비산동,경상사고,0,0,1,0,차대차 - 기타,안전운전불이행,건조,맑음,단일로 - 기타,승용,여,59세,상해없음,자전거,남,44세,경상
2019052900100234,2019년 5월 29일 10시,수요일,대구광역시 북구 동호동,경상사고,0,0,3,0,차대차 - 추돌,안전운전불이행,건조,맑음,단일로 - 기타,승용,남,77세,상해없음,승용,남,42세,경상
2019052900100235,2019년 5월 29일 10시,수요일,대구광역시 북구 동천동,경상사고,0,0,1,0,차대차 - 측면충돌,안전운전불이행,건조,맑음,단일로 - 기타,승용,남,65세,상해없음,승용,여,54세,경상
2019052900100265,2019년 5월 29일 11시,수요일,대구광역시 달서구 진천동,중상사고,0,1,0,0,차대차 - 측면충돌,차로위반,건조,맑음,단일로 - 기타,승용,여,51세,상해없음,이륜,남,22세,중상
2019052900100291,2019년 5월 29일 12시,수요일,대구광역시 수성구 삼덕동,경상사고,0,0,1,0,차대차 - 측면충돌,안전운전불이행,건조,맑음,기타 - 기타,이륜,남,69세,상해없음,자전거,여,50세,경상
2019052900100292,2019년 5월 29일 12시,수요일,대구광역시 서구 내당동,중상사고,0,1,0,0,차대차 - 기타,안전운전불이행,건조,맑음,단일로 - 기타,화물,남,63세,상해없음,이륜,남,44세,중상
2019052900100293,2019년 5월 29일 12시,수요일,대구광역시 달서구 이곡동,중상사고,0,1,0,0,차대차 - 측면충돌,안전운전불이행,건조,맑음,교차로 - 교차로부근,승용,남,62세,상해없음,이륜,남,33세,중상
2019052900100294,2019년 5월 29일 12시,수요일,대구광역시 달서구 신당동,경상사고,0,0,1,0,차대차 - 측면충돌,안전운전불이행,건조,맑음,단일로 - 기타,승용,여,47세,상해없음,이륜,남,41세,경상
2019052900100364,2019년 5월 29일 14시,수요일,대구광역시 수성구 범어동,경상사고,0,0,1,0,차대차 - 기타,안전운전불이행,건조,맑음,단일로 - 기타,자전거,남,82세,경상,승용,남,54세,상해없음
2019052900100365,2019년 5월 29일 14시,수요일,대구광역시 달서구 상인동,경상사고,0,0,1,0,차대차 - 측면충돌,교차로운행방법위반,건조,맑음,교차로 - 교차로안,이륜,남,28세,경상,승용,여,39세,상해없음
2019052900100366,2019년 5월 29일 14시,수요일,대구광역시 달성군 유가읍,중상사고,0,1,1,0,차대차 - 정면충돌,안전운전불이행,건조,맑음,단일로 - 기타,승용,여,35세,상해없음,승용,남,46세,경상
2019052900100408,2019년 5월 29일 15시,수요일,대구광역시 남구 대명동,중상사고,0,1,0,0,차대차 - 측면충돌,직진우회전진행방해,건조,맑음,교차로 - 교차로안,이륜,남,60세,중상,화물,남,60세,상해없음
2019052900100409,2019년 5월 29일 15시,수요일,대구광역시 동구 신기동,중상사고,0,1,0,0,차대차 - 정면충돌,안전운전불이행,건조,맑음,교차로 - 교차로안,승용,남,76세,상해없음,자전거,남,63세,중상
2019052900100410,2019년 5월 29일 15시,수요일,대구광역시 수성구 범어동,중상사고,0,1,0,0,차대차 - 측면충돌,기타,건조,맑음,단일로 - 기타,승용,남,61세,상해없음,이륜,남,48세,중상
2019052900100411,2019년 5월 29일 15시,수요일,대구광역시 달서구 월성동,경상사고,0,0,1,0,차대사람 - 기타,기타,건조,맑음,단일로 - 기타,기타불명,기타불명,미분류,기타불명,보행자,남,6세,경상
2019052900100412,2019년 5월 29일 15시,수요일,대구광역시 북구 고성동2가,경상사고,0,0,1,0,차대차 - 기타,안전운전불이행,건조,맑음,교차로 - 교차로부근,화물,남,53세,상해없음,사륜오토바이(ATV),남,71세,경상
2019052900100462,2019년 5월 29일 16시,수요일,대구광역시 남구 대명동,경상사고,0,0,1,0,차대차 - 추돌,안전운전불이행,건조,맑음,교차로 - 교차로안,승용,여,46세,상해없음,승용,남,37세,경상
2019052900100463,2019년 5월 29일 16시,수요일,대구광역시 동구 용계동,중상사고,0,1,0,0,차대사람 - 차도통행중,안전운전불이행,건조,맑음,단일로 - 기타,화물,남,65세,상해없음,보행자,여,59세,중상
2019052900100464,2019년 5월 29일 16시,수요일,대구광역시 수성구 황금동,경상사고,0,0,1,0,차대차 - 측면충돌,기타,건조,맑음,단일로 - 기타,승용,남,60세,상해없음,이륜,남,32세,경상
2019052900100465,2019년 5월 29일 16시,수요일,대구광역시 북구 학정동,경상사고,0,0,2,1,차대차 - 측면충돌,교차로운행방법위반,건조,맑음,교차로 - 교차로안,원동기,남,60세,부상신고,승용,여,52세,경상
2019052900100466,2019년 5월 29일 16시,수요일,대구광역시 북구 태전동,중상사고,0,1,0,0,차대사람 - 기타,안전운전불이행,건조,맑음,단일로 - 기타,승용,여,49세,상해없음,보행자,여,72세,중상
2019052900100522,2019년 5월 29일 17시,수요일,대구광역시 수성구 범어동,경상사고,0,0,1,0,차대차 - 측면충돌,직진우회전진행방해,건조,맑음,교차로 - 교차로안,승용,남,52세,상해없음,승용,여,43세,경상
2019052900100523,2019년 5월 29일 17시,수요일,대구광역시 수성구 수성동1가,경상사고,0,0,1,0,차대차 - 추돌,안전운전불이행,건조,맑음,교차로 - 교차로부근,승용,남,53세,상해없음,승용,남,67세,경상
2019052900100524,2019년 5월 29일 17시,수요일,대구광역시 달성군 유가읍,경상사고,0,0,1,0,차대차 - 기타,교차로운행방법위반,건조,맑음,교차로 - 교차로안,승용,남,52세,상해없음,이륜,여,55세,경상
2019052900100525,2019년 5월 29일 17시,수요일,대구광역시 달성군 옥포읍,부상신고사고,0,0,0,1,차대차 - 측면충돌,안전운전불이행,건조,맑음,교차로 - 교차로횡단보도내,승용,여,35세,상해없음,자전거,남,9세,부상신고
2019052900100579,2019년 5월 29일 18시,수요일,대구광역시 동구 방촌동,경상사고,0,0,2,0,차대차 - 측면충돌,교차로운행방법위반,건조,맑음,단일로 - 기타,승용,남,59세,상해없음,이륜,남,18세,경상
2019052900100580,2019년 5월 29일 18시,수요일,대구광역시 수성구 만촌동,경상사고,0,0,1,0,차대차 - 추돌,안전운전불이행,건조,맑음,교차로 - 교차로안,승용,여,27세,상해없음,승용,여,56세,경상
2019052900100581,2019년 5월 29일 18시,수요일,대구광역시 달서구 월성동,중상사고,0,1,1,0,차대차 - 기타,안전거리미확보,건조,맑음,단일로 - 기타,승용,남,60세,상해없음,승합,남,63세,상해없음
2019052900100582,2019년 5월 29일 18시,수요일,대구광역시 북구 칠성동2가,부상신고사고,0,0,0,1,차대사람 - 횡단중,안전운전불이행,건조,맑음,교차로 - 교차로횡단보도내,승용,여,37세,상해없음,보행자,남,24세,부상신고
2019052900100583,2019년 5월 29일 18시,수요일,대구광역시 달서구 두류동,경상사고,0,0,1,0,차대차 - 측면충돌,안전거리미확보,건조,맑음,단일로 - 기타,승용,여,46세,상해없음,화물,남,36세,경상
2019052900100622,2019년 5월 29일 19시,수요일,대구광역시 수성구 황금동,중상사고,0,1,0,0,차대사람 - 기타,안전운전불이행,건조,맑음,단일로 - 기타,승용,여,28세,상해없음,보행자,여,36세,중상
2019052900100623,2019년 5월 29일 19시,수요일,대구광역시 북구 동천동,중상사고,0,1,0,0,차대차 - 측면충돌,중앙선침범,건조,맑음,단일로 - 기타,승용,남,34세,상해없음,이륜,남,19세,중상
2019052900100652,2019년 5월 29일 20시,수요일,대구광역시 동구 신기동,중상사고,0,1,0,0,차대차 - 측면충돌,직진우회전진행방해,건조,맑음,교차로 - 교차로안,승용,남,46세,상해없음,이륜,남,62세,중상
2019052900100653,2019년 5월 29일 20시,수요일,대구광역시 중구 동인동2가,경상사고,0,0,1,0,차대차 - 후진중충돌,안전운전불이행,건조,맑음,교차로 - 교차로안,승용,남,24세,상해없음,이륜,남,32세,경상
2019052900100654,2019년 5월 29일 20시,수요일,대구광역시 달서구 이곡동,경상사고,0,0,2,0,차대차 - 측면충돌,안전거리미확보,건조,맑음,단일로 - 기타,승용,여,27세,상해없음,이륜,남,19세,경상
2019052900100687,2019년 5월 29일 21시,수요일,대구광역시 수성구 두산동,경상사고,0,0,2,1,차대차 - 측면충돌,교차로운행방법위반,건조,맑음,교차로 - 교차로안,승용,남,52세,경상,승용,남,27세,부상신고
2019052900100688,2019년 5월 29일 21시,수요일,대구광역시 달서구 갈산동,중상사고,0,1,0,0,차대차 - 정면충돌,안전운전불이행,건조,맑음,단일로 - 기타,승용,남,61세,상해없음,이륜,남,38세,중상
2019052900100689,2019년 5월 29일 21시,수요일,대구광역시 달서구 신당동,부상신고사고,0,0,0,1,차대사람 - 기타,안전운전불이행,건조,맑음,단일로 - 기타,승용,남,63세,상해없음,보행자,여,21세,부상신고
2019052900100705,2019년 5월 29일 22시,수요일,대구광역시 달서구 용산동,경상사고,0,0,1,0,차대사람 - 횡단중,신호위반,건조,맑음,단일로 - 기타,이륜,남,21세,상해없음,보행자,남,60세,경상
2019052900100706,2019년 5월 29일 22시,수요일,대구광역시 북구 읍내동,경상사고,0,0,2,0,차대차 - 기타,안전운전불이행,건조,맑음,교차로 - 교차로부근,승용,여,46세,상해없음,이륜,남,18세,경상
2019052900100730,2019년 5월 29일 23시,수요일,대구광역시 수성구 범어동,부상신고사고,0,0,0,1,차대차 - 기타,교차로운행방법위반,건조,맑음,교차로 - 교차로안,이륜,남,20세,부상신고,승용,여,45세,기타불명
2019053000100045,2019년 5월 30일 01시,목요일,대구광역시 달서구 죽전동,경상사고,0,0,1,0,차대사람 - 기타,안전운전불이행,건조,맑음,단일로 - 기타,승용,남,50세,상해없음,보행자,남,24세,경상
2019053000100079,2019년 5월 30일 04시,목요일,대구광역시 서구 비산동,경상사고,0,0,1,0,차대차 - 측면충돌,중앙선침범,건조,맑음,교차로 - 교차로부근,자전거,여,48세,경상,승용,남,48세,상해없음
2019053000100080,2019년 5월 30일 04시,목요일,대구광역시 중구 삼덕동2가,중상사고,0,1,0,0,차대차 - 측면충돌,안전운전불이행,건조,맑음,교차로 - 교차로부근,승용,여,67세,상해없음,승용,남,29세,중상
2019053000100085,2019년 5월 30일 05시,목요일,대구광역시 달서구 감삼동,경상사고,0,0,1,0,차대차 - 후진중충돌,불법유턴,건조,맑음,교차로 - 교차로부근,승합,남,41세,상해없음,이륜,남,44세,경상
2019053000100100,2019년 5월 30일 06시,목요일,대구광역시 동구 율하동,경상사고,0,0,1,0,차량단독 - 공작물충돌,안전운전불이행,건조,맑음,교차로 - 교차로부근,이륜,남,27세,경상,,,,
2019053000100118,2019년 5월 30일 07시,목요일,대구광역시 달성군 다사읍,경상사고,0,0,1,0,차대차 - 측면충돌,안전운전불이행,건조,맑음,교차로 - 교차로부근,승용,남,52세,상해없음,승용,여,37세,경상
2019053000100167,2019년 5월 30일 08시,목요일,대구광역시 남구 대명동,경상사고,0,0,1,0,차대차 - 측면충돌,신호위반,건조,맑음,단일로 - 지하차도(도로)내,승합,남,46세,상해없음,승용,여,21세,경상
2019053000100168,2019년 5월 30일 08시,목요일,대구광역시 동구 신천동,중상사고,0,1,0,0,차대차 - 측면충돌,안전운전불이행,건조,맑음,교차로 - 교차로안,승용,남,30세,상해없음,이륜,남,37세,중상
2019053000100169,2019년 5월 30일 08시,목요일,대구광역시 북구 노원동2가,경상사고,0,0,1,0,차대차 - 추돌,안전운전불이행,건조,맑음,단일로 - 기타,승용,남,26세,상해없음,승용,남,39세,경상
2019053000100211,2019년 5월 30일 09시,목요일,대구광역시 북구 산격동,중상사고,0,1,0,0,차대차 - 측면충돌,교차로운행방법위반,건조,맑음,교차로 - 교차로안,승용,남,34세,상해없음,자전거,여,53세,중상
2019053000100239,2019년 5월 30일 10시,목요일,대구광역시 달서구 상인동,경상사고,0,0,1,0,차대사람 - 기타,안전운전불이행,건조,맑음,교차로 - 교차로안,기타불명,기타불명,미분류,기타불명,보행자,남,62세,경상
2019053000100240,2019년 5월 30일 10시,목요일,대구광역시 달서구 대곡동,경상사고,0,0,1,0,차대사람 - 기타,안전운전불이행,건조,맑음,교차로 - 교차로안,승용,남,52세,상해없음,보행자,남,19세,경상
2019053000100241,2019년 5월 30일 10시,목요일,대구광역시 달성군 다사읍,중상사고,0,1,0,0,차대차 - 기타,안전운전불이행,건조,맑음,단일로 - 기타,승용,남,34세,상해없음,화물,남,63세,상해없음
2019053000100242,2019년 5월 30일 10시,목요일,대구광역시 달성군 화원읍,중상사고,0,1,0,0,차량단독 - 기타,안전운전불이행,건조,맑음,단일로 - 기타,승용,남,36세,중상,,,,
2019053000100270,2019년 5월 30일 11시,목요일,대구광역시 동구 신천동,경상사고,0,0,1,0,차대사람 - 횡단중,보행자보호의무위반,건조,맑음,기타 - 기타,화물,여,69세,기타불명,보행자,남,51세,경상
2019053000100271,2019년 5월 30일 11시,목요일,대구광역시 북구 노원동3가,중상사고,0,1,0,0,차대사람 - 기타,안전운전불이행,건조,맑음,단일로 - 기타,승용,남,64세,상해없음,보행자,남,50세,중상
2019053000100328,2019년 5월 30일 13시,목요일,대구광역시 서구 내당동,경상사고,0,0,1,0,차대차 - 측면충돌,불법유턴,건조,맑음,단일로 - 기타,이륜,남,69세,경상,승용,여,28세,상해없음
2019053000100329,2019년 5월 30일 13시,목요일,대구광역시 달서구 신당동,부상신고사고,0,0,0,1,차대차 - 측면충돌,차로위반,건조,맑음,단일로 - 기타,승용,여,66세,상해없음,이륜,남,18세,부상신고
2019053000100347,2019년 5월 30일 14시,목요일,대구광역시 북구 읍내동,사망사고,1,0,0,0,차대차 - 기타,안전운전불이행,건조,맑음,단일로 - 기타,화물,남,50세,상해없음,화물,남,41세,상해없음
2019053000100353,2019년 5월 30일 14시,목요일,대구광역시 남구 대명동,중상사고,0,1,0,0,차대사람 - 횡단중,안전운전불이행,건조,맑음,단일로 - 지하차도(도로)내,승합,남,49세,상해없음,보행자,남,19세,중상
2019053000100354,2019년 5월 30일 14시,목요일,대구광역시 수성구 범어동,부상신고사고,0,0,0,1,차량단독 - 전도전복 - 전도,안전운전불이행,건조,맑음,단일로 - 기타,자전거,여,79세,부상신고,,,,
2019053000100412,2019년 5월 30일 16시,목요일,대구광역시 수성구 만촌동,경상사고,0,0,3,1,차대차 - 측면충돌,안전거리미확보,건조,맑음,단일로 - 기타,승용,남,58세,부상신고,화물,남,60세,경상
2019053000100413,2019년 5월 30일 16시,목요일,대구광역시 수성구 두산동,중상사고,0,1,0,0,차대차 - 측면충돌,교차로운행방법위반,건조,맑음,교차로 - 교차로안,승용,남,76세,상해없음,승용,여,51세,중상
2019053000100456,2019년 5월 30일 17시,목요일,대구광역시 동구 신천동,경상사고,0,0,1,0,차대사람 - 차도통행중,안전운전불이행,건조,맑음,단일로 - 기타,승용,남,29세,상해없음,보행자,남,17세,경상
2019053000100457,2019년 5월 30일 17시,목요일,대구광역시 북구 복현동,중상사고,0,1,0,0,차대사람 - 보도통행중,기타,건조,맑음,기타 - 기타,화물,남,66세,상해없음,보행자,여,46세,중상
2019053000100458,2019년 5월 30일 17시,목요일,대구광역시 서구 평리동,경상사고,0,0,3,0,차대차 - 측면충돌,신호위반,건조,맑음,교차로 - 교차로부근,이륜,남,67세,경상,승용,여,35세,경상
2019053000100459,2019년 5월 30일 17시,목요일,대구광역시 북구 동천동,중상사고,0,4,2,0,차대차 - 측면충돌,신호위반,건조,맑음,교차로 - 교차로안,화물,남,45세,상해없음,승합,남,55세,상해없음