사고번호,사고일시,요일,시군구,사고내용,사망자수,중상자수,경상자수,부상신고자수,사고유형,법규위반,노면상태,기상상태,도로형태,가해운전자 차종,가해운전자 성별,가해운전자 연령,가해운전자 상해정도,피해운전자 차종,피해운전자 성별,피해운전자 연령,피해운전자 상해정도
2019053000100460,2019년 5월 30일 17시,목요일,대구광역시 북구 읍내동,부상신고사고,0,0,0,1,차대차 - 기타,안전운전불이행,건조,맑음,단일로 - 기타,이륜,남,19세,기타불명,승용,여,36세,부상신고
2019053000100461,2019년 5월 30일 17시,목요일,대구광역시 북구 구암동,중상사고,0,1,0,0,차대차 - 측면충돌,안전운전불이행,건조,맑음,교차로 - 교차로횡단보도내,승용,남,55세,상해없음,자전거,여,65세,중상
2019053000100495,2019년 5월 30일 18시,목요일,대구광역시 동구 사복동,경상사고,0,0,1,0,차대사람 - 횡단중,보행자보호의무위반,건조,맑음,단일로 - 기타,승용,여,28세,상해없음,보행자,남,10세,경상
2019053000100496,2019년 5월 30일 18시,목요일,대구광역시 중구 동문동,경상사고,0,0,1,0,차대사람 - 횡단중,보행자보호의무위반,건조,맑음,교차로 - 교차로안,승용,여,33세,상해없음,보행자,여,63세,경상
2019053000100534,2019년 5월 30일 19시,목요일,대구광역시 동구 용계동,부상신고사고,0,0,0,1,차대사람 - 기타,안전운전불이행,건조,맑음,단일로 - 기타,승용,남,52세,상해없음,보행자,남,18세,부상신고
2019053000100535,2019년 5월 30일 19시,목요일,대구광역시 달서구 진천동,경상사고,0,0,1,0,차대차 - 측면충돌,교차로운행방법위반,건조,맑음,교차로 - 교차로부근,이륜,남,48세,상해없음,이륜,남,46세,경상
2019053000100536,2019년 5월 30일 19시,목요일,대구광역시 서구 비산동,경상사고,0,0,1,0,차대차 - 측면충돌,안전운전불이행,건조,맑음,단일로 - 기타,자전거,여,45세,경상,화물,남,33세,상해없음
2019053000100563,2019년 5월 30일 20시,목요일,대구광역시 서구 비산동,경상사고,0,0,2,0,차대차 - 측면충돌,신호위반,건조,맑음,교차로 - 교차로안,화물,남,57세,상해없음,승용,남,24세,경상
2019053000100623,2019년 5월 30일 22시,목요일,대구광역시 남구 봉덕동,경상사고,0,0,2,1,차대차 - 측면충돌,안전운전불이행,건조,맑음,교차로 - 교차로안,승용,남,21세,부상신고,승용,남,18세,경상
2019053000100624,2019년 5월 30일 22시,목요일,대구광역시 달서구 본동,경상사고,0,0,1,0,차대차 - 기타,불법유턴,건조,맑음,교차로 - 교차로부근,승용,여,55세,상해없음,승용,남,22세,경상
2019053000100649,2019년 5월 30일 23시,목요일,대구광역시 달서구 이곡동,경상사고,0,0,1,0,차대차 - 기타,안전운전불이행,건조,맑음,단일로 - 기타,승용,남,56세,경상,승용,여,50세,기타불명
2019053100100046,2019년 5월 31일 00시,금요일,대구광역시 중구 동인동1가,경상사고,0,0,2,0,차대차 - 추돌,안전운전불이행,건조,맑음,교차로 - 교차로부근,승용,남,38세,상해없음,승용,남,26세,경상
2019053100100060,2019년 5월 31일 01시,금요일,대구광역시 남구 대명동,중상사고,0,1,0,0,차대사람 - 횡단중,보행자보호의무위반,젖음/습기,비,교차로 - 교차로횡단보도내,승용,남,22세,상해없음,보행자,여,22세,중상
2019053100100078,2019년 5월 31일 04시,금요일,대구광역시 달서구 감삼동,중상사고,0,1,0,0,차대사람 - 차도통행중,과속,젖음/습기,비,교차로 - 교차로부근,화물,남,67세,상해없음,보행자,남,22세,중상
2019053100100129,2019년 5월 31일 07시,금요일,대구광역시 남구 대명동,경상사고,0,0,1,0,차대차 - 측면충돌,안전운전불이행,건조,맑음,단일로 - 기타,승용,남,71세,상해없음,자전거,여,57세,경상
2019053100100130,2019년 5월 31일 07시,금요일,대구광역시 달성군 구지면,중상사고,0,1,0,0,차대차 - 측면충돌,과속,건조,맑음,교차로 - 교차로안,승용,여,49세,상해없음,원동기,남,87세,중상
2019053100100166,2019년 5월 31일 08시,금요일,대구광역시 수성구 만촌동,경상사고,0,0,5,0,차대차 - 기타,안전운전불이행,건조,맑음,단일로 - 기타,승용,남,89세,상해없음,승용,여,37세,경상
2019053100100167,2019년 5월 31일 08시,금요일,대구광역시 수성구 수성동2가,경상사고,0,0,1,0,차대차 - 후진중충돌,안전운전불이행,건조,맑음,교차로 - 교차로안,승용,남,54세,기타불명,승용,여,27세,경상
2019053100100168,2019년 5월 31일 08시,금요일,대구광역시 북구 팔달동,중상사고,0,1,0,0,차대차 - 추돌,안전운전불이행,건조,맑음,단일로 - 기타,승용,여,20세,상해없음,승합,남,55세,중상
2019053100100201,2019년 5월 31일 09시,금요일,대구광역시 달서구 갈산동,경상사고,0,0,2,0,차대차 - 측면충돌,불법유턴,건조,맑음,교차로 - 교차로횡단보도내,이륜,남,62세,경상,이륜,남,23세,경상
2019053100100202,2019년 5월 31일 09시,금요일,대구광역시 북구 읍내동,경상사고,0,0,1,0,차대차 - 추돌,안전거리미확보,건조,맑음,교차로 - 교차로부근,승용,여,40세,상해없음,승용,여,52세,경상
2019053100100228,2019년 5월 31일 10시,금요일,대구광역시 수성구 수성동3가,중상사고,0,1,0,0,차대차 - 기타,안전운전불이행,건조,맑음,기타 - 기타,승용,남,57세,상해없음,자전거,여,71세,중상
2019053100100307,2019년 5월 31일 12시,금요일,대구광역시 북구 구암동,경상사고,0,0,1,0,차대차 - 기타,안전운전불이행,건조,맑음,단일로 - 기타,승용,여,40세,상해없음,승용,여,51세,경상
2019053100100346,2019년 5월 31일 13시,금요일,대구광역시 남구 봉덕동,경상사고,0,0,2,0,차대차 - 추돌,안전운전불이행,건조,맑음,단일로 - 기타,승용,여,38세,상해없음,승용,남,41세,경상
2019053100100347,2019년 5월 31일 13시,금요일,대구광역시 수성구 매호동,경상사고,0,0,1,0,차대차 - 측면충돌,안전거리미확보,건조,맑음,단일로 - 기타,승용,남,57세,상해없음,화물,남,57세,경상
2019053100100387,2019년 5월 31일 14시,금요일,대구광역시 달서구 송현동,경상사고,0,0,1,0,차대차 - 측면충돌,안전운전불이행,건조,맑음,단일로 - 기타,승합,남,62세,상해없음,자전거,남,69세,경상
2019053100100388,2019년 5월 31일 14시,금요일,대구광역시 달서구 두류동,경상사고,0,0,1,0,차대차 - 기타,안전운전불이행,건조,맑음,단일로 - 기타,승용,여,66세,상해없음,자전거,여,30세,경상
2019053100100487,2019년 5월 31일 16시,금요일,대구광역시 남구 대명동,경상사고,0,0,1,0,차대차 - 후진중충돌,안전운전불이행,건조,맑음,교차로 - 교차로안,이륜,남,81세,경상,승용,남,38세,상해없음
2019053100100488,2019년 5월 31일 16시,금요일,대구광역시 수성구 범어동,부상신고사고,0,0,0,1,차대차 - 기타,안전운전불이행,건조,맑음,기타 - 기타,자전거,남,14세,부상신고,승용,남,39세,상해없음
2019053100100489,2019년 5월 31일 16시,금요일,대구광역시 수성구 지산동,경상사고,0,0,1,0,차대차 - 측면충돌,안전운전불이행,건조,맑음,단일로 - 기타,승용,여,32세,상해없음,승용,여,39세,경상
2019053100100490,2019년 5월 31일 16시,금요일,대구광역시 달서구 두류동,경상사고,0,0,1,0,차대차 - 기타,안전운전불이행,건조,맑음,단일로 - 기타,이륜,여,23세,경상,승용,여,62세,상해없음
2019053100100537,2019년 5월 31일 17시,금요일,대구광역시 수성구 황금동,경상사고,0,0,1,0,차대사람 - 기타,안전운전불이행,건조,맑음,교차로 - 교차로부근,승용,여,68세,상해없음,보행자,여,68세,경상
2019053100100596,2019년 5월 31일 18시,금요일,대구광역시 남구 대명동,경상사고,0,0,1,0,차대사람 - 보도통행중,기타,건조,맑음,단일로 - 기타,이륜,남,56세,상해없음,보행자,여,55세,경상
2019053100100597,2019년 5월 31일 18시,금요일,대구광역시 수성구 황금동,경상사고,0,0,1,0,차대사람 - 기타,안전운전불이행,건조,맑음,단일로 - 기타,승용,남,57세,기타불명,보행자,남,51세,경상
2019053100100598,2019년 5월 31일 18시,금요일,대구광역시 중구 포정동,경상사고,0,0,1,0,차대사람 - 횡단중,보행자보호의무위반,건조,맑음,교차로 - 교차로횡단보도내,자전거,남,61세,상해없음,보행자,남,15세,경상
2019053100100599,2019년 5월 31일 18시,금요일,대구광역시 달서구 장기동,중상사고,0,1,0,0,차대차 - 측면충돌,교차로운행방법위반,건조,맑음,교차로 - 교차로안,승용,남,45세,상해없음,원동기,남,26세,중상
2019053100100650,2019년 5월 31일 19시,금요일,대구광역시 서구 평리동,부상신고사고,0,0,0,1,차대차 - 측면충돌,안전운전불이행,건조,맑음,단일로 - 기타,기타불명,기타불명,미분류,기타불명,자전거,남,29세,부상신고
2019053100100651,2019년 5월 31일 19시,금요일,대구광역시 달서구 신당동,부상신고사고,0,0,0,1,차대차 - 기타,직진우회전진행방해,건조,맑음,교차로 - 교차로안,이륜,남,22세,상해없음,개인형이동수단(PM),여,35세,상해없음
2019053100100652,2019년 5월 31일 19시,금요일,대구광역시 달서구 죽전동,중상사고,0,1,0,0,차대차 - 기타,신호위반,건조,맑음,단일로 - 기타,승용,여,44세,상해없음,이륜,남,40세,중상
2019053100100679,2019년 5월 31일 20시,금요일,대구광역시 달서구 본동,경상사고,0,0,1,0,차대차 - 추돌,안전운전불이행,건조,맑음,단일로 - 기타,승용,남,60세,상해없음,승용,남,61세,경상
2019053100100680,2019년 5월 31일 20시,금요일,대구광역시 달서구 상인동,경상사고,0,0,1,0,차대차 - 측면충돌,차로위반,건조,맑음,단일로 - 기타,승용,남,68세,상해없음,승용,여,27세,경상
2019053100100681,2019년 5월 31일 20시,금요일,대구광역시 달성군 화원읍,경상사고,0,0,1,0,차대차 - 측면충돌,안전운전불이행,건조,맑음,교차로 - 교차로안,승용,남,61세,상해없음,이륜,남,45세,경상
2019053100100682,2019년 5월 31일 20시,금요일,대구광역시 달서구 두류동,경상사고,0,0,1,0,차대차 - 추돌,안전운전불이행,건조,맑음,단일로 - 기타,승용,남,37세,상해없음,승용,남,26세,경상
2019053100100723,2019년 5월 31일 21시,금요일,대구광역시 동구 신암동,중상사고,0,1,0,0,차대사람 - 기타,안전운전불이행,건조,맑음,단일로 - 기타,승용,여,69세,상해없음,보행자,여,58세,중상
2019053100100724,2019년 5월 31일 21시,금요일,대구광역시 서구 내당동,경상사고,0,0,1,0,차대차 - 측면충돌,안전운전불이행,건조,맑음,단일로 - 기타,승용,여,44세,상해없음,이륜,남,32세,경상
2019053100100760,2019년 5월 31일 22시,금요일,대구광역시 달성군 유가읍,경상사고,0,0,1,0,차대차 - 측면충돌,신호위반,건조,맑음,교차로 - 교차로안,승합,남,23세,상해없음,승합,남,36세,경상
2019053100100761,2019년 5월 31일 22시,금요일,대구광역시 북구 침산동,경상사고,0,0,2,0,차대차 - 추돌,안전운전불이행,건조,맑음,교차로 - 교차로안,승용,남,26세,상해없음,승용,남,39세,경상
2019053100100796,2019년 5월 31일 23시,금요일,대구광역시 서구 내당동,부상신고사고,0,0,0,1,차량단독 - 전도전복 - 전도,안전운전불이행,건조,맑음,교차로 - 교차로안,이륜,남,19세,부상신고,,,,
2019060100100035,2019년 6월 1일 00시,토요일,대구광역시 달서구 상인동,부상신고사고,0,0,0,1,차대차 - 측면충돌,안전운전불이행,건조,맑음,교차로 - 교차로부근,이륜,남,32세,부상신고,승용,남,22세,상해없음
2019060100100047,2019년 6월 1일 01시,토요일,대구광역시 수성구 중동,경상사고,0,0,1,0,차대차 - 기타,안전거리미확보,건조,맑음,교차로 - 교차로횡단보도내,승용,남,65세,상해없음,승용,남,25세,경상
2019060100100048,2019년 6월 1일 01시,토요일,대구광역시 달서구 본리동,경상사고,0,0,1,1,차대차 - 측면충돌,불법유턴,건조,맑음,교차로 - 교차로안,이륜,남,19세,부상신고,승용,남,30세,경상
2019060100100049,2019년 6월 1일 01시,토요일,대구광역시 달서구 신당동,중상사고,0,1,0,0,차대차 - 정면충돌,안전운전불이행,건조,맑음,단일로 - 기타,승용,여,25세,상해없음,이륜,남,27세,중상
2019060100100076,2019년 6월 1일 03시,토요일,대구광역시 동구 효목동,경상사고,0,0,2,0,차대차 - 측면충돌,중앙선침범,건조,맑음,단일로 - 기타,승용,남,49세,경상,승용,남,57세,경상
2019060100100077,2019년 6월 1일 03시,토요일,대구광역시 달서구 용산동,중상사고,0,1,2,0,차대차 - 측면충돌,신호위반,건조,맑음,교차로 - 교차로안,승용,남,62세,경상,승용,남,53세,중상
2019060100100090,2019년 6월 1일 04시,토요일,대구광역시 북구 팔달동,사망사고,1,0,0,0,차량단독 - 전도전복 - 전도,안전운전불이행,건조,맑음,단일로 - 기타,이륜,남,41세,사망,,,,
2019060100100142,2019년 6월 1일 08시,토요일,대구광역시 수성구 사월동,경상사고,0,0,1,0,차대차 - 측면충돌,안전운전불이행,건조,맑음,주차장 - 주차장,승용,남,76세,상해없음,승용,남,37세,상해없음
2019060100100143,2019년 6월 1일 08시,토요일,대구광역시 달서구 본동,경상사고,0,0,1,0,차대차 - 측면충돌,기타,건조,맑음,교차로 - 교차로안,승용,남,54세,상해없음,자전거,남,11세,경상
2019060100100144,2019년 6월 1일 08시,토요일,대구광역시 북구 매천동,중상사고,0,1,0,0,차대차 - 기타,안전운전불이행,건조,맑음,기타 - 기타,승용,여,63세,상해없음,화물,남,25세,중상
2019060100100175,2019년 6월 1일 09시,토요일,대구광역시 서구 이현동,경상사고,0,0,1,0,차대차 - 측면충돌,신호위반,건조,맑음,교차로 - 교차로부근,화물,남,60세,상해없음,자전거,남,41세,경상
2019060100100199,2019년 6월 1일 10시,토요일,대구광역시 동구 용계동,경상사고,0,0,2,0,차대차 - 기타,기타,건조,맑음,기타 - 기타,승용,남,25세,기타불명,승용,남,59세,상해없음
2019060100100237,2019년 6월 1일 11시,토요일,대구광역시 수성구 두산동,중상사고,0,1,2,0,차대차 - 추돌,신호위반,건조,맑음,교차로 - 교차로부근,승용,남,27세,상해없음,승용,여,43세,경상
2019060100100238,2019년 6월 1일 11시,토요일,대구광역시 달서구 두류동,중상사고,0,1,0,0,차대사람 - 횡단중,안전운전불이행,건조,맑음,교차로 - 교차로부근,승용,여,37세,상해없음,보행자,남,76세,중상
2019060100100282,2019년 6월 1일 12시,토요일,대구광역시 동구 신천동,경상사고,0,0,1,0,차대차 - 측면충돌,안전운전불이행,건조,맑음,단일로 - 기타,승용,남,35세,상해없음,이륜,남,24세,경상
2019060100100283,2019년 6월 1일 12시,토요일,대구광역시 수성구 사월동,경상사고,0,0,3,0,차대차 - 추돌,안전운전불이행,건조,맑음,단일로 - 기타,승용,남,64세,상해없음,승용,남,52세,경상
2019060100100284,2019년 6월 1일 12시,토요일,대구광역시 수성구 대흥동,경상사고,0,0,1,0,차대차 - 측면충돌,안전운전불이행,건조,맑음,단일로 - 기타,승용,남,78세,상해없음,승용,여,59세,경상
2019060100100318,2019년 6월 1일 13시,토요일,대구광역시 달서구 장동,경상사고,0,0,1,0,차대차 - 기타,안전운전불이행,건조,맑음,교차로 - 교차로안,개인형이동수단(PM),남,28세,경상,승용,남,49세,상해없음
2019060100100353,2019년 6월 1일 14시,토요일,대구광역시 서구 비산동,중상사고,0,1,1,0,차대차 - 측면충돌,교차로운행방법위반,건조,맑음,교차로 - 교차로안,승용,여,53세,중상,승용,남,67세,경상
2019060100100354,2019년 6월 1일 14시,토요일,대구광역시 서구 비산동,경상사고,0,0,1,0,차대차 - 측면충돌,직진우회전진행방해,건조,맑음,교차로 - 교차로안,승용,남,25세,상해없음,자전거,남,62세,경상
2019060100100355,2019년 6월 1일 14시,토요일,대구광역시 중구 동인동1가,경상사고,0,0,1,0,차대차 - 측면충돌,기타,건조,맑음,단일로 - 기타,승용,여,30세,상해없음,승용,남,62세,경상
2019060100100394,2019년 6월 1일 15시,토요일,대구광역시 달성군 현풍읍,중상사고,0,1,1,0,차대차 - 기타,교차로운행방법위반,건조,맑음,교차로 - 교차로안,승용,남,46세,상해없음,승용,여,49세,경상
2019060100100430,2019년 6월 1일 16시,토요일,대구광역시 동구 효목동,중상사고,0,1,4,1,차대차 - 추돌,기타,건조,맑음,교차로 - 교차로안,승용,남,64세,부상신고,승용,남,35세,경상
2019060100100431,2019년 6월 1일 16시,토요일,대구광역시 수성구 신매동,경상사고,0,0,1,0,차대차 - 측면충돌,안전운전불이행,건조,맑음,교차로 - 교차로안,이륜,남,17세,경상,승용,남,18세,상해없음
2019060100100432,2019년 6월 1일 16시,토요일,대구광역시 달서구 상인동,중상사고,0,1,0,0,차대사람 - 횡단중,신호위반,건조,맑음,교차로 - 교차로안,승용,남,36세,상해없음,보행자,여,78세,중상
2019060100100433,2019년 6월 1일 16시,토요일,대구광역시 서구 평리동,경상사고,0,0,2,0,차대차 - 후진중충돌,안전운전불이행,건조,맑음,단일로 - 기타,승용,남,53세,상해없음,화물,남,29세,경상
2019060100100495,2019년 6월 1일 18시,토요일,대구광역시 동구 중대동,중상사고,0,1,0,0,차대차 - 기타,직진우회전진행방해,건조,맑음,교차로 - 교차로안,승용,남,59세,상해없음,이륜,남,77세,중상
2019060100100496,2019년 6월 1일 18시,토요일,대구광역시 서구 이현동,경상사고,0,0,2,0,차대차 - 측면충돌,안전거리미확보,건조,맑음,단일로 - 기타,화물,남,62세,상해없음,승용,남,29세,경상
2019060100100542,2019년 6월 1일 20시,토요일,대구광역시 동구 신기동,경상사고,0,0,1,0,차대사람 - 횡단중,안전운전불이행,건조,맑음,교차로 - 교차로안,화물,남,69세,상해없음,보행자,여,56세,경상
2019060100100543,2019년 6월 1일 20시,토요일,대구광역시 수성구 범어동,경상사고,0,0,1,0,차대차 - 측면충돌,안전운전불이행,건조,맑음,교차로 - 교차로안,승용,남,30세,상해없음,이륜,남,23세,경상
2019060100100544,2019년 6월 1일 20시,토요일,대구광역시 북구 복현동,중상사고,0,1,0,0,차대차 - 측면충돌,안전거리미확보,건조,맑음,교차로 - 교차로부근,승용,남,53세,상해없음,이륜,남,19세,중상
2019060100100545,2019년 6월 1일 20시,토요일,대구광역시 달서구 용산동,경상사고,0,0,1,0,차대차 - 기타,안전운전불이행,건조,맑음,교차로 - 교차로안,이륜,남,18세,경상,승용,남,38세,상해없음
2019060100100598,2019년 6월 1일 22시,토요일,대구광역시 수성구 상동,사망사고,1,0,0,0,차대사람 - 기타,안전운전불이행,건조,맑음,단일로 - 기타,승용,남,40세,상해없음,보행자,남,65세,사망
2019060200100053,2019년 6월 2일 02시,일요일,대구광역시 달서구 유천동,부상신고사고,0,0,0,1,차량단독 - 공작물충돌,안전운전불이행,건조,맑음,교차로 - 교차로부근,승용,남,26세,부상신고,,,,
2019060200100086,2019년 6월 2일 06시,일요일,대구광역시 남구 대명동,경상사고,0,0,1,0,차대사람 - 기타,안전운전불이행,건조,맑음,단일로 - 기타,승용,남,29세,상해없음,보행자,남,26세,경상
2019060200100132,2019년 6월 2일 09시,일요일,대구광역시 달서구 진천동,경상사고,0,0,1,0,차대차 - 측면충돌,안전운전불이행,건조,맑음,교차로 - 교차로횡단보도내,승용,남,59세,상해없음,자전거,남,47세,경상
2019060200100133,2019년 6월 2일 09시,일요일,대구광역시 북구 산격동,경상사고,0,0,1,0,차대차 - 측면충돌,안전거리미확보,건조,맑음,단일로 - 기타,승용,여,62세,상해없음,화물,남,52세,경상
2019060200100151,2019년 6월 2일 10시,일요일,대구광역시 동구 신암동,경상사고,0,0,2,0,차대차 - 추돌,안전운전불이행,건조,맑음,교차로 - 교차로안,승용,여,66세,상해없음,승용,남,45세,경상
2019060200100169,2019년 6월 2일 11시,일요일,대구광역시 수성구 상동,경상사고,0,0,1,0,차대차 - 추돌,안전운전불이행,건조,맑음,교차로 - 교차로부근,승용,여,64세,상해없음,승용,여,50세,경상
2019060200100183,2019년 6월 2일 12시,일요일,대구광역시 동구 신암동,부상신고사고,0,0,0,1,차대차 - 기타,안전운전불이행,건조,맑음,교차로 - 교차로안,이륜,남,48세,부상신고,승용,남,44세,상해없음
2019060200100184,2019년 6월 2일 12시,일요일,대구광역시 수성구 만촌동,경상사고,0,0,1,0,차대사람 - 차도통행중,안전운전불이행,건조,맑음,기타 - 기타,승용,여,68세,상해없음,보행자,남,19세,경상
2019060200100185,2019년 6월 2일 12시,일요일,대구광역시 달서구 상인동,경상사고,0,0,1,0,차대차 - 측면충돌,안전거리미확보,건조,맑음,단일로 - 기타,이륜,남,39세,상해없음,이륜,남,30세,경상
2019060200100186,2019년 6월 2일 12시,일요일,대구광역시 중구 삼덕동2가,경상사고,0,0,1,0,차대차 - 기타,차로위반,건조,맑음,단일로 - 기타,승용,남,69세,상해없음,승용,남,64세,상해없음
2019060200100211,2019년 6월 2일 13시,일요일,대구광역시 동구 신천동,경상사고,0,0,2,0,차대차 - 측면충돌,신호위반,건조,맑음,기타 - 기타,승용,남,67세,상해없음,승용,남,33세,경상
2019060200100212,2019년 6월 2일 13시,일요일,대구광역시 달서구 대곡동,경상사고,0,0,1,2,차대차 - 측면충돌,차로위반,건조,맑음,단일로 - 지하차도(도로)내,승용,남,64세,상해없음,승용,여,38세,경상
2019060200100213,2019년 6월 2일 13시,일요일,대구광역시 북구 국우동,부상신고사고,0,0,0,1,차대사람 - 기타,안전운전불이행,건조,맑음,단일로 - 기타,기타불명,기타불명,미분류,기타불명,보행자,남,7세,부상신고
2019060200100247,2019년 6월 2일 14시,일요일,대구광역시 남구 대명동,경상사고,0,0,1,0,차대차 - 측면충돌,중앙선침범,건조,맑음,단일로 - 기타,이륜,남,49세,상해없음,승용,여,54세,경상
2019060200100248,2019년 6월 2일 14시,일요일,대구광역시 중구 삼덕동3가,경상사고,0,0,1,0,차대차 - 측면충돌,안전거리미확보,건조,맑음,단일로 - 기타,승합,남,58세,상해없음,승용,여,37세,경상
2019060200100249,2019년 6월 2일 14시,일요일,대구광역시 달서구 두류동,경상사고,0,0,2,0,차대차 - 측면충돌,직진우회전진행방해,건조,맑음,교차로 - 교차로안,승용,남,79세,상해없음,승용,남,63세,상해없음
2019060200100250,2019년 6월 2일 14시,일요일,대구광역시 북구 팔달동,경상사고,0,0,1,0,차대차 - 측면충돌,안전운전불이행,건조,맑음,단일로 - 기타,화물,남,55세,상해없음,자전거,남,57세,경상
2019060200100251,2019년 6월 2일 14시,일요일,대구광역시 북구 서변동,중상사고,0,1,0,0,차대차 - 기타,안전운전불이행,건조,맑음,단일로 - 기타,화물,남,48세,상해없음,승용,남,57세,중상
2019060200100252,2019년 6월 2일 14시,일요일,대구광역시 북구 구암동,경상사고,0,0,1,0,차대차 - 측면충돌,안전운전불이행,건조,맑음,단일로 - 기타,원동기,남,55세,경상,승용,남,54세,상해없음
2019060200100282,2019년 6월 2일 15시,일요일,대구광역시 북구 관음동,경상사고,0,0,1,0,차대차 - 측면충돌,안전운전불이행,건조,맑음,단일로 - 기타,승용,남,51세,상해없음,승용,남,58세,경상
2019060200100313,2019년 6월 2일 16시,일요일,대구광역시 동구 효목동,경상사고,0,0,2,0,차대차 - 측면충돌,안전운전불이행,건조,맑음,단일로 - 기타,승용,남,80세,상해없음,승용,여,45세,경상
2019060200100314,2019년 6월 2일 16시,일요일,대구광역시 달서구 용산동,경상사고,0,0,1,0,차대사람 - 횡단중,보행자보호의무위반,건조,맑음,교차로 - 교차로안,화물,남,59세,상해없음,보행자,남,77세,경상
2019060200100315,2019년 6월 2일 16시,일요일,대구광역시 북구 읍내동,중상사고,0,1,0,0,차대사람 - 기타,안전운전불이행,건조,맑음,단일로 - 기타,이륜,남,56세,상해없음,보행자,여,58세,중상
2019060200100353,2019년 6월 2일 17시,일요일,대구광역시 달서구 월성동,중상사고,0,1,0,0,차대차 - 측면충돌,교차로운행방법위반,건조,맑음,교차로 - 교차로안,자전거,남,12세,중상,승용,여,77세,상해없음
2019060200100354,2019년 6월 2일 17시,일요일,대구광역시 중구 교동,부상신고사고,0,0,0,3,차대차 - 측면충돌,안전운전불이행,건조,맑음,단일로 - 기타,승용,남,59세,상해없음,승용,남,28세,부상신고
2019060200100379,2019년 6월 2일 18시,일요일,대구광역시 동구 봉무동,부상신고사고,0,0,0,1,차대차 - 기타,안전운전불이행,건조,맑음,단일로 - 기타,이륜,남,49세,부상신고,승용,남,23세,상해없음
2019060200100380,2019년 6월 2일 18시,일요일,대구광역시 달성군 화원읍,경상사고,0,0,1,0,차대차 - 기타,차로위반,건조,맑음,단일로 - 터널,승용,남,74세,기타불명,승용,남,31세,경상
2019060200100381,2019년 6월 2일 18시,일요일,대구광역시 북구 태전동,경상사고,0,0,4,0,차대차 - 측면충돌,안전운전불이행,건조,맑음,단일로 - 기타,승용,남,25세,경상,승용,남,19세,경상
2019060200100406,2019년 6월 2일 19시,일요일,대구광역시 북구 산격동,경상사고,0,0,1,0,차대차 - 측면충돌,직진우회전진행방해,건조,맑음,교차로 - 교차로안,화물,남,37세,상해없음,원동기,남,66세,경상
2019060200100407,2019년 6월 2일 19시,일요일,대구광역시 서구 평리동,중상사고,0,1,0,0,차대차 - 측면충돌,신호위반,건조,맑음,교차로 - 교차로안,승용,남,26세,상해없음,이륜,남,69세,중상
2019060200100408,2019년 6월 2일 19시,일요일,대구광역시 달서구 성당동,중상사고,0,1,0,0,차대차 - 기타,중앙선침범,건조,맑음,단일로 - 기타,승용,여,62세,상해없음,승용,여,55세,중상
2019060200100443,2019년 6월 2일 20시,일요일,대구광역시 북구 침산동,중상사고,0,1,0,0,차대차 - 측면충돌,안전거리미확보,건조,맑음,단일로 - 기타,승용,남,59세,상해없음,원동기,남,31세,중상
2019060200100444,2019년 6월 2일 20시,일요일,대구광역시 달서구 이곡동,경상사고,0,0,3,0,차대차 - 측면충돌,안전거리미확보,건조,맑음,단일로 - 기타,승용,여,56세,상해없음,승용,여,42세,경상
2019060200100488,2019년 6월 2일 22시,일요일,대구광역시 동구 방촌동,경상사고,0,0,1,0,차대사람 - 기타,안전운전불이행,건조,맑음,단일로 - 기타,승용,남,40세,상해없음,보행자,남,61세,경상
2019060200100489,2019년 6월 2일 22시,일요일,대구광역시 달서구 상인동,경상사고,0,0,1,0,차대차 - 측면충돌,안전운전불이행,건조,맑음,단일로 - 기타,승용,남,40세,상해없음,이륜,남,19세,경상
2019060300100043,2019년 6월 3일 00시,월요일,대구광역시 북구 동천동,부상신고사고,0,0,0,1,차대사람 - 기타,안전운전불이행,건조,맑음,단일로 - 기타,기타불명,기타불명,미분류,기타불명,보행자,남,35세,부상신고
2019060300100051,2019년 6월 3일 01시,월요일,대구광역시 수성구 중동,중상사고,0,1,0,0,차대차 - 측면충돌,중앙선침범,건조,맑음,단일로 - 기타,승용,남,28세,상해없음,이륜,남,43세,중상
2019060300100061,2019년 6월 3일 02시,월요일,대구광역시 달서구 감삼동,경상사고,0,0,4,0,차대차 - 측면충돌,안전거리미확보,건조,맑음,교차로 - 교차로안,승용,남,60세,상해없음,승용,남,21세,경상
2019060300100072,2019년 6월 3일 04시,월요일,대구광역시 중구 삼덕동1가,부상신고사고,0,0,0,1,차대사람 - 길가장자리구역통행중,안전운전불이행,건조,맑음,단일로 - 기타,승용,남,34세,상해없음,보행자,남,35세,부상신고
2019060300100073,2019년 6월 3일 04시,월요일,대구광역시 중구 시장북로,경상사고,0,0,1,0,차대차 - 기타,신호위반,건조,맑음,교차로 - 교차로안,기타불명,기타불명,미분류,기타불명,승용,남,61세,상해없음
2019060300100091,2019년 6월 3일 06시,월요일,대구광역시 달서구 월성동,중상사고,0,2,0,0,차량단독 - 공작물충돌,안전운전불이행,건조,맑음,단일로 - 기타,이륜,남,24세,중상,,,,
2019060300100092,2019년 6월 3일 06시,월요일,대구광역시 달성군 다사읍,경상사고,0,0,1,0,차대차 - 측면충돌,안전운전불이행,건조,맑음,단일로 - 기타,승용,남,62세,상해없음,승용,남,24세,경상
2019060300100114,2019년 6월 3일 07시,월요일,대구광역시 달서구 호산동,중상사고,0,1,3,0,차대차 - 추돌,안전거리미확보,건조,맑음,단일로 - 기타,승용,남,52세,상해없음,승용,남,48세,경상