사고번호,사고일시,요일,시군구,사고내용,사망자수,중상자수,경상자수,부상신고자수,사고유형,법규위반,노면상태,기상상태,도로형태,가해운전자 차종,가해운전자 성별,가해운전자 연령,가해운전자 상해정도,피해운전자 차종,피해운전자 성별,피해운전자 연령,피해운전자 상해정도
2019060300100115,2019년 6월 3일 07시,월요일,대구광역시 달서구 본리동,경상사고,0,0,1,0,차대차 - 측면충돌,안전운전불이행,건조,맑음,단일로 - 기타,승용,남,50세,상해없음,승용,남,34세,경상
2019060300100156,2019년 6월 3일 08시,월요일,대구광역시 수성구 범어동,경상사고,0,0,1,0,차대사람 - 횡단중,안전운전불이행,건조,맑음,단일로 - 기타,승용,여,50세,상해없음,보행자,남,10세,경상
2019060300100157,2019년 6월 3일 08시,월요일,대구광역시 달서구 월성동,중상사고,0,1,0,0,차대사람 - 횡단중,보행자보호의무위반,건조,맑음,교차로 - 교차로횡단보도내,승용,여,40세,상해없음,보행자,여,72세,중상
2019060300100197,2019년 6월 3일 09시,월요일,대구광역시 달서구 송현동,중상사고,0,1,0,0,차대사람 - 기타,안전운전불이행,건조,맑음,단일로 - 기타,화물,남,42세,상해없음,보행자,남,47세,중상
2019060300100198,2019년 6월 3일 09시,월요일,대구광역시 북구 산격동,경상사고,0,0,1,0,차대차 - 측면충돌,안전거리미확보,건조,맑음,단일로 - 기타,승용,여,51세,상해없음,승용,남,45세,경상
2019060300100199,2019년 6월 3일 09시,월요일,대구광역시 달서구 신당동,경상사고,0,0,2,0,차대차 - 추돌,안전운전불이행,건조,맑음,단일로 - 기타,화물,남,70세,상해없음,승용,남,60세,경상
2019060300100234,2019년 6월 3일 10시,월요일,대구광역시 북구 침산동,경상사고,0,0,1,0,차대차 - 추돌,안전운전불이행,건조,맑음,단일로 - 기타,승용,남,74세,상해없음,승용,남,39세,경상
2019060300100262,2019년 6월 3일 11시,월요일,대구광역시 수성구 지산동,경상사고,0,0,1,0,차대차 - 기타,안전운전불이행,건조,맑음,기타 - 기타,승용,남,83세,경상,승용,여,33세,상해없음
2019060300100263,2019년 6월 3일 11시,월요일,대구광역시 달서구 유천동,경상사고,0,0,2,0,차대차 - 측면충돌,교차로운행방법위반,건조,맑음,교차로 - 교차로횡단보도내,화물,남,58세,상해없음,승용,여,64세,경상
2019060300100264,2019년 6월 3일 11시,월요일,대구광역시 달서구 유천동,경상사고,0,0,1,0,차대차 - 측면충돌,신호위반,건조,맑음,교차로 - 교차로안,건설기계,남,63세,상해없음,승용,여,45세,경상
2019060300100295,2019년 6월 3일 12시,월요일,대구광역시 달서구 대곡동,경상사고,0,0,1,0,차대차 - 추돌,안전거리미확보,건조,맑음,교차로 - 교차로부근,승용,여,45세,상해없음,승용,남,49세,경상
2019060300100296,2019년 6월 3일 12시,월요일,대구광역시 달성군 구지면,중상사고,0,1,0,0,차대차 - 정면충돌,안전운전불이행,건조,맑음,교차로 - 교차로안,승용,남,57세,상해없음,화물,여,53세,중상
2019060300100324,2019년 6월 3일 13시,월요일,대구광역시 동구 신천동,경상사고,0,0,2,0,차대차 - 측면충돌,안전운전불이행,건조,맑음,교차로 - 교차로부근,이륜,남,49세,경상,승용,남,50세,경상
2019060300100325,2019년 6월 3일 13시,월요일,대구광역시 동구 서호동,경상사고,0,0,2,0,차대차 - 측면충돌,안전운전불이행,건조,맑음,단일로 - 기타,화물,남,41세,상해없음,승용,남,24세,경상
2019060300100326,2019년 6월 3일 13시,월요일,대구광역시 북구 산격동,경상사고,0,0,3,0,차대차 - 측면충돌,안전운전불이행,건조,맑음,단일로 - 기타,건설기계,남,54세,상해없음,승용,여,33세,경상
2019060300100363,2019년 6월 3일 14시,월요일,대구광역시 수성구 두산동,경상사고,0,0,1,0,차대차 - 측면충돌,안전거리미확보,건조,맑음,단일로 - 기타,화물,남,46세,상해없음,이륜,남,46세,경상
2019060300100364,2019년 6월 3일 14시,월요일,대구광역시 달서구 죽전동,경상사고,0,0,1,0,차대차 - 추돌,안전운전불이행,건조,맑음,단일로 - 기타,화물,남,19세,상해없음,승용,여,31세,경상
2019060300100403,2019년 6월 3일 15시,월요일,대구광역시 동구 신천동,부상신고사고,0,0,0,1,차대사람 - 횡단중,안전운전불이행,건조,맑음,교차로 - 교차로부근,특수,남,25세,상해없음,보행자,남,35세,부상신고
2019060300100404,2019년 6월 3일 15시,월요일,대구광역시 수성구 성동,중상사고,0,1,0,0,차대차 - 기타,교차로운행방법위반,건조,맑음,교차로 - 교차로안,승용,남,51세,상해없음,승합,남,50세,중상
2019060300100440,2019년 6월 3일 16시,월요일,대구광역시 동구 동호동,중상사고,0,2,0,0,차대차 - 측면충돌,안전운전불이행,건조,맑음,단일로 - 기타,승용,여,58세,상해없음,승합,남,40세,중상
2019060300100441,2019년 6월 3일 16시,월요일,대구광역시 달서구 본동,중상사고,0,1,0,0,차대차 - 측면충돌,안전거리미확보,건조,맑음,단일로 - 기타,승합,남,51세,상해없음,승용,여,45세,중상
2019060300100442,2019년 6월 3일 16시,월요일,대구광역시 북구 침산동,부상신고사고,0,0,0,1,차량단독 - 기타,안전운전불이행,건조,맑음,교차로 - 교차로부근,이륜,여,62세,부상신고,,,,
2019060300100443,2019년 6월 3일 16시,월요일,대구광역시 서구 평리동,경상사고,0,0,1,0,차대사람 - 차도통행중,안전운전불이행,건조,맑음,단일로 - 기타,승용,여,56세,상해없음,보행자,여,52세,경상
2019060300100475,2019년 6월 3일 17시,월요일,대구광역시 수성구 시지동,경상사고,0,0,1,0,차대차 - 측면충돌,기타,건조,맑음,단일로 - 기타,이륜,남,50세,경상,승용,여,52세,상해없음
2019060300100510,2019년 6월 3일 18시,월요일,대구광역시 동구 신암동,경상사고,0,0,2,0,차대차 - 측면충돌,중앙선침범,건조,맑음,단일로 - 기타,승용,남,55세,상해없음,승용,여,48세,경상
2019060300100511,2019년 6월 3일 18시,월요일,대구광역시 달서구 월성동,경상사고,0,0,1,0,차대사람 - 기타,안전운전불이행,건조,맑음,기타 - 기타,이륜,남,39세,상해없음,보행자,남,18세,경상
2019060300100537,2019년 6월 3일 19시,월요일,대구광역시 동구 용수동,경상사고,0,0,1,0,차대사람 - 기타,안전운전불이행,건조,맑음,단일로 - 기타,승합,남,64세,상해없음,보행자,여,19세,경상
2019060300100538,2019년 6월 3일 19시,월요일,대구광역시 수성구 수성동2가,경상사고,0,0,1,0,차대차 - 측면충돌,안전거리미확보,건조,맑음,교차로 - 교차로부근,승용,여,55세,상해없음,승용,남,27세,경상
2019060300100561,2019년 6월 3일 20시,월요일,대구광역시 수성구 황금동,경상사고,0,0,2,0,차대차 - 측면충돌,안전거리미확보,건조,맑음,단일로 - 기타,승용,여,34세,상해없음,이륜,여,32세,경상
2019060300100562,2019년 6월 3일 20시,월요일,대구광역시 달서구 상인동,경상사고,0,0,1,0,차대사람 - 보도통행중,안전운전불이행,건조,맑음,단일로 - 기타,승용,여,41세,상해없음,보행자,남,10세,경상
2019060300100563,2019년 6월 3일 20시,월요일,대구광역시 북구 침산동,경상사고,0,0,1,0,차대차 - 측면충돌,안전운전불이행,건조,맑음,단일로 - 기타,자전거,남,76세,경상,승용,남,23세,상해없음
2019060300100585,2019년 6월 3일 21시,월요일,대구광역시 수성구 수성동4가,경상사고,0,0,2,0,차대차 - 추돌,안전운전불이행,건조,맑음,단일로 - 기타,승용,남,35세,상해없음,승용,남,46세,경상
2019060300100608,2019년 6월 3일 22시,월요일,대구광역시 동구 지저동,경상사고,0,0,1,0,차대차 - 측면충돌,신호위반,건조,맑음,교차로 - 교차로횡단보도내,승용,남,58세,상해없음,자전거,여,59세,경상
2019060300100627,2019년 6월 3일 23시,월요일,대구광역시 북구 대현동,경상사고,0,0,3,0,차대차 - 측면충돌,안전운전불이행,건조,맑음,교차로 - 교차로안,승용,남,19세,경상,승용,남,48세,경상
2019060300100628,2019년 6월 3일 23시,월요일,대구광역시 달서구 신당동,중상사고,0,1,0,0,차대차 - 측면충돌,안전운전불이행,건조,맑음,단일로 - 기타,승용,남,22세,상해없음,자전거,남,51세,중상
2019060400100029,2019년 6월 4일 00시,화요일,대구광역시 달서구 송현동,경상사고,0,0,2,0,차대차 - 측면충돌,안전운전불이행,건조,맑음,단일로 - 기타,승용,남,26세,상해없음,승용,남,26세,경상
2019060400100101,2019년 6월 4일 07시,화요일,대구광역시 동구 방촌동,부상신고사고,0,0,0,1,차대차 - 측면충돌,안전운전불이행,건조,맑음,단일로 - 기타,자전거,남,55세,부상신고,승용,남,59세,기타불명
2019060400100102,2019년 6월 4일 07시,화요일,대구광역시 북구 동천동,경상사고,0,0,1,0,차대차 - 측면충돌,신호위반,건조,맑음,교차로 - 교차로횡단보도내,승용,여,47세,상해없음,자전거,남,64세,경상
2019060400100145,2019년 6월 4일 08시,화요일,대구광역시 동구 율하동,경상사고,0,0,1,0,차대차 - 측면충돌,신호위반,건조,맑음,단일로 - 기타,화물,남,61세,상해없음,이륜,남,39세,경상
2019060400100146,2019년 6월 4일 08시,화요일,대구광역시 동구 용계동,경상사고,0,0,2,0,차대차 - 측면충돌,중앙선침범,건조,맑음,단일로 - 기타,승용,여,34세,경상,승용,남,38세,경상
2019060400100147,2019년 6월 4일 08시,화요일,대구광역시 북구 칠성동2가,부상신고사고,0,0,0,1,차대차 - 기타,기타,건조,맑음,주차장 - 주차장,자전거,남,59세,부상신고,기타불명,기타불명,미분류,기타불명
2019060400100148,2019년 6월 4일 08시,화요일,대구광역시 서구 내당동,부상신고사고,0,0,0,1,차대사람 - 기타,안전운전불이행,건조,맑음,단일로 - 기타,승용,여,25세,상해없음,보행자,여,57세,부상신고
2019060400100190,2019년 6월 4일 09시,화요일,대구광역시 달성군 유가읍,부상신고사고,0,0,0,1,차대사람 - 보도통행중,기타,건조,맑음,기타 - 기타,개인형이동수단(PM),여,21세,상해없음,보행자,여,36세,부상신고
2019060400100227,2019년 6월 4일 10시,화요일,대구광역시 남구 대명동,중상사고,0,1,0,0,차대차 - 기타,안전운전불이행,건조,맑음,교차로 - 교차로부근,승용,남,76세,상해없음,승용,남,28세,중상
2019060400100228,2019년 6월 4일 10시,화요일,대구광역시 수성구 연호동,경상사고,0,0,2,0,차대차 - 측면충돌,안전운전불이행,건조,맑음,교차로 - 교차로안,기타불명,남,24세,상해없음,승용,남,30세,경상
2019060400100229,2019년 6월 4일 10시,화요일,대구광역시 수성구 범어동,경상사고,0,0,1,0,차대차 - 기타,안전운전불이행,건조,맑음,기타 - 기타,승용,남,69세,상해없음,승용,남,37세,경상
2019060400100230,2019년 6월 4일 10시,화요일,대구광역시 달서구 진천동,경상사고,0,0,1,0,차대사람 - 횡단중,보행자보호의무위반,건조,맑음,교차로 - 교차로횡단보도내,승용,남,63세,상해없음,보행자,여,30세,경상
2019060400100267,2019년 6월 4일 11시,화요일,대구광역시 동구 신평동,경상사고,0,0,1,0,차대차 - 추돌,안전운전불이행,건조,맑음,교차로 - 교차로안,화물,남,67세,상해없음,이륜,남,82세,경상
2019060400100268,2019년 6월 4일 11시,화요일,대구광역시 수성구 노변동,경상사고,0,0,1,0,차대차 - 측면충돌,안전운전불이행,건조,맑음,교차로 - 교차로안,승용,남,63세,상해없음,승용,남,21세,경상
2019060400100269,2019년 6월 4일 11시,화요일,대구광역시 서구 평리동,경상사고,0,0,1,0,차대차 - 추돌,안전운전불이행,건조,맑음,교차로 - 교차로부근,승용,여,22세,상해없음,승용,여,45세,경상
2019060400100291,2019년 6월 4일 12시,화요일,대구광역시 서구 비산동,경상사고,0,0,1,0,차대차 - 측면충돌,차로위반,건조,맑음,단일로 - 기타,승용,여,57세,상해없음,화물,남,26세,경상
2019060400100328,2019년 6월 4일 13시,화요일,대구광역시 달성군 화원읍,중상사고,0,1,1,0,차대차 - 측면충돌,안전운전불이행,건조,맑음,단일로 - 기타,화물,여,67세,상해없음,승용,여,43세,경상
2019060400100329,2019년 6월 4일 13시,화요일,대구광역시 달서구 신당동,중상사고,0,1,0,0,차대차 - 측면충돌,안전거리미확보,건조,맑음,단일로 - 기타,승합,남,53세,상해없음,승용,남,29세,중상
2019060400100360,2019년 6월 4일 14시,화요일,대구광역시 수성구 상동,경상사고,0,0,1,0,차대차 - 측면충돌,안전운전불이행,건조,맑음,단일로 - 기타,이륜,남,18세,경상,승용,남,26세,상해없음
2019060400100361,2019년 6월 4일 14시,화요일,대구광역시 북구 산격동,경상사고,0,0,1,0,차대사람 - 횡단중,보행자보호의무위반,건조,맑음,교차로 - 교차로횡단보도내,승용,남,47세,상해없음,보행자,여,34세,경상
2019060400100433,2019년 6월 4일 16시,화요일,대구광역시 수성구 범어동,경상사고,0,0,1,0,차대차 - 기타,신호위반,건조,맑음,단일로 - 기타,승용,여,70세,상해없음,승용,여,46세,경상
2019060400100434,2019년 6월 4일 16시,화요일,대구광역시 수성구 범어동,경상사고,0,0,1,1,차대차 - 측면충돌,안전거리미확보,건조,맑음,단일로 - 기타,승용,남,50세,부상신고,승용,남,42세,경상
2019060400100435,2019년 6월 4일 16시,화요일,대구광역시 달서구 월성동,경상사고,0,0,2,0,차대차 - 측면충돌,교차로운행방법위반,건조,맑음,교차로 - 교차로안,승용,남,39세,경상,화물,남,30세,경상
2019060400100436,2019년 6월 4일 16시,화요일,대구광역시 달성군 다사읍,부상신고사고,0,0,0,1,차대차 - 기타,교차로운행방법위반,건조,맑음,교차로 - 교차로안,승용,여,57세,부상신고,승합,남,60세,상해없음
2019060400100437,2019년 6월 4일 16시,화요일,대구광역시 북구 침산동,경상사고,0,0,5,0,차대차 - 추돌,안전거리미확보,건조,맑음,단일로 - 기타,승용,남,58세,상해없음,승용,남,51세,경상
2019060400100488,2019년 6월 4일 17시,화요일,대구광역시 서구 상리동,경상사고,0,0,1,0,차대차 - 추돌,안전거리미확보,건조,맑음,단일로 - 기타,승용,남,59세,상해없음,승용,남,37세,경상
2019060400100491,2019년 6월 4일 17시,화요일,대구광역시 동구 신서동,경상사고,0,0,1,0,차대사람 - 횡단중,안전운전불이행,건조,맑음,단일로 - 기타,승용,여,40세,상해없음,보행자,남,7세,경상
2019060400100492,2019년 6월 4일 17시,화요일,대구광역시 동구 효목동,부상신고사고,0,0,0,1,차대차 - 측면충돌,안전거리미확보,건조,맑음,단일로 - 기타,이륜,남,56세,부상신고,승용,남,63세,상해없음
2019060400100493,2019년 6월 4일 17시,화요일,대구광역시 수성구 범어동,경상사고,0,0,2,1,차대차 - 기타,안전거리미확보,건조,맑음,교차로 - 교차로안,승용,남,61세,상해없음,승용,여,59세,경상
2019060400100494,2019년 6월 4일 17시,화요일,대구광역시 달서구 두류동,경상사고,0,0,2,0,차대차 - 측면충돌,교차로운행방법위반,건조,맑음,교차로 - 교차로부근,승용,남,68세,상해없음,이륜,남,19세,경상
2019060400100544,2019년 6월 4일 18시,화요일,대구광역시 동구 봉무동,경상사고,0,0,2,0,차대차 - 측면충돌,안전운전불이행,건조,맑음,단일로 - 기타,승합,남,69세,기타불명,승용,남,30세,경상
2019060400100545,2019년 6월 4일 18시,화요일,대구광역시 동구 율암동,경상사고,0,0,1,0,차대차 - 측면충돌,안전운전불이행,건조,맑음,단일로 - 기타,승용,남,70세,상해없음,승용,여,56세,경상
2019060400100546,2019년 6월 4일 18시,화요일,대구광역시 수성구 가천동,중상사고,0,1,0,0,차대차 - 기타,안전운전불이행,건조,맑음,교차로 - 교차로안,승용,여,47세,상해없음,이륜,남,34세,중상
2019060400100547,2019년 6월 4일 18시,화요일,대구광역시 수성구 중동,경상사고,0,0,1,0,차대차 - 측면충돌,안전운전불이행,건조,맑음,단일로 - 기타,승용,남,63세,기타불명,자전거,여,61세,경상
2019060400100548,2019년 6월 4일 18시,화요일,대구광역시 중구 삼덕동3가,경상사고,0,0,1,0,차대차 - 측면충돌,안전운전불이행,건조,맑음,단일로 - 기타,승용,남,30세,상해없음,승용,여,31세,경상
2019060400100549,2019년 6월 4일 18시,화요일,대구광역시 달서구 감삼동,중상사고,0,1,0,0,차대사람 - 횡단중,안전운전불이행,건조,맑음,단일로 - 기타,승용,여,60세,상해없음,보행자,남,57세,중상
2019060400100550,2019년 6월 4일 18시,화요일,대구광역시 달서구 호산동,부상신고사고,0,0,0,1,차대차 - 정면충돌,안전운전불이행,건조,맑음,기타 - 기타,개인형이동수단(PM),남,37세,부상신고,승용,남,43세,상해없음
2019060400100582,2019년 6월 4일 19시,화요일,대구광역시 수성구 만촌동,부상신고사고,0,0,0,1,차대차 - 기타,안전운전불이행,건조,맑음,단일로 - 기타,이륜,남,20세,부상신고,승용,남,58세,상해없음
2019060400100583,2019년 6월 4일 19시,화요일,대구광역시 서구 평리동,부상신고사고,0,0,0,1,차대차 - 측면충돌,안전운전불이행,건조,맑음,교차로 - 교차로안,자전거,남,13세,부상신고,승용,남,61세,상해없음
2019060400100584,2019년 6월 4일 19시,화요일,대구광역시 서구 비산동,경상사고,0,0,2,0,차대차 - 측면충돌,직진우회전진행방해,건조,맑음,교차로 - 교차로안,이륜,남,22세,경상,이륜,남,32세,경상
2019060400100585,2019년 6월 4일 19시,화요일,대구광역시 중구 대봉동,부상신고사고,0,0,0,1,차대차 - 측면충돌,안전운전불이행,건조,맑음,단일로 - 기타,승용,남,24세,상해없음,자전거,남,60세,부상신고
2019060400100611,2019년 6월 4일 20시,화요일,대구광역시 달성군 논공읍,사망사고,1,0,0,0,차대차 - 기타,안전운전불이행,건조,맑음,단일로 - 기타,화물,남,38세,상해없음,승용,남,30세,사망
2019060400100616,2019년 6월 4일 20시,화요일,대구광역시 수성구 상동,중상사고,0,1,0,0,차대차 - 추돌,안전운전불이행,건조,맑음,교차로 - 교차로부근,승용,남,26세,상해없음,승용,여,46세,중상
2019060400100617,2019년 6월 4일 20시,화요일,대구광역시 수성구 황금동,경상사고,0,0,1,0,차대사람 - 기타,안전운전불이행,건조,맑음,단일로 - 기타,승용,남,57세,상해없음,보행자,남,28세,경상
2019060400100618,2019년 6월 4일 20시,화요일,대구광역시 달서구 본동,경상사고,0,0,5,0,차대차 - 측면충돌,안전거리미확보,건조,맑음,교차로 - 교차로부근,승용,남,23세,경상,승용,남,56세,경상
2019060400100619,2019년 6월 4일 20시,화요일,대구광역시 달서구 진천동,경상사고,0,0,1,0,차대차 - 측면충돌,안전운전불이행,건조,맑음,단일로 - 기타,승용,여,20세,상해없음,자전거,남,60세,경상
2019060400100620,2019년 6월 4일 20시,화요일,대구광역시 달성군 논공읍,경상사고,0,0,1,0,차대차 - 기타,안전운전불이행,건조,맑음,단일로 - 기타,승용,여,50세,기타불명,승합,남,49세,경상
2019060400100621,2019년 6월 4일 20시,화요일,대구광역시 달서구 두류동,경상사고,0,0,3,0,차대차 - 기타,신호위반,건조,맑음,교차로 - 교차로안,승합,남,48세,상해없음,승용,남,43세,상해없음
2019060400100622,2019년 6월 4일 20시,화요일,대구광역시 달서구 용산동,경상사고,0,0,1,0,차대차 - 기타,안전운전불이행,건조,맑음,주차장 - 주차장,승용,여,61세,상해없음,승용,여,54세,경상
2019060400100623,2019년 6월 4일 20시,화요일,대구광역시 북구 동천동,경상사고,0,0,1,0,차대차 - 측면충돌,교차로운행방법위반,건조,맑음,단일로 - 기타,승용,여,48세,상해없음,이륜,남,17세,경상
2019060400100669,2019년 6월 4일 22시,화요일,대구광역시 달성군 화원읍,경상사고,0,0,1,0,차대차 - 기타,안전운전불이행,건조,맑음,단일로 - 기타,기타불명,기타불명,미분류,기타불명,승용,여,48세,경상
2019060400100685,2019년 6월 4일 23시,화요일,대구광역시 서구 내당동,경상사고,0,0,3,0,차대차 - 측면충돌,교차로운행방법위반,건조,맑음,교차로 - 교차로안,승용,남,24세,상해없음,승용,남,20세,상해없음
2019060500100039,2019년 6월 5일 00시,수요일,대구광역시 북구 대현동,경상사고,0,0,2,0,차대차 - 측면충돌,신호위반,건조,맑음,교차로 - 교차로안,이륜,남,47세,경상,이륜,남,26세,경상
2019060500100060,2019년 6월 5일 03시,수요일,대구광역시 수성구 두산동,부상신고사고,0,0,0,1,차량단독 - 전도전복 - 전도,안전운전불이행,건조,맑음,단일로 - 기타,이륜,남,20세,부상신고,,,,
2019060500100061,2019년 6월 5일 03시,수요일,대구광역시 북구 동천동,경상사고,0,0,1,0,차대차 - 추돌,안전운전불이행,건조,맑음,단일로 - 기타,이륜,남,18세,상해없음,승용,여,49세,경상
2019060500100070,2019년 6월 5일 05시,수요일,대구광역시 달서구 감삼동,경상사고,0,0,1,0,차대차 - 추돌,안전운전불이행,건조,맑음,단일로 - 기타,승합,남,72세,상해없음,승용,남,45세,경상
2019060500100104,2019년 6월 5일 07시,수요일,대구광역시 달서구 송현동,경상사고,0,0,1,0,차대사람 - 기타,안전운전불이행,건조,맑음,단일로 - 기타,승용,여,59세,상해없음,보행자,남,61세,경상
2019060500100105,2019년 6월 5일 07시,수요일,대구광역시 달서구 용산동,경상사고,0,0,2,0,차대차 - 측면충돌,안전거리미확보,건조,맑음,단일로 - 기타,승합,남,57세,상해없음,승용,남,28세,경상
2019060500100152,2019년 6월 5일 08시,수요일,대구광역시 동구 신서동,부상신고사고,0,0,0,3,차대차 - 추돌,직진우회전진행방해,건조,맑음,교차로 - 교차로부근,이륜,남,58세,부상신고,승용,여,34세,부상신고
2019060500100153,2019년 6월 5일 08시,수요일,대구광역시 수성구 범어동,경상사고,0,0,2,0,차대차 - 측면충돌,안전거리미확보,건조,맑음,교차로 - 교차로부근,승용,여,69세,경상,승용,남,37세,경상
2019060500100154,2019년 6월 5일 08시,수요일,대구광역시 달서구 유천동,경상사고,0,0,1,0,차대차 - 기타,안전운전불이행,건조,맑음,단일로 - 기타,승용,남,31세,상해없음,승용,여,39세,경상
2019060500100155,2019년 6월 5일 08시,수요일,대구광역시 달성군 다사읍,경상사고,0,0,1,0,차대차 - 측면충돌,안전운전불이행,건조,맑음,단일로 - 기타,화물,남,70세,상해없음,승용,남,24세,경상
2019060500100201,2019년 6월 5일 09시,수요일,대구광역시 수성구 황금동,중상사고,0,1,0,0,차대사람 - 횡단중,보행자보호의무위반,건조,맑음,교차로 - 교차로안,화물,남,42세,상해없음,보행자,남,74세,중상
2019060500100202,2019년 6월 5일 09시,수요일,대구광역시 서구 비산동,중상사고,0,1,0,0,차대차 - 측면충돌,안전운전불이행,건조,맑음,교차로 - 교차로안,자전거,여,54세,중상,화물,남,67세,상해없음
2019060500100226,2019년 6월 5일 10시,수요일,대구광역시 동구 효목동,경상사고,0,0,1,0,차대차 - 측면충돌,차로위반,건조,맑음,교차로 - 교차로부근,승용,여,60세,상해없음,승용,남,30세,경상
2019060500100227,2019년 6월 5일 10시,수요일,대구광역시 북구 침산동,경상사고,0,0,1,0,차대차 - 기타,안전운전불이행,건조,맑음,단일로 - 기타,승용,여,50세,경상,승용,여,50세,상해없음
2019060500100228,2019년 6월 5일 10시,수요일,대구광역시 서구 내당동,경상사고,0,0,2,0,차대차 - 측면충돌,안전운전불이행,건조,맑음,단일로 - 기타,승용,남,57세,상해없음,승용,남,62세,경상
2019060500100229,2019년 6월 5일 10시,수요일,대구광역시 중구 동인동4가,경상사고,0,0,1,0,차대차 - 기타,안전운전불이행,건조,맑음,교차로 - 교차로안,승용,여,36세,상해없음,승용,여,48세,경상
2019060500100254,2019년 6월 5일 11시,수요일,대구광역시 동구 입석동,중상사고,0,1,0,0,차대사람 - 횡단중,안전운전불이행,건조,맑음,단일로 - 기타,이륜,남,83세,상해없음,보행자,여,77세,중상
2019060500100255,2019년 6월 5일 11시,수요일,대구광역시 수성구 파동,경상사고,0,0,1,0,차대차 - 측면충돌,안전운전불이행,건조,맑음,단일로 - 기타,승용,남,63세,기타불명,승용,남,35세,경상
2019060500100256,2019년 6월 5일 11시,수요일,대구광역시 달서구 진천동,경상사고,0,0,1,0,차량단독 - 기타,안전운전불이행,건조,맑음,단일로 - 기타,원동기,남,19세,경상,,,,
2019060500100257,2019년 6월 5일 11시,수요일,대구광역시 서구 중리동,부상신고사고,0,0,0,1,차대사람 - 기타,보행자보호의무위반,건조,맑음,교차로 - 교차로횡단보도내,승용,남,66세,상해없음,보행자,남,31세,부상신고
2019060500100258,2019년 6월 5일 11시,수요일,대구광역시 서구 평리동,중상사고,0,1,0,0,차대사람 - 기타,기타,건조,맑음,단일로 - 기타,승용,남,40세,상해없음,보행자,남,60세,중상
2019060500100290,2019년 6월 5일 12시,수요일,대구광역시 동구 율하동,경상사고,0,0,1,0,차대차 - 추돌,안전거리미확보,건조,맑음,단일로 - 기타,승용,남,53세,상해없음,이륜,남,26세,경상
2019060500100291,2019년 6월 5일 12시,수요일,대구광역시 수성구 범어동,중상사고,0,2,2,0,차대차 - 측면충돌,안전운전불이행,건조,맑음,단일로 - 기타,승용,남,69세,상해없음,승용,여,54세,중상
2019060500100292,2019년 6월 5일 12시,수요일,대구광역시 동구 효목동,경상사고,0,0,1,0,차대차 - 추돌,안전운전불이행,건조,맑음,단일로 - 기타,승용,여,41세,상해없음,승용,남,46세,경상
2019060500100293,2019년 6월 5일 12시,수요일,대구광역시 수성구 황금동,경상사고,0,0,1,0,차대차 - 기타,안전운전불이행,건조,맑음,교차로 - 교차로부근,승용,남,67세,상해없음,승용,남,42세,경상
2019060500100325,2019년 6월 5일 13시,수요일,대구광역시 달서구 상인동,경상사고,0,0,4,1,차대차 - 측면충돌,안전거리미확보,건조,맑음,단일로 - 기타,승용,남,42세,부상신고,승용,여,28세,경상
2019060500100326,2019년 6월 5일 13시,수요일,대구광역시 북구 동천동,경상사고,0,0,1,0,차대차 - 기타,안전운전불이행,건조,맑음,단일로 - 기타,이륜,남,58세,경상,승용,남,62세,상해없음
2019060500100370,2019년 6월 5일 14시,수요일,대구광역시 동구 신암동,경상사고,0,0,1,0,차대차 - 측면충돌,직진우회전진행방해,건조,맑음,교차로 - 교차로안,승용,여,49세,상해없음,이륜,남,24세,경상
2019060500100371,2019년 6월 5일 14시,수요일,대구광역시 수성구 만촌동,경상사고,0,0,1,0,차대차 - 측면충돌,안전운전불이행,건조,맑음,교차로 - 교차로부근,승용,남,65세,상해없음,승용,여,57세,경상
2019060500100372,2019년 6월 5일 14시,수요일,대구광역시 달서구 두류동,경상사고,0,0,1,0,차대차 - 측면충돌,신호위반,건조,맑음,교차로 - 교차로안,승용,여,47세,상해없음,승용,여,49세,경상
2019060500100414,2019년 6월 5일 15시,수요일,대구광역시 동구 진인동,경상사고,0,0,2,0,차대차 - 정면충돌,안전운전불이행,건조,맑음,단일로 - 기타,승용,남,57세,상해없음,화물,남,30세,경상
2019060500100415,2019년 6월 5일 15시,수요일,대구광역시 수성구 범어동,경상사고,0,0,1,0,차대차 - 측면충돌,신호위반,건조,맑음,교차로 - 교차로안,승용,남,49세,상해없음,개인형이동수단(PM),남,59세,경상
2019060500100416,2019년 6월 5일 15시,수요일,대구광역시 달서구 신당동,중상사고,0,1,0,0,차대차 - 추돌,안전운전불이행,건조,맑음,교차로 - 교차로안,승용,여,36세,상해없음,이륜,남,65세,중상
2019060500100417,2019년 6월 5일 15시,수요일,대구광역시 달서구 성당동,경상사고,0,0,1,0,차대사람 - 기타,안전운전불이행,건조,맑음,단일로 - 기타,승용,남,69세,상해없음,보행자,남,75세,경상
2019060500100461,2019년 6월 5일 16시,수요일,대구광역시 달서구 진천동,부상신고사고,0,0,0,2,차대차 - 측면충돌,안전거리미확보,건조,맑음,단일로 - 기타,승합,남,69세,상해없음,이륜,남,22세,부상신고
2019060500100462,2019년 6월 5일 16시,수요일,대구광역시 북구 관음동,경상사고,0,0,1,0,차대차 - 측면충돌,안전운전불이행,건조,맑음,단일로 - 기타,화물,남,57세,상해없음,승용,여,33세,경상
2019060500100523,2019년 6월 5일 17시,수요일,대구광역시 동구 용계동,경상사고,0,0,2,0,차대차 - 측면충돌,안전거리미확보,건조,맑음,단일로 - 기타,승용,여,50세,상해없음,승용,여,40세,경상