사고번호,사고일시,요일,시군구,사고내용,사망자수,중상자수,경상자수,부상신고자수,사고유형,법규위반,노면상태,기상상태,도로형태,가해운전자 차종,가해운전자 성별,가해운전자 연령,가해운전자 상해정도,피해운전자 차종,피해운전자 성별,피해운전자 연령,피해운전자 상해정도
2019060800100334,2019년 6월 8일 13시,토요일,대구광역시 달성군 다사읍,부상신고사고,0,0,0,1,차대차 - 기타,안전운전불이행,건조,맑음,단일로 - 기타,이륜,남,34세,부상신고,화물,남,56세,상해없음
2019060800100335,2019년 6월 8일 13시,토요일,대구광역시 달서구 용산동,경상사고,0,0,2,0,차대차 - 측면충돌,안전운전불이행,건조,맑음,단일로 - 기타,승용,남,49세,상해없음,승용,남,31세,경상
2019060800100336,2019년 6월 8일 13시,토요일,대구광역시 북구 구암동,경상사고,0,0,1,0,차대차 - 측면충돌,안전운전불이행,건조,맑음,교차로 - 교차로부근,자전거,남,11세,경상,승용,남,27세,상해없음
2019060800100380,2019년 6월 8일 14시,토요일,대구광역시 수성구 두산동,경상사고,0,0,1,0,차대차 - 측면충돌,안전거리미확보,건조,맑음,교차로 - 교차로횡단보도내,승용,여,55세,상해없음,승용,여,50세,경상
2019060800100416,2019년 6월 8일 15시,토요일,대구광역시 동구 백안동,경상사고,0,0,2,0,차대차 - 측면충돌,안전거리미확보,건조,맑음,단일로 - 기타,승용,여,69세,상해없음,승용,남,62세,경상
2019060800100417,2019년 6월 8일 15시,토요일,대구광역시 수성구 범물동,중상사고,0,1,0,0,차대차 - 추돌,안전운전불이행,건조,맑음,교차로 - 교차로부근,승용,남,36세,상해없음,화물,남,50세,중상
2019060800100418,2019년 6월 8일 15시,토요일,대구광역시 수성구 수성동1가,경상사고,0,0,1,0,차대차 - 측면충돌,안전거리미확보,건조,맑음,단일로 - 기타,승용,여,46세,상해없음,승용,여,61세,경상
2019060800100419,2019년 6월 8일 15시,토요일,대구광역시 북구 산격동,중상사고,0,1,0,0,차대차 - 측면충돌,안전운전불이행,건조,맑음,교차로 - 교차로안,승용,남,60세,상해없음,승용,남,72세,중상
2019060800100444,2019년 6월 8일 16시,토요일,대구광역시 수성구 만촌동,중상사고,0,1,0,0,차대차 - 측면충돌,차로위반,건조,맑음,단일로 - 기타,승용,여,51세,상해없음,이륜,남,24세,중상
2019060800100468,2019년 6월 8일 17시,토요일,대구광역시 동구 도학동,중상사고,0,1,0,0,차대차 - 측면충돌,안전운전불이행,건조,맑음,단일로 - 기타,승용,남,56세,상해없음,승용,여,50세,중상
2019060800100469,2019년 6월 8일 17시,토요일,대구광역시 달서구 진천동,경상사고,0,0,1,0,차대차 - 기타,안전거리미확보,건조,맑음,단일로 - 기타,승용,남,71세,상해없음,이륜,남,44세,경상
2019060800100470,2019년 6월 8일 17시,토요일,대구광역시 달서구 용산동,경상사고,0,0,1,0,차대차 - 측면충돌,안전운전불이행,건조,맑음,단일로 - 기타,승용,여,30세,상해없음,이륜,남,48세,경상
2019060800100507,2019년 6월 8일 18시,토요일,대구광역시 수성구 지산동,경상사고,0,0,1,0,차대사람 - 횡단중,신호위반,건조,맑음,교차로 - 교차로횡단보도내,승용,남,52세,상해없음,보행자,여,69세,경상
2019060800100534,2019년 6월 8일 19시,토요일,대구광역시 달서구 본리동,경상사고,0,0,1,0,차대사람 - 기타,안전운전불이행,건조,맑음,단일로 - 기타,승용,남,27세,상해없음,보행자,남,6세,경상
2019060800100566,2019년 6월 8일 20시,토요일,대구광역시 남구 대명동,경상사고,0,0,1,0,차대사람 - 횡단중,신호위반,건조,맑음,교차로 - 교차로부근,승용,남,43세,상해없음,보행자,남,17세,경상
2019060800100567,2019년 6월 8일 20시,토요일,대구광역시 동구 용수동,경상사고,0,0,1,0,차대차 - 기타,교차로운행방법위반,건조,맑음,교차로 - 교차로안,승용,남,20세,상해없음,원동기,남,33세,경상
2019060800100568,2019년 6월 8일 20시,토요일,대구광역시 달서구 본리동,경상사고,0,0,1,0,차대차 - 기타,안전운전불이행,건조,맑음,단일로 - 기타,승용,남,60세,상해없음,이륜,남,27세,경상
2019060800100569,2019년 6월 8일 20시,토요일,대구광역시 달서구 장기동,경상사고,0,0,1,0,차량단독 - 기타,안전운전불이행,건조,맑음,교차로 - 교차로안,이륜,남,61세,경상,,,,
2019060800100601,2019년 6월 8일 21시,토요일,대구광역시 수성구 황금동,경상사고,0,0,1,0,차대차 - 측면충돌,신호위반,건조,맑음,단일로 - 기타,승용,남,47세,상해없음,이륜,남,21세,경상
2019060800100602,2019년 6월 8일 21시,토요일,대구광역시 수성구 두산동,경상사고,0,0,1,1,차대차 - 측면충돌,안전거리미확보,건조,맑음,단일로 - 기타,승용,여,32세,부상신고,승용,남,66세,경상
2019060800100603,2019년 6월 8일 21시,토요일,대구광역시 달서구 대곡동,사망사고,1,0,0,0,차대차 - 측면충돌,불법유턴,건조,맑음,단일로 - 기타,자전거,여,59세,사망,승용,남,51세,상해없음
2019060800100631,2019년 6월 8일 22시,토요일,대구광역시 동구 서호동,중상사고,0,2,1,0,차대차 - 정면충돌,신호위반,건조,맑음,교차로 - 교차로안,승용,남,28세,경상,승용,여,58세,중상
2019060800100632,2019년 6월 8일 22시,토요일,대구광역시 중구 대신동,부상신고사고,0,0,0,1,차대차 - 측면충돌,안전거리미확보,건조,맑음,단일로 - 기타,승용,남,68세,상해없음,이륜,남,46세,부상신고
2019060800100633,2019년 6월 8일 22시,토요일,대구광역시 달서구 장기동,경상사고,0,0,1,0,차대차 - 후진중충돌,안전운전불이행,건조,맑음,단일로 - 기타,승용,남,46세,상해없음,승용,여,38세,경상
2019060800100634,2019년 6월 8일 22시,토요일,대구광역시 북구 동천동,부상신고사고,0,0,0,1,차대차 - 기타,안전운전불이행,건조,맑음,단일로 - 기타,이륜,남,16세,부상신고,승용,남,55세,상해없음
2019060800100654,2019년 6월 8일 23시,토요일,대구광역시 달성군 구지면,부상신고사고,0,0,0,1,차량단독 - 전도전복 - 전도,안전운전불이행,건조,맑음,단일로 - 기타,이륜,남,28세,부상신고,,,,
2019060800100655,2019년 6월 8일 23시,토요일,대구광역시 달서구 신당동,경상사고,0,0,1,0,차대차 - 측면충돌,안전운전불이행,건조,맑음,단일로 - 기타,승용,남,24세,상해없음,자전거,남,19세,경상
2019060900100029,2019년 6월 9일 00시,일요일,대구광역시 북구 산격동,경상사고,0,0,1,0,차대차 - 측면충돌,안전거리미확보,건조,맑음,교차로 - 교차로안,승용,여,56세,기타불명,승용,남,46세,경상
2019060900100044,2019년 6월 9일 01시,일요일,대구광역시 북구 복현동,경상사고,0,0,1,0,차대차 - 측면충돌,안전운전불이행,건조,맑음,교차로 - 교차로부근,승용,남,44세,기타불명,승용,남,40세,경상
2019060900100045,2019년 6월 9일 01시,일요일,대구광역시 달서구 두류동,경상사고,0,0,1,0,차대차 - 측면충돌,안전운전불이행,건조,맑음,단일로 - 기타,승용,남,39세,상해없음,이륜,남,17세,경상
2019060900100046,2019년 6월 9일 01시,일요일,대구광역시 달서구 감삼동,경상사고,0,0,2,0,차대차 - 기타,안전운전불이행,건조,맑음,단일로 - 기타,승용,남,59세,상해없음,승용,남,44세,상해없음
2019060900100060,2019년 6월 9일 02시,일요일,대구광역시 동구 신서동,경상사고,0,0,1,0,차대차 - 측면충돌,안전운전불이행,건조,맑음,단일로 - 기타,승용,여,49세,상해없음,이륜,남,37세,경상
2019060900100082,2019년 6월 9일 04시,일요일,대구광역시 서구 평리동,중상사고,0,1,0,0,차대차 - 측면충돌,안전거리미확보,건조,맑음,단일로 - 기타,화물,남,41세,상해없음,승용,남,45세,중상
2019060900100091,2019년 6월 9일 05시,일요일,대구광역시 중구 인교동,경상사고,0,0,1,0,차대차 - 측면충돌,안전거리미확보,건조,맑음,단일로 - 기타,화물,남,82세,상해없음,승합,남,75세,상해없음
2019060900100112,2019년 6월 9일 07시,일요일,대구광역시 서구 내당동,중상사고,0,1,0,0,차대차 - 측면충돌,교차로운행방법위반,건조,맑음,교차로 - 교차로안,승용,남,28세,상해없음,이륜,남,66세,중상
2019060900100146,2019년 6월 9일 09시,일요일,대구광역시 수성구 수성동4가,경상사고,0,0,1,0,차대차 - 측면충돌,신호위반,건조,맑음,교차로 - 교차로부근,승용,여,54세,상해없음,승용,남,26세,경상
2019060900100147,2019년 6월 9일 09시,일요일,대구광역시 달서구 본리동,중상사고,0,1,0,0,차대차 - 기타,안전운전불이행,건조,맑음,기타 - 기타,승용,여,48세,상해없음,자전거,남,64세,중상
2019060900100148,2019년 6월 9일 09시,일요일,대구광역시 북구 동호동,경상사고,0,0,4,1,차대차 - 측면충돌,직진우회전진행방해,건조,맑음,교차로 - 교차로안,승용,남,50세,경상,승용,남,61세,경상
2019060900100165,2019년 6월 9일 10시,일요일,대구광역시 수성구 범어동,중상사고,0,1,1,0,차대차 - 측면충돌,안전운전불이행,건조,맑음,교차로 - 교차로부근,승용,여,57세,상해없음,승용,남,54세,중상
2019060900100166,2019년 6월 9일 10시,일요일,대구광역시 수성구 중동,경상사고,0,0,1,0,차대차 - 측면충돌,안전운전불이행,건조,맑음,주차장 - 주차장,승용,여,41세,상해없음,승용,여,44세,상해없음
2019060900100186,2019년 6월 9일 11시,일요일,대구광역시 북구 서변동,중상사고,0,1,0,0,차대차 - 측면충돌,안전운전불이행,건조,맑음,단일로 - 기타,승용,남,72세,상해없음,이륜,남,49세,중상
2019060900100209,2019년 6월 9일 12시,일요일,대구광역시 수성구 범어동,경상사고,0,0,2,0,차대차 - 측면충돌,안전운전불이행,건조,맑음,교차로 - 교차로부근,승용,남,66세,상해없음,승용,남,55세,경상
2019060900100210,2019년 6월 9일 12시,일요일,대구광역시 달서구 본동,경상사고,0,0,1,0,차대사람 - 기타,안전운전불이행,건조,맑음,단일로 - 기타,승용,여,46세,상해없음,보행자,남,56세,경상
2019060900100232,2019년 6월 9일 13시,일요일,대구광역시 수성구 매호동,경상사고,0,0,1,0,차대사람 - 횡단중,안전운전불이행,건조,맑음,교차로 - 교차로부근,승용,여,43세,상해없음,보행자,남,8세,경상
2019060900100233,2019년 6월 9일 13시,일요일,대구광역시 수성구 만촌동,경상사고,0,0,3,0,차대차 - 측면충돌,신호위반,건조,맑음,교차로 - 교차로부근,승용,남,68세,상해없음,승용,남,27세,경상
2019060900100234,2019년 6월 9일 13시,일요일,대구광역시 달서구 본동,경상사고,0,0,1,0,차대사람 - 횡단중,보행자보호의무위반,건조,맑음,단일로 - 기타,승용,여,48세,상해없음,보행자,여,28세,경상
2019060900100262,2019년 6월 9일 14시,일요일,대구광역시 북구 동천동,중상사고,0,1,0,0,차대차 - 측면충돌,안전운전불이행,건조,맑음,교차로 - 교차로부근,승용,남,67세,상해없음,이륜,남,49세,중상
2019060900100294,2019년 6월 9일 15시,일요일,대구광역시 남구 봉덕동,경상사고,0,0,1,0,차대차 - 기타,안전운전불이행,건조,맑음,단일로 - 기타,승용,여,49세,기타불명,승용,여,59세,경상
2019060900100295,2019년 6월 9일 15시,일요일,대구광역시 달서구 진천동,중상사고,0,1,0,0,차대사람 - 기타,안전운전불이행,건조,맑음,교차로 - 교차로안,승용,여,58세,상해없음,보행자,여,78세,중상
2019060900100349,2019년 6월 9일 17시,일요일,대구광역시 북구 매천동,중상사고,0,1,0,0,차대사람 - 기타,안전운전불이행,건조,맑음,단일로 - 기타,승용,남,56세,상해없음,보행자,여,37세,중상
2019060900100377,2019년 6월 9일 18시,일요일,대구광역시 달서구 송현동,경상사고,0,0,1,0,차대차 - 측면충돌,안전운전불이행,건조,맑음,단일로 - 기타,승용,여,77세,상해없음,이륜,남,46세,경상
2019060900100393,2019년 6월 9일 19시,일요일,대구광역시 남구 대명동,경상사고,0,0,1,0,차대차 - 기타,안전거리미확보,건조,맑음,단일로 - 기타,원동기,남,26세,경상,승용,남,44세,상해없음
2019060900100394,2019년 6월 9일 19시,일요일,대구광역시 달서구 유천동,경상사고,0,0,2,0,차대차 - 기타,교차로운행방법위반,건조,맑음,교차로 - 교차로안,승용,여,42세,상해없음,이륜,남,20세,경상
2019060900100421,2019년 6월 9일 20시,일요일,대구광역시 달서구 월성동,부상신고사고,0,0,0,1,차대차 - 측면충돌,교차로운행방법위반,건조,맑음,교차로 - 교차로횡단보도내,승용,남,63세,상해없음,승용,남,67세,상해없음
2019060900100422,2019년 6월 9일 20시,일요일,대구광역시 달서구 장기동,경상사고,0,0,1,0,차대차 - 측면충돌,안전운전불이행,건조,맑음,단일로 - 기타,승용,여,66세,기타불명,승용,남,19세,경상
2019061000100046,2019년 6월 10일 01시,월요일,대구광역시 북구 고성동3가,중상사고,0,1,2,0,차대차 - 측면충돌,중앙선침범,건조,맑음,단일로 - 기타,원동기,남,27세,상해없음,승용,남,57세,경상
2019061000100047,2019년 6월 10일 01시,월요일,대구광역시 북구 사수동,중상사고,0,1,0,0,차대차 - 기타,기타,건조,맑음,단일로 - 기타,승용,남,34세,상해없음,이륜,남,52세,중상
2019061000100118,2019년 6월 10일 07시,월요일,대구광역시 달성군 옥포읍,사망사고,1,0,0,0,차대차 - 기타,안전운전불이행,건조,맑음,단일로 - 기타,승용,남,43세,상해없음,농기계,남,78세,사망
2019061000100119,2019년 6월 10일 07시,월요일,대구광역시 북구 노원동3가,경상사고,0,0,2,0,차대차 - 기타,안전거리미확보,건조,맑음,단일로 - 기타,승용,남,49세,상해없음,승용,남,36세,경상
2019061000100120,2019년 6월 10일 07시,월요일,대구광역시 중구 서성로1가,경상사고,0,0,2,0,차대사람 - 기타,신호위반,건조,맑음,단일로 - 기타,원동기,남,59세,경상,보행자,남,52세,경상
2019061000100156,2019년 6월 10일 08시,월요일,대구광역시 남구 대명동,경상사고,0,0,1,0,차대차 - 측면충돌,차로위반,건조,맑음,단일로 - 기타,승용,여,49세,상해없음,승용,남,30세,경상
2019061000100157,2019년 6월 10일 08시,월요일,대구광역시 수성구 상동,경상사고,0,0,1,0,차대사람 - 보도통행중,기타,건조,맑음,단일로 - 기타,승용,여,59세,상해없음,보행자,남,10세,경상
2019061000100192,2019년 6월 10일 09시,월요일,대구광역시 남구 대명동,경상사고,0,0,1,0,차대차 - 측면충돌,안전운전불이행,건조,맑음,단일로 - 기타,승용,여,43세,상해없음,자전거,여,27세,경상
2019061000100193,2019년 6월 10일 09시,월요일,대구광역시 북구 고성동3가,중상사고,0,1,0,0,차대사람 - 횡단중,안전운전불이행,건조,맑음,교차로 - 교차로횡단보도내,승용,여,53세,상해없음,보행자,여,70세,중상
2019061000100220,2019년 6월 10일 10시,월요일,대구광역시 북구 고성동3가,경상사고,0,0,1,0,차량단독 - 전도전복 - 전도,안전운전불이행,건조,맑음,단일로 - 기타,이륜,남,80세,경상,,,,
2019061000100221,2019년 6월 10일 10시,월요일,대구광역시 달서구 파호동,경상사고,0,0,1,0,차대차 - 추돌,안전거리미확보,건조,맑음,단일로 - 교량,화물,남,43세,상해없음,승용,여,54세,경상
2019061000100222,2019년 6월 10일 10시,월요일,대구광역시 달서구 이곡동,경상사고,0,0,1,0,차대차 - 측면충돌,안전운전불이행,건조,맑음,단일로 - 기타,승용,남,58세,상해없음,승용,남,60세,경상
2019061000100254,2019년 6월 10일 11시,월요일,대구광역시 수성구 중동,경상사고,0,0,1,0,차대차 - 측면충돌,안전운전불이행,건조,맑음,단일로 - 기타,승용,여,40세,상해없음,자전거,남,38세,경상
2019061000100255,2019년 6월 10일 11시,월요일,대구광역시 달서구 죽전동,경상사고,0,0,1,0,차대차 - 측면충돌,교차로운행방법위반,건조,맑음,교차로 - 교차로안,이륜,남,42세,상해없음,이륜,남,41세,경상
2019061000100285,2019년 6월 10일 12시,월요일,대구광역시 동구 신천동,경상사고,0,0,1,1,차대차 - 측면충돌,안전운전불이행,건조,맑음,교차로 - 교차로안,승용,여,48세,상해없음,승용,남,40세,경상
2019061000100286,2019년 6월 10일 12시,월요일,대구광역시 달서구 대천동,경상사고,0,0,1,0,차대차 - 측면충돌,안전거리미확보,건조,맑음,단일로 - 기타,화물,남,71세,상해없음,승용,남,34세,경상
2019061000100287,2019년 6월 10일 12시,월요일,대구광역시 달서구 신당동,경상사고,0,0,1,0,차대차 - 추돌,교차로운행방법위반,건조,맑음,교차로 - 교차로안,승용,여,47세,상해없음,화물,남,53세,경상
2019061000100288,2019년 6월 10일 12시,월요일,대구광역시 북구 태전동,중상사고,0,1,0,0,차대차 - 측면충돌,안전거리미확보,건조,맑음,단일로 - 기타,승용,남,25세,상해없음,이륜,남,59세,중상
2019061000100323,2019년 6월 10일 13시,월요일,대구광역시 동구 지저동,중상사고,0,1,0,0,차대차 - 측면충돌,안전운전불이행,건조,맑음,단일로 - 기타,자전거,여,57세,중상,승용,남,25세,상해없음
2019061000100324,2019년 6월 10일 13시,월요일,대구광역시 달서구 두류동,경상사고,0,0,1,0,차대차 - 기타,안전운전불이행,건조,맑음,주차장 - 주차장,승용,남,77세,상해없음,승용,남,31세,경상
2019061000100325,2019년 6월 10일 13시,월요일,대구광역시 북구 읍내동,부상신고사고,0,0,0,1,차대차 - 측면충돌,교차로운행방법위반,건조,맑음,교차로 - 교차로안,승용,여,66세,상해없음,승용,여,52세,부상신고
2019061000100366,2019년 6월 10일 14시,월요일,대구광역시 달서구 상인동,중상사고,0,1,0,0,차대사람 - 보도통행중,기타,건조,맑음,교차로 - 교차로부근,화물,남,40세,상해없음,보행자,여,77세,중상
2019061000100406,2019년 6월 10일 15시,월요일,대구광역시 동구 신천동,경상사고,0,0,1,0,차대차 - 측면충돌,신호위반,건조,맑음,교차로 - 교차로안,승용,남,68세,상해없음,이륜,남,37세,경상
2019061000100407,2019년 6월 10일 15시,월요일,대구광역시 수성구 신매동,중상사고,0,1,0,0,차대사람 - 보도통행중,보행자보호의무위반,건조,맑음,단일로 - 기타,승용,여,41세,기타불명,보행자,여,7세,중상
2019061000100408,2019년 6월 10일 15시,월요일,대구광역시 서구 평리동,경상사고,0,0,1,0,차대사람 - 보도통행중,기타,건조,맑음,단일로 - 기타,승용,남,74세,상해없음,보행자,여,79세,경상
2019061000100409,2019년 6월 10일 15시,월요일,대구광역시 서구 내당동,경상사고,0,0,1,0,차대사람 - 횡단중,보행자보호의무위반,건조,맑음,교차로 - 교차로안,승용,남,19세,상해없음,보행자,여,52세,경상
2019061000100410,2019년 6월 10일 15시,월요일,대구광역시 중구 봉산동,경상사고,0,0,2,0,차대차 - 측면충돌,안전운전불이행,건조,맑음,단일로 - 기타,승용,남,64세,상해없음,승용,여,59세,경상
2019061000100445,2019년 6월 10일 16시,월요일,대구광역시 동구 용계동,경상사고,0,0,1,0,차대차 - 추돌,안전운전불이행,건조,맑음,단일로 - 기타,승용,남,63세,상해없음,승용,남,59세,경상
2019061000100446,2019년 6월 10일 16시,월요일,대구광역시 북구 노원동2가,경상사고,0,0,1,0,차대차 - 기타,안전운전불이행,건조,맑음,교차로 - 교차로안,승용,남,45세,상해없음,원동기,남,53세,경상
2019061000100482,2019년 6월 10일 17시,월요일,대구광역시 남구 대명동,경상사고,0,0,1,0,차대차 - 측면충돌,교차로운행방법위반,건조,맑음,교차로 - 교차로안,승용,남,55세,상해없음,이륜,남,47세,경상
2019061000100483,2019년 6월 10일 17시,월요일,대구광역시 달서구 성당동,경상사고,0,0,1,0,차대차 - 정면충돌,안전운전불이행,건조,맑음,교차로 - 교차로부근,승용,여,60세,상해없음,승용,남,47세,경상
2019061000100537,2019년 6월 10일 18시,월요일,대구광역시 수성구 범어동,경상사고,0,0,1,0,차대차 - 측면충돌,안전운전불이행,건조,맑음,단일로 - 기타,승용,여,50세,상해없음,이륜,남,38세,경상
2019061000100538,2019년 6월 10일 18시,월요일,대구광역시 달성군 화원읍,경상사고,0,0,1,0,차대사람 - 기타,안전운전불이행,건조,맑음,기타 - 기타,승용,남,54세,상해없음,보행자,여,6세,경상
2019061000100539,2019년 6월 10일 18시,월요일,대구광역시 북구 서변동,경상사고,0,0,1,0,차대차 - 추돌,안전운전불이행,건조,맑음,단일로 - 기타,승용,남,43세,상해없음,승용,여,41세,경상
2019061000100567,2019년 6월 10일 19시,월요일,대구광역시 동구 불로동,경상사고,0,0,2,0,차대차 - 정면충돌,교차로운행방법위반,건조,맑음,교차로 - 교차로안,승용,여,41세,경상,화물,여,63세,경상
2019061000100568,2019년 6월 10일 19시,월요일,대구광역시 북구 산격동,중상사고,0,3,0,0,차대차 - 측면충돌,신호위반,건조,맑음,교차로 - 교차로안,승용,남,35세,상해없음,승합,여,38세,중상
2019061000100594,2019년 6월 10일 20시,월요일,대구광역시 달서구 월성동,경상사고,0,0,1,0,차대차 - 측면충돌,안전운전불이행,건조,맑음,단일로 - 기타,승용,남,28세,상해없음,이륜,남,40세,경상
2019061000100595,2019년 6월 10일 20시,월요일,대구광역시 중구 동인동2가,경상사고,0,0,1,0,차대차 - 측면충돌,직진우회전진행방해,건조,맑음,교차로 - 교차로안,승용,남,33세,상해없음,자전거,남,48세,경상
2019061000100596,2019년 6월 10일 20시,월요일,대구광역시 달서구 감삼동,경상사고,0,0,3,0,차대차 - 측면충돌,교차로운행방법위반,건조,맑음,교차로 - 교차로안,승용,남,21세,상해없음,승용,여,37세,경상
2019061000100620,2019년 6월 10일 21시,월요일,대구광역시 북구 구암동,경상사고,0,0,2,0,차대차 - 기타,안전운전불이행,건조,맑음,단일로 - 기타,승용,남,55세,상해없음,승용,남,36세,경상
2019061000100645,2019년 6월 10일 22시,월요일,대구광역시 북구 산격동,경상사고,0,0,1,0,차대차 - 측면충돌,안전운전불이행,건조,맑음,교차로 - 교차로안,승용,여,36세,상해없음,승용,남,63세,경상
2019061000100662,2019년 6월 10일 23시,월요일,대구광역시 달서구 본리동,경상사고,0,0,1,0,차대사람 - 기타,안전운전불이행,건조,맑음,교차로 - 교차로안,승용,남,65세,상해없음,보행자,남,31세,경상
2019061100100041,2019년 6월 11일 00시,화요일,대구광역시 수성구 사월동,경상사고,0,0,3,0,차대차 - 기타,교차로운행방법위반,건조,맑음,교차로 - 교차로안,승용,남,24세,경상,승용,여,20세,경상
2019061100100042,2019년 6월 11일 00시,화요일,대구광역시 북구 침산동,경상사고,0,0,2,0,차대차 - 측면충돌,안전거리미확보,건조,맑음,단일로 - 기타,승용,남,59세,상해없음,승용,남,24세,경상
2019061100100071,2019년 6월 11일 05시,화요일,대구광역시 중구 대신동,사망사고,1,0,0,0,차대차 - 측면충돌,안전운전불이행,건조,맑음,교차로 - 교차로횡단보도내,화물,남,41세,상해없음,자전거,남,62세,사망
2019061100100085,2019년 6월 11일 06시,화요일,대구광역시 달서구 죽전동,경상사고,0,0,1,0,차대차 - 측면충돌,교차로운행방법위반,건조,맑음,교차로 - 교차로부근,화물,남,56세,기타불명,승용,남,47세,경상
2019061100100161,2019년 6월 11일 08시,화요일,대구광역시 동구 지묘동,중상사고,0,1,0,0,차대차 - 측면충돌,안전운전불이행,건조,맑음,기타 - 기타,화물,남,58세,상해없음,이륜,남,73세,중상
2019061100100162,2019년 6월 11일 08시,화요일,대구광역시 동구 각산동,중상사고,0,1,0,0,차대차 - 측면충돌,안전운전불이행,건조,맑음,교차로 - 교차로안,승용,여,45세,상해없음,이륜,남,79세,중상
2019061100100163,2019년 6월 11일 08시,화요일,대구광역시 동구 지저동,중상사고,0,1,0,0,차대사람 - 길가장자리구역통행중,안전운전불이행,건조,맑음,단일로 - 기타,승용,여,63세,상해없음,보행자,여,8세,중상
2019061100100164,2019년 6월 11일 08시,화요일,대구광역시 동구 신천동,경상사고,0,0,1,0,차대차 - 추돌,안전운전불이행,건조,맑음,단일로 - 기타,승용,여,44세,상해없음,승용,여,55세,경상
2019061100100203,2019년 6월 11일 09시,화요일,대구광역시 서구 평리동,중상사고,0,1,0,0,차대사람 - 기타,안전운전불이행,건조,맑음,단일로 - 기타,승용,남,48세,상해없음,보행자,여,72세,중상
2019061100100204,2019년 6월 11일 09시,화요일,대구광역시 서구 내당동,경상사고,0,0,1,0,차대차 - 측면충돌,중앙선침범,건조,맑음,단일로 - 기타,이륜,남,60세,경상,승용,남,60세,상해없음
2019061100100205,2019년 6월 11일 09시,화요일,대구광역시 서구 비산동,경상사고,0,0,1,0,차대차 - 측면충돌,안전운전불이행,건조,맑음,교차로 - 교차로부근,승용,남,58세,상해없음,승용,남,65세,상해없음
2019061100100225,2019년 6월 11일 10시,화요일,대구광역시 동구 신암동,부상신고사고,0,0,0,1,차대차 - 측면충돌,안전거리미확보,건조,맑음,교차로 - 교차로안,원동기,남,79세,부상신고,승용,남,44세,상해없음
2019061100100226,2019년 6월 11일 10시,화요일,대구광역시 달서구 장기동,경상사고,0,0,1,0,차대차 - 측면충돌,안전거리미확보,건조,맑음,교차로 - 교차로안,건설기계,남,54세,상해없음,승용,남,47세,경상
2019061100100259,2019년 6월 11일 11시,화요일,대구광역시 달서구 송현동,경상사고,0,0,1,0,차대차 - 기타,안전운전불이행,건조,맑음,단일로 - 기타,이륜,남,38세,경상,화물,남,57세,상해없음
2019061100100260,2019년 6월 11일 11시,화요일,대구광역시 북구 읍내동,경상사고,0,0,1,0,차대차 - 추돌,안전운전불이행,건조,맑음,단일로 - 기타,승용,남,67세,상해없음,승용,남,22세,경상
2019061100100327,2019년 6월 11일 13시,화요일,대구광역시 동구 지저동,중상사고,0,2,0,0,차대차 - 추돌,안전거리미확보,건조,맑음,단일로 - 기타,이륜,남,42세,중상,승용,남,46세,중상
2019061100100328,2019년 6월 11일 13시,화요일,대구광역시 북구 대현동,경상사고,0,0,6,0,차대차 - 측면충돌,안전운전불이행,건조,맑음,교차로 - 교차로부근,승용,남,19세,경상,승용,남,32세,경상
2019061100100329,2019년 6월 11일 13시,화요일,대구광역시 북구 침산동,중상사고,0,1,0,0,차대차 - 측면충돌,안전운전불이행,건조,맑음,단일로 - 기타,승용,남,72세,상해없음,자전거,여,62세,중상
2019061100100364,2019년 6월 11일 14시,화요일,대구광역시 달서구 송현동,중상사고,0,1,0,0,차대사람 - 횡단중,보행자보호의무위반,건조,맑음,교차로 - 교차로횡단보도내,화물,남,67세,상해없음,보행자,여,62세,중상
2019061100100365,2019년 6월 11일 14시,화요일,대구광역시 달서구 송현동,경상사고,0,0,1,0,차대차 - 추돌,안전운전불이행,건조,맑음,단일로 - 기타,승용,남,46세,상해없음,승용,여,32세,경상
2019061100100396,2019년 6월 11일 15시,화요일,대구광역시 동구 신천동,경상사고,0,0,2,1,차대차 - 측면충돌,안전거리미확보,건조,맑음,단일로 - 기타,승용,여,50세,부상신고,이륜,남,19세,경상
2019061100100397,2019년 6월 11일 15시,화요일,대구광역시 수성구 범어동,경상사고,0,0,1,0,차대차 - 추돌,안전운전불이행,건조,맑음,교차로 - 교차로부근,승용,남,25세,상해없음,승용,여,63세,경상
2019061100100398,2019년 6월 11일 15시,화요일,대구광역시 북구 구암동,경상사고,0,0,1,0,차대차 - 기타,교차로운행방법위반,건조,맑음,교차로 - 교차로안,승용,남,52세,상해없음,자전거,남,11세,경상
2019061100100464,2019년 6월 11일 17시,화요일,대구광역시 서구 비산동,중상사고,0,1,0,0,차대차 - 추돌,안전운전불이행,건조,맑음,단일로 - 기타,화물,남,61세,상해없음,승용,여,44세,중상
2019061100100465,2019년 6월 11일 17시,화요일,대구광역시 중구 삼덕동2가,경상사고,0,0,1,0,차대차 - 측면충돌,안전운전불이행,건조,맑음,교차로 - 교차로안,자전거,여,29세,경상,승용,남,41세,상해없음
2019061100100503,2019년 6월 11일 18시,화요일,대구광역시 수성구 가천동,경상사고,0,0,4,0,차대차 - 추돌,안전운전불이행,건조,맑음,단일로 - 기타,화물,남,39세,상해없음,승합,남,43세,상해없음
2019061100100504,2019년 6월 11일 18시,화요일,대구광역시 남구 대명동,경상사고,0,0,1,0,차대사람 - 차도통행중,안전운전불이행,건조,맑음,단일로 - 지하차도(도로)내,승용,여,52세,상해없음,보행자,여,47세,경상