사고번호,사고일시,요일,시군구,사고내용,사망자수,중상자수,경상자수,부상신고자수,사고유형,법규위반,노면상태,기상상태,도로형태,가해운전자 차종,가해운전자 성별,가해운전자 연령,가해운전자 상해정도,피해운전자 차종,피해운전자 성별,피해운전자 연령,피해운전자 상해정도
2019061100100505,2019년 6월 11일 18시,화요일,대구광역시 동구 신천동,중상사고,0,1,0,0,차대차 - 기타,교차로운행방법위반,건조,맑음,교차로 - 교차로안,승용,여,55세,상해없음,이륜,남,48세,중상
2019061100100506,2019년 6월 11일 18시,화요일,대구광역시 동구 효목동,경상사고,0,0,1,0,차대차 - 측면충돌,안전운전불이행,건조,맑음,단일로 - 기타,승용,남,26세,상해없음,이륜,남,28세,경상
2019061100100507,2019년 6월 11일 18시,화요일,대구광역시 달성군 화원읍,경상사고,0,0,1,0,차대차 - 기타,안전운전불이행,건조,맑음,단일로 - 기타,화물,남,54세,상해없음,승용,여,30세,경상
2019061100100508,2019년 6월 11일 18시,화요일,대구광역시 북구 침산동,중상사고,0,1,0,0,차대차 - 측면충돌,안전운전불이행,건조,맑음,단일로 - 지하차도(도로)내,승용,남,35세,상해없음,자전거,여,68세,중상
2019061100100509,2019년 6월 11일 18시,화요일,대구광역시 북구 국우동,경상사고,0,0,1,0,차대차 - 측면충돌,신호위반,건조,맑음,교차로 - 교차로횡단보도내,승용,여,52세,상해없음,자전거,남,62세,경상
2019061100100537,2019년 6월 11일 19시,화요일,대구광역시 달서구 상인동,경상사고,0,0,1,0,차대사람 - 횡단중,보행자보호의무위반,건조,맑음,교차로 - 교차로부근,승용,여,46세,상해없음,보행자,여,7세,경상
2019061100100538,2019년 6월 11일 19시,화요일,대구광역시 달서구 유천동,경상사고,0,0,1,0,차대차 - 기타,교차로운행방법위반,건조,맑음,교차로 - 교차로안,승용,여,53세,상해없음,승합,남,50세,상해없음
2019061100100539,2019년 6월 11일 19시,화요일,대구광역시 서구 평리동,경상사고,0,0,1,0,차대차 - 후진중충돌,안전운전불이행,건조,맑음,교차로 - 교차로부근,승용,여,47세,상해없음,승용,여,26세,경상
2019061100100570,2019년 6월 11일 20시,화요일,대구광역시 달서구 진천동,경상사고,0,0,2,0,차대차 - 측면충돌,교차로운행방법위반,건조,맑음,교차로 - 교차로안,화물,남,35세,상해없음,승용,여,34세,경상
2019061100100571,2019년 6월 11일 20시,화요일,대구광역시 달서구 송현동,중상사고,0,3,1,0,차대차 - 기타,안전거리미확보,건조,맑음,교차로 - 교차로부근,승용,남,65세,상해없음,승합,남,30세,상해없음
2019061100100572,2019년 6월 11일 20시,화요일,대구광역시 달성군 유가읍,중상사고,0,1,0,0,차대차 - 기타,중앙선침범,건조,맑음,기타 - 기타,승용,남,51세,상해없음,이륜,남,23세,중상
2019061100100573,2019년 6월 11일 20시,화요일,대구광역시 달서구 두류동,경상사고,0,0,1,0,차대차 - 측면충돌,안전운전불이행,건조,맑음,교차로 - 교차로부근,이륜,남,33세,상해없음,자전거,남,61세,경상
2019061100100574,2019년 6월 11일 20시,화요일,대구광역시 북구 읍내동,중상사고,0,1,2,0,차대차 - 추돌,안전거리미확보,건조,맑음,단일로 - 기타,승용,남,34세,상해없음,승용,남,32세,중상
2019061100100597,2019년 6월 11일 21시,화요일,대구광역시 수성구 신매동,부상신고사고,0,0,0,1,차대차 - 추돌,기타,건조,맑음,교차로 - 교차로부근,이륜,남,33세,부상신고,승용,남,44세,상해없음
2019061100100623,2019년 6월 11일 22시,화요일,대구광역시 수성구 두산동,경상사고,0,0,1,0,차대차 - 추돌,안전운전불이행,건조,맑음,교차로 - 교차로부근,승용,남,37세,상해없음,승용,남,37세,경상
2019061100100624,2019년 6월 11일 22시,화요일,대구광역시 수성구 두산동,경상사고,0,0,3,0,차대차 - 추돌,안전운전불이행,건조,맑음,단일로 - 기타,승용,남,38세,상해없음,승용,남,49세,상해없음
2019061100100625,2019년 6월 11일 22시,화요일,대구광역시 수성구 만촌동,중상사고,0,2,0,0,차대차 - 측면충돌,불법유턴,건조,맑음,교차로 - 교차로부근,승용,남,60세,기타불명,승용,남,24세,중상
2019061100100643,2019년 6월 11일 23시,화요일,대구광역시 달서구 성당동,중상사고,0,1,0,0,차대사람 - 횡단중,안전운전불이행,건조,맑음,교차로 - 교차로횡단보도내,승용,남,32세,상해없음,보행자,남,21세,중상
2019061200100031,2019년 6월 12일 00시,수요일,대구광역시 달서구 성당동,경상사고,0,0,3,0,차대차 - 기타,신호위반,건조,맑음,단일로 - 기타,승용,여,31세,상해없음,승용,여,58세,경상
2019061200100032,2019년 6월 12일 00시,수요일,대구광역시 북구 팔달동,경상사고,0,0,1,0,차량단독 - 전도전복 - 전도,안전운전불이행,건조,맑음,기타 - 기타,원동기,남,52세,경상,,,,
2019061200100045,2019년 6월 12일 01시,수요일,대구광역시 중구 대신동,경상사고,0,0,1,0,차대사람 - 기타,안전운전불이행,건조,맑음,단일로 - 기타,승용,여,45세,상해없음,보행자,여,20세,경상
2019061200100070,2019년 6월 12일 05시,수요일,대구광역시 서구 평리동,부상신고사고,0,0,0,1,차대차 - 기타,안전운전불이행,건조,맑음,단일로 - 기타,기타불명,기타불명,미분류,기타불명,자전거,여,63세,부상신고
2019061200100079,2019년 6월 12일 06시,수요일,대구광역시 북구 고성동2가,중상사고,0,1,0,0,차대차 - 정면충돌,신호위반,건조,맑음,교차로 - 교차로횡단보도내,승용,남,30세,상해없음,자전거,남,74세,중상
2019061200100098,2019년 6월 12일 07시,수요일,대구광역시 북구 침산동,경상사고,0,0,1,0,차대차 - 기타,신호위반,건조,맑음,교차로 - 교차로안,화물,남,55세,상해없음,원동기,남,51세,경상
2019061200100142,2019년 6월 12일 08시,수요일,대구광역시 남구 대명동,경상사고,0,0,1,0,차대차 - 측면충돌,안전운전불이행,건조,맑음,단일로 - 기타,화물,남,49세,상해없음,승용,남,32세,경상
2019061200100143,2019년 6월 12일 08시,수요일,대구광역시 수성구 만촌동,경상사고,0,0,1,0,차대차 - 기타,안전거리미확보,건조,맑음,단일로 - 기타,승용,남,29세,상해없음,승용,여,46세,경상
2019061200100144,2019년 6월 12일 08시,수요일,대구광역시 달서구 신당동,경상사고,0,0,1,0,차대차 - 측면충돌,안전운전불이행,건조,맑음,교차로 - 교차로부근,승용,남,53세,상해없음,승용,남,29세,경상
2019061200100177,2019년 6월 12일 09시,수요일,대구광역시 수성구 수성동1가,경상사고,0,0,1,0,차대차 - 기타,안전운전불이행,건조,맑음,단일로 - 기타,승용,남,44세,상해없음,승용,남,59세,경상
2019061200100207,2019년 6월 12일 10시,수요일,대구광역시 달서구 상인동,경상사고,0,0,2,0,차대차 - 측면충돌,안전거리미확보,건조,맑음,단일로 - 기타,승용,여,64세,상해없음,이륜,남,17세,경상
2019061200100208,2019년 6월 12일 10시,수요일,대구광역시 달서구 도원동,경상사고,0,0,1,0,차대차 - 추돌,안전운전불이행,건조,맑음,단일로 - 기타,승용,남,37세,상해없음,승용,여,58세,경상
2019061200100209,2019년 6월 12일 10시,수요일,대구광역시 서구 내당동,중상사고,0,2,2,0,차대차 - 추돌,안전거리미확보,건조,맑음,교차로 - 교차로부근,승용,여,34세,상해없음,승용,여,47세,중상
2019061200100210,2019년 6월 12일 10시,수요일,대구광역시 달서구 이곡동,경상사고,0,0,1,0,차대차 - 기타,안전운전불이행,건조,맑음,교차로 - 교차로부근,승용,여,67세,상해없음,화물,남,70세,경상
2019061200100211,2019년 6월 12일 10시,수요일,대구광역시 달서구 두류동,경상사고,0,0,1,0,차대차 - 기타,안전거리미확보,건조,맑음,단일로 - 기타,승용,남,69세,상해없음,승합,남,32세,상해없음
2019061200100246,2019년 6월 12일 11시,수요일,대구광역시 동구 신서동,경상사고,0,0,1,0,차대차 - 측면충돌,안전운전불이행,건조,맑음,단일로 - 기타,자전거,여,32세,경상,승용,여,30세,상해없음
2019061200100247,2019년 6월 12일 11시,수요일,대구광역시 달서구 상인동,경상사고,0,0,2,0,차대차 - 측면충돌,안전운전불이행,건조,맑음,교차로 - 교차로안,화물,남,35세,상해없음,승용,남,71세,경상
2019061200100248,2019년 6월 12일 11시,수요일,대구광역시 달성군 다사읍,경상사고,0,0,1,0,차대사람 - 횡단중,보행자보호의무위반,건조,맑음,단일로 - 기타,화물,남,45세,상해없음,보행자,여,78세,경상
2019061200100249,2019년 6월 12일 11시,수요일,대구광역시 서구 이현동,경상사고,0,0,1,0,차대차 - 측면충돌,안전운전불이행,건조,맑음,교차로 - 교차로부근,기타불명,기타불명,미분류,기타불명,승용,여,51세,경상
2019061200100250,2019년 6월 12일 11시,수요일,대구광역시 달서구 두류동,경상사고,0,0,2,0,차대차 - 측면충돌,안전운전불이행,건조,맑음,교차로 - 교차로안,건설기계,남,63세,상해없음,승용,남,44세,경상
2019061200100277,2019년 6월 12일 12시,수요일,대구광역시 수성구 상동,중상사고,0,2,1,0,차대차 - 측면충돌,안전운전불이행,건조,맑음,단일로 - 기타,화물,남,72세,상해없음,승용,여,64세,경상
2019061200100278,2019년 6월 12일 12시,수요일,대구광역시 북구 동호동,경상사고,0,0,2,0,차대차 - 측면충돌,안전운전불이행,건조,맑음,단일로 - 기타,이륜,남,39세,경상,승용,여,38세,경상
2019061200100307,2019년 6월 12일 13시,수요일,대구광역시 남구 대명동,경상사고,0,0,2,0,차대차 - 추돌,안전거리미확보,건조,맑음,교차로 - 교차로부근,승용,남,43세,상해없음,승용,여,50세,경상
2019061200100372,2019년 6월 12일 15시,수요일,대구광역시 동구 입석동,부상신고사고,0,0,0,1,차대차 - 기타,안전운전불이행,건조,맑음,교차로 - 교차로안,자전거,남,73세,부상신고,승용,여,29세,상해없음
2019061200100436,2019년 6월 12일 17시,수요일,대구광역시 남구 대명동,경상사고,0,0,1,0,차대차 - 추돌,안전운전불이행,건조,맑음,단일로 - 기타,화물,남,43세,상해없음,승용,여,60세,경상
2019061200100437,2019년 6월 12일 17시,수요일,대구광역시 서구 평리동,부상신고사고,0,0,0,1,차대차 - 측면충돌,안전운전불이행,건조,맑음,단일로 - 기타,자전거,남,80세,부상신고,승용,남,26세,상해없음
2019061200100438,2019년 6월 12일 17시,수요일,대구광역시 중구 남일동,경상사고,0,0,3,0,차대차 - 기타,중앙선침범,건조,맑음,단일로 - 기타,승용,남,35세,상해없음,승합,남,47세,상해없음
2019061200100487,2019년 6월 12일 18시,수요일,대구광역시 달서구 감삼동,경상사고,0,0,3,0,차대차 - 측면충돌,안전거리미확보,건조,맑음,단일로 - 기타,승용,남,18세,경상,승용,남,65세,경상
2019061200100520,2019년 6월 12일 19시,수요일,대구광역시 북구 산격동,경상사고,0,0,4,0,차대차 - 측면충돌,안전운전불이행,건조,맑음,교차로 - 교차로부근,승용,여,41세,상해없음,승용,남,24세,경상
2019061200100521,2019년 6월 12일 19시,수요일,대구광역시 북구 태전동,중상사고,0,1,1,0,차대차 - 측면충돌,안전운전불이행,건조,맑음,단일로 - 기타,자전거,여,48세,중상,승용,여,41세,경상
2019061200100550,2019년 6월 12일 20시,수요일,대구광역시 달서구 송현동,경상사고,0,0,1,0,차대차 - 기타,안전운전불이행,건조,맑음,단일로 - 기타,승용,남,42세,상해없음,자전거,남,9세,경상
2019061200100551,2019년 6월 12일 20시,수요일,대구광역시 달성군 현풍읍,경상사고,0,0,1,0,차대차 - 추돌,신호위반,건조,맑음,교차로 - 교차로안,승용,남,49세,상해없음,이륜,남,34세,경상
2019061200100552,2019년 6월 12일 20시,수요일,대구광역시 중구 동성로2가,중상사고,0,1,0,0,차대사람 - 기타,안전운전불이행,건조,맑음,교차로 - 교차로부근,승용,남,20세,상해없음,보행자,여,64세,중상
2019061200100553,2019년 6월 12일 20시,수요일,대구광역시 달서구 용산동,경상사고,0,0,1,0,차대차 - 측면충돌,신호위반,건조,맑음,단일로 - 기타,승용,남,56세,상해없음,승용,여,58세,경상
2019061200100579,2019년 6월 12일 21시,수요일,대구광역시 달서구 이곡동,경상사고,0,0,1,0,차대차 - 추돌,안전운전불이행,건조,맑음,교차로 - 교차로부근,승용,남,72세,상해없음,승용,여,48세,경상
2019061200100631,2019년 6월 12일 23시,수요일,대구광역시 수성구 황금동,경상사고,0,0,1,0,차대사람 - 횡단중,안전운전불이행,건조,맑음,단일로 - 기타,승용,남,37세,상해없음,보행자,남,43세,경상
2019061200100632,2019년 6월 12일 23시,수요일,대구광역시 달서구 이곡동,경상사고,0,0,1,0,차대차 - 후진중충돌,안전운전불이행,건조,맑음,단일로 - 기타,승용,여,47세,상해없음,이륜,남,25세,경상
2019061300100030,2019년 6월 13일 00시,목요일,대구광역시 동구 효목동,경상사고,0,0,1,0,차대차 - 측면충돌,안전운전불이행,건조,맑음,교차로 - 교차로안,승용,남,48세,상해없음,승합,남,51세,경상
2019061300100031,2019년 6월 13일 00시,목요일,대구광역시 달서구 장기동,경상사고,0,0,2,0,차대차 - 추돌,안전거리미확보,건조,맑음,교차로 - 교차로횡단보도내,승용,남,32세,상해없음,승용,여,50세,경상
2019061300100043,2019년 6월 13일 01시,목요일,대구광역시 수성구 중동,경상사고,0,0,1,0,차대차 - 측면충돌,안전운전불이행,건조,맑음,단일로 - 기타,이륜,남,20세,상해없음,승용,남,32세,경상
2019061300100049,2019년 6월 13일 02시,목요일,대구광역시 중구 대신동,경상사고,0,0,1,0,차대차 - 정면충돌,신호위반,건조,맑음,교차로 - 교차로안,승용,남,61세,상해없음,승용,남,29세,경상
2019061300100093,2019년 6월 13일 07시,목요일,대구광역시 동구 동호동,경상사고,0,0,2,0,차대차 - 추돌,안전운전불이행,건조,맑음,교차로 - 교차로부근,승용,여,27세,상해없음,승용,남,59세,경상
2019061300100094,2019년 6월 13일 07시,목요일,대구광역시 북구 복현동,경상사고,0,0,3,0,차대차 - 측면충돌,직진우회전진행방해,건조,맑음,교차로 - 교차로안,승용,여,70세,경상,화물,남,54세,경상
2019061300100148,2019년 6월 13일 08시,목요일,대구광역시 동구 신암동,경상사고,0,0,1,0,차대차 - 기타,중앙선침범,건조,맑음,기타 - 기타,자전거,남,21세,경상,승합,남,51세,상해없음
2019061300100149,2019년 6월 13일 08시,목요일,대구광역시 수성구 범어동,경상사고,0,0,1,0,차대차 - 기타,안전거리미확보,건조,맑음,단일로 - 기타,승용,남,25세,상해없음,승용,남,39세,경상
2019061300100150,2019년 6월 13일 08시,목요일,대구광역시 달서구 본동,경상사고,0,0,1,0,차대차 - 측면충돌,안전운전불이행,건조,맑음,단일로 - 기타,승용,남,69세,상해없음,자전거,남,25세,경상
2019061300100151,2019년 6월 13일 08시,목요일,대구광역시 달성군 다사읍,부상신고사고,0,0,0,2,차대차 - 기타,교차로운행방법위반,건조,맑음,교차로 - 교차로부근,승용,여,34세,부상신고,승용,남,30세,부상신고
2019061300100152,2019년 6월 13일 08시,목요일,대구광역시 달서구 장동,경상사고,0,0,5,0,차대차 - 추돌,안전운전불이행,건조,맑음,단일로 - 기타,화물,남,56세,상해없음,승합,남,48세,경상
2019061300100185,2019년 6월 13일 09시,목요일,대구광역시 동구 효목동,경상사고,0,0,2,0,차대차 - 측면충돌,차로위반,건조,맑음,단일로 - 기타,승용,남,75세,상해없음,승용,남,38세,경상
2019061300100280,2019년 6월 13일 12시,목요일,대구광역시 수성구 중동,경상사고,0,0,1,1,차대차 - 측면충돌,신호위반,건조,맑음,교차로 - 교차로부근,승용,여,48세,부상신고,승용,남,55세,경상
2019061300100281,2019년 6월 13일 12시,목요일,대구광역시 수성구 두산동,중상사고,0,1,0,0,차대사람 - 기타,안전운전불이행,건조,맑음,기타 - 기타,승합,남,60세,상해없음,보행자,여,76세,중상
2019061300100282,2019년 6월 13일 12시,목요일,대구광역시 달성군 현풍읍,경상사고,0,0,1,0,차대차 - 기타,안전거리미확보,건조,맑음,단일로 - 기타,승용,남,62세,상해없음,화물,남,52세,경상
2019061300100283,2019년 6월 13일 12시,목요일,대구광역시 달서구 용산동,경상사고,0,0,1,0,차대사람 - 횡단중,신호위반,건조,맑음,단일로 - 기타,이륜,남,25세,상해없음,보행자,여,46세,경상
2019061300100308,2019년 6월 13일 13시,목요일,대구광역시 남구 대명동,중상사고,0,1,3,0,차대차 - 측면충돌,교차로운행방법위반,건조,맑음,교차로 - 교차로안,승용,남,46세,경상,승용,남,56세,경상
2019061300100309,2019년 6월 13일 13시,목요일,대구광역시 동구 동호동,중상사고,0,1,0,0,차대차 - 측면충돌,교차로운행방법위반,건조,맑음,교차로 - 교차로안,특수,남,45세,상해없음,자전거,남,59세,중상
2019061300100310,2019년 6월 13일 13시,목요일,대구광역시 달서구 상인동,경상사고,0,0,1,0,차대차 - 측면충돌,안전운전불이행,건조,맑음,교차로 - 교차로안,승용,남,51세,상해없음,승용,남,58세,상해없음
2019061300100311,2019년 6월 13일 13시,목요일,대구광역시 중구 태평로2가,중상사고,0,1,1,0,차대차 - 측면충돌,안전거리미확보,건조,맑음,단일로 - 기타,승용,남,66세,상해없음,승용,여,42세,경상
2019061300100337,2019년 6월 13일 14시,목요일,대구광역시 북구 노원동3가,중상사고,0,1,3,0,차대차 - 추돌,안전운전불이행,건조,맑음,단일로 - 교량,화물,남,57세,상해없음,승용,남,52세,경상
2019061300100338,2019년 6월 13일 14시,목요일,대구광역시 북구 태전동,경상사고,0,0,1,0,차대차 - 측면충돌,안전운전불이행,건조,맑음,교차로 - 교차로안,승용,남,26세,상해없음,화물,남,70세,경상
2019061300100375,2019년 6월 13일 15시,목요일,대구광역시 동구 불로동,경상사고,0,0,1,0,차대차 - 기타,안전거리미확보,건조,맑음,단일로 - 기타,승용,여,31세,상해없음,이륜,남,19세,경상
2019061300100376,2019년 6월 13일 15시,목요일,대구광역시 서구 비산동,경상사고,0,0,3,0,차대차 - 측면충돌,안전운전불이행,건조,맑음,단일로 - 기타,승용,남,79세,상해없음,승용,여,35세,경상
2019061300100377,2019년 6월 13일 15시,목요일,대구광역시 중구 동인동3가,경상사고,0,0,1,1,차대차 - 측면충돌,안전거리미확보,건조,맑음,단일로 - 기타,승용,남,53세,부상신고,승용,남,66세,경상
2019061300100414,2019년 6월 13일 16시,목요일,대구광역시 달서구 용산동,경상사고,0,0,2,0,차대차 - 측면충돌,안전운전불이행,건조,맑음,단일로 - 기타,승용,남,40세,상해없음,승용,남,29세,경상
2019061300100457,2019년 6월 13일 17시,목요일,대구광역시 수성구 범어동,경상사고,0,0,1,0,차대차 - 추돌,안전운전불이행,건조,맑음,단일로 - 기타,화물,남,28세,상해없음,승용,남,51세,경상
2019061300100458,2019년 6월 13일 17시,목요일,대구광역시 북구 팔달동,경상사고,0,0,1,0,차대차 - 기타,안전운전불이행,건조,맑음,단일로 - 기타,승용,남,44세,상해없음,승용,남,24세,경상
2019061300100499,2019년 6월 13일 18시,목요일,대구광역시 수성구 상동,경상사고,0,0,1,0,차대차 - 추돌,안전운전불이행,건조,맑음,단일로 - 기타,승용,남,28세,상해없음,승용,여,50세,경상
2019061300100528,2019년 6월 13일 19시,목요일,대구광역시 북구 노원동2가,중상사고,0,1,0,0,차량단독 - 기타,안전거리미확보,건조,맑음,단일로 - 기타,승합,남,51세,상해없음,,,,
2019061300100571,2019년 6월 13일 20시,목요일,대구광역시 동구 입석동,중상사고,0,1,0,0,차대차 - 측면충돌,교차로운행방법위반,건조,맑음,교차로 - 교차로안,승용,남,59세,상해없음,자전거,남,62세,중상
2019061300100572,2019년 6월 13일 20시,목요일,대구광역시 달서구 감삼동,부상신고사고,0,0,0,1,차대차 - 측면충돌,교차로운행방법위반,건조,흐림,교차로 - 교차로안,승용,남,59세,상해없음,이륜,남,18세,부상신고
2019061300100598,2019년 6월 13일 21시,목요일,대구광역시 북구 노원동3가,부상신고사고,0,0,0,1,차대차 - 측면충돌,안전운전불이행,건조,맑음,교차로 - 교차로부근,승용,남,52세,상해없음,자전거,남,57세,부상신고
2019061300100618,2019년 6월 13일 22시,목요일,대구광역시 동구 율하동,경상사고,0,0,1,0,차대사람 - 횡단중,안전운전불이행,건조,맑음,교차로 - 교차로안,승용,남,65세,상해없음,보행자,여,56세,경상
2019061300100630,2019년 6월 13일 23시,목요일,대구광역시 수성구 연호동,경상사고,0,0,2,0,차대차 - 추돌,안전운전불이행,건조,맑음,교차로 - 교차로부근,승용,남,45세,상해없음,승용,남,28세,경상
2019061400100038,2019년 6월 14일 00시,금요일,대구광역시 동구 신암동,부상신고사고,0,0,0,1,차대차 - 추돌,안전운전불이행,건조,맑음,단일로 - 기타,원동기,남,17세,부상신고,화물,남,63세,상해없음
2019061400100039,2019년 6월 14일 00시,금요일,대구광역시 달서구 두류동,경상사고,0,0,1,0,차대차 - 측면충돌,안전운전불이행,건조,맑음,단일로 - 기타,승용,남,52세,상해없음,승용,남,49세,경상
2019061400100060,2019년 6월 14일 02시,금요일,대구광역시 달서구 신당동,중상사고,0,1,0,0,차대사람 - 횡단중,안전운전불이행,건조,흐림,교차로 - 교차로안,승용,남,47세,상해없음,보행자,남,36세,중상
2019061400100086,2019년 6월 14일 06시,금요일,대구광역시 달서구 신당동,부상신고사고,0,0,0,1,차대차 - 측면충돌,교차로운행방법위반,젖음/습기,비,교차로 - 교차로안,이륜,남,32세,부상신고,승합,남,46세,상해없음
2019061400100105,2019년 6월 14일 07시,금요일,대구광역시 동구 숙천동,경상사고,0,0,1,0,차대차 - 측면충돌,안전운전불이행,건조,맑음,단일로 - 기타,승용,남,23세,상해없음,승용,남,36세,경상
2019061400100106,2019년 6월 14일 07시,금요일,대구광역시 북구 대현동,경상사고,0,0,1,0,차대사람 - 횡단중,안전운전불이행,건조,맑음,단일로 - 기타,승용,여,46세,기타불명,보행자,여,90세 이상,경상
2019061400100107,2019년 6월 14일 07시,금요일,대구광역시 서구 평리동,경상사고,0,0,1,0,차대차 - 측면충돌,안전운전불이행,건조,맑음,단일로 - 기타,승합,남,39세,상해없음,승합,남,69세,경상
2019061400100108,2019년 6월 14일 07시,금요일,대구광역시 북구 구암동,중상사고,0,2,1,0,차대차 - 정면충돌,중앙선침범,건조,맑음,단일로 - 기타,승용,남,62세,경상,승합,여,47세,중상
2019061400100109,2019년 6월 14일 07시,금요일,대구광역시 북구 동호동,경상사고,0,0,1,0,차대차 - 측면충돌,안전거리미확보,건조,맑음,단일로 - 기타,승용,여,44세,기타불명,승용,남,54세,경상
2019061400100141,2019년 6월 14일 08시,금요일,대구광역시 동구 각산동,경상사고,0,0,1,0,차대차 - 측면충돌,교차로운행방법위반,건조,맑음,교차로 - 교차로안,승용,남,52세,상해없음,승용,남,52세,경상
2019061400100142,2019년 6월 14일 08시,금요일,대구광역시 수성구 지산동,중상사고,0,2,0,0,차대차 - 측면충돌,신호위반,건조,맑음,교차로 - 교차로안,화물,여,60세,중상,승용,남,70세,중상
2019061400100143,2019년 6월 14일 08시,금요일,대구광역시 달성군 옥포읍,중상사고,0,1,5,0,차대차 - 기타,안전거리미확보,건조,맑음,단일로 - 기타,승용,남,72세,경상,승용,여,44세,경상
2019061400100144,2019년 6월 14일 08시,금요일,대구광역시 북구 침산동,중상사고,0,1,0,0,차대차 - 기타,안전거리미확보,건조,맑음,교차로 - 교차로부근,승용,남,41세,상해없음,이륜,남,41세,중상
2019061400100145,2019년 6월 14일 08시,금요일,대구광역시 북구 칠성동1가,경상사고,0,0,1,0,차대차 - 측면충돌,안전거리미확보,건조,맑음,단일로 - 기타,승용,남,68세,상해없음,승용,남,49세,경상
2019061400100146,2019년 6월 14일 08시,금요일,대구광역시 달서구 성당동,중상사고,0,1,0,0,차대사람 - 횡단중,신호위반,건조,맑음,단일로 - 기타,승용,여,29세,상해없음,보행자,남,66세,중상
2019061400100147,2019년 6월 14일 08시,금요일,대구광역시 달서구 신당동,경상사고,0,0,1,0,차대차 - 기타,교차로운행방법위반,건조,맑음,교차로 - 교차로안,승용,남,31세,상해없음,승용,남,36세,경상
2019061400100148,2019년 6월 14일 08시,금요일,대구광역시 북구 읍내동,부상신고사고,0,0,0,1,차대사람 - 기타,안전운전불이행,건조,맑음,단일로 - 기타,기타불명,기타불명,미분류,기타불명,보행자,여,45세,부상신고
2019061400100181,2019년 6월 14일 09시,금요일,대구광역시 달서구 본리동,경상사고,0,0,1,0,차대차 - 기타,안전거리미확보,건조,맑음,단일로 - 기타,이륜,남,27세,상해없음,승용,남,57세,경상
2019061400100246,2019년 6월 14일 11시,금요일,대구광역시 남구 대명동,부상신고사고,0,0,0,1,차대차 - 후진중충돌,안전운전불이행,건조,맑음,단일로 - 기타,승용,남,48세,상해없음,승용,남,31세,부상신고
2019061400100247,2019년 6월 14일 11시,금요일,대구광역시 동구 신천동,경상사고,0,0,1,0,차대차 - 측면충돌,안전거리미확보,건조,맑음,기타 - 기타,이륜,남,28세,상해없음,승용,남,43세,경상
2019061400100248,2019년 6월 14일 11시,금요일,대구광역시 수성구 수성동3가,경상사고,0,0,1,0,차대차 - 후진중충돌,안전운전불이행,건조,맑음,단일로 - 기타,화물,남,39세,상해없음,이륜,남,75세,경상
2019061400100249,2019년 6월 14일 11시,금요일,대구광역시 수성구 두산동,중상사고,0,1,0,0,차대차 - 후진중충돌,안전운전불이행,건조,맑음,단일로 - 기타,승용,남,72세,상해없음,이륜,남,46세,중상
2019061400100250,2019년 6월 14일 11시,금요일,대구광역시 달성군 현풍읍,경상사고,0,0,1,0,차대차 - 기타,안전운전불이행,건조,맑음,교차로 - 교차로안,승용,여,37세,상해없음,승용,여,38세,경상
2019061400100283,2019년 6월 14일 12시,금요일,대구광역시 달서구 송현동,경상사고,0,0,1,0,차대차 - 기타,신호위반,건조,맑음,교차로 - 교차로안,승용,남,70세,상해없음,자전거,남,32세,경상
2019061400100284,2019년 6월 14일 12시,금요일,대구광역시 중구 동인동2가,부상신고사고,0,0,0,1,차대차 - 기타,차로위반,건조,맑음,단일로 - 기타,승용,남,53세,상해없음,이륜,남,27세,부상신고
2019061400100311,2019년 6월 14일 13시,금요일,대구광역시 북구 산격동,경상사고,0,0,1,0,차대차 - 측면충돌,교차로운행방법위반,건조,맑음,교차로 - 교차로안,승용,여,47세,상해없음,승용,남,51세,경상
2019061400100354,2019년 6월 14일 14시,금요일,대구광역시 달서구 성당동,중상사고,0,1,0,0,차대차 - 측면충돌,교차로운행방법위반,기타,맑음,교차로 - 교차로안,승용,여,52세,상해없음,이륜,남,27세,중상
2019061400100355,2019년 6월 14일 14시,금요일,대구광역시 북구 팔달동,경상사고,0,0,2,0,차대차 - 측면충돌,직진우회전진행방해,건조,맑음,교차로 - 교차로안,승용,여,50세,경상,승용,여,53세,경상
2019061400100389,2019년 6월 14일 15시,금요일,대구광역시 동구 신천동,중상사고,0,1,1,0,차대차 - 기타,기타,건조,맑음,단일로 - 기타,승용,남,60세,상해없음,이륜,남,46세,중상
2019061400100390,2019년 6월 14일 15시,금요일,대구광역시 중구 달성동,부상신고사고,0,0,0,1,차대차 - 측면충돌,신호위반,건조,맑음,교차로 - 교차로안,자전거,남,76세,부상신고,승용,남,46세,상해없음
2019061400100488,2019년 6월 14일 17시,금요일,대구광역시 동구 신천동,경상사고,0,0,1,0,차대차 - 측면충돌,안전거리미확보,건조,맑음,단일로 - 기타,승용,남,31세,상해없음,화물,남,58세,경상
2019061400100543,2019년 6월 14일 18시,금요일,대구광역시 동구 신암동,중상사고,0,1,0,0,차대차 - 측면충돌,안전운전불이행,건조,맑음,단일로 - 기타,승용,여,48세,상해없음,자전거,남,80세,중상
2019061400100578,2019년 6월 14일 19시,금요일,대구광역시 수성구 신매동,경상사고,0,0,1,0,차대사람 - 횡단중,보행자보호의무위반,젖음/습기,비,단일로 - 기타,승용,여,62세,상해없음,보행자,남,16세,경상