사고번호,사고일시,요일,시군구,사고내용,사망자수,중상자수,경상자수,부상신고자수,사고유형,법규위반,노면상태,기상상태,도로형태,가해운전자 차종,가해운전자 성별,가해운전자 연령,가해운전자 상해정도,피해운전자 차종,피해운전자 성별,피해운전자 연령,피해운전자 상해정도
2019062300100474,2019년 6월 23일 18시,일요일,대구광역시 달서구 장기동,경상사고,0,0,1,0,차대사람 - 기타,안전운전불이행,건조,맑음,주차장 - 주차장,승용,남,56세,상해없음,보행자,남,23세,경상
2019062300100501,2019년 6월 23일 19시,일요일,대구광역시 남구 봉덕동,경상사고,0,0,2,0,차대차 - 정면충돌,신호위반,건조,맑음,교차로 - 교차로안,승용,여,48세,경상,이륜,남,44세,경상
2019062300100502,2019년 6월 23일 19시,일요일,대구광역시 수성구 고모동,중상사고,0,1,0,0,차대차 - 측면충돌,안전운전불이행,건조,맑음,교차로 - 교차로안,승용,남,43세,상해없음,이륜,남,52세,중상
2019062300100503,2019년 6월 23일 19시,일요일,대구광역시 달서구 상인동,중상사고,0,1,1,0,차대차 - 측면충돌,안전거리미확보,건조,맑음,교차로 - 교차로부근,승용,남,54세,상해없음,승용,여,59세,중상
2019062300100504,2019년 6월 23일 19시,일요일,대구광역시 북구 칠성동2가,경상사고,0,0,2,0,차대차 - 측면충돌,신호위반,건조,맑음,교차로 - 교차로안,승용,남,52세,상해없음,이륜,남,19세,경상
2019062300100530,2019년 6월 23일 20시,일요일,대구광역시 동구 효목동,경상사고,0,0,1,0,차대차 - 측면충돌,안전거리미확보,건조,맑음,단일로 - 기타,승용,남,58세,상해없음,이륜,남,23세,경상
2019062300100531,2019년 6월 23일 20시,일요일,대구광역시 서구 평리동,경상사고,0,0,1,0,차대차 - 측면충돌,안전운전불이행,건조,맑음,교차로 - 교차로안,기타불명,기타불명,미분류,기타불명,자전거,남,30세,경상
2019062300100561,2019년 6월 23일 21시,일요일,대구광역시 달성군 유가읍,중상사고,0,1,0,0,차대차 - 기타,신호위반,건조,맑음,교차로 - 교차로안,이륜,남,25세,상해없음,이륜,남,46세,중상
2019062400100048,2019년 6월 24일 04시,월요일,대구광역시 수성구 범물동,중상사고,0,1,0,0,차대차 - 측면충돌,안전운전불이행,건조,맑음,단일로 - 기타,승용,남,43세,상해없음,이륜,남,37세,중상
2019062400100061,2019년 6월 24일 05시,월요일,대구광역시 달성군 유가읍,경상사고,0,0,1,0,차량단독 - 기타,안전운전불이행,건조,맑음,단일로 - 기타,승용,남,34세,경상,,,,
2019062400100062,2019년 6월 24일 05시,월요일,대구광역시 서구 내당동,중상사고,0,1,0,0,차대차 - 측면충돌,안전운전불이행,건조,맑음,단일로 - 기타,이륜,남,35세,중상,화물,남,54세,상해없음
2019062400100076,2019년 6월 24일 06시,월요일,대구광역시 달서구 장기동,경상사고,0,0,1,0,차대차 - 추돌,안전거리미확보,건조,맑음,단일로 - 기타,화물,남,52세,상해없음,화물,남,40세,경상
2019062400100099,2019년 6월 24일 07시,월요일,대구광역시 달성군 옥포읍,경상사고,0,0,7,0,차대차 - 추돌,안전거리미확보,건조,맑음,단일로 - 터널,승용,남,34세,경상,승용,남,52세,상해없음
2019062400100103,2019년 6월 24일 07시,월요일,대구광역시 수성구 범어동,경상사고,0,0,1,0,차대차 - 측면충돌,안전거리미확보,건조,맑음,단일로 - 기타,승용,남,67세,상해없음,승용,여,37세,경상
2019062400100104,2019년 6월 24일 07시,월요일,대구광역시 달성군 유가읍,중상사고,0,1,0,0,차대차 - 기타,안전운전불이행,건조,맑음,교차로 - 교차로안,승용,여,27세,상해없음,승용,남,71세,중상
2019062400100152,2019년 6월 24일 08시,월요일,대구광역시 달서구 대곡동,경상사고,0,0,1,0,차대차 - 추돌,안전운전불이행,건조,맑음,단일로 - 지하차도(도로)내,승용,남,29세,기타불명,승용,여,34세,경상
2019062400100153,2019년 6월 24일 08시,월요일,대구광역시 북구 학정동,경상사고,0,0,3,0,차대차 - 기타,직진우회전진행방해,건조,맑음,교차로 - 교차로안,승용,남,30세,경상,승용,여,23세,경상
2019062400100200,2019년 6월 24일 09시,월요일,대구광역시 달서구 죽전동,경상사고,0,0,1,0,차대차 - 측면충돌,안전운전불이행,건조,맑음,단일로 - 기타,승용,남,67세,기타불명,승용,남,49세,경상
2019062400100235,2019년 6월 24일 10시,월요일,대구광역시 수성구 범어동,경상사고,0,0,1,0,차대차 - 기타,안전거리미확보,건조,맑음,단일로 - 기타,승용,남,44세,상해없음,승합,남,39세,경상
2019062400100236,2019년 6월 24일 10시,월요일,대구광역시 서구 평리동,경상사고,0,0,1,0,차대차 - 측면충돌,안전운전불이행,건조,맑음,단일로 - 기타,승용,여,39세,상해없음,화물,남,57세,경상
2019062400100272,2019년 6월 24일 11시,월요일,대구광역시 남구 대명동,경상사고,0,0,1,0,차대차 - 추돌,안전운전불이행,건조,맑음,단일로 - 기타,승용,남,35세,상해없음,승용,남,64세,경상
2019062400100273,2019년 6월 24일 11시,월요일,대구광역시 수성구 신매동,경상사고,0,0,2,0,차대차 - 측면충돌,안전운전불이행,건조,맑음,교차로 - 교차로부근,승용,남,60세,상해없음,승용,남,40세,경상
2019062400100274,2019년 6월 24일 11시,월요일,대구광역시 달서구 진천동,경상사고,0,0,2,0,차대차 - 추돌,안전거리미확보,건조,맑음,단일로 - 기타,승용,여,47세,상해없음,승용,여,26세,경상
2019062400100275,2019년 6월 24일 11시,월요일,대구광역시 서구 평리동,경상사고,0,0,2,0,차대차 - 측면충돌,차로위반,건조,맑음,단일로 - 기타,승용,남,63세,상해없음,건설기계,남,58세,상해없음
2019062400100311,2019년 6월 24일 12시,월요일,대구광역시 달서구 진천동,경상사고,0,0,1,0,차대차 - 측면충돌,안전운전불이행,건조,맑음,교차로 - 교차로부근,승용,여,54세,상해없음,원동기,남,83세,경상
2019062400100312,2019년 6월 24일 12시,월요일,대구광역시 북구 노원동3가,경상사고,0,0,1,0,차대차 - 측면충돌,직진우회전진행방해,건조,맑음,교차로 - 교차로안,화물,남,62세,상해없음,이륜,여,55세,경상
2019062400100313,2019년 6월 24일 12시,월요일,대구광역시 북구 서변동,경상사고,0,0,1,1,차대차 - 추돌,안전운전불이행,건조,맑음,교차로 - 교차로부근,승용,여,44세,부상신고,승용,여,36세,경상
2019062400100339,2019년 6월 24일 13시,월요일,대구광역시 달성군 옥포읍,경상사고,0,0,1,0,차대차 - 측면충돌,안전운전불이행,건조,맑음,단일로 - 기타,승용,여,59세,기타불명,승용,여,59세,경상
2019062400100420,2019년 6월 24일 15시,월요일,대구광역시 수성구 범어동,경상사고,0,0,4,1,차대차 - 추돌,안전운전불이행,건조,맑음,단일로 - 기타,승용,남,58세,상해없음,화물,남,56세,경상
2019062400100421,2019년 6월 24일 15시,월요일,대구광역시 달성군 논공읍,중상사고,0,1,1,0,차대차 - 기타,직진우회전진행방해,건조,맑음,교차로 - 교차로안,승용,여,58세,중상,승용,여,54세,경상
2019062400100422,2019년 6월 24일 15시,월요일,대구광역시 북구 태전동,경상사고,0,0,2,0,차대차 - 기타,안전운전불이행,건조,맑음,교차로 - 교차로안,승용,여,62세,상해없음,승용,남,19세,경상
2019062400100461,2019년 6월 24일 16시,월요일,대구광역시 남구 대명동,경상사고,0,0,2,0,차대차 - 추돌,안전거리미확보,건조,맑음,단일로 - 지하차도(도로)내,승용,남,25세,상해없음,승용,남,51세,경상
2019062400100516,2019년 6월 24일 17시,월요일,대구광역시 북구 침산동,경상사고,0,0,1,0,차대차 - 측면충돌,안전운전불이행,건조,맑음,교차로 - 교차로안,승용,남,74세,상해없음,승용,여,39세,경상
2019062400100517,2019년 6월 24일 17시,월요일,대구광역시 달서구 용산동,중상사고,0,1,0,0,차대차 - 측면충돌,차로위반,건조,맑음,단일로 - 기타,승합,남,53세,상해없음,이륜,남,33세,중상
2019062400100578,2019년 6월 24일 18시,월요일,대구광역시 동구 부동,경상사고,0,0,1,0,차대차 - 측면충돌,안전운전불이행,건조,맑음,단일로 - 기타,화물,남,65세,상해없음,화물,남,62세,경상
2019062400100579,2019년 6월 24일 18시,월요일,대구광역시 수성구 매호동,경상사고,0,0,1,0,차대사람 - 보도통행중,안전운전불이행,건조,맑음,단일로 - 기타,승용,여,49세,상해없음,보행자,남,23세,경상
2019062400100580,2019년 6월 24일 18시,월요일,대구광역시 달서구 월성동,경상사고,0,0,1,0,차대사람 - 횡단중,안전운전불이행,건조,맑음,단일로 - 기타,승용,여,52세,상해없음,보행자,여,48세,경상
2019062400100581,2019년 6월 24일 18시,월요일,대구광역시 달성군 화원읍,경상사고,0,0,1,0,차대사람 - 기타,안전운전불이행,건조,맑음,단일로 - 기타,자전거,남,62세,상해없음,보행자,여,32세,경상
2019062400100582,2019년 6월 24일 18시,월요일,대구광역시 달서구 신당동,경상사고,0,0,1,0,차대차 - 측면충돌,안전거리미확보,건조,맑음,단일로 - 기타,승용,여,44세,상해없음,이륜,남,32세,경상
2019062400100644,2019년 6월 24일 20시,월요일,대구광역시 서구 비산동,중상사고,0,1,1,0,차대차 - 측면충돌,안전운전불이행,건조,맑음,단일로 - 기타,화물,남,36세,상해없음,승용,남,36세,경상
2019062400100645,2019년 6월 24일 20시,월요일,대구광역시 서구 비산동,경상사고,0,0,2,0,차대차 - 추돌,안전운전불이행,건조,맑음,단일로 - 기타,이륜,남,43세,경상,승용,남,55세,경상
2019062400100646,2019년 6월 24일 20시,월요일,대구광역시 달서구 신당동,경상사고,0,0,1,0,차대차 - 측면충돌,교차로운행방법위반,건조,맑음,교차로 - 교차로안,화물,남,53세,상해없음,승용,남,20세,경상
2019062400100676,2019년 6월 24일 21시,월요일,대구광역시 동구 지저동,경상사고,0,0,6,0,차대차 - 측면충돌,교차로운행방법위반,건조,맑음,교차로 - 교차로안,승용,여,66세,경상,승용,남,21세,경상
2019062400100677,2019년 6월 24일 21시,월요일,대구광역시 중구 남산동,경상사고,0,0,1,0,차대사람 - 기타,안전운전불이행,건조,맑음,단일로 - 기타,승용,남,61세,상해없음,보행자,남,33세,경상
2019062400100715,2019년 6월 24일 23시,월요일,대구광역시 수성구 범물동,경상사고,0,0,2,0,차대차 - 정면충돌,안전운전불이행,건조,맑음,단일로 - 기타,승용,남,23세,상해없음,승용,남,32세,경상
2019062400100716,2019년 6월 24일 23시,월요일,대구광역시 달서구 성당동,중상사고,0,1,3,0,차대차 - 측면충돌,안전운전불이행,건조,맑음,교차로 - 교차로안,승용,남,49세,경상,승용,남,33세,중상
2019062500100079,2019년 6월 25일 06시,화요일,대구광역시 수성구 만촌동,중상사고,0,1,0,0,차대차 - 측면충돌,교차로운행방법위반,건조,맑음,교차로 - 교차로안,승용,여,46세,상해없음,승용,남,76세,상해없음
2019062500100109,2019년 6월 25일 07시,화요일,대구광역시 북구 태전동,경상사고,0,0,1,0,차대차 - 추돌,안전거리미확보,건조,맑음,단일로 - 기타,승용,남,55세,상해없음,승용,남,40세,경상
2019062500100156,2019년 6월 25일 08시,화요일,대구광역시 달서구 월성동,경상사고,0,0,1,0,차대차 - 기타,안전거리미확보,건조,맑음,교차로 - 교차로부근,승용,남,62세,상해없음,승용,여,36세,경상
2019062500100157,2019년 6월 25일 08시,화요일,대구광역시 달성군 논공읍,사망사고,1,0,0,0,차대차 - 측면충돌,안전운전불이행,건조,맑음,단일로 - 기타,이륜,남,58세,사망,화물,남,62세,상해없음
2019062500100194,2019년 6월 25일 09시,화요일,대구광역시 달서구 진천동,경상사고,0,0,1,0,차대차 - 측면충돌,안전운전불이행,건조,맑음,단일로 - 기타,승용,여,57세,상해없음,승용,여,29세,경상
2019062500100195,2019년 6월 25일 09시,화요일,대구광역시 중구 남산동,경상사고,0,0,3,0,차대차 - 측면충돌,안전거리미확보,건조,맑음,교차로 - 교차로부근,승용,남,64세,상해없음,승용,남,22세,경상
2019062500100196,2019년 6월 25일 09시,화요일,대구광역시 달서구 이곡동,경상사고,0,0,1,0,차대차 - 측면충돌,안전운전불이행,건조,맑음,단일로 - 기타,승용,남,32세,상해없음,개인형이동수단(PM),남,29세,경상
2019062500100226,2019년 6월 25일 10시,화요일,대구광역시 북구 서변동,경상사고,0,0,5,0,차대차 - 추돌,안전거리미확보,건조,맑음,단일로 - 기타,화물,남,40세,상해없음,승용,남,32세,경상
2019062500100227,2019년 6월 25일 10시,화요일,대구광역시 달서구 월암동,중상사고,0,1,7,2,차대차 - 측면충돌,안전거리미확보,건조,맑음,단일로 - 기타,화물,남,45세,상해없음,승합,남,46세,경상
2019062500100267,2019년 6월 25일 11시,화요일,대구광역시 동구 율하동,중상사고,0,2,0,1,차대차 - 측면충돌,교차로운행방법위반,건조,맑음,교차로 - 교차로안,승용,남,71세,부상신고,승용,남,20세,중상
2019062500100286,2019년 6월 25일 12시,화요일,대구광역시 달서구 유천동,경상사고,0,0,2,0,차대차 - 기타,안전거리미확보,건조,맑음,단일로 - 기타,승용,여,37세,상해없음,승용,여,53세,경상
2019062500100287,2019년 6월 25일 12시,화요일,대구광역시 북구 침산동,부상신고사고,0,0,0,1,차대차 - 측면충돌,안전운전불이행,건조,맑음,단일로 - 기타,이륜,남,52세,부상신고,승합,남,52세,상해없음
2019062500100317,2019년 6월 25일 13시,화요일,대구광역시 남구 대명동,경상사고,0,0,1,0,차대차 - 추돌,기타,건조,맑음,기타 - 기타,승용,여,53세,상해없음,승용,남,54세,경상
2019062500100318,2019년 6월 25일 13시,화요일,대구광역시 남구 대명동,경상사고,0,0,2,0,차대차 - 측면충돌,교차로운행방법위반,건조,맑음,교차로 - 교차로안,화물,남,62세,상해없음,승용,남,46세,경상
2019062500100319,2019년 6월 25일 13시,화요일,대구광역시 수성구 범물동,중상사고,0,1,0,0,차대사람 - 횡단중,보행자보호의무위반,건조,맑음,교차로 - 교차로횡단보도내,화물,남,46세,상해없음,보행자,남,58세,중상
2019062500100370,2019년 6월 25일 14시,화요일,대구광역시 달성군 현풍읍,부상신고사고,0,0,0,1,차대차 - 기타,차로위반,건조,맑음,단일로 - 기타,이륜,남,70세,부상신고,화물,남,48세,상해없음
2019062500100407,2019년 6월 25일 15시,화요일,대구광역시 수성구 지산동,경상사고,0,0,1,0,차대사람 - 횡단중,안전운전불이행,건조,맑음,단일로 - 기타,승용,남,34세,상해없음,보행자,여,82세,경상
2019062500100408,2019년 6월 25일 15시,화요일,대구광역시 수성구 상동,경상사고,0,0,1,0,차대차 - 측면충돌,안전운전불이행,건조,맑음,교차로 - 교차로부근,승합,남,46세,상해없음,승용,남,45세,경상
2019062500100409,2019년 6월 25일 15시,화요일,대구광역시 달성군 현풍읍,경상사고,0,0,3,0,차대차 - 기타,교차로운행방법위반,건조,맑음,교차로 - 교차로안,승용,여,50세,상해없음,승용,남,57세,경상
2019062500100462,2019년 6월 25일 16시,화요일,대구광역시 동구 방촌동,경상사고,0,0,1,0,차대차 - 기타,안전운전불이행,건조,맑음,단일로 - 기타,승용,남,48세,상해없음,자전거,남,10세,경상
2019062500100463,2019년 6월 25일 16시,화요일,대구광역시 수성구 수성동1가,경상사고,0,0,4,1,차대차 - 측면충돌,안전거리미확보,건조,맑음,교차로 - 교차로부근,승용,여,60세,부상신고,승용,남,45세,경상
2019062500100522,2019년 6월 25일 17시,화요일,대구광역시 달서구 용산동,경상사고,0,0,1,0,차대차 - 추돌,안전운전불이행,건조,맑음,교차로 - 교차로부근,승용,남,37세,상해없음,승용,여,59세,경상
2019062500100587,2019년 6월 25일 18시,화요일,대구광역시 달서구 도원동,중상사고,0,1,0,0,차대사람 - 횡단중,보행자보호의무위반,건조,맑음,교차로 - 교차로횡단보도내,자전거,남,17세,상해없음,보행자,여,54세,중상
2019062500100588,2019년 6월 25일 18시,화요일,대구광역시 달성군 유가읍,경상사고,0,0,1,0,차대차 - 측면충돌,안전운전불이행,건조,맑음,기타 - 기타,승용,남,42세,상해없음,승용,여,65세,경상
2019062500100589,2019년 6월 25일 18시,화요일,대구광역시 북구 서변동,경상사고,0,0,2,0,차대차 - 기타,안전운전불이행,건조,맑음,단일로 - 기타,건설기계,남,42세,기타불명,승용,남,48세,경상
2019062500100658,2019년 6월 25일 20시,화요일,대구광역시 달서구 본리동,중상사고,0,1,0,0,차대차 - 측면충돌,안전운전불이행,건조,맑음,교차로 - 교차로부근,승용,남,54세,상해없음,이륜,남,44세,중상
2019062500100692,2019년 6월 25일 21시,화요일,대구광역시 달서구 도원동,경상사고,0,0,1,0,차대차 - 측면충돌,안전운전불이행,건조,맑음,교차로 - 교차로부근,승용,남,22세,상해없음,승용,여,53세,경상
2019062500100732,2019년 6월 25일 23시,화요일,대구광역시 남구 대명동,경상사고,0,0,1,0,차대차 - 기타,중앙선침범,건조,맑음,단일로 - 기타,기타불명,기타불명,미분류,기타불명,승용,남,69세,경상
2019062500100733,2019년 6월 25일 23시,화요일,대구광역시 북구 대현동,중상사고,0,1,1,0,차대차 - 측면충돌,안전운전불이행,건조,맑음,교차로 - 교차로부근,승합,남,58세,상해없음,승용,남,20세,경상
2019062600100032,2019년 6월 26일 00시,수요일,대구광역시 동구 효목동,부상신고사고,0,0,0,1,차대사람 - 차도통행중,안전운전불이행,건조,맑음,단일로 - 기타,승용,남,19세,상해없음,보행자,남,60세,부상신고
2019062600100033,2019년 6월 26일 00시,수요일,대구광역시 달서구 이곡동,경상사고,0,0,2,0,차대차 - 측면충돌,안전거리미확보,젖음/습기,비,교차로 - 교차로안,화물,여,61세,상해없음,승용,남,20세,경상
2019062600100040,2019년 6월 26일 01시,수요일,대구광역시 수성구 지산동,경상사고,0,0,1,0,차대사람 - 기타,기타,건조,맑음,단일로 - 기타,승용,남,53세,상해없음,보행자,남,43세,경상
2019062600100041,2019년 6월 26일 01시,수요일,대구광역시 서구 평리동,경상사고,0,0,1,0,차대차 - 측면충돌,안전거리미확보,건조,맑음,단일로 - 기타,기타불명,기타불명,미분류,기타불명,승용,여,30세,경상
2019062600100071,2019년 6월 26일 06시,수요일,대구광역시 서구 중리동,경상사고,0,0,1,0,차대차 - 측면충돌,교차로운행방법위반,건조,맑음,교차로 - 교차로안,이륜,남,63세,상해없음,승용,여,43세,경상
2019062600100091,2019년 6월 26일 07시,수요일,대구광역시 달서구 이곡동,중상사고,0,1,0,0,차대차 - 측면충돌,안전운전불이행,건조,맑음,교차로 - 교차로안,승용,여,40세,상해없음,이륜,남,49세,중상
2019062600100131,2019년 6월 26일 08시,수요일,대구광역시 동구 신암동,중상사고,0,1,0,0,차대차 - 기타,신호위반,건조,맑음,교차로 - 교차로안,화물,남,72세,상해없음,승합,남,37세,상해없음
2019062600100132,2019년 6월 26일 08시,수요일,대구광역시 수성구 두산동,경상사고,0,0,1,0,차대차 - 측면충돌,교차로운행방법위반,건조,맑음,교차로 - 교차로안,승용,여,22세,상해없음,승용,여,44세,경상
2019062600100133,2019년 6월 26일 08시,수요일,대구광역시 북구 검단동,중상사고,0,1,0,0,차대차 - 측면충돌,안전운전불이행,건조,맑음,교차로 - 교차로부근,건설기계,남,28세,상해없음,자전거,여,53세,중상
2019062600100134,2019년 6월 26일 08시,수요일,대구광역시 달서구 두류동,경상사고,0,0,4,0,차대차 - 기타,불법유턴,건조,맑음,단일로 - 기타,승용,남,45세,상해없음,승용,남,40세,경상
2019062600100174,2019년 6월 26일 09시,수요일,대구광역시 북구 관음동,경상사고,0,0,2,0,차대차 - 측면충돌,안전거리미확보,건조,맑음,단일로 - 기타,승용,여,60세,상해없음,승용,남,23세,경상
2019062600100208,2019년 6월 26일 10시,수요일,대구광역시 수성구 파동,중상사고,0,2,2,0,차대차 - 추돌,안전운전불이행,젖음/습기,비,단일로 - 기타,승용,남,68세,중상,승용,남,49세,경상
2019062600100243,2019년 6월 26일 11시,수요일,대구광역시 동구 율하동,중상사고,0,1,0,0,차량단독 - 공작물충돌,안전운전불이행,젖음/습기,비,단일로 - 기타,승용,여,23세,중상,,,,
2019062600100244,2019년 6월 26일 11시,수요일,대구광역시 수성구 만촌동,중상사고,0,1,1,0,차대차 - 추돌,안전거리미확보,젖음/습기,비,단일로 - 기타,승합,남,66세,상해없음,화물,남,58세,중상
2019062600100245,2019년 6월 26일 11시,수요일,대구광역시 수성구 두산동,경상사고,0,0,1,0,차대차 - 추돌,안전운전불이행,젖음/습기,비,단일로 - 기타,승용,남,32세,상해없음,승용,남,50세,경상
2019062600100246,2019년 6월 26일 11시,수요일,대구광역시 수성구 신매동,경상사고,0,0,2,1,차대차 - 추돌,안전거리미확보,건조,맑음,교차로 - 교차로부근,승용,남,72세,상해없음,승용,여,53세,부상신고
2019062600100247,2019년 6월 26일 11시,수요일,대구광역시 서구 평리동,경상사고,0,0,1,0,차대차 - 측면충돌,안전거리미확보,건조,맑음,단일로 - 기타,승용,여,50세,상해없음,승용,여,51세,경상
2019062600100248,2019년 6월 26일 11시,수요일,대구광역시 달서구 본리동,경상사고,0,0,1,0,차대사람 - 횡단중,보행자보호의무위반,젖음/습기,비,교차로 - 교차로횡단보도내,승용,여,60세,상해없음,보행자,여,56세,경상
2019062600100288,2019년 6월 26일 12시,수요일,대구광역시 남구 대명동,중상사고,0,1,0,0,차대차 - 추돌,안전거리미확보,젖음/습기,비,단일로 - 기타,승용,남,46세,상해없음,승용,남,36세,중상
2019062600100289,2019년 6월 26일 12시,수요일,대구광역시 달서구 용산동,경상사고,0,0,2,0,차대차 - 추돌,안전거리미확보,젖음/습기,비,단일로 - 기타,승용,남,36세,상해없음,승용,남,56세,상해없음
2019062600100317,2019년 6월 26일 13시,수요일,대구광역시 달서구 성당동,경상사고,0,0,1,0,차대차 - 측면충돌,안전운전불이행,젖음/습기,비,교차로 - 교차로부근,승용,여,44세,상해없음,승용,남,39세,경상
2019062600100353,2019년 6월 26일 14시,수요일,대구광역시 북구 산격동,중상사고,0,1,0,0,차대차 - 측면충돌,신호위반,젖음/습기,비,교차로 - 교차로안,화물,여,56세,상해없음,승용,여,61세,중상
2019062600100354,2019년 6월 26일 14시,수요일,대구광역시 중구 삼덕동3가,경상사고,0,0,2,1,차대차 - 측면충돌,직진우회전진행방해,젖음/습기,비,교차로 - 교차로안,승용,여,36세,경상,이륜,남,27세,부상신고
2019062600100393,2019년 6월 26일 15시,수요일,대구광역시 남구 대명동,중상사고,0,1,0,0,차대차 - 측면충돌,안전거리미확보,젖음/습기,비,단일로 - 기타,승용,남,27세,상해없음,이륜,남,23세,중상
2019062600100394,2019년 6월 26일 15시,수요일,대구광역시 수성구 중동,부상신고사고,0,0,0,1,차대사람 - 기타,기타,젖음/습기,비,단일로 - 기타,승합,남,51세,상해없음,보행자,여,75세,부상신고
2019062600100395,2019년 6월 26일 15시,수요일,대구광역시 달성군 하빈면,경상사고,0,0,2,0,차대차 - 기타,안전운전불이행,건조,맑음,교차로 - 교차로부근,화물,남,34세,상해없음,화물,남,54세,경상
2019062600100446,2019년 6월 26일 16시,수요일,대구광역시 달성군 구지면,중상사고,0,2,1,0,차대차 - 측면충돌,교차로운행방법위반,젖음/습기,비,교차로 - 교차로안,승용,남,55세,중상,승용,남,45세,중상
2019062600100447,2019년 6월 26일 16시,수요일,대구광역시 서구 비산동,경상사고,0,0,1,0,차대차 - 기타,신호위반,젖음/습기,비,교차로 - 교차로안,이륜,남,18세,경상,승용,남,36세,상해없음
2019062600100448,2019년 6월 26일 16시,수요일,대구광역시 남구 대명동,중상사고,0,2,1,0,차대차 - 측면충돌,차로위반,젖음/습기,비,단일로 - 기타,승용,남,55세,상해없음,승용,남,62세,중상
2019062600100449,2019년 6월 26일 16시,수요일,대구광역시 북구 태전동,경상사고,0,0,1,0,차대차 - 측면충돌,직진우회전진행방해,젖음/습기,비,교차로 - 교차로안,승용,남,36세,상해없음,승용,남,27세,경상
2019062600100450,2019년 6월 26일 16시,수요일,대구광역시 북구 태전동,중상사고,0,2,0,0,차대차 - 후진중충돌,안전운전불이행,젖음/습기,비,단일로 - 기타,승용,남,59세,상해없음,승용,여,66세,중상
2019062600100499,2019년 6월 26일 17시,수요일,대구광역시 북구 매천동,경상사고,0,0,1,0,차대차 - 기타,안전운전불이행,젖음/습기,비,교차로 - 교차로부근,원동기,남,43세,경상,승용,남,26세,상해없음
2019062600100549,2019년 6월 26일 18시,수요일,대구광역시 수성구 지산동,경상사고,0,0,1,0,차대차 - 측면충돌,안전운전불이행,젖음/습기,비,교차로 - 교차로부근,승용,여,59세,상해없음,승용,여,58세,경상
2019062600100550,2019년 6월 26일 18시,수요일,대구광역시 달서구 신당동,부상신고사고,0,0,0,1,차대차 - 기타,안전거리미확보,젖음/습기,비,단일로 - 기타,승합,남,60세,상해없음,이륜,남,25세,부상신고
2019062600100551,2019년 6월 26일 18시,수요일,대구광역시 북구 구암동,부상신고사고,0,0,0,1,차대사람 - 횡단중,안전운전불이행,젖음/습기,비,단일로 - 기타,화물,남,47세,상해없음,보행자,남,79세,부상신고
2019062600100552,2019년 6월 26일 18시,수요일,대구광역시 북구 구암동,부상신고사고,0,0,0,1,차대차 - 기타,안전거리미확보,젖음/습기,비,단일로 - 기타,기타불명,기타불명,미분류,기타불명,이륜,남,33세,부상신고
2019062600100553,2019년 6월 26일 18시,수요일,대구광역시 북구 태전동,경상사고,0,0,1,0,차대차 - 기타,안전운전불이행,젖음/습기,비,교차로 - 교차로부근,화물,남,66세,상해없음,승용,남,60세,경상
2019062600100596,2019년 6월 26일 19시,수요일,대구광역시 서구 평리동,중상사고,0,1,0,0,차대사람 - 기타,안전운전불이행,젖음/습기,비,단일로 - 기타,이륜,남,20세,상해없음,보행자,여,26세,중상
2019062600100597,2019년 6월 26일 19시,수요일,대구광역시 서구 평리동,경상사고,0,0,1,0,차대차 - 추돌,안전운전불이행,젖음/습기,비,단일로 - 기타,승용,남,48세,상해없음,승용,남,36세,경상
2019062600100598,2019년 6월 26일 19시,수요일,대구광역시 달서구 신당동,경상사고,0,0,1,0,차대차 - 측면충돌,안전운전불이행,젖음/습기,비,단일로 - 기타,승용,남,65세,상해없음,이륜,남,36세,경상
2019062600100599,2019년 6월 26일 19시,수요일,대구광역시 달서구 신당동,경상사고,0,0,1,0,차대차 - 기타,안전운전불이행,젖음/습기,비,단일로 - 기타,승용,남,55세,상해없음,이륜,남,36세,경상
2019062600100600,2019년 6월 26일 19시,수요일,대구광역시 북구 동천동,경상사고,0,0,1,0,차대차 - 기타,안전거리미확보,젖음/습기,비,단일로 - 기타,승용,여,39세,기타불명,이륜,남,18세,경상
2019062600100623,2019년 6월 26일 20시,수요일,대구광역시 달성군 옥포읍,부상신고사고,0,0,0,1,차량단독 - 기타,안전운전불이행,젖음/습기,비,단일로 - 기타,승용,남,37세,부상신고,,,,
2019062600100627,2019년 6월 26일 20시,수요일,대구광역시 남구 대명동,경상사고,0,0,1,0,차대차 - 측면충돌,안전운전불이행,젖음/습기,비,교차로 - 교차로안,승용,여,32세,상해없음,원동기,남,56세,경상
2019062600100628,2019년 6월 26일 20시,수요일,대구광역시 동구 봉무동,경상사고,0,0,1,0,차대차 - 추돌,안전거리미확보,젖음/습기,비,단일로 - 기타,승용,남,43세,상해없음,이륜,남,19세,경상
2019062600100629,2019년 6월 26일 20시,수요일,대구광역시 중구 달성동,경상사고,0,0,1,1,차대차 - 기타,안전운전불이행,젖음/습기,비,교차로 - 교차로부근,승용,남,44세,부상신고,승용,남,69세,경상
2019062600100630,2019년 6월 26일 20시,수요일,대구광역시 북구 읍내동,중상사고,0,1,0,0,차대사람 - 횡단중,안전운전불이행,젖음/습기,비,단일로 - 기타,사륜오토바이(ATV),남,39세,상해없음,보행자,여,50세,중상
2019062600100660,2019년 6월 26일 21시,수요일,대구광역시 동구 입석동,부상신고사고,0,0,0,1,차대차 - 측면충돌,안전운전불이행,젖음/습기,비,단일로 - 기타,기타불명,기타불명,미분류,기타불명,이륜,남,27세,부상신고