사고번호,사고일시,요일,시군구,사고내용,사망자수,중상자수,경상자수,부상신고자수,사고유형,법규위반,노면상태,기상상태,도로형태,가해운전자 차종,가해운전자 성별,가해운전자 연령,가해운전자 상해정도,피해운전자 차종,피해운전자 성별,피해운전자 연령,피해운전자 상해정도
2019062600100661,2019년 6월 26일 21시,수요일,대구광역시 수성구 범어동,경상사고,0,0,2,0,차대차 - 측면충돌,안전운전불이행,젖음/습기,비,교차로 - 교차로부근,승용,남,51세,상해없음,승용,남,46세,경상
2019062600100662,2019년 6월 26일 21시,수요일,대구광역시 달서구 죽전동,경상사고,0,0,2,2,차대차 - 측면충돌,안전운전불이행,건조,맑음,단일로 - 기타,승용,여,47세,상해없음,승용,남,35세,경상
2019062600100690,2019년 6월 26일 22시,수요일,대구광역시 남구 봉덕동,중상사고,0,2,0,0,차대사람 - 기타,안전운전불이행,젖음/습기,비,교차로 - 교차로안,승용,남,68세,상해없음,보행자,여,51세,중상
2019062600100691,2019년 6월 26일 22시,수요일,대구광역시 동구 효목동,부상신고사고,0,0,0,3,차대차 - 측면충돌,안전거리미확보,젖음/습기,비,기타 - 기타,승용,여,63세,상해없음,승용,남,27세,부상신고
2019062600100709,2019년 6월 26일 23시,수요일,대구광역시 달서구 송현동,중상사고,0,1,0,0,차대사람 - 횡단중,보행자보호의무위반,젖음/습기,비,교차로 - 교차로횡단보도내,승용,남,25세,상해없음,보행자,여,49세,중상
2019062600100710,2019년 6월 26일 23시,수요일,대구광역시 달서구 진천동,중상사고,0,1,0,0,차대사람 - 보도통행중,신호위반,젖음/습기,비,단일로 - 기타,승용,남,60세,상해없음,보행자,여,52세,중상
2019062600100711,2019년 6월 26일 23시,수요일,대구광역시 달성군 유가읍,사망사고,1,0,1,0,차대차 - 정면충돌,신호위반,젖음/습기,비,교차로 - 교차로안,승용,여,37세,사망,승합,남,50세,경상
2019062600100712,2019년 6월 26일 23시,수요일,대구광역시 북구 복현동,경상사고,0,0,2,2,차대차 - 측면충돌,불법유턴,젖음/습기,비,교차로 - 교차로부근,승용,남,62세,상해없음,승용,남,45세,상해없음
2019062600100713,2019년 6월 26일 23시,수요일,대구광역시 북구 태전동,중상사고,0,1,0,0,차대차 - 측면충돌,안전운전불이행,젖음/습기,비,교차로 - 교차로부근,승용,남,48세,상해없음,승용,남,56세,중상
2019062700100034,2019년 6월 27일 00시,목요일,대구광역시 북구 대현동,부상신고사고,0,0,0,1,차대사람 - 기타,안전운전불이행,젖음/습기,흐림,교차로 - 교차로안,이륜,남,18세,부상신고,보행자,남,56세,상해없음
2019062700100054,2019년 6월 27일 03시,목요일,대구광역시 수성구 상동,경상사고,0,0,1,0,차대차 - 측면충돌,신호위반,젖음/습기,비,교차로 - 교차로부근,승용,남,38세,기타불명,승용,남,56세,경상
2019062700100110,2019년 6월 27일 07시,목요일,대구광역시 수성구 파동,경상사고,0,0,3,0,차대차 - 측면충돌,안전운전불이행,건조,맑음,교차로 - 교차로부근,승합,남,67세,상해없음,승용,남,39세,경상
2019062700100111,2019년 6월 27일 07시,목요일,대구광역시 달성군 가창면,부상신고사고,0,0,0,2,차대차 - 기타,안전운전불이행,젖음/습기,비,단일로 - 기타,승용,남,82세,부상신고,승용,남,57세,상해없음
2019062700100112,2019년 6월 27일 07시,목요일,대구광역시 북구 학정동,중상사고,0,1,3,0,차대차 - 기타,안전운전불이행,젖음/습기,비,단일로 - 기타,승용,남,26세,경상,승용,남,23세,경상
2019062700100158,2019년 6월 27일 08시,목요일,대구광역시 수성구 수성동4가,경상사고,0,0,1,0,차대차 - 측면충돌,안전운전불이행,건조,맑음,단일로 - 기타,승용,여,52세,상해없음,승용,남,28세,경상
2019062700100159,2019년 6월 27일 08시,목요일,대구광역시 달서구 월암동,경상사고,0,0,1,0,차대차 - 기타,안전거리미확보,젖음/습기,비,단일로 - 기타,특수,남,28세,상해없음,승용,여,26세,경상
2019062700100160,2019년 6월 27일 08시,목요일,대구광역시 달서구 파호동,중상사고,0,1,1,0,차대차 - 측면충돌,교차로운행방법위반,젖음/습기,비,교차로 - 교차로안,승용,남,66세,중상,화물,남,59세,경상
2019062700100227,2019년 6월 27일 10시,목요일,대구광역시 수성구 황금동,경상사고,0,0,1,0,차대사람 - 기타,안전운전불이행,젖음/습기,맑음,단일로 - 기타,승용,여,36세,상해없음,보행자,여,26세,경상
2019062700100251,2019년 6월 27일 11시,목요일,대구광역시 동구 효목동,중상사고,0,1,0,0,차대차 - 기타,신호위반,건조,맑음,교차로 - 교차로안,건설기계,남,56세,상해없음,승용,남,70세,중상
2019062700100283,2019년 6월 27일 12시,목요일,대구광역시 남구 대명동,경상사고,0,0,1,0,차대차 - 측면충돌,안전운전불이행,젖음/습기,흐림,교차로 - 교차로안,화물,남,52세,상해없음,이륜,남,60세,경상
2019062700100284,2019년 6월 27일 12시,목요일,대구광역시 수성구 신매동,중상사고,0,1,0,0,차대차 - 기타,신호위반,젖음/습기,맑음,교차로 - 교차로안,승용,여,52세,상해없음,이륜,여,73세,중상
2019062700100285,2019년 6월 27일 12시,목요일,대구광역시 달서구 진천동,경상사고,0,0,5,0,차대차 - 측면충돌,차로위반,건조,맑음,단일로 - 기타,승용,여,59세,경상,승용,여,60세,경상
2019062700100286,2019년 6월 27일 12시,목요일,대구광역시 북구 대현동,경상사고,0,0,3,1,차대차 - 기타,안전운전불이행,건조,맑음,교차로 - 교차로부근,화물,남,26세,부상신고,승용,여,45세,경상
2019062700100287,2019년 6월 27일 12시,목요일,대구광역시 중구 대봉동,부상신고사고,0,0,0,1,차대차 - 측면충돌,교차로운행방법위반,젖음/습기,흐림,교차로 - 교차로안,이륜,남,82세,부상신고,승용,남,69세,상해없음
2019062700100288,2019년 6월 27일 12시,목요일,대구광역시 달서구 성당동,경상사고,0,0,1,0,차대차 - 측면충돌,안전운전불이행,건조,맑음,기타 - 기타,승용,남,59세,상해없음,승용,남,65세,경상
2019062700100289,2019년 6월 27일 12시,목요일,대구광역시 북구 읍내동,경상사고,0,0,3,0,차대차 - 측면충돌,교차로운행방법위반,건조,맑음,교차로 - 교차로안,승용,남,66세,경상,승용,남,31세,경상
2019062700100325,2019년 6월 27일 13시,목요일,대구광역시 달서구 진천동,부상신고사고,0,0,0,1,차대차 - 기타,신호위반,건조,맑음,교차로 - 교차로안,이륜,남,22세,부상신고,화물,남,41세,상해없음
2019062700100355,2019년 6월 27일 14시,목요일,대구광역시 서구 내당동,경상사고,0,0,1,0,차대차 - 후진중충돌,안전운전불이행,건조,맑음,단일로 - 기타,승용,여,68세,상해없음,승용,남,22세,경상
2019062700100356,2019년 6월 27일 14시,목요일,대구광역시 달서구 본리동,중상사고,0,1,0,0,차대사람 - 기타,안전운전불이행,건조,맑음,단일로 - 기타,승용,남,46세,상해없음,보행자,여,44세,중상
2019062700100394,2019년 6월 27일 15시,목요일,대구광역시 달성군 가창면,경상사고,0,0,1,0,차대차 - 기타,중앙선침범,건조,맑음,단일로 - 기타,승용,남,61세,상해없음,승용,여,57세,경상
2019062700100438,2019년 6월 27일 16시,목요일,대구광역시 동구 신암동,부상신고사고,0,0,0,1,차대사람 - 횡단중,안전운전불이행,건조,맑음,교차로 - 교차로안,승합,남,59세,상해없음,보행자,남,35세,부상신고
2019062700100439,2019년 6월 27일 16시,목요일,대구광역시 달서구 용산동,중상사고,0,1,0,0,차대차 - 기타,안전운전불이행,건조,맑음,교차로 - 교차로부근,승용,여,54세,상해없음,승용,남,32세,중상
2019062700100480,2019년 6월 27일 17시,목요일,대구광역시 동구 지저동,경상사고,0,0,3,0,차대차 - 기타,안전운전불이행,건조,맑음,단일로 - 기타,승용,여,50세,상해없음,승용,남,31세,경상
2019062700100481,2019년 6월 27일 17시,목요일,대구광역시 달서구 송현동,경상사고,0,0,2,0,차대차 - 측면충돌,교차로운행방법위반,건조,맑음,교차로 - 교차로안,승용,여,55세,경상,승용,여,58세,경상
2019062700100482,2019년 6월 27일 17시,목요일,대구광역시 달서구 본리동,중상사고,0,1,0,0,차대차 - 기타,안전운전불이행,건조,맑음,단일로 - 기타,승용,남,58세,상해없음,이륜,남,27세,중상
2019062700100483,2019년 6월 27일 17시,목요일,대구광역시 달서구 죽전동,경상사고,0,0,3,0,차대차 - 기타,불법유턴,건조,맑음,단일로 - 기타,승용,남,30세,상해없음,승용,남,23세,경상
2019062700100525,2019년 6월 27일 18시,목요일,대구광역시 남구 대명동,경상사고,0,0,2,0,차대차 - 측면충돌,차로위반,건조,맑음,단일로 - 기타,승용,여,56세,상해없음,승용,남,29세,경상
2019062700100526,2019년 6월 27일 18시,목요일,대구광역시 동구 신천동,중상사고,0,4,2,0,차대차 - 기타,안전거리미확보,건조,맑음,단일로 - 기타,승용,여,67세,경상,승용,남,63세,중상
2019062700100527,2019년 6월 27일 18시,목요일,대구광역시 북구 복현동,중상사고,0,1,0,0,차대차 - 측면충돌,안전운전불이행,건조,맑음,단일로 - 기타,승용,남,69세,상해없음,이륜,남,23세,중상
2019062700100528,2019년 6월 27일 18시,목요일,대구광역시 북구 복현동,중상사고,0,1,1,0,차대차 - 측면충돌,안전운전불이행,건조,맑음,단일로 - 기타,승용,남,58세,상해없음,승용,남,67세,경상
2019062700100529,2019년 6월 27일 18시,목요일,대구광역시 중구 동인동4가,경상사고,0,0,1,0,차대차 - 측면충돌,안전운전불이행,건조,맑음,교차로 - 교차로안,이륜,남,20세,경상,승용,남,41세,상해없음
2019062700100530,2019년 6월 27일 18시,목요일,대구광역시 달서구 두류동,경상사고,0,0,1,0,차대차 - 기타,안전운전불이행,건조,맑음,단일로 - 기타,승용,남,50세,상해없음,자전거,남,85세,경상
2019062700100555,2019년 6월 27일 19시,목요일,대구광역시 수성구 황금동,경상사고,0,0,1,0,차대차 - 측면충돌,기타,건조,맑음,단일로 - 기타,이륜,남,21세,경상,승용,남,66세,상해없음
2019062700100556,2019년 6월 27일 19시,목요일,대구광역시 달서구 상인동,경상사고,0,0,1,0,차대사람 - 기타,안전운전불이행,건조,맑음,단일로 - 기타,승용,여,48세,상해없음,보행자,여,17세,경상
2019062700100581,2019년 6월 27일 20시,목요일,대구광역시 서구 평리동,중상사고,0,1,0,0,차대차 - 추돌,안전거리미확보,건조,맑음,단일로 - 기타,승용,남,37세,상해없음,승용,남,46세,중상
2019062700100610,2019년 6월 27일 21시,목요일,대구광역시 남구 대명동,부상신고사고,0,0,0,1,차대차 - 추돌,안전거리미확보,건조,맑음,단일로 - 기타,이륜,남,26세,부상신고,승용,남,70세,상해없음
2019062700100611,2019년 6월 27일 21시,목요일,대구광역시 동구 효목동,경상사고,0,0,1,0,차대사람 - 횡단중,보행자보호의무위반,건조,맑음,교차로 - 교차로횡단보도내,승용,남,60세,상해없음,보행자,여,70세,경상
2019062700100612,2019년 6월 27일 21시,목요일,대구광역시 달서구 월성동,경상사고,0,0,2,0,차대차 - 측면충돌,안전거리미확보,건조,맑음,교차로 - 교차로부근,승용,여,43세,상해없음,이륜,남,23세,경상
2019062700100613,2019년 6월 27일 21시,목요일,대구광역시 중구 삼덕동1가,경상사고,0,0,1,0,차대사람 - 횡단중,안전운전불이행,건조,맑음,단일로 - 기타,승용,남,59세,상해없음,보행자,남,24세,경상
2019062700100639,2019년 6월 27일 22시,목요일,대구광역시 동구 입석동,경상사고,0,0,2,0,차대차 - 측면충돌,안전운전불이행,건조,맑음,단일로 - 기타,승용,남,64세,상해없음,승용,남,29세,경상
2019062700100640,2019년 6월 27일 22시,목요일,대구광역시 북구 산격동,중상사고,0,1,0,0,차대차 - 측면충돌,신호위반,건조,맑음,교차로 - 교차로안,승용,여,50세,상해없음,승합,남,41세,중상
2019062800100045,2019년 6월 28일 01시,금요일,대구광역시 북구 동천동,경상사고,0,0,2,0,차대차 - 기타,신호위반,젖음/습기,비,교차로 - 교차로안,승용,여,50세,상해없음,승용,남,58세,경상
2019062800100053,2019년 6월 28일 02시,금요일,대구광역시 동구 중대동,경상사고,0,0,1,0,차량단독 - 공작물충돌,안전운전불이행,젖음/습기,비,단일로 - 기타,승용,남,30세,경상,,,,
2019062800100054,2019년 6월 28일 02시,금요일,대구광역시 북구 칠성동2가,중상사고,0,1,0,0,차대차 - 기타,안전운전불이행,젖음/습기,비,교차로 - 교차로안,기타불명,기타불명,미분류,기타불명,이륜,남,41세,중상
2019062800100063,2019년 6월 28일 03시,금요일,대구광역시 수성구 두산동,중상사고,0,2,0,0,차대차 - 측면충돌,안전거리미확보,젖음/습기,비,단일로 - 기타,승용,남,28세,상해없음,승용,여,40세,중상
2019062800100064,2019년 6월 28일 03시,금요일,대구광역시 북구 구암동,경상사고,0,0,1,0,차대사람 - 횡단중,안전운전불이행,젖음/습기,비,단일로 - 기타,승용,여,58세,상해없음,보행자,남,49세,경상
2019062800100071,2019년 6월 28일 04시,금요일,대구광역시 달성군 화원읍,경상사고,0,0,1,0,차대사람 - 횡단중,안전운전불이행,건조,맑음,교차로 - 교차로부근,승합,여,48세,상해없음,보행자,남,8세,경상
2019062800100079,2019년 6월 28일 05시,금요일,대구광역시 동구 신천동,중상사고,0,2,1,0,차대차 - 추돌,안전운전불이행,건조,맑음,단일로 - 기타,승용,여,42세,중상,승용,남,52세,경상
2019062800100112,2019년 6월 28일 07시,금요일,대구광역시 달성군 다사읍,경상사고,0,0,2,0,차대차 - 추돌,안전거리미확보,젖음/습기,비,단일로 - 기타,승용,남,51세,상해없음,승용,남,29세,경상
2019062800100113,2019년 6월 28일 07시,금요일,대구광역시 중구 인교동,중상사고,0,1,0,0,차대차 - 측면충돌,교차로운행방법위반,건조,맑음,교차로 - 교차로안,승용,여,46세,상해없음,화물,남,29세,중상
2019062800100148,2019년 6월 28일 08시,금요일,대구광역시 중구 대봉동,부상신고사고,0,0,0,2,차대차 - 측면충돌,안전거리미확보,건조,맑음,단일로 - 기타,승용,남,62세,부상신고,승용,남,36세,부상신고
2019062800100173,2019년 6월 28일 09시,금요일,대구광역시 달서구 죽전동,경상사고,0,0,1,0,차대차 - 추돌,안전운전불이행,건조,맑음,교차로 - 교차로부근,승용,남,53세,상해없음,승용,남,57세,경상
2019062800100214,2019년 6월 28일 10시,금요일,대구광역시 동구 동호동,경상사고,0,0,3,0,차대차 - 추돌,안전거리미확보,건조,맑음,단일로 - 기타,승용,남,61세,상해없음,승용,남,38세,경상
2019062800100215,2019년 6월 28일 10시,금요일,대구광역시 달서구 신당동,중상사고,0,1,0,0,차대차 - 측면충돌,안전운전불이행,건조,맑음,단일로 - 기타,이륜,여,77세,중상,승용,여,47세,상해없음
2019062800100257,2019년 6월 28일 11시,금요일,대구광역시 달서구 상인동,경상사고,0,0,2,0,차대차 - 측면충돌,차로위반,건조,맑음,단일로 - 지하차도(도로)내,승용,여,36세,경상,승용,여,44세,경상
2019062800100296,2019년 6월 28일 12시,금요일,대구광역시 수성구 범어동,경상사고,0,0,1,0,차대차 - 측면충돌,안전운전불이행,건조,맑음,교차로 - 교차로부근,승용,남,53세,상해없음,승용,여,58세,경상
2019062800100297,2019년 6월 28일 12시,금요일,대구광역시 달서구 용산동,경상사고,0,0,1,1,차대차 - 측면충돌,안전운전불이행,건조,맑음,기타 - 기타,이륜,남,53세,부상신고,승용,남,35세,경상
2019062800100298,2019년 6월 28일 12시,금요일,대구광역시 북구 읍내동,부상신고사고,0,0,0,1,차대차 - 기타,안전운전불이행,건조,맑음,단일로 - 기타,자전거,남,70세,부상신고,승용,여,67세,상해없음
2019062800100330,2019년 6월 28일 13시,금요일,대구광역시 서구 내당동,중상사고,0,1,1,0,차대차 - 추돌,안전운전불이행,건조,맑음,단일로 - 기타,승용,남,68세,상해없음,승합,남,56세,상해없음
2019062800100361,2019년 6월 28일 14시,금요일,대구광역시 달서구 이곡동,경상사고,0,0,1,0,차대차 - 기타,안전운전불이행,건조,맑음,단일로 - 기타,승용,여,54세,상해없음,자전거,남,76세,경상
2019062800100362,2019년 6월 28일 14시,금요일,대구광역시 북구 태전동,경상사고,0,0,1,0,차대차 - 추돌,안전운전불이행,건조,맑음,단일로 - 기타,승용,여,60세,상해없음,승용,여,37세,경상
2019062800100410,2019년 6월 28일 15시,금요일,대구광역시 서구 내당동,중상사고,0,1,0,0,차대차 - 기타,안전운전불이행,건조,맑음,단일로 - 기타,승용,남,25세,상해없음,승합,남,32세,상해없음
2019062800100411,2019년 6월 28일 15시,금요일,대구광역시 북구 서변동,경상사고,0,0,1,0,차대차 - 측면충돌,안전운전불이행,건조,맑음,단일로 - 기타,승용,여,47세,상해없음,승용,여,31세,경상
2019062800100454,2019년 6월 28일 16시,금요일,대구광역시 수성구 수성동2가,중상사고,0,2,0,1,차대차 - 측면충돌,차로위반,건조,맑음,단일로 - 기타,승용,남,23세,부상신고,승용,남,75세,중상
2019062800100455,2019년 6월 28일 16시,금요일,대구광역시 달서구 진천동,중상사고,0,1,0,0,차대차 - 측면충돌,안전운전불이행,건조,맑음,단일로 - 기타,승용,남,67세,상해없음,자전거,여,59세,중상
2019062800100456,2019년 6월 28일 16시,금요일,대구광역시 달서구 대천동,경상사고,0,0,3,0,차대차 - 측면충돌,신호위반,건조,맑음,교차로 - 교차로안,승용,남,29세,상해없음,승용,여,35세,경상
2019062800100457,2019년 6월 28일 16시,금요일,대구광역시 북구 칠성동1가,경상사고,0,0,1,0,차대사람 - 차도통행중,안전운전불이행,건조,맑음,단일로 - 기타,승용,남,64세,상해없음,보행자,남,41세,경상
2019062800100458,2019년 6월 28일 16시,금요일,대구광역시 달서구 성당동,경상사고,0,0,1,0,차대사람 - 차도통행중,안전운전불이행,건조,맑음,단일로 - 기타,승용,남,53세,상해없음,보행자,남,11세,경상
2019062800100496,2019년 6월 28일 17시,금요일,대구광역시 달서구 두류동,경상사고,0,0,1,0,차대차 - 측면충돌,안전운전불이행,건조,맑음,교차로 - 교차로부근,승용,남,60세,상해없음,이륜,남,22세,경상
2019062800100537,2019년 6월 28일 18시,금요일,대구광역시 남구 대명동,중상사고,0,1,0,0,차대사람 - 횡단중,보행자보호의무위반,건조,맑음,교차로 - 교차로횡단보도내,승용,여,27세,상해없음,보행자,여,72세,중상
2019062800100538,2019년 6월 28일 18시,금요일,대구광역시 북구 산격동,중상사고,0,1,0,0,차대차 - 측면충돌,신호위반,건조,맑음,단일로 - 기타,승용,여,54세,상해없음,이륜,남,32세,중상
2019062800100539,2019년 6월 28일 18시,금요일,대구광역시 북구 침산동,경상사고,0,0,2,0,차대차 - 기타,안전거리미확보,건조,맑음,단일로 - 기타,승용,남,55세,상해없음,승합,남,57세,경상
2019062800100540,2019년 6월 28일 18시,금요일,대구광역시 서구 이현동,경상사고,0,0,1,0,차대차 - 측면충돌,교차로운행방법위반,건조,맑음,단일로 - 기타,승용,여,34세,상해없음,승용,남,30세,경상
2019062800100541,2019년 6월 28일 18시,금요일,대구광역시 달서구 갈산동,경상사고,0,0,1,1,차대차 - 기타,교차로운행방법위반,건조,맑음,교차로 - 교차로안,승용,남,34세,부상신고,승용,남,49세,경상
2019062800100576,2019년 6월 28일 19시,금요일,대구광역시 수성구 범물동,중상사고,0,1,0,0,차대차 - 측면충돌,안전거리미확보,건조,맑음,단일로 - 기타,승용,남,72세,상해없음,승용,여,27세,중상
2019062800100577,2019년 6월 28일 19시,금요일,대구광역시 달서구 본동,경상사고,0,0,2,0,차대차 - 측면충돌,안전운전불이행,건조,맑음,교차로 - 교차로안,화물,남,62세,경상,승용,여,60세,경상
2019062800100578,2019년 6월 28일 19시,금요일,대구광역시 달성군 다사읍,경상사고,0,0,1,1,차대차 - 추돌,안전운전불이행,건조,맑음,교차로 - 교차로부근,승용,남,34세,부상신고,이륜,남,20세,경상
2019062800100616,2019년 6월 28일 20시,금요일,대구광역시 동구 신천동,경상사고,0,0,1,0,차대차 - 측면충돌,안전운전불이행,건조,맑음,교차로 - 교차로안,승용,남,69세,상해없음,이륜,남,24세,경상
2019062800100617,2019년 6월 28일 20시,금요일,대구광역시 달성군 다사읍,중상사고,0,1,0,0,차대차 - 측면충돌,기타,건조,맑음,교차로 - 교차로부근,기타불명,기타불명,미분류,기타불명,이륜,남,26세,상해없음
2019062800100618,2019년 6월 28일 20시,금요일,대구광역시 북구 노원동3가,경상사고,0,0,1,1,차대차 - 측면충돌,안전거리미확보,건조,맑음,단일로 - 기타,승용,여,22세,부상신고,승용,남,46세,경상
2019062800100619,2019년 6월 28일 20시,금요일,대구광역시 북구 침산동,경상사고,0,0,1,0,차대차 - 측면충돌,안전운전불이행,건조,맑음,기타 - 기타,승용,남,40세,상해없음,자전거,여,22세,경상
2019062800100620,2019년 6월 28일 20시,금요일,대구광역시 중구 수창동,부상신고사고,0,0,0,1,차대차 - 기타,안전거리미확보,건조,맑음,단일로 - 기타,승용,남,51세,상해없음,승용,여,33세,부상신고
2019062800100656,2019년 6월 28일 21시,금요일,대구광역시 수성구 시지동,경상사고,0,0,1,0,차대차 - 측면충돌,직진우회전진행방해,건조,맑음,교차로 - 교차로안,승용,여,55세,상해없음,자전거,남,13세,경상
2019062800100657,2019년 6월 28일 21시,금요일,대구광역시 수성구 황금동,경상사고,0,0,1,0,차대차 - 측면충돌,신호위반,건조,맑음,교차로 - 교차로안,승용,여,67세,상해없음,승용,남,50세,경상
2019062800100658,2019년 6월 28일 21시,금요일,대구광역시 수성구 지산동,부상신고사고,0,0,0,1,차량단독 - 전도전복 - 전도,안전운전불이행,건조,맑음,단일로 - 기타,이륜,남,62세,부상신고,,,,
2019062800100659,2019년 6월 28일 21시,금요일,대구광역시 달서구 상인동,중상사고,0,1,0,0,차대차 - 추돌,안전운전불이행,건조,맑음,교차로 - 교차로부근,승용,남,46세,상해없음,승용,남,57세,중상
2019062800100660,2019년 6월 28일 21시,금요일,대구광역시 달서구 대곡동,경상사고,0,0,1,0,차대차 - 측면충돌,안전운전불이행,건조,맑음,단일로 - 기타,승용,남,67세,상해없음,승용,여,64세,상해없음
2019062800100661,2019년 6월 28일 21시,금요일,대구광역시 달성군 유가읍,경상사고,0,0,1,0,차대차 - 정면충돌,안전운전불이행,건조,맑음,교차로 - 교차로안,승용,여,33세,상해없음,이륜,남,37세,경상
2019062800100719,2019년 6월 28일 23시,금요일,대구광역시 서구 내당동,경상사고,0,0,1,0,차대차 - 측면충돌,중앙선침범,건조,맑음,단일로 - 기타,승용,남,63세,상해없음,승용,남,46세,경상
2019062900100043,2019년 6월 29일 00시,토요일,대구광역시 달서구 두류동,경상사고,0,0,1,0,차대사람 - 기타,안전운전불이행,건조,맑음,단일로 - 기타,승용,남,60세,상해없음,보행자,여,32세,경상
2019062900100079,2019년 6월 29일 02시,토요일,대구광역시 동구 신천동,경상사고,0,0,2,0,차대차 - 후진중충돌,안전운전불이행,건조,맑음,교차로 - 교차로안,승용,남,46세,상해없음,승용,남,21세,경상
2019062900100080,2019년 6월 29일 02시,토요일,대구광역시 달서구 죽전동,경상사고,0,0,2,0,차대차 - 측면충돌,중앙선침범,기타,기타,단일로 - 기타,승용,여,54세,경상,승용,남,29세,경상
2019062900100081,2019년 6월 29일 02시,토요일,대구광역시 달서구 장기동,경상사고,0,0,1,1,차대차 - 측면충돌,안전운전불이행,건조,맑음,교차로 - 교차로안,승용,남,30세,부상신고,승용,남,39세,경상
2019062900100117,2019년 6월 29일 05시,토요일,대구광역시 남구 이천동,경상사고,0,0,1,0,차대차 - 추돌,차로위반,건조,맑음,단일로 - 기타,이륜,남,71세,경상,승용,남,40세,상해없음
2019062900100147,2019년 6월 29일 07시,토요일,대구광역시 동구 각산동,경상사고,0,0,1,0,차대차 - 측면충돌,직진우회전진행방해,젖음/습기,비,교차로 - 교차로안,승용,남,59세,상해없음,승용,여,54세,경상
2019062900100148,2019년 6월 29일 07시,토요일,대구광역시 서구 비산동,경상사고,0,0,1,0,차대차 - 추돌,안전거리미확보,젖음/습기,비,단일로 - 기타,화물,남,34세,상해없음,승용,남,26세,경상
2019062900100183,2019년 6월 29일 09시,토요일,대구광역시 서구 내당동,경상사고,0,0,1,0,차대차 - 측면충돌,교차로운행방법위반,건조,맑음,교차로 - 교차로안,승합,남,70세,상해없음,승용,남,58세,경상
2019062900100208,2019년 6월 29일 10시,토요일,대구광역시 북구 대현동,경상사고,0,0,3,0,차대차 - 기타,안전거리미확보,젖음/습기,비,단일로 - 기타,승용,남,51세,상해없음,화물,남,58세,경상
2019062900100234,2019년 6월 29일 11시,토요일,대구광역시 달서구 월성동,경상사고,0,0,4,0,차대차 - 측면충돌,교차로운행방법위반,건조,맑음,단일로 - 기타,승용,남,66세,상해없음,승용,남,34세,경상
2019062900100271,2019년 6월 29일 12시,토요일,대구광역시 중구 덕산동,중상사고,0,1,0,0,차대차 - 측면충돌,안전거리미확보,건조,맑음,단일로 - 기타,승용,남,68세,상해없음,승용,남,23세,중상
2019062900100311,2019년 6월 29일 13시,토요일,대구광역시 동구 방촌동,부상신고사고,0,0,0,1,차대차 - 측면충돌,안전운전불이행,젖음/습기,비,교차로 - 교차로안,기타불명,기타불명,미분류,기타불명,자전거,남,10세,부상신고
2019062900100312,2019년 6월 29일 13시,토요일,대구광역시 북구 대현동,경상사고,0,0,1,0,차대차 - 기타,안전거리미확보,젖음/습기,비,교차로 - 교차로부근,승용,여,31세,상해없음,이륜,남,25세,경상
2019062900100313,2019년 6월 29일 13시,토요일,대구광역시 서구 비산동,경상사고,0,0,1,0,차량단독 - 기타,기타,건조,맑음,단일로 - 기타,승합,남,52세,상해없음,,,,
2019062900100358,2019년 6월 29일 14시,토요일,대구광역시 수성구 중동,중상사고,0,1,0,0,차대사람 - 차도통행중,안전운전불이행,건조,맑음,단일로 - 기타,승용,여,46세,상해없음,보행자,여,10세,중상
2019062900100359,2019년 6월 29일 14시,토요일,대구광역시 서구 평리동,경상사고,0,0,3,0,차대차 - 측면충돌,신호위반,건조,맑음,교차로 - 교차로안,승용,남,71세,경상,승용,남,56세,경상
2019062900100394,2019년 6월 29일 15시,토요일,대구광역시 동구 신서동,경상사고,0,0,1,0,차대차 - 후진중충돌,교차로운행방법위반,건조,맑음,교차로 - 교차로부근,승용,남,49세,상해없음,승용,남,54세,경상
2019062900100395,2019년 6월 29일 15시,토요일,대구광역시 달서구 대곡동,경상사고,0,0,2,0,차대차 - 측면충돌,신호위반,건조,맑음,교차로 - 교차로안,승용,여,56세,상해없음,승용,여,47세,경상
2019062900100396,2019년 6월 29일 15시,토요일,대구광역시 북구 복현동,경상사고,0,0,1,0,차대차 - 기타,안전운전불이행,젖음/습기,비,교차로 - 교차로안,승용,남,62세,상해없음,원동기,남,33세,경상
2019062900100397,2019년 6월 29일 15시,토요일,대구광역시 서구 비산동,경상사고,0,0,1,0,차대차 - 측면충돌,안전거리미확보,건조,맑음,교차로 - 교차로부근,승용,남,39세,상해없음,승용,남,34세,경상
2019062900100398,2019년 6월 29일 15시,토요일,대구광역시 달서구 두류동,경상사고,0,0,1,0,차대차 - 기타,안전운전불이행,건조,맑음,단일로 - 기타,승용,남,27세,상해없음,자전거,남,50세,경상
2019062900100483,2019년 6월 29일 17시,토요일,대구광역시 수성구 매호동,중상사고,0,2,1,0,차대차 - 측면충돌,교차로운행방법위반,젖음/습기,비,교차로 - 교차로안,화물,남,67세,경상,승용,남,38세,중상
2019062900100484,2019년 6월 29일 17시,토요일,대구광역시 북구 산격동,중상사고,0,2,1,0,차대차 - 측면충돌,신호위반,젖음/습기,비,교차로 - 교차로안,승합,남,35세,경상,승용,남,58세,중상
2019062900100485,2019년 6월 29일 17시,토요일,대구광역시 달서구 두류동,경상사고,0,0,1,0,차량단독 - 공작물충돌,안전운전불이행,젖음/습기,비,단일로 - 기타,승용,남,43세,경상,,,,