사고번호,사고일시,요일,시군구,사고내용,사망자수,중상자수,경상자수,부상신고자수,사고유형,법규위반,노면상태,기상상태,도로형태,가해운전자 차종,가해운전자 성별,가해운전자 연령,가해운전자 상해정도,피해운전자 차종,피해운전자 성별,피해운전자 연령,피해운전자 상해정도
2019062900100486,2019년 6월 29일 17시,토요일,대구광역시 북구 구암동,경상사고,0,0,2,0,차대차 - 추돌,안전거리미확보,젖음/습기,비,단일로 - 기타,승용,여,54세,경상,화물,남,44세,경상
2019062900100515,2019년 6월 29일 18시,토요일,대구광역시 수성구 지산동,경상사고,0,0,4,0,차대차 - 측면충돌,교차로운행방법위반,젖음/습기,비,교차로 - 교차로안,승용,여,39세,상해없음,이륜,남,20세,경상
2019062900100516,2019년 6월 29일 18시,토요일,대구광역시 달성군 가창면,경상사고,0,0,1,0,차대사람 - 보도통행중,안전운전불이행,젖음/습기,비,단일로 - 기타,승용,남,55세,상해없음,보행자,여,60세,경상
2019062900100542,2019년 6월 29일 19시,토요일,대구광역시 남구 대명동,경상사고,0,0,1,0,차대차 - 측면충돌,안전운전불이행,젖음/습기,비,교차로 - 교차로부근,승용,남,61세,상해없음,이륜,남,39세,경상
2019062900100543,2019년 6월 29일 19시,토요일,대구광역시 남구 대명동,부상신고사고,0,0,0,1,차대차 - 기타,안전운전불이행,젖음/습기,비,단일로 - 기타,승용,남,63세,상해없음,원동기,남,19세,부상신고
2019062900100544,2019년 6월 29일 19시,토요일,대구광역시 수성구 두산동,경상사고,0,0,1,0,차대차 - 추돌,안전운전불이행,건조,맑음,교차로 - 교차로부근,승용,남,54세,상해없음,승용,남,67세,경상
2019062900100571,2019년 6월 29일 20시,토요일,대구광역시 북구 대현동,경상사고,0,0,1,0,차대차 - 후진중충돌,안전운전불이행,젖음/습기,비,단일로 - 기타,승용,남,55세,상해없음,원동기,남,27세,경상
2019062900100605,2019년 6월 29일 21시,토요일,대구광역시 중구 전동,경상사고,0,0,1,0,차대차 - 측면충돌,안전운전불이행,젖음/습기,비,단일로 - 기타,승용,남,61세,상해없음,승합,남,50세,경상
2019062900100628,2019년 6월 29일 22시,토요일,대구광역시 수성구 두산동,중상사고,0,1,4,0,차대차 - 측면충돌,안전거리미확보,젖음/습기,비,단일로 - 기타,승용,남,29세,상해없음,승용,여,62세,경상
2019062900100629,2019년 6월 29일 22시,토요일,대구광역시 중구 계산동2가,경상사고,0,0,2,0,차대차 - 측면충돌,안전운전불이행,젖음/습기,비,단일로 - 기타,승용,여,46세,상해없음,승용,남,33세,경상
2019062900100652,2019년 6월 29일 23시,토요일,대구광역시 수성구 황금동,경상사고,0,0,1,0,차대차 - 측면충돌,안전거리미확보,젖음/습기,비,단일로 - 기타,승용,남,60세,상해없음,승용,남,53세,경상
2019062900100653,2019년 6월 29일 23시,토요일,대구광역시 북구 산격동,경상사고,0,0,2,0,차량단독 - 기타,안전운전불이행,젖음/습기,비,단일로 - 기타,승용,남,53세,상해없음,,,,
2019063000100032,2019년 6월 30일 00시,일요일,대구광역시 동구 율하동,중상사고,0,1,1,0,차대차 - 측면충돌,신호위반,건조,맑음,교차로 - 교차로안,승용,여,44세,상해없음,승용,남,60세,중상
2019063000100047,2019년 6월 30일 01시,일요일,대구광역시 서구 내당동,중상사고,0,1,0,0,차대차 - 기타,안전운전불이행,건조,맑음,단일로 - 기타,승용,남,46세,상해없음,기타불명,남,78세,중상
2019063000100054,2019년 6월 30일 02시,일요일,대구광역시 북구 매천동,경상사고,0,0,1,0,차대차 - 기타,안전운전불이행,건조,맑음,단일로 - 기타,승용,남,58세,경상,승용,남,50세,상해없음
2019063000100076,2019년 6월 30일 04시,일요일,대구광역시 중구 대봉동,경상사고,0,0,1,0,차대사람 - 횡단중,안전운전불이행,건조,맑음,교차로 - 교차로횡단보도내,기타불명,기타불명,미분류,기타불명,보행자,여,24세,경상
2019063000100077,2019년 6월 30일 04시,일요일,대구광역시 달서구 감삼동,중상사고,0,1,0,0,차대차 - 추돌,안전운전불이행,건조,맑음,교차로 - 교차로안,승용,남,23세,상해없음,승용,남,64세,중상
2019063000100094,2019년 6월 30일 06시,일요일,대구광역시 달성군 현풍읍,경상사고,0,0,2,0,차대차 - 기타,안전운전불이행,건조,맑음,교차로 - 교차로부근,화물,남,23세,상해없음,승용,남,33세,경상
2019063000100102,2019년 6월 30일 07시,일요일,대구광역시 중구 남산동,사망사고,1,0,0,0,차대사람 - 횡단중,안전운전불이행,건조,맑음,단일로 - 기타,승용,남,65세,상해없음,보행자,여,46세,사망
2019063000100110,2019년 6월 30일 08시,일요일,대구광역시 달서구 대곡동,경상사고,0,0,2,0,차대차 - 측면충돌,신호위반,건조,맑음,교차로 - 교차로안,승용,남,67세,경상,승용,남,61세,경상
2019063000100111,2019년 6월 30일 08시,일요일,대구광역시 달성군 논공읍,중상사고,0,1,0,0,차대차 - 기타,안전운전불이행,건조,맑음,단일로 - 기타,기타불명,기타불명,미분류,기타불명,이륜,남,42세,중상
2019063000100167,2019년 6월 30일 11시,일요일,대구광역시 동구 신천동,부상신고사고,0,0,0,1,차대사람 - 기타,안전운전불이행,건조,맑음,단일로 - 기타,기타불명,기타불명,미분류,기타불명,보행자,여,8세,부상신고
2019063000100196,2019년 6월 30일 12시,일요일,대구광역시 수성구 수성동3가,중상사고,0,1,1,0,차대차 - 추돌,안전거리미확보,건조,맑음,단일로 - 기타,승용,여,54세,상해없음,승용,남,45세,경상
2019063000100197,2019년 6월 30일 12시,일요일,대구광역시 서구 내당동,경상사고,0,0,1,0,차대차 - 측면충돌,안전거리미확보,건조,맑음,단일로 - 기타,화물,남,56세,상해없음,승용,남,30세,경상
2019063000100229,2019년 6월 30일 13시,일요일,대구광역시 북구 서변동,경상사고,0,0,1,0,차대차 - 측면충돌,교차로운행방법위반,건조,맑음,교차로 - 교차로안,승용,남,68세,상해없음,승용,남,44세,경상
2019063000100254,2019년 6월 30일 14시,일요일,대구광역시 수성구 범어동,중상사고,0,1,2,0,차대차 - 추돌,안전운전불이행,건조,맑음,단일로 - 기타,이륜,남,26세,경상,승용,남,28세,경상
2019063000100255,2019년 6월 30일 14시,일요일,대구광역시 달서구 감삼동,중상사고,0,1,0,0,차대차 - 추돌,안전거리미확보,건조,맑음,단일로 - 기타,승용,남,59세,상해없음,승용,여,29세,중상
2019063000100275,2019년 6월 30일 15시,일요일,대구광역시 서구 내당동,경상사고,0,0,1,1,차대차 - 측면충돌,안전운전불이행,건조,맑음,교차로 - 교차로부근,승용,남,51세,상해없음,승용,남,26세,경상
2019063000100310,2019년 6월 30일 16시,일요일,대구광역시 동구 숙천동,경상사고,0,0,1,0,차대차 - 측면충돌,안전운전불이행,건조,맑음,교차로 - 교차로안,이륜,남,75세,경상,승용,남,52세,상해없음
2019063000100311,2019년 6월 30일 16시,일요일,대구광역시 북구 대현동,중상사고,0,1,2,0,차대차 - 측면충돌,신호위반,건조,맑음,교차로 - 교차로안,이륜,남,51세,경상,승합,남,64세,중상
2019063000100339,2019년 6월 30일 17시,일요일,대구광역시 북구 침산동,경상사고,0,0,1,0,차대차 - 측면충돌,안전운전불이행,건조,맑음,교차로 - 교차로안,기타불명,기타불명,미분류,기타불명,자전거,남,17세,경상
2019063000100365,2019년 6월 30일 18시,일요일,대구광역시 달성군 유가읍,중상사고,0,1,0,0,차대사람 - 차도통행중,안전운전불이행,건조,맑음,단일로 - 기타,승용,여,51세,상해없음,보행자,여,10세,중상
2019063000100378,2019년 6월 30일 19시,일요일,대구광역시 북구 칠성동2가,중상사고,0,1,1,0,차대차 - 측면충돌,안전운전불이행,건조,맑음,교차로 - 교차로횡단보도내,자전거,남,11세,중상,승용,남,65세,경상
2019063000100400,2019년 6월 30일 20시,일요일,대구광역시 수성구 수성동1가,경상사고,0,0,4,0,차대차 - 추돌,안전운전불이행,건조,맑음,교차로 - 교차로부근,승용,남,68세,상해없음,승용,남,53세,경상
2019063000100401,2019년 6월 30일 20시,일요일,대구광역시 달성군 현풍읍,중상사고,0,1,0,0,차대차 - 기타,안전운전불이행,건조,맑음,단일로 - 기타,승용,남,43세,상해없음,원동기,남,53세,중상
2019063000100402,2019년 6월 30일 20시,일요일,대구광역시 중구 덕산동,경상사고,0,0,4,0,차대차 - 측면충돌,교차로운행방법위반,건조,맑음,교차로 - 교차로안,승용,남,23세,경상,승용,남,63세,경상
2019063000100420,2019년 6월 30일 21시,일요일,대구광역시 달서구 상인동,경상사고,0,0,1,0,차대차 - 기타,안전운전불이행,건조,맑음,교차로 - 교차로안,이륜,남,18세,경상,승용,남,47세,상해없음
2019063000100421,2019년 6월 30일 21시,일요일,대구광역시 달서구 두류동,중상사고,0,2,2,1,차대차 - 측면충돌,차로위반,건조,맑음,단일로 - 기타,승용,남,27세,부상신고,승용,남,28세,중상
2019063000100450,2019년 6월 30일 23시,일요일,대구광역시 달서구 성당동,경상사고,0,0,1,0,차대차 - 측면충돌,안전운전불이행,건조,맑음,교차로 - 교차로안,승용,남,59세,기타불명,이륜,남,18세,경상
2019070100100042,2019년 7월 1일 01시,월요일,대구광역시 달서구 월성동,경상사고,0,0,1,0,차대차 - 측면충돌,신호위반,건조,맑음,교차로 - 교차로안,승용,남,51세,상해없음,승용,여,25세,경상
2019070100100114,2019년 7월 1일 07시,월요일,대구광역시 달서구 월성동,경상사고,0,0,1,0,차대차 - 측면충돌,안전운전불이행,건조,맑음,교차로 - 교차로안,원동기,남,17세,상해없음,승용,남,23세,경상
2019070100100115,2019년 7월 1일 07시,월요일,대구광역시 달서구 장동,경상사고,0,0,1,0,차대차 - 기타,교차로운행방법위반,건조,맑음,교차로 - 교차로안,승용,남,31세,상해없음,이륜,남,43세,경상
2019070100100158,2019년 7월 1일 08시,월요일,대구광역시 수성구 파동,경상사고,0,0,1,0,차대차 - 추돌,안전운전불이행,건조,맑음,단일로 - 기타,승용,여,66세,상해없음,승용,남,41세,경상
2019070100100159,2019년 7월 1일 08시,월요일,대구광역시 달서구 죽전동,경상사고,0,0,1,0,차대차 - 기타,안전운전불이행,건조,맑음,단일로 - 기타,승용,여,47세,상해없음,승용,남,33세,경상
2019070100100160,2019년 7월 1일 08시,월요일,대구광역시 북구 구암동,중상사고,0,1,0,0,차대사람 - 기타,안전운전불이행,건조,맑음,단일로 - 기타,승용,남,55세,상해없음,보행자,여,80세,중상
2019070100100192,2019년 7월 1일 09시,월요일,대구광역시 서구 상리동,경상사고,0,0,1,0,차대차 - 측면충돌,안전운전불이행,건조,맑음,단일로 - 기타,화물,남,42세,상해없음,승용,여,28세,경상
2019070100100196,2019년 7월 1일 09시,월요일,대구광역시 동구 지저동,경상사고,0,0,1,0,차대차 - 기타,안전운전불이행,건조,맑음,단일로 - 기타,승용,여,32세,상해없음,승용,남,37세,경상
2019070100100197,2019년 7월 1일 09시,월요일,대구광역시 달서구 진천동,경상사고,0,0,1,0,차대사람 - 차도통행중,안전운전불이행,건조,맑음,교차로 - 교차로부근,승용,여,36세,상해없음,보행자,여,22세,경상
2019070100100198,2019년 7월 1일 09시,월요일,대구광역시 달서구 용산동,경상사고,0,0,2,0,차대차 - 측면충돌,차로위반,건조,맑음,단일로 - 기타,승용,남,54세,상해없음,화물,남,30세,경상
2019070100100242,2019년 7월 1일 10시,월요일,대구광역시 남구 대명동,경상사고,0,0,1,0,차대차 - 측면충돌,직진우회전진행방해,건조,맑음,교차로 - 교차로안,승용,남,48세,상해없음,이륜,남,47세,경상
2019070100100243,2019년 7월 1일 10시,월요일,대구광역시 달서구 이곡동,중상사고,0,1,0,0,차대차 - 기타,교차로운행방법위반,건조,맑음,교차로 - 교차로부근,자전거,남,25세,중상,승용,여,45세,상해없음
2019070100100273,2019년 7월 1일 11시,월요일,대구광역시 달서구 본동,경상사고,0,0,1,0,차대차 - 측면충돌,안전운전불이행,건조,맑음,교차로 - 교차로안,화물,남,50세,상해없음,자전거,남,18세,경상
2019070100100274,2019년 7월 1일 11시,월요일,대구광역시 달서구 월성동,경상사고,0,0,1,0,차량단독 - 기타,기타,건조,맑음,교차로 - 교차로안,승합,남,48세,상해없음,,,,
2019070100100275,2019년 7월 1일 11시,월요일,대구광역시 북구 구암동,중상사고,0,1,0,0,차대차 - 기타,안전운전불이행,건조,맑음,단일로 - 기타,기타불명,기타불명,미분류,기타불명,자전거,남,78세,중상
2019070100100299,2019년 7월 1일 12시,월요일,대구광역시 남구 대명동,경상사고,0,0,2,0,차대차 - 기타,안전운전불이행,건조,맑음,교차로 - 교차로안,승용,남,56세,경상,승용,여,57세,상해없음
2019070100100300,2019년 7월 1일 12시,월요일,대구광역시 달서구 두류동,경상사고,0,0,2,0,차대차 - 측면충돌,안전운전불이행,건조,맑음,단일로 - 기타,승용,여,46세,경상,이륜,남,33세,경상
2019070100100332,2019년 7월 1일 13시,월요일,대구광역시 수성구 욱수동,경상사고,0,0,2,0,차대차 - 측면충돌,신호위반,건조,맑음,교차로 - 교차로안,화물,남,76세,상해없음,승용,남,63세,경상
2019070100100368,2019년 7월 1일 14시,월요일,대구광역시 동구 방촌동,경상사고,0,0,1,0,차대차 - 기타,교차로운행방법위반,건조,맑음,교차로 - 교차로부근,승용,남,22세,상해없음,승합,남,45세,상해없음
2019070100100369,2019년 7월 1일 14시,월요일,대구광역시 동구 불로동,경상사고,0,0,1,0,차대차 - 측면충돌,안전거리미확보,건조,맑음,교차로 - 교차로부근,건설기계,남,56세,상해없음,화물,남,28세,경상
2019070100100370,2019년 7월 1일 14시,월요일,대구광역시 수성구 상동,경상사고,0,0,1,0,차대차 - 측면충돌,안전운전불이행,건조,맑음,단일로 - 기타,승용,남,67세,상해없음,승용,여,28세,경상
2019070100100371,2019년 7월 1일 14시,월요일,대구광역시 달서구 성당동,경상사고,0,0,1,0,차대차 - 측면충돌,안전운전불이행,건조,맑음,교차로 - 교차로부근,이륜,남,60세,상해없음,승용,여,34세,경상
2019070100100413,2019년 7월 1일 15시,월요일,대구광역시 달성군 화원읍,경상사고,0,0,1,0,차대차 - 측면충돌,안전운전불이행,건조,맑음,교차로 - 교차로부근,화물,남,62세,상해없음,원동기,남,18세,경상
2019070100100451,2019년 7월 1일 16시,월요일,대구광역시 달서구 진천동,경상사고,0,0,3,0,차대차 - 추돌,안전운전불이행,건조,맑음,단일로 - 기타,승용,남,64세,상해없음,화물,남,54세,경상
2019070100100495,2019년 7월 1일 17시,월요일,대구광역시 남구 대명동,경상사고,0,0,1,0,차대차 - 기타,차로위반,건조,맑음,단일로 - 기타,승용,남,78세,상해없음,이륜,남,26세,경상
2019070100100496,2019년 7월 1일 17시,월요일,대구광역시 동구 동호동,경상사고,0,0,1,0,차대차 - 측면충돌,중앙선침범,건조,맑음,교차로 - 교차로부근,승용,남,64세,상해없음,승용,여,47세,경상
2019070100100497,2019년 7월 1일 17시,월요일,대구광역시 수성구 두산동,경상사고,0,0,1,0,차대차 - 기타,안전운전불이행,건조,맑음,단일로 - 기타,승용,남,36세,상해없음,승용,여,35세,경상
2019070100100540,2019년 7월 1일 18시,월요일,대구광역시 서구 이현동,경상사고,0,0,1,0,차대차 - 추돌,안전거리미확보,건조,맑음,교차로 - 교차로안,승용,남,61세,상해없음,승용,남,63세,경상
2019070100100592,2019년 7월 1일 19시,월요일,대구광역시 북구 매천동,경상사고,0,0,3,0,차대차 - 추돌,안전운전불이행,건조,맑음,교차로 - 교차로부근,승용,남,32세,상해없음,승용,남,46세,경상
2019070100100645,2019년 7월 1일 21시,월요일,대구광역시 동구 신천동,경상사고,0,0,1,0,차대차 - 측면충돌,안전운전불이행,건조,맑음,교차로 - 교차로안,승용,남,58세,상해없음,승용,남,50세,경상
2019070100100646,2019년 7월 1일 21시,월요일,대구광역시 달서구 신당동,경상사고,0,0,1,0,차대사람 - 기타,안전운전불이행,건조,맑음,기타 - 기타,승용,남,34세,상해없음,보행자,남,64세,경상
2019070100100647,2019년 7월 1일 21시,월요일,대구광역시 북구 구암동,경상사고,0,0,1,0,차대차 - 측면충돌,안전거리미확보,건조,맑음,단일로 - 기타,승용,남,56세,상해없음,이륜,남,26세,경상
2019070100100662,2019년 7월 1일 22시,월요일,대구광역시 달서구 상인동,중상사고,0,1,0,0,차대차 - 정면충돌,신호위반,건조,맑음,교차로 - 교차로안,승용,남,66세,상해없음,승용,남,37세,중상
2019070100100678,2019년 7월 1일 23시,월요일,대구광역시 서구 내당동,중상사고,0,1,0,0,차대사람 - 보도통행중,기타,건조,맑음,단일로 - 기타,승용,남,57세,상해없음,보행자,남,50세,중상
2019070200100047,2019년 7월 2일 00시,화요일,대구광역시 남구 대명동,중상사고,0,1,0,0,차대사람 - 기타,안전운전불이행,건조,맑음,단일로 - 기타,승용,남,30세,상해없음,보행자,여,67세,중상
2019070200100056,2019년 7월 2일 01시,화요일,대구광역시 동구 신암동,경상사고,0,0,1,0,차대차 - 기타,기타,건조,맑음,교차로 - 교차로안,승용,남,50세,상해없음,승용,남,61세,상해없음
2019070200100087,2019년 7월 2일 06시,화요일,대구광역시 동구 지저동,경상사고,0,0,2,0,차대차 - 기타,안전운전불이행,건조,맑음,단일로 - 교량,승용,남,37세,경상,승용,남,56세,경상
2019070200100088,2019년 7월 2일 06시,화요일,대구광역시 수성구 범물동,중상사고,0,2,1,0,차대차 - 측면충돌,신호위반,건조,맑음,교차로 - 교차로안,승합,남,73세,상해없음,화물,남,43세,경상
2019070200100089,2019년 7월 2일 06시,화요일,대구광역시 달서구 월암동,부상신고사고,0,0,0,1,차량단독 - 공작물충돌,안전운전불이행,건조,맑음,단일로 - 기타,이륜,남,57세,부상신고,,,,
2019070200100113,2019년 7월 2일 07시,화요일,대구광역시 달서구 진천동,중상사고,0,1,0,0,차대차 - 측면충돌,안전거리미확보,건조,맑음,단일로 - 기타,승용,남,27세,상해없음,이륜,남,29세,중상
2019070200100114,2019년 7월 2일 07시,화요일,대구광역시 북구 노원동3가,경상사고,0,0,1,0,차대차 - 측면충돌,안전운전불이행,건조,맑음,교차로 - 교차로부근,화물,남,51세,상해없음,승용,여,30세,경상
2019070200100115,2019년 7월 2일 07시,화요일,대구광역시 달서구 두류동,중상사고,0,1,0,0,차대차 - 기타,안전운전불이행,건조,맑음,교차로 - 교차로부근,승용,남,48세,상해없음,화물,남,61세,중상
2019070200100222,2019년 7월 2일 10시,화요일,대구광역시 달서구 장기동,경상사고,0,0,2,0,차대차 - 측면충돌,차로위반,건조,맑음,단일로 - 기타,화물,남,53세,상해없음,승용,여,59세,경상
2019070200100276,2019년 7월 2일 12시,화요일,대구광역시 서구 내당동,경상사고,0,0,1,0,차대차 - 측면충돌,신호위반,건조,맑음,단일로 - 기타,승용,남,64세,상해없음,승용,여,51세,경상
2019070200100277,2019년 7월 2일 12시,화요일,대구광역시 중구 남산동,경상사고,0,0,1,0,차대사람 - 횡단중,보행자보호의무위반,건조,맑음,교차로 - 교차로횡단보도내,이륜,남,27세,상해없음,보행자,여,70세,경상
2019070200100278,2019년 7월 2일 12시,화요일,대구광역시 중구 대신동,중상사고,0,1,0,0,차대차 - 기타,안전운전불이행,건조,맑음,교차로 - 교차로안,승용,여,40세,상해없음,이륜,남,34세,중상
2019070200100315,2019년 7월 2일 13시,화요일,대구광역시 수성구 범어동,경상사고,0,0,3,0,차대차 - 측면충돌,안전운전불이행,건조,맑음,교차로 - 교차로부근,원동기,남,28세,상해없음,승용,여,57세,경상
2019070200100316,2019년 7월 2일 13시,화요일,대구광역시 북구 노원동2가,중상사고,0,1,0,0,차대차 - 측면충돌,교차로운행방법위반,건조,맑음,교차로 - 교차로안,화물,남,51세,상해없음,자전거,여,52세,중상
2019070200100346,2019년 7월 2일 14시,화요일,대구광역시 동구 봉무동,경상사고,0,0,1,0,차대차 - 측면충돌,안전거리미확보,건조,맑음,단일로 - 기타,화물,남,55세,상해없음,승용,여,59세,경상
2019070200100347,2019년 7월 2일 14시,화요일,대구광역시 달서구 송현동,경상사고,0,0,1,0,차대차 - 측면충돌,직진우회전진행방해,건조,맑음,교차로 - 교차로안,승용,여,48세,상해없음,이륜,남,40세,경상
2019070200100348,2019년 7월 2일 14시,화요일,대구광역시 달서구 감삼동,경상사고,0,0,1,0,차대차 - 측면충돌,신호위반,건조,맑음,단일로 - 기타,승용,여,48세,상해없음,승용,여,34세,경상
2019070200100349,2019년 7월 2일 14시,화요일,대구광역시 북구 태전동,경상사고,0,0,4,0,차대차 - 측면충돌,안전운전불이행,건조,맑음,교차로 - 교차로안,승용,남,28세,기타불명,이륜,남,18세,경상
2019070200100380,2019년 7월 2일 15시,화요일,대구광역시 북구 칠성동1가,경상사고,0,0,1,0,차대사람 - 기타,안전운전불이행,건조,맑음,단일로 - 기타,승용,여,59세,상해없음,보행자,남,44세,경상
2019070200100381,2019년 7월 2일 15시,화요일,대구광역시 달서구 감삼동,중상사고,0,1,0,0,차대사람 - 기타,안전운전불이행,건조,맑음,단일로 - 기타,승용,남,27세,상해없음,보행자,남,67세,중상
2019070200100417,2019년 7월 2일 16시,화요일,대구광역시 수성구 매호동,중상사고,0,1,0,0,차대사람 - 횡단중,보행자보호의무위반,건조,맑음,단일로 - 기타,승용,남,57세,상해없음,보행자,여,9세,중상
2019070200100418,2019년 7월 2일 16시,화요일,대구광역시 달서구 도원동,중상사고,0,1,0,0,차대사람 - 기타,안전운전불이행,건조,맑음,단일로 - 기타,승합,남,63세,상해없음,보행자,여,72세,중상
2019070200100419,2019년 7월 2일 16시,화요일,대구광역시 달서구 성당동,중상사고,0,1,0,0,차대차 - 측면충돌,안전거리미확보,건조,맑음,교차로 - 교차로부근,승용,남,44세,상해없음,승용,여,58세,중상
2019070200100455,2019년 7월 2일 17시,화요일,대구광역시 북구 복현동,중상사고,0,1,0,0,차대사람 - 횡단중,보행자보호의무위반,건조,맑음,단일로 - 기타,승용,남,49세,상해없음,보행자,여,10세,중상
2019070200100456,2019년 7월 2일 17시,화요일,대구광역시 북구 대현동,중상사고,0,1,0,0,차대차 - 기타,직진우회전진행방해,건조,맑음,교차로 - 교차로안,승용,남,50세,상해없음,이륜,남,39세,중상
2019070200100457,2019년 7월 2일 17시,화요일,대구광역시 서구 비산동,경상사고,0,0,1,0,차대차 - 추돌,안전운전불이행,건조,맑음,교차로 - 교차로안,이륜,남,48세,경상,승용,여,45세,상해없음
2019070200100458,2019년 7월 2일 17시,화요일,대구광역시 중구 계산동2가,경상사고,0,0,2,0,차대차 - 측면충돌,안전운전불이행,건조,맑음,단일로 - 기타,화물,남,47세,상해없음,승용,남,43세,경상
2019070200100508,2019년 7월 2일 18시,화요일,대구광역시 수성구 수성동1가,경상사고,0,0,1,0,차대차 - 측면충돌,안전운전불이행,건조,맑음,단일로 - 기타,승용,여,63세,상해없음,이륜,남,22세,경상
2019070200100509,2019년 7월 2일 18시,화요일,대구광역시 수성구 두산동,경상사고,0,0,1,0,차대차 - 기타,교차로운행방법위반,건조,맑음,교차로 - 교차로안,승용,여,62세,상해없음,이륜,남,62세,경상
2019070200100510,2019년 7월 2일 18시,화요일,대구광역시 달서구 이곡동,경상사고,0,0,4,0,차대차 - 기타,안전거리미확보,건조,맑음,단일로 - 기타,승용,남,57세,상해없음,승용,남,21세,경상
2019070200100540,2019년 7월 2일 19시,화요일,대구광역시 달서구 본리동,경상사고,0,0,1,0,차대사람 - 횡단중,보행자보호의무위반,건조,맑음,교차로 - 교차로횡단보도내,승용,남,62세,상해없음,보행자,남,7세,경상
2019070200100566,2019년 7월 2일 20시,화요일,대구광역시 남구 이천동,부상신고사고,0,0,0,1,차대차 - 기타,안전운전불이행,건조,맑음,단일로 - 기타,자전거,남,71세,부상신고,승용,남,44세,상해없음
2019070200100567,2019년 7월 2일 20시,화요일,대구광역시 수성구 지산동,경상사고,0,0,2,1,차대차 - 측면충돌,안전운전불이행,건조,맑음,단일로 - 기타,승용,남,60세,부상신고,승용,남,33세,경상
2019070200100568,2019년 7월 2일 20시,화요일,대구광역시 달성군 다사읍,경상사고,0,0,1,1,차대차 - 측면충돌,안전운전불이행,건조,맑음,교차로 - 교차로안,승용,남,50세,경상,승용,남,34세,부상신고
2019070200100569,2019년 7월 2일 20시,화요일,대구광역시 달서구 이곡동,경상사고,0,0,1,0,차대사람 - 기타,안전운전불이행,건조,맑음,주차장 - 주차장,승용,여,51세,상해없음,보행자,여,17세,경상
2019070200100593,2019년 7월 2일 21시,화요일,대구광역시 중구 대봉동,중상사고,0,1,4,0,차대차 - 추돌,안전운전불이행,건조,맑음,단일로 - 기타,승용,남,58세,상해없음,승용,남,67세,중상
2019070200100594,2019년 7월 2일 21시,화요일,대구광역시 중구 봉산동,경상사고,0,0,1,0,차대사람 - 기타,안전운전불이행,건조,맑음,단일로 - 기타,승용,여,38세,상해없음,보행자,여,18세,경상
2019070200100595,2019년 7월 2일 21시,화요일,대구광역시 북구 읍내동,경상사고,0,0,1,0,차대차 - 기타,신호위반,건조,맑음,교차로 - 교차로안,자전거,남,72세,경상,승합,남,51세,상해없음
2019070200100609,2019년 7월 2일 22시,화요일,대구광역시 달서구 감삼동,경상사고,0,0,3,2,차대차 - 측면충돌,교차로운행방법위반,건조,맑음,교차로 - 교차로안,승용,남,19세,경상,승용,여,25세,경상
2019070200100619,2019년 7월 2일 23시,화요일,대구광역시 서구 평리동,중상사고,0,1,0,0,차대사람 - 횡단중,신호위반,건조,맑음,교차로 - 교차로횡단보도내,승용,기타불명,미분류,기타불명,보행자,여,57세,중상
2019070300100069,2019년 7월 3일 06시,수요일,대구광역시 달서구 장기동,경상사고,0,0,6,0,차대차 - 추돌,안전운전불이행,건조,맑음,교차로 - 교차로부근,승용,남,30세,상해없음,승합,남,38세,경상
2019070300100088,2019년 7월 3일 07시,수요일,대구광역시 수성구 범어동,경상사고,0,0,1,0,차대차 - 추돌,안전거리미확보,건조,맑음,단일로 - 기타,승용,남,60세,상해없음,승용,남,34세,경상
2019070300100089,2019년 7월 3일 07시,수요일,대구광역시 달서구 진천동,부상신고사고,0,0,0,1,차대차 - 추돌,안전운전불이행,건조,맑음,교차로 - 교차로부근,이륜,남,46세,부상신고,승용,남,35세,상해없음
2019070300100090,2019년 7월 3일 07시,수요일,대구광역시 북구 침산동,경상사고,0,0,2,0,차대차 - 측면충돌,안전거리미확보,건조,맑음,단일로 - 기타,승용,남,37세,상해없음,화물,남,48세,경상
2019070300100091,2019년 7월 3일 07시,수요일,대구광역시 서구 비산동,경상사고,0,0,2,0,차대차 - 측면충돌,불법유턴,건조,맑음,단일로 - 기타,승용,남,33세,경상,승용,남,27세,상해없음
2019070300100092,2019년 7월 3일 07시,수요일,대구광역시 중구 대봉동,경상사고,0,0,1,0,차대차 - 추돌,안전거리미확보,건조,맑음,단일로 - 기타,승용,남,63세,상해없음,승용,남,38세,경상
2019070300100093,2019년 7월 3일 07시,수요일,대구광역시 중구 계산동2가,경상사고,0,0,1,0,차대사람 - 기타,보행자보호의무위반,건조,맑음,단일로 - 기타,승용,여,58세,상해없음,보행자,남,26세,경상
2019070300100131,2019년 7월 3일 08시,수요일,대구광역시 수성구 만촌동,경상사고,0,0,1,0,차대사람 - 기타,안전운전불이행,건조,맑음,단일로 - 기타,승용,남,67세,상해없음,보행자,남,8세,경상
2019070300100132,2019년 7월 3일 08시,수요일,대구광역시 달서구 상인동,중상사고,0,1,0,0,차대차 - 정면충돌,안전운전불이행,건조,맑음,교차로 - 교차로횡단보도내,승용,남,57세,상해없음,자전거,남,81세,중상
2019070300100133,2019년 7월 3일 08시,수요일,대구광역시 중구 남산동,경상사고,0,0,2,0,차대차 - 측면충돌,신호위반,건조,맑음,단일로 - 기타,승용,남,25세,상해없음,승용,여,33세,경상
2019070300100202,2019년 7월 3일 10시,수요일,대구광역시 수성구 범어동,경상사고,0,0,1,0,차대차 - 추돌,안전운전불이행,건조,맑음,단일로 - 기타,승용,남,64세,상해없음,승용,남,34세,경상