사고번호,사고일시,요일,시군구,사고내용,사망자수,중상자수,경상자수,부상신고자수,사고유형,법규위반,노면상태,기상상태,도로형태,가해운전자 차종,가해운전자 성별,가해운전자 연령,가해운전자 상해정도,피해운전자 차종,피해운전자 성별,피해운전자 연령,피해운전자 상해정도
2019070600100370,2019년 7월 6일 13시,토요일,대구광역시 남구 대명동,중상사고,0,1,2,0,차대차 - 측면충돌,신호위반,건조,맑음,교차로 - 교차로부근,승용,남,38세,경상,승용,남,26세,중상
2019070600100371,2019년 7월 6일 13시,토요일,대구광역시 동구 각산동,경상사고,0,0,5,0,차대차 - 측면충돌,차로위반,건조,맑음,단일로 - 기타,승용,여,53세,상해없음,승용,남,40세,경상
2019070600100372,2019년 7월 6일 13시,토요일,대구광역시 수성구 지산동,경상사고,0,0,1,0,차대사람 - 기타,안전운전불이행,건조,맑음,단일로 - 기타,화물,남,53세,상해없음,보행자,남,6세,경상
2019070600100373,2019년 7월 6일 13시,토요일,대구광역시 북구 대현동,중상사고,0,1,1,0,차대사람 - 횡단중,신호위반,건조,맑음,교차로 - 교차로안,원동기,남,15세,상해없음,보행자,여,58세,중상
2019070600100416,2019년 7월 6일 14시,토요일,대구광역시 달서구 상인동,부상신고사고,0,0,0,1,차대차 - 측면충돌,불법유턴,건조,맑음,단일로 - 기타,자전거,남,21세,부상신고,승용,여,62세,상해없음
2019070600100417,2019년 7월 6일 14시,토요일,대구광역시 달서구 두류동,경상사고,0,0,1,0,차대차 - 기타,차로위반,건조,맑음,교차로 - 교차로부근,자전거,남,78세,경상,이륜,남,25세,상해없음
2019070600100497,2019년 7월 6일 16시,토요일,대구광역시 동구 효목동,경상사고,0,0,1,0,차대차 - 측면충돌,차로위반,건조,맑음,교차로 - 교차로안,승용,남,22세,상해없음,승용,여,25세,경상
2019070600100498,2019년 7월 6일 16시,토요일,대구광역시 서구 이현동,경상사고,0,0,3,0,차대차 - 추돌,안전거리미확보,건조,맑음,단일로 - 기타,승용,남,45세,상해없음,승용,여,48세,상해없음
2019070600100499,2019년 7월 6일 16시,토요일,대구광역시 북구 동천동,경상사고,0,0,1,0,차대차 - 기타,안전거리미확보,건조,맑음,단일로 - 기타,이륜,남,43세,경상,승용,남,37세,상해없음
2019070600100540,2019년 7월 6일 17시,토요일,대구광역시 달서구 상인동,중상사고,0,1,0,0,차대사람 - 횡단중,안전운전불이행,건조,맑음,교차로 - 교차로부근,승용,남,27세,상해없음,보행자,여,76세,중상
2019070600100541,2019년 7월 6일 17시,토요일,대구광역시 중구 삼덕동2가,경상사고,0,0,1,0,차대차 - 측면충돌,안전거리미확보,건조,맑음,단일로 - 기타,승용,남,50세,기타불명,승용,여,57세,경상
2019070600100601,2019년 7월 6일 19시,토요일,대구광역시 남구 대명동,경상사고,0,0,1,0,차대사람 - 횡단중,신호위반,건조,맑음,교차로 - 교차로횡단보도내,원동기,남,18세,상해없음,보행자,여,68세,경상
2019070600100602,2019년 7월 6일 19시,토요일,대구광역시 남구 대명동,경상사고,0,0,1,0,차대차 - 측면충돌,안전운전불이행,건조,맑음,교차로 - 교차로안,승용,남,68세,상해없음,승용,남,58세,경상
2019070600100603,2019년 7월 6일 19시,토요일,대구광역시 북구 읍내동,중상사고,0,1,0,0,차대차 - 기타,안전운전불이행,건조,맑음,단일로 - 기타,승용,남,62세,상해없음,이륜,남,50세,중상
2019070600100632,2019년 7월 6일 20시,토요일,대구광역시 수성구 범어동,경상사고,0,0,1,0,차대차 - 측면충돌,안전운전불이행,건조,맑음,단일로 - 기타,승용,남,30세,상해없음,원동기,남,52세,경상
2019070600100633,2019년 7월 6일 20시,토요일,대구광역시 달서구 상인동,경상사고,0,0,2,0,차대사람 - 기타,기타,건조,맑음,기타 - 기타,화물,남,52세,상해없음,보행자,남,70세,경상
2019070600100675,2019년 7월 6일 21시,토요일,대구광역시 서구 내당동,중상사고,0,1,0,0,차대사람 - 횡단중,안전운전불이행,건조,맑음,단일로 - 기타,화물,남,68세,상해없음,보행자,남,47세,중상
2019070600100676,2019년 7월 6일 21시,토요일,대구광역시 서구 내당동,경상사고,0,0,2,0,차대차 - 측면충돌,차로위반,건조,맑음,단일로 - 기타,승용,남,69세,상해없음,승용,여,45세,경상
2019070600100700,2019년 7월 6일 22시,토요일,대구광역시 서구 내당동,중상사고,0,2,2,0,차대차 - 측면충돌,신호위반,건조,맑음,교차로 - 교차로안,이륜,남,23세,중상,승용,남,64세,중상
2019070600100724,2019년 7월 6일 23시,토요일,대구광역시 수성구 신매동,중상사고,0,1,0,0,차대차 - 측면충돌,신호위반,건조,맑음,교차로 - 교차로안,승용,남,30세,상해없음,이륜,남,28세,중상
2019070600100725,2019년 7월 6일 23시,토요일,대구광역시 중구 삼덕동3가,경상사고,0,0,3,1,차대차 - 측면충돌,안전거리미확보,건조,맑음,단일로 - 기타,승용,남,26세,상해없음,승용,남,58세,부상신고
2019070700100030,2019년 7월 7일 00시,일요일,대구광역시 동구 신암동,경상사고,0,0,2,0,차대차 - 측면충돌,안전거리미확보,건조,맑음,단일로 - 기타,승용,남,50세,상해없음,이륜,남,20세,경상
2019070700100031,2019년 7월 7일 00시,일요일,대구광역시 북구 읍내동,경상사고,0,0,1,0,차대차 - 추돌,안전운전불이행,건조,맑음,단일로 - 기타,승용,남,28세,상해없음,승용,여,47세,경상
2019070700100064,2019년 7월 7일 03시,일요일,대구광역시 달서구 용산동,경상사고,0,0,2,0,차대차 - 추돌,안전거리미확보,건조,맑음,단일로 - 기타,승용,남,33세,상해없음,승용,남,48세,경상
2019070700100082,2019년 7월 7일 05시,일요일,대구광역시 수성구 수성동1가,경상사고,0,0,2,0,차대차 - 측면충돌,안전운전불이행,건조,맑음,단일로 - 기타,승용,여,30세,상해없음,승용,남,27세,경상
2019070700100089,2019년 7월 7일 06시,일요일,대구광역시 서구 내당동,경상사고,0,0,2,0,차대차 - 측면충돌,교차로운행방법위반,건조,맑음,교차로 - 교차로안,승용,남,70세,경상,승용,남,61세,경상
2019070700100115,2019년 7월 7일 08시,일요일,대구광역시 남구 대명동,경상사고,0,0,1,0,차대차 - 기타,안전운전불이행,건조,맑음,단일로 - 기타,승용,남,28세,상해없음,승용,남,62세,경상
2019070700100116,2019년 7월 7일 08시,일요일,대구광역시 서구 평리동,경상사고,0,0,1,0,차대차 - 측면충돌,안전운전불이행,건조,맑음,교차로 - 교차로부근,승용,여,60세,상해없음,이륜,남,57세,경상
2019070700100131,2019년 7월 7일 09시,일요일,대구광역시 서구 평리동,중상사고,0,1,0,0,차대차 - 측면충돌,안전운전불이행,건조,맑음,교차로 - 교차로횡단보도내,승용,여,58세,상해없음,이륜,남,31세,중상
2019070700100153,2019년 7월 7일 10시,일요일,대구광역시 중구 태평로1가,경상사고,0,0,1,0,차대차 - 측면충돌,안전운전불이행,건조,맑음,단일로 - 기타,승용,남,81세,상해없음,자전거,남,74세,경상
2019070700100154,2019년 7월 7일 10시,일요일,대구광역시 북구 읍내동,경상사고,0,0,1,0,차대사람 - 기타,보행자보호의무위반,건조,맑음,단일로 - 기타,승용,남,29세,상해없음,보행자,여,14세,경상
2019070700100203,2019년 7월 7일 12시,일요일,대구광역시 동구 동호동,경상사고,0,0,4,0,차대차 - 측면충돌,신호위반,건조,맑음,교차로 - 교차로안,이륜,남,21세,경상,화물,남,42세,경상
2019070700100204,2019년 7월 7일 12시,일요일,대구광역시 수성구 상동,경상사고,0,0,1,0,차대차 - 추돌,안전운전불이행,건조,맑음,교차로 - 교차로부근,화물,남,56세,상해없음,승용,남,67세,경상
2019070700100205,2019년 7월 7일 12시,일요일,대구광역시 달서구 두류동,중상사고,0,1,0,0,차대차 - 기타,안전운전불이행,건조,맑음,단일로 - 기타,승용,남,76세,기타불명,이륜,남,56세,중상
2019070700100237,2019년 7월 7일 13시,일요일,대구광역시 남구 대명동,경상사고,0,0,1,0,차대차 - 측면충돌,안전거리미확보,건조,맑음,단일로 - 기타,승용,남,76세,상해없음,승용,남,49세,경상
2019070700100238,2019년 7월 7일 13시,일요일,대구광역시 남구 봉덕동,경상사고,0,0,1,0,차대차 - 기타,신호위반,건조,맑음,교차로 - 교차로안,기타불명,기타불명,미분류,기타불명,승합,남,52세,경상
2019070700100239,2019년 7월 7일 13시,일요일,대구광역시 수성구 황금동,경상사고,0,0,1,0,차대차 - 기타,안전거리미확보,건조,맑음,단일로 - 기타,승용,여,27세,상해없음,승합,남,52세,상해없음
2019070700100240,2019년 7월 7일 13시,일요일,대구광역시 중구 대봉동,부상신고사고,0,0,0,1,차대차 - 측면충돌,안전거리미확보,건조,맑음,단일로 - 기타,승용,여,28세,부상신고,승용,남,19세,상해없음
2019070700100275,2019년 7월 7일 14시,일요일,대구광역시 달서구 월암동,경상사고,0,0,5,0,차대차 - 측면충돌,교차로운행방법위반,건조,맑음,교차로 - 교차로안,승용,여,42세,경상,승용,여,45세,경상
2019070700100276,2019년 7월 7일 14시,일요일,대구광역시 달성군 구지면,경상사고,0,0,1,0,차대사람 - 기타,기타,건조,맑음,단일로 - 기타,승용,남,55세,상해없음,보행자,여,58세,경상
2019070700100277,2019년 7월 7일 14시,일요일,대구광역시 달성군 유가읍,경상사고,0,0,2,0,차대차 - 기타,차로위반,건조,맑음,교차로 - 교차로부근,승용,여,38세,상해없음,승용,남,40세,경상
2019070700100303,2019년 7월 7일 15시,일요일,대구광역시 중구 계산동2가,경상사고,0,0,3,0,차대차 - 측면충돌,안전거리미확보,건조,맑음,단일로 - 기타,승용,여,55세,상해없음,승용,남,18세,경상
2019070700100304,2019년 7월 7일 15시,일요일,대구광역시 북구 구암동,경상사고,0,0,1,0,차대사람 - 기타,안전운전불이행,건조,맑음,단일로 - 기타,승용,여,45세,상해없음,보행자,남,8세,경상
2019070700100346,2019년 7월 7일 16시,일요일,대구광역시 서구 상리동,경상사고,0,0,8,0,차대차 - 측면충돌,안전운전불이행,건조,맑음,단일로 - 기타,승용,남,65세,기타불명,승합,남,34세,경상
2019070700100350,2019년 7월 7일 16시,일요일,대구광역시 동구 효목동,부상신고사고,0,0,0,1,차대차 - 추돌,교차로운행방법위반,건조,맑음,교차로 - 교차로부근,승용,여,50세,기타불명,승용,남,61세,부상신고
2019070700100351,2019년 7월 7일 16시,일요일,대구광역시 달서구 대천동,중상사고,0,1,0,0,차대사람 - 횡단중,보행자보호의무위반,건조,맑음,교차로 - 교차로횡단보도내,승용,여,50세,상해없음,보행자,여,20세,중상
2019070700100352,2019년 7월 7일 16시,일요일,대구광역시 중구 덕산동,중상사고,0,2,0,0,차대차 - 측면충돌,안전운전불이행,건조,맑음,단일로 - 기타,승용,남,63세,상해없음,이륜,남,20세,중상
2019070700100385,2019년 7월 7일 17시,일요일,대구광역시 수성구 지산동,경상사고,0,0,1,0,차대차 - 측면충돌,안전운전불이행,건조,맑음,단일로 - 기타,승용,남,43세,상해없음,승용,남,49세,경상
2019070700100403,2019년 7월 7일 18시,일요일,대구광역시 달서구 감삼동,경상사고,0,0,1,1,차대차 - 측면충돌,안전운전불이행,건조,맑음,교차로 - 교차로안,이륜,남,54세,부상신고,화물,여,61세,경상
2019070700100404,2019년 7월 7일 18시,일요일,대구광역시 북구 태전동,경상사고,0,0,4,0,차대차 - 측면충돌,교차로운행방법위반,건조,맑음,교차로 - 교차로안,승용,남,44세,경상,승용,여,29세,경상
2019070700100429,2019년 7월 7일 19시,일요일,대구광역시 동구 입석동,경상사고,0,0,1,0,차대사람 - 횡단중,안전운전불이행,건조,맑음,단일로 - 기타,원동기,남,29세,상해없음,보행자,여,2세,경상
2019070700100430,2019년 7월 7일 19시,일요일,대구광역시 달서구 죽전동,중상사고,0,1,0,0,차대차 - 측면충돌,안전거리미확보,건조,맑음,단일로 - 기타,승용,여,55세,상해없음,이륜,남,44세,중상
2019070700100431,2019년 7월 7일 19시,일요일,대구광역시 달서구 신당동,경상사고,0,0,1,0,차대차 - 기타,안전거리미확보,건조,맑음,단일로 - 기타,승용,남,19세,상해없음,이륜,남,24세,경상
2019070700100452,2019년 7월 7일 20시,일요일,대구광역시 수성구 중동,경상사고,0,0,3,0,차대차 - 측면충돌,안전운전불이행,건조,맑음,교차로 - 교차로안,승용,여,54세,상해없음,승용,여,52세,경상
2019070700100453,2019년 7월 7일 20시,일요일,대구광역시 북구 태전동,경상사고,0,0,1,0,차대차 - 측면충돌,안전운전불이행,건조,맑음,단일로 - 기타,승용,남,37세,상해없음,이륜,남,19세,경상
2019070700100491,2019년 7월 7일 22시,일요일,대구광역시 수성구 범어동,경상사고,0,0,5,0,차대차 - 측면충돌,안전거리미확보,건조,맑음,단일로 - 기타,승용,남,47세,경상,화물,남,48세,경상
2019070700100511,2019년 7월 7일 23시,일요일,대구광역시 수성구 두산동,중상사고,0,1,0,0,차대사람 - 횡단중,안전운전불이행,건조,맑음,교차로 - 교차로안,승용,남,55세,상해없음,보행자,여,43세,중상
2019070700100512,2019년 7월 7일 23시,일요일,대구광역시 달성군 화원읍,경상사고,0,0,1,0,차대차 - 측면충돌,안전운전불이행,건조,맑음,교차로 - 교차로안,승용,남,55세,상해없음,승용,여,61세,경상
2019070800100032,2019년 7월 8일 00시,월요일,대구광역시 수성구 시지동,경상사고,0,0,1,0,차대차 - 추돌,안전운전불이행,건조,맑음,교차로 - 교차로부근,승용,남,82세,상해없음,승용,남,32세,경상
2019070800100055,2019년 7월 8일 04시,월요일,대구광역시 북구 대현동,경상사고,0,0,1,0,차대차 - 측면충돌,안전운전불이행,건조,맑음,단일로 - 기타,승용,남,65세,상해없음,자전거,여,23세,경상
2019070800100066,2019년 7월 8일 05시,월요일,대구광역시 북구 노원동2가,중상사고,0,1,0,0,차대차 - 측면충돌,신호위반,건조,맑음,교차로 - 교차로안,승합,남,44세,상해없음,원동기,남,70세,중상
2019070800100074,2019년 7월 8일 06시,월요일,대구광역시 달서구 장기동,경상사고,0,0,1,0,차대차 - 측면충돌,과속,건조,맑음,기타 - 기타,승용,남,36세,상해없음,승용,남,62세,경상
2019070800100095,2019년 7월 8일 07시,월요일,대구광역시 서구 상리동,경상사고,0,0,2,0,차대차 - 측면충돌,안전거리미확보,건조,맑음,단일로 - 기타,승용,남,42세,상해없음,화물,남,46세,경상
2019070800100096,2019년 7월 8일 07시,월요일,대구광역시 남구 대명동,중상사고,0,1,0,0,차대사람 - 차도통행중,안전운전불이행,건조,맑음,교차로 - 교차로횡단보도내,승합,남,28세,상해없음,보행자,남,65세,중상
2019070800100097,2019년 7월 8일 07시,월요일,대구광역시 북구 칠성동2가,중상사고,0,1,0,0,차대차 - 기타,안전운전불이행,건조,맑음,교차로 - 교차로안,승용,남,48세,상해없음,승용,남,64세,중상
2019070800100147,2019년 7월 8일 08시,월요일,대구광역시 수성구 범어동,중상사고,0,1,0,0,차대사람 - 차도통행중,안전운전불이행,건조,맑음,교차로 - 교차로안,승용,여,42세,상해없음,보행자,남,11세,중상
2019070800100148,2019년 7월 8일 08시,월요일,대구광역시 수성구 범어동,중상사고,0,1,0,0,차대차 - 측면충돌,안전거리미확보,건조,맑음,단일로 - 기타,건설기계,남,62세,상해없음,승합,남,66세,중상
2019070800100149,2019년 7월 8일 08시,월요일,대구광역시 달서구 이곡동,경상사고,0,0,1,0,차대차 - 측면충돌,안전운전불이행,건조,맑음,기타 - 기타,화물,남,53세,상해없음,승용,남,25세,경상
2019070800100185,2019년 7월 8일 09시,월요일,대구광역시 달서구 대천동,경상사고,0,0,1,0,차대차 - 측면충돌,교차로운행방법위반,건조,맑음,교차로 - 교차로안,승용,여,27세,상해없음,화물,남,39세,경상
2019070800100186,2019년 7월 8일 09시,월요일,대구광역시 달서구 신당동,경상사고,0,0,1,0,차대차 - 추돌,안전운전불이행,건조,맑음,단일로 - 기타,화물,남,58세,상해없음,승용,여,39세,경상
2019070800100219,2019년 7월 8일 10시,월요일,대구광역시 수성구 신매동,중상사고,0,1,0,0,차대차 - 정면충돌,신호위반,건조,맑음,교차로 - 교차로안,승용,여,50세,상해없음,이륜,여,52세,중상
2019070800100220,2019년 7월 8일 10시,월요일,대구광역시 달성군 현풍읍,경상사고,0,0,2,0,차대차 - 기타,안전거리미확보,건조,맑음,단일로 - 기타,승용,남,55세,상해없음,화물,남,75세,경상
2019070800100221,2019년 7월 8일 10시,월요일,대구광역시 달서구 장기동,경상사고,0,0,1,0,차대차 - 측면충돌,안전운전불이행,건조,맑음,단일로 - 기타,건설기계,남,54세,상해없음,승용,남,64세,경상
2019070800100256,2019년 7월 8일 11시,월요일,대구광역시 동구 검사동,경상사고,0,0,1,0,차대차 - 측면충돌,신호위반,건조,맑음,단일로 - 기타,이륜,남,45세,상해없음,자전거,여,58세,경상
2019070800100257,2019년 7월 8일 11시,월요일,대구광역시 서구 평리동,경상사고,0,0,1,0,차대차 - 측면충돌,신호위반,건조,맑음,교차로 - 교차로안,승용,여,37세,상해없음,승용,남,63세,경상
2019070800100290,2019년 7월 8일 12시,월요일,대구광역시 동구 신기동,경상사고,0,0,3,0,차대차 - 측면충돌,안전운전불이행,건조,맑음,단일로 - 기타,승용,여,32세,경상,이륜,남,24세,경상
2019070800100291,2019년 7월 8일 12시,월요일,대구광역시 달성군 다사읍,경상사고,0,0,1,0,차대차 - 기타,직진우회전진행방해,건조,맑음,교차로 - 교차로안,승합,남,63세,상해없음,자전거,남,56세,경상
2019070800100292,2019년 7월 8일 12시,월요일,대구광역시 북구 구암동,중상사고,0,1,0,0,차량단독 - 기타,기타,건조,맑음,단일로 - 기타,승합,남,57세,상해없음,,,,
2019070800100323,2019년 7월 8일 13시,월요일,대구광역시 달서구 월성동,경상사고,0,0,1,0,차대차 - 측면충돌,안전운전불이행,건조,맑음,단일로 - 기타,승용,남,20세,상해없음,승용,남,25세,경상
2019070800100353,2019년 7월 8일 14시,월요일,대구광역시 수성구 중동,경상사고,0,0,1,0,차대사람 - 횡단중,안전운전불이행,건조,맑음,단일로 - 기타,승용,남,38세,상해없음,보행자,여,70세,경상
2019070800100382,2019년 7월 8일 15시,월요일,대구광역시 달성군 다사읍,중상사고,0,1,0,0,차대차 - 측면충돌,안전운전불이행,건조,맑음,단일로 - 기타,승용,여,50세,상해없음,화물,여,54세,중상
2019070800100383,2019년 7월 8일 15시,월요일,대구광역시 달성군 화원읍,경상사고,0,0,2,0,차대차 - 기타,신호위반,건조,맑음,교차로 - 교차로안,건설기계,남,66세,상해없음,승용,여,30세,경상
2019070800100425,2019년 7월 8일 16시,월요일,대구광역시 중구 동인동1가,경상사고,0,0,2,0,차대차 - 측면충돌,안전운전불이행,건조,맑음,교차로 - 교차로부근,화물,남,67세,상해없음,승용,여,56세,경상
2019070800100455,2019년 7월 8일 17시,월요일,대구광역시 달서구 대곡동,중상사고,0,1,0,1,차대사람 - 횡단중,신호위반,건조,맑음,단일로 - 기타,이륜,남,23세,상해없음,보행자,남,4세,중상
2019070800100456,2019년 7월 8일 17시,월요일,대구광역시 북구 태전동,부상신고사고,0,0,0,1,차대차 - 측면충돌,기타,건조,맑음,기타 - 기타,원동기,남,47세,부상신고,승용,여,52세,상해없음
2019070800100496,2019년 7월 8일 18시,월요일,대구광역시 남구 대명동,경상사고,0,0,1,0,차대차 - 측면충돌,안전운전불이행,건조,맑음,단일로 - 기타,승용,여,40세,상해없음,승용,여,39세,경상
2019070800100532,2019년 7월 8일 19시,월요일,대구광역시 수성구 신매동,경상사고,0,0,1,0,차대차 - 기타,안전운전불이행,건조,맑음,단일로 - 기타,이륜,남,42세,경상,승용,남,50세,상해없음
2019070800100533,2019년 7월 8일 19시,월요일,대구광역시 달성군 현풍읍,경상사고,0,0,1,0,차대차 - 기타,안전운전불이행,건조,맑음,교차로 - 교차로부근,승용,남,50세,경상,승용,여,28세,상해없음
2019070800100534,2019년 7월 8일 19시,월요일,대구광역시 북구 노원동3가,경상사고,0,0,1,0,차대사람 - 횡단중,신호위반,건조,맑음,단일로 - 기타,이륜,남,49세,기타불명,보행자,여,90세 이상,경상
2019070800100558,2019년 7월 8일 20시,월요일,대구광역시 동구 신천동,경상사고,0,0,2,0,차대차 - 측면충돌,중앙선침범,건조,맑음,교차로 - 교차로안,승용,남,67세,상해없음,승용,남,53세,상해없음
2019070800100559,2019년 7월 8일 20시,월요일,대구광역시 서구 비산동,경상사고,0,0,1,0,차대차 - 측면충돌,교차로운행방법위반,건조,맑음,교차로 - 교차로횡단보도내,승용,남,26세,상해없음,자전거,남,52세,경상
2019070800100614,2019년 7월 8일 23시,월요일,대구광역시 달서구 신당동,중상사고,0,1,0,0,차대사람 - 기타,안전운전불이행,건조,맑음,기타 - 기타,개인형이동수단(PM),남,23세,상해없음,보행자,남,50세,중상
2019070900100060,2019년 7월 9일 05시,화요일,대구광역시 달서구 월성동,경상사고,0,0,1,0,차대차 - 측면충돌,안전운전불이행,건조,맑음,단일로 - 기타,화물,남,66세,상해없음,승용,여,68세,경상
2019070900100081,2019년 7월 9일 06시,화요일,대구광역시 달서구 상인동,경상사고,0,0,1,0,차대차 - 측면충돌,신호위반,건조,맑음,교차로 - 교차로안,이륜,남,64세,경상,승용,남,38세,상해없음
2019070900100110,2019년 7월 9일 07시,화요일,대구광역시 수성구 연호동,경상사고,0,0,3,0,차대차 - 추돌,안전거리미확보,건조,맑음,교차로 - 교차로부근,승용,남,47세,상해없음,화물,남,49세,경상
2019070900100111,2019년 7월 9일 07시,화요일,대구광역시 서구 내당동,경상사고,0,0,1,0,차대사람 - 기타,기타,건조,맑음,단일로 - 기타,자전거,남,73세,기타불명,보행자,남,34세,경상
2019070900100157,2019년 7월 9일 08시,화요일,대구광역시 수성구 만촌동,중상사고,0,2,1,0,차대차 - 정면충돌,신호위반,건조,맑음,교차로 - 교차로안,승용,여,57세,상해없음,승용,남,51세,중상
2019070900100158,2019년 7월 9일 08시,화요일,대구광역시 달서구 본동,중상사고,0,1,0,0,차대차 - 측면충돌,신호위반,건조,맑음,교차로 - 교차로안,승용,여,44세,상해없음,화물,남,59세,중상
2019070900100202,2019년 7월 9일 09시,화요일,대구광역시 달서구 송현동,경상사고,0,0,1,0,차대차 - 측면충돌,안전운전불이행,건조,맑음,기타 - 기타,승용,남,70세,상해없음,자전거,남,64세,경상
2019070900100272,2019년 7월 9일 11시,화요일,대구광역시 동구 신평동,중상사고,0,1,0,1,차대차 - 측면충돌,안전운전불이행,건조,맑음,단일로 - 기타,승용,남,49세,기타불명,이륜,남,18세,부상신고
2019070900100273,2019년 7월 9일 11시,화요일,대구광역시 수성구 수성동1가,부상신고사고,0,0,0,3,차대차 - 측면충돌,안전운전불이행,건조,맑음,교차로 - 교차로안,승용,여,50세,부상신고,승용,여,41세,부상신고
2019070900100274,2019년 7월 9일 11시,화요일,대구광역시 중구 남산동,부상신고사고,0,0,0,2,차대차 - 측면충돌,안전거리미확보,건조,맑음,단일로 - 기타,승용,남,38세,부상신고,승용,남,63세,부상신고
2019070900100275,2019년 7월 9일 11시,화요일,대구광역시 중구 덕산동,경상사고,0,0,1,0,차대차 - 측면충돌,안전거리미확보,건조,맑음,단일로 - 기타,승용,남,68세,기타불명,승용,여,58세,경상
2019070900100300,2019년 7월 9일 12시,화요일,대구광역시 북구 동천동,경상사고,0,0,1,0,차대차 - 추돌,안전운전불이행,건조,맑음,단일로 - 기타,승용,여,51세,상해없음,승용,여,36세,경상
2019070900100301,2019년 7월 9일 12시,화요일,대구광역시 북구 읍내동,중상사고,0,1,2,0,차대차 - 추돌,안전거리미확보,건조,맑음,단일로 - 기타,승용,여,47세,상해없음,승용,남,32세,중상
2019070900100329,2019년 7월 9일 13시,화요일,대구광역시 달서구 도원동,경상사고,0,0,1,0,차대차 - 측면충돌,안전운전불이행,건조,맑음,교차로 - 교차로부근,승용,여,57세,상해없음,승용,남,68세,경상
2019070900100330,2019년 7월 9일 13시,화요일,대구광역시 서구 평리동,중상사고,0,1,0,0,차대차 - 측면충돌,안전운전불이행,건조,맑음,단일로 - 기타,승용,남,40세,상해없음,이륜,남,72세,중상
2019070900100331,2019년 7월 9일 13시,화요일,대구광역시 서구 내당동,경상사고,0,0,1,0,차대차 - 측면충돌,안전거리미확보,건조,맑음,교차로 - 교차로부근,승용,여,68세,상해없음,승용,남,30세,경상
2019070900100332,2019년 7월 9일 13시,화요일,대구광역시 달서구 용산동,중상사고,0,1,0,0,차대차 - 기타,신호위반,건조,맑음,교차로 - 교차로안,승용,여,68세,상해없음,이륜,남,19세,중상
2019070900100358,2019년 7월 9일 14시,화요일,대구광역시 달서구 신당동,경상사고,0,0,1,0,차대차 - 추돌,안전거리미확보,건조,맑음,교차로 - 교차로부근,건설기계,남,62세,상해없음,승용,여,51세,경상
2019070900100390,2019년 7월 9일 15시,화요일,대구광역시 달서구 본동,경상사고,0,0,3,2,차대차 - 측면충돌,교차로운행방법위반,건조,맑음,교차로 - 교차로부근,승용,남,47세,경상,승용,남,24세,부상신고
2019070900100427,2019년 7월 9일 16시,화요일,대구광역시 수성구 수성동1가,중상사고,0,1,1,0,차대차 - 측면충돌,신호위반,건조,맑음,단일로 - 기타,승용,남,28세,상해없음,이륜,남,67세,중상
2019070900100428,2019년 7월 9일 16시,화요일,대구광역시 수성구 매호동,경상사고,0,0,1,0,차대차 - 측면충돌,교차로운행방법위반,건조,맑음,교차로 - 교차로안,승용,남,83세,상해없음,승용,여,69세,경상
2019070900100429,2019년 7월 9일 16시,화요일,대구광역시 달서구 감삼동,경상사고,0,0,3,0,차대차 - 기타,안전거리미확보,건조,맑음,단일로 - 기타,승용,남,72세,상해없음,승용,남,20세,경상
2019070900100463,2019년 7월 9일 17시,화요일,대구광역시 수성구 상동,경상사고,0,0,1,0,차대사람 - 길가장자리구역통행중,안전운전불이행,건조,맑음,단일로 - 기타,화물,남,29세,상해없음,보행자,여,12세,경상
2019070900100510,2019년 7월 9일 18시,화요일,대구광역시 수성구 중동,경상사고,0,0,2,1,차대차 - 추돌,안전운전불이행,건조,맑음,단일로 - 기타,이륜,남,27세,부상신고,승용,여,20세,경상
2019070900100511,2019년 7월 9일 18시,화요일,대구광역시 서구 내당동,경상사고,0,0,1,0,차대사람 - 횡단중,보행자보호의무위반,건조,맑음,단일로 - 기타,승용,여,24세,상해없음,보행자,여,33세,경상
2019070900100574,2019년 7월 9일 20시,화요일,대구광역시 동구 봉무동,부상신고사고,0,0,0,1,차대차 - 측면충돌,안전운전불이행,건조,맑음,단일로 - 기타,자전거,여,46세,부상신고,승용,남,49세,상해없음
2019070900100575,2019년 7월 9일 20시,화요일,대구광역시 달서구 상인동,경상사고,0,0,1,0,차대차 - 측면충돌,안전운전불이행,건조,맑음,단일로 - 기타,이륜,남,17세,경상,승용,여,37세,상해없음
2019070900100624,2019년 7월 9일 22시,화요일,대구광역시 수성구 범어동,경상사고,0,0,2,0,차대차 - 기타,신호위반,건조,맑음,기타 - 기타,승용,여,54세,상해없음,승용,남,25세,경상
2019070900100625,2019년 7월 9일 22시,화요일,대구광역시 달서구 진천동,중상사고,0,1,0,0,차대사람 - 횡단중,신호위반,건조,맑음,교차로 - 교차로부근,승용,남,58세,상해없음,보행자,여,76세,중상
2019070900100626,2019년 7월 9일 22시,화요일,대구광역시 북구 산격동,경상사고,0,0,1,0,차대차 - 기타,안전운전불이행,건조,맑음,교차로 - 교차로부근,기타불명,기타불명,미분류,기타불명,승합,남,48세,경상
2019070900100649,2019년 7월 9일 23시,화요일,대구광역시 동구 방촌동,경상사고,0,0,2,0,차대차 - 측면충돌,신호위반,건조,맑음,교차로 - 교차로부근,승용,남,38세,상해없음,승용,남,27세,경상
2019070900100650,2019년 7월 9일 23시,화요일,대구광역시 달서구 이곡동,경상사고,0,0,2,0,차대차 - 기타,직진우회전진행방해,건조,맑음,교차로 - 교차로안,승용,여,33세,상해없음,승용,남,70세,경상