사고번호,사고일시,요일,시군구,사고내용,사망자수,중상자수,경상자수,부상신고자수,사고유형,법규위반,노면상태,기상상태,도로형태,가해운전자 차종,가해운전자 성별,가해운전자 연령,가해운전자 상해정도,피해운전자 차종,피해운전자 성별,피해운전자 연령,피해운전자 상해정도
2019071300100293,2019년 7월 13일 13시,토요일,대구광역시 달서구 본리동,경상사고,0,0,1,0,차대차 - 추돌,안전운전불이행,건조,맑음,단일로 - 기타,승용,여,29세,상해없음,승용,남,33세,경상
2019071300100294,2019년 7월 13일 13시,토요일,대구광역시 달서구 본리동,경상사고,0,0,3,0,차대차 - 추돌,안전운전불이행,건조,맑음,교차로 - 교차로안,승용,여,53세,상해없음,승용,여,44세,경상
2019071300100295,2019년 7월 13일 13시,토요일,대구광역시 달서구 본리동,경상사고,0,0,1,0,차대차 - 기타,안전운전불이행,건조,맑음,단일로 - 기타,승용,여,40세,상해없음,이륜,남,36세,경상
2019071300100327,2019년 7월 13일 14시,토요일,대구광역시 수성구 수성동4가,경상사고,0,0,1,0,차대사람 - 횡단중,보행자보호의무위반,건조,맑음,단일로 - 기타,원동기,남,50세,상해없음,보행자,여,75세,경상
2019071300100328,2019년 7월 13일 14시,토요일,대구광역시 북구 동천동,부상신고사고,0,0,0,1,차대차 - 기타,안전운전불이행,건조,맑음,단일로 - 기타,승용,남,34세,상해없음,이륜,남,24세,부상신고
2019071300100369,2019년 7월 13일 15시,토요일,대구광역시 달성군 다사읍,경상사고,0,0,7,0,차대차 - 추돌,안전운전불이행,건조,맑음,단일로 - 기타,화물,남,59세,경상,승용,남,39세,경상
2019071300100404,2019년 7월 13일 16시,토요일,대구광역시 동구 신기동,중상사고,0,1,0,0,차대차 - 측면충돌,안전거리미확보,건조,맑음,단일로 - 기타,승합,남,37세,상해없음,승용,여,63세,중상
2019071300100405,2019년 7월 13일 16시,토요일,대구광역시 달서구 진천동,경상사고,0,0,1,0,차대차 - 측면충돌,직진우회전진행방해,건조,맑음,교차로 - 교차로안,이륜,남,83세,경상,승용,여,22세,상해없음
2019071300100406,2019년 7월 13일 16시,토요일,대구광역시 달서구 장동,경상사고,0,0,2,0,차대차 - 측면충돌,안전거리미확보,건조,맑음,단일로 - 기타,승용,여,34세,경상,승용,여,41세,경상
2019071300100407,2019년 7월 13일 16시,토요일,대구광역시 달성군 화원읍,중상사고,0,1,0,0,차대사람 - 횡단중,안전운전불이행,건조,맑음,교차로 - 교차로안,승용,남,62세,상해없음,보행자,여,83세,중상
2019071300100408,2019년 7월 13일 16시,토요일,대구광역시 달서구 두류동,경상사고,0,0,2,0,차대차 - 기타,안전거리미확보,건조,맑음,교차로 - 교차로부근,화물,남,51세,경상,승용,여,64세,경상
2019071300100437,2019년 7월 13일 17시,토요일,대구광역시 달서구 신당동,경상사고,0,0,2,0,차대차 - 측면충돌,교차로운행방법위반,건조,맑음,교차로 - 교차로안,승용,남,59세,상해없음,승용,여,31세,경상
2019071300100483,2019년 7월 13일 18시,토요일,대구광역시 남구 이천동,경상사고,0,0,1,0,차대차 - 측면충돌,기타,건조,맑음,단일로 - 지하차도(도로)내,승용,남,71세,상해없음,원동기,남,51세,경상
2019071300100484,2019년 7월 13일 18시,토요일,대구광역시 동구 신암동,경상사고,0,0,2,0,차대차 - 측면충돌,안전거리미확보,건조,맑음,단일로 - 기타,승용,남,67세,상해없음,승용,남,26세,경상
2019071300100485,2019년 7월 13일 18시,토요일,대구광역시 서구 평리동,중상사고,0,1,3,0,차대차 - 추돌,안전운전불이행,건조,맑음,단일로 - 기타,승용,남,60세,상해없음,승용,남,48세,경상
2019071300100486,2019년 7월 13일 18시,토요일,대구광역시 중구 대신동,경상사고,0,0,1,0,차대사람 - 횡단중,안전운전불이행,건조,맑음,교차로 - 교차로부근,승용,남,52세,상해없음,보행자,남,72세,경상
2019071300100487,2019년 7월 13일 18시,토요일,대구광역시 북구 서변동,중상사고,0,1,0,0,차대차 - 측면충돌,안전운전불이행,건조,맑음,단일로 - 기타,승용,남,54세,상해없음,이륜,남,56세,중상
2019071300100533,2019년 7월 13일 20시,토요일,대구광역시 남구 대명동,경상사고,0,0,1,0,차대차 - 기타,안전거리미확보,건조,맑음,단일로 - 기타,승합,남,62세,상해없음,이륜,남,52세,경상
2019071300100534,2019년 7월 13일 20시,토요일,대구광역시 수성구 상동,경상사고,0,0,1,0,차대차 - 측면충돌,안전운전불이행,건조,맑음,단일로 - 기타,승용,남,42세,상해없음,승용,남,29세,경상
2019071300100557,2019년 7월 13일 21시,토요일,대구광역시 달성군 현풍읍,경상사고,0,0,1,0,차대차 - 기타,안전운전불이행,건조,맑음,단일로 - 기타,승용,남,59세,상해없음,이륜,남,30세,경상
2019071300100578,2019년 7월 13일 22시,토요일,대구광역시 달서구 상인동,경상사고,0,0,1,0,차대사람 - 횡단중,보행자보호의무위반,건조,맑음,교차로 - 교차로횡단보도내,승용,남,56세,상해없음,보행자,여,51세,경상
2019071300100596,2019년 7월 13일 23시,토요일,대구광역시 달서구 상인동,경상사고,0,0,3,0,차대차 - 측면충돌,안전운전불이행,건조,맑음,교차로 - 교차로부근,승용,남,28세,상해없음,승용,여,64세,경상
2019071400100046,2019년 7월 14일 01시,일요일,대구광역시 달서구 도원동,경상사고,0,0,2,0,차대차 - 추돌,안전운전불이행,건조,맑음,단일로 - 기타,승용,남,40세,상해없음,승용,남,59세,경상
2019071400100047,2019년 7월 14일 01시,일요일,대구광역시 달성군 화원읍,사망사고,1,0,3,0,차대차 - 기타,중앙선침범,건조,맑음,단일로 - 기타,승용,남,26세,사망,승합,남,53세,경상
2019071400100055,2019년 7월 14일 02시,일요일,대구광역시 남구 봉덕동,중상사고,0,1,2,0,차대차 - 기타,안전거리미확보,건조,맑음,단일로 - 기타,승용,남,67세,상해없음,승용,남,52세,중상
2019071400100077,2019년 7월 14일 04시,일요일,대구광역시 달서구 이곡동,경상사고,0,0,1,0,차대차 - 추돌,안전운전불이행,건조,맑음,단일로 - 기타,승용,남,36세,상해없음,승용,여,45세,경상
2019071400100092,2019년 7월 14일 06시,일요일,대구광역시 남구 대명동,중상사고,0,2,0,0,차대차 - 측면충돌,신호위반,건조,맑음,교차로 - 교차로안,승용,남,24세,상해없음,승용,남,68세,중상
2019071400100102,2019년 7월 14일 07시,일요일,대구광역시 동구 신천동,중상사고,0,1,0,0,차대차 - 정면충돌,신호위반,건조,맑음,교차로 - 교차로안,승용,남,55세,상해없음,승용,남,68세,중상
2019071400100115,2019년 7월 14일 08시,일요일,대구광역시 북구 관음동,중상사고,0,1,0,0,차대사람 - 횡단중,안전운전불이행,건조,맑음,교차로 - 교차로횡단보도내,승합,남,53세,상해없음,보행자,여,80세,중상
2019071400100184,2019년 7월 14일 11시,일요일,대구광역시 달서구 진천동,중상사고,0,1,0,0,차대차 - 측면충돌,안전운전불이행,건조,맑음,교차로 - 교차로부근,화물,남,55세,상해없음,이륜,남,24세,중상
2019071400100210,2019년 7월 14일 12시,일요일,대구광역시 서구 내당동,경상사고,0,0,1,0,차대차 - 기타,안전운전불이행,건조,맑음,교차로 - 교차로안,승용,남,22세,상해없음,승용,남,21세,경상
2019071400100211,2019년 7월 14일 12시,일요일,대구광역시 달서구 성당동,중상사고,0,1,1,0,차대차 - 측면충돌,안전운전불이행,건조,맑음,교차로 - 교차로안,이륜,남,20세,경상,승용,남,37세,상해없음
2019071400100238,2019년 7월 14일 13시,일요일,대구광역시 동구 신암동,중상사고,0,2,0,0,차대차 - 측면충돌,안전거리미확보,건조,맑음,단일로 - 기타,승용,여,56세,중상,원동기,남,31세,중상
2019071400100239,2019년 7월 14일 13시,일요일,대구광역시 달서구 상인동,경상사고,0,0,1,0,차대사람 - 횡단중,안전운전불이행,건조,맑음,단일로 - 기타,이륜,남,22세,상해없음,보행자,여,25세,경상
2019071400100307,2019년 7월 14일 15시,일요일,대구광역시 중구 공평동,경상사고,0,0,2,1,차대차 - 측면충돌,안전운전불이행,건조,맑음,교차로 - 교차로안,승용,남,42세,상해없음,승용,여,24세,경상
2019071400100334,2019년 7월 14일 16시,일요일,대구광역시 서구 내당동,경상사고,0,0,1,0,차대차 - 측면충돌,안전운전불이행,건조,맑음,단일로 - 기타,승합,남,65세,상해없음,승용,남,35세,경상
2019071400100335,2019년 7월 14일 16시,일요일,대구광역시 중구 삼덕동3가,경상사고,0,0,1,0,차대차 - 측면충돌,교차로운행방법위반,건조,맑음,교차로 - 교차로안,이륜,남,48세,상해없음,이륜,남,26세,경상
2019071400100363,2019년 7월 14일 17시,일요일,대구광역시 남구 이천동,경상사고,0,0,1,0,차대차 - 추돌,안전운전불이행,건조,맑음,교차로 - 교차로부근,승용,남,60세,상해없음,승용,남,57세,경상
2019071400100364,2019년 7월 14일 17시,일요일,대구광역시 수성구 만촌동,경상사고,0,0,2,0,차대차 - 측면충돌,안전운전불이행,건조,맑음,단일로 - 기타,승용,여,32세,상해없음,승용,남,23세,경상
2019071400100365,2019년 7월 14일 17시,일요일,대구광역시 수성구 수성동2가,중상사고,0,1,1,0,차대차 - 측면충돌,안전운전불이행,건조,맑음,교차로 - 교차로안,승용,남,42세,상해없음,이륜,남,20세,중상
2019071400100366,2019년 7월 14일 17시,일요일,대구광역시 달서구 두류동,경상사고,0,0,4,0,차대차 - 측면충돌,안전운전불이행,건조,맑음,단일로 - 기타,승용,남,28세,경상,승용,남,42세,경상
2019071400100392,2019년 7월 14일 18시,일요일,대구광역시 서구 내당동,경상사고,0,0,5,0,차대차 - 측면충돌,차로위반,건조,맑음,교차로 - 교차로안,승용,남,63세,상해없음,승용,남,24세,경상
2019071400100422,2019년 7월 14일 19시,일요일,대구광역시 남구 이천동,경상사고,0,0,1,0,차대차 - 추돌,안전거리미확보,건조,맑음,단일로 - 기타,승용,남,22세,상해없음,승용,남,59세,경상
2019071400100423,2019년 7월 14일 19시,일요일,대구광역시 수성구 만촌동,경상사고,0,0,1,0,차대차 - 기타,안전운전불이행,건조,맑음,기타 - 기타,승용,여,21세,상해없음,이륜,남,20세,경상
2019071400100424,2019년 7월 14일 19시,일요일,대구광역시 달서구 장동,경상사고,0,0,2,0,차대차 - 기타,안전거리미확보,건조,맑음,단일로 - 기타,승용,여,22세,상해없음,승용,남,61세,경상
2019071400100443,2019년 7월 14일 20시,일요일,대구광역시 달서구 감삼동,경상사고,0,0,3,0,차대차 - 기타,안전거리미확보,건조,맑음,단일로 - 기타,승용,남,47세,경상,승용,남,23세,경상
2019071400100444,2019년 7월 14일 20시,일요일,대구광역시 북구 금호동,경상사고,0,0,1,0,차대차 - 기타,안전운전불이행,건조,맑음,단일로 - 기타,승용,남,26세,상해없음,승용,여,49세,경상
2019071400100480,2019년 7월 14일 21시,일요일,대구광역시 동구 봉무동,경상사고,0,0,4,0,차대차 - 기타,안전운전불이행,건조,맑음,기타 - 기타,화물,남,44세,경상,승용,기타불명,미분류,기타불명
2019071400100481,2019년 7월 14일 21시,일요일,대구광역시 수성구 황금동,중상사고,0,1,0,0,차대차 - 추돌,안전거리미확보,건조,맑음,단일로 - 기타,승용,남,60세,상해없음,이륜,남,23세,중상
2019071400100508,2019년 7월 14일 23시,일요일,대구광역시 달서구 죽전동,경상사고,0,0,4,0,차대차 - 측면충돌,안전거리미확보,건조,맑음,단일로 - 기타,승용,남,46세,상해없음,승용,남,20세,경상
2019071500100027,2019년 7월 15일 00시,월요일,대구광역시 달서구 진천동,경상사고,0,0,1,0,차대차 - 추돌,안전운전불이행,젖음/습기,비,교차로 - 교차로부근,승용,여,36세,상해없음,승용,남,53세,경상
2019071500100031,2019년 7월 15일 01시,월요일,대구광역시 수성구 황금동,부상신고사고,0,0,0,1,차대차 - 측면충돌,안전거리미확보,건조,맑음,단일로 - 기타,이륜,여,14세,부상신고,승용,남,58세,상해없음
2019071500100060,2019년 7월 15일 06시,월요일,대구광역시 달서구 본리동,중상사고,0,2,0,0,차대차 - 측면충돌,안전운전불이행,건조,맑음,단일로 - 기타,승용,여,30세,기타불명,승용,여,46세,중상
2019071500100087,2019년 7월 15일 07시,월요일,대구광역시 남구 봉덕동,경상사고,0,0,1,0,차대차 - 기타,교차로운행방법위반,건조,맑음,교차로 - 교차로부근,승용,여,48세,상해없음,승용,남,32세,경상
2019071500100088,2019년 7월 15일 07시,월요일,대구광역시 동구 율하동,중상사고,0,1,0,0,차대차 - 측면충돌,중앙선침범,건조,맑음,단일로 - 기타,승용,남,72세,상해없음,이륜,남,49세,중상
2019071500100089,2019년 7월 15일 07시,월요일,대구광역시 달서구 송현동,경상사고,0,0,2,0,차대차 - 측면충돌,교차로운행방법위반,건조,맑음,교차로 - 교차로안,이륜,남,27세,경상,승용,남,66세,경상
2019071500100127,2019년 7월 15일 08시,월요일,대구광역시 달서구 갈산동,중상사고,0,1,0,0,차대차 - 정면충돌,안전운전불이행,건조,맑음,교차로 - 교차로안,승용,여,36세,기타불명,자전거,남,35세,중상
2019071500100128,2019년 7월 15일 08시,월요일,대구광역시 북구 매천동,경상사고,0,0,1,0,차대차 - 측면충돌,안전운전불이행,건조,맑음,단일로 - 고가도로위,이륜,남,54세,경상,승용,여,33세,상해없음
2019071500100181,2019년 7월 15일 10시,월요일,대구광역시 동구 신암동,중상사고,0,1,0,0,차대사람 - 횡단중,보행자보호의무위반,건조,맑음,교차로 - 교차로안,승용,여,46세,상해없음,보행자,남,60세,중상
2019071500100182,2019년 7월 15일 10시,월요일,대구광역시 동구 신천동,경상사고,0,0,1,0,차대차 - 측면충돌,안전운전불이행,건조,맑음,기타 - 기타,기타불명,기타불명,미분류,기타불명,승합,남,46세,경상
2019071500100207,2019년 7월 15일 11시,월요일,대구광역시 수성구 파동,중상사고,0,1,0,0,차대차 - 측면충돌,안전운전불이행,건조,흐림,단일로 - 기타,승용,여,69세,상해없음,자전거,남,79세,중상
2019071500100233,2019년 7월 15일 12시,월요일,대구광역시 남구 대명동,경상사고,0,0,1,0,차대사람 - 보도통행중,기타,건조,맑음,단일로 - 기타,승용,남,69세,상해없음,보행자,여,78세,경상
2019071500100234,2019년 7월 15일 12시,월요일,대구광역시 동구 신기동,경상사고,0,0,1,0,차대차 - 기타,직진우회전진행방해,젖음/습기,비,교차로 - 교차로안,승용,여,55세,상해없음,이륜,남,19세,경상
2019071500100235,2019년 7월 15일 12시,월요일,대구광역시 동구 동호동,경상사고,0,0,1,0,차대차 - 측면충돌,안전거리미확보,젖음/습기,흐림,단일로 - 기타,승용,남,60세,상해없음,이륜,남,19세,경상
2019071500100236,2019년 7월 15일 12시,월요일,대구광역시 동구 신천동,부상신고사고,0,0,0,1,차대차 - 측면충돌,안전운전불이행,건조,맑음,단일로 - 기타,승용,남,46세,상해없음,이륜,남,22세,부상신고
2019071500100264,2019년 7월 15일 13시,월요일,대구광역시 수성구 상동,경상사고,0,0,1,0,차대차 - 추돌,안전운전불이행,건조,흐림,교차로 - 교차로부근,승용,여,55세,상해없음,화물,남,38세,경상
2019071500100265,2019년 7월 15일 13시,월요일,대구광역시 북구 노원동3가,중상사고,0,1,0,0,차대차 - 측면충돌,안전거리미확보,건조,맑음,단일로 - 기타,승용,남,60세,상해없음,승용,여,31세,중상
2019071500100266,2019년 7월 15일 13시,월요일,대구광역시 북구 관음동,중상사고,0,1,1,0,차대차 - 측면충돌,안전운전불이행,건조,맑음,단일로 - 기타,화물,남,46세,중상,화물,남,54세,경상
2019071500100267,2019년 7월 15일 13시,월요일,대구광역시 북구 동변동,경상사고,0,0,2,0,차대차 - 추돌,불법유턴,건조,맑음,단일로 - 기타,승용,남,58세,경상,승용,남,64세,경상
2019071500100311,2019년 7월 15일 14시,월요일,대구광역시 남구 봉덕동,경상사고,0,0,1,0,차대차 - 기타,신호위반,건조,맑음,교차로 - 교차로안,승용,여,33세,상해없음,승용,남,37세,경상
2019071500100312,2019년 7월 15일 14시,월요일,대구광역시 달서구 송현동,경상사고,0,0,2,0,차대차 - 측면충돌,안전운전불이행,건조,맑음,교차로 - 교차로안,이륜,남,39세,경상,이륜,남,19세,경상
2019071500100313,2019년 7월 15일 14시,월요일,대구광역시 달서구 두류동,중상사고,0,1,0,0,차대사람 - 기타,안전운전불이행,건조,맑음,기타 - 기타,화물,남,50세,상해없음,보행자,여,79세,중상
2019071500100363,2019년 7월 15일 15시,월요일,대구광역시 수성구 범어동,경상사고,0,0,4,0,차대차 - 측면충돌,안전운전불이행,건조,맑음,단일로 - 기타,승합,남,38세,기타불명,승용,남,19세,경상
2019071500100409,2019년 7월 15일 16시,월요일,대구광역시 남구 대명동,경상사고,0,0,1,0,차대차 - 추돌,안전운전불이행,건조,맑음,교차로 - 교차로부근,승용,여,43세,상해없음,승용,남,28세,경상
2019071500100410,2019년 7월 15일 16시,월요일,대구광역시 동구 효목동,경상사고,0,0,1,0,차대차 - 측면충돌,안전운전불이행,건조,맑음,단일로 - 기타,이륜,남,41세,경상,승용,남,71세,상해없음
2019071500100411,2019년 7월 15일 16시,월요일,대구광역시 수성구 범어동,경상사고,0,0,2,0,차대사람 - 기타,안전운전불이행,건조,맑음,단일로 - 기타,승용,남,37세,상해없음,보행자,남,9세,경상
2019071500100461,2019년 7월 15일 17시,월요일,대구광역시 남구 대명동,경상사고,0,0,3,0,차대차 - 기타,교차로운행방법위반,건조,맑음,교차로 - 교차로안,이륜,남,26세,경상,승용,여,35세,경상
2019071500100462,2019년 7월 15일 17시,월요일,대구광역시 수성구 두산동,경상사고,0,0,2,0,차대차 - 기타,기타,건조,흐림,단일로 - 기타,승용,남,71세,상해없음,자전거,남,51세,경상
2019071500100463,2019년 7월 15일 17시,월요일,대구광역시 수성구 두산동,경상사고,0,0,2,0,차대차 - 측면충돌,안전운전불이행,건조,맑음,교차로 - 교차로안,승용,여,53세,경상,승용,여,45세,경상
2019071500100464,2019년 7월 15일 17시,월요일,대구광역시 달서구 송현동,중상사고,0,1,0,0,차대사람 - 기타,기타,건조,맑음,교차로 - 교차로안,승용,여,42세,상해없음,보행자,남,7세,중상
2019071500100465,2019년 7월 15일 17시,월요일,대구광역시 북구 노원동3가,경상사고,0,0,1,0,차대사람 - 보도통행중,기타,건조,맑음,단일로 - 기타,승용,남,41세,상해없음,보행자,남,51세,경상
2019071500100466,2019년 7월 15일 17시,월요일,대구광역시 서구 원대동3가,경상사고,0,0,1,0,차대차 - 측면충돌,안전운전불이행,젖음/습기,흐림,단일로 - 기타,자전거,남,14세,경상,기타불명,기타불명,미분류,기타불명
2019071500100467,2019년 7월 15일 17시,월요일,대구광역시 중구 동인동4가,경상사고,0,0,1,0,차대사람 - 보도통행중,기타,건조,맑음,단일로 - 교량,기타불명,기타불명,미분류,기타불명,보행자,여,22세,경상
2019071500100511,2019년 7월 15일 18시,월요일,대구광역시 동구 신천동,경상사고,0,0,1,0,차대차 - 정면충돌,안전운전불이행,젖음/습기,비,교차로 - 교차로안,자전거,남,68세,상해없음,승용,남,40세,경상
2019071500100512,2019년 7월 15일 18시,월요일,대구광역시 동구 용계동,중상사고,0,1,0,0,차대차 - 기타,안전운전불이행,건조,맑음,단일로 - 기타,화물,남,58세,상해없음,자전거,남,67세,중상
2019071500100513,2019년 7월 15일 18시,월요일,대구광역시 수성구 사월동,경상사고,0,0,1,0,차대사람 - 횡단중,보행자보호의무위반,건조,맑음,단일로 - 기타,승용,여,32세,상해없음,보행자,남,5세,경상
2019071500100514,2019년 7월 15일 18시,월요일,대구광역시 북구 노원동3가,경상사고,0,0,1,0,차대사람 - 기타,안전운전불이행,건조,맑음,단일로 - 기타,원동기,남,55세,상해없음,보행자,여,47세,경상
2019071500100515,2019년 7월 15일 18시,월요일,대구광역시 달서구 신당동,경상사고,0,0,1,0,차대차 - 측면충돌,안전운전불이행,건조,흐림,단일로 - 기타,승용,남,38세,상해없음,이륜,남,16세,경상
2019071500100516,2019년 7월 15일 18시,월요일,대구광역시 달서구 성당동,중상사고,0,1,0,0,차대차 - 정면충돌,안전운전불이행,건조,맑음,기타 - 기타,승용,여,49세,상해없음,이륜,남,59세,중상
2019071500100517,2019년 7월 15일 18시,월요일,대구광역시 북구 읍내동,경상사고,0,0,1,0,차대차 - 측면충돌,중앙선침범,건조,맑음,교차로 - 교차로부근,이륜,남,47세,상해없음,이륜,남,20세,경상
2019071500100518,2019년 7월 15일 18시,월요일,대구광역시 북구 태전동,경상사고,0,0,2,0,차대차 - 측면충돌,안전운전불이행,젖음/습기,비,교차로 - 교차로부근,승용,여,40세,경상,승용,남,26세,상해없음
2019071500100553,2019년 7월 15일 19시,월요일,대구광역시 남구 대명동,경상사고,0,0,3,3,차대차 - 추돌,안전운전불이행,젖음/습기,비,단일로 - 고가도로위,승용,남,26세,상해없음,승용,남,56세,경상
2019071500100554,2019년 7월 15일 19시,월요일,대구광역시 동구 신암동,경상사고,0,0,2,0,차대차 - 추돌,안전거리미확보,젖음/습기,비,단일로 - 기타,승용,남,55세,상해없음,승용,남,29세,경상
2019071500100555,2019년 7월 15일 19시,월요일,대구광역시 달서구 진천동,경상사고,0,0,1,0,차대사람 - 보도통행중,안전운전불이행,젖음/습기,비,교차로 - 교차로부근,승용,여,39세,상해없음,보행자,남,23세,경상
2019071500100556,2019년 7월 15일 19시,월요일,대구광역시 달성군 옥포읍,중상사고,0,1,0,0,차대차 - 기타,기타,젖음/습기,비,단일로 - 기타,이륜,남,78세,중상,이륜,남,24세,상해없음
2019071500100582,2019년 7월 15일 20시,월요일,대구광역시 달서구 대곡동,경상사고,0,0,1,0,차대차 - 측면충돌,안전거리미확보,젖음/습기,비,단일로 - 기타,승용,여,27세,상해없음,이륜,남,19세,경상
2019071500100601,2019년 7월 15일 21시,월요일,대구광역시 동구 방촌동,중상사고,0,1,0,0,차대사람 - 보도통행중,신호위반,젖음/습기,비,단일로 - 기타,승용,여,47세,상해없음,보행자,여,61세,중상
2019071500100602,2019년 7월 15일 21시,월요일,대구광역시 북구 고성동2가,중상사고,0,1,0,0,차대사람 - 횡단중,과속,젖음/습기,비,교차로 - 교차로횡단보도내,승용,남,25세,상해없음,보행자,남,70세,중상
2019071500100603,2019년 7월 15일 21시,월요일,대구광역시 북구 침산동,부상신고사고,0,0,0,1,차대차 - 기타,신호위반,건조,맑음,교차로 - 교차로부근,이륜,남,38세,부상신고,승용,남,58세,상해없음
2019071500100604,2019년 7월 15일 21시,월요일,대구광역시 서구 내당동,경상사고,0,0,1,0,차대차 - 기타,안전운전불이행,젖음/습기,비,교차로 - 교차로부근,승용,남,55세,상해없음,이륜,남,47세,경상
2019071500100623,2019년 7월 15일 22시,월요일,대구광역시 동구 신암동,경상사고,0,0,1,0,차대사람 - 횡단중,보행자보호의무위반,젖음/습기,비,교차로 - 교차로안,승용,남,22세,상해없음,보행자,남,55세,경상
2019071500100624,2019년 7월 15일 22시,월요일,대구광역시 수성구 수성동4가,경상사고,0,0,2,0,차대차 - 기타,안전거리미확보,건조,맑음,단일로 - 기타,승용,남,55세,상해없음,승용,남,28세,경상
2019071500100625,2019년 7월 15일 22시,월요일,대구광역시 달서구 신당동,경상사고,0,0,1,0,차대차 - 기타,안전운전불이행,건조,맑음,교차로 - 교차로안,승용,남,60세,상해없음,승용,남,49세,경상
2019071500100641,2019년 7월 15일 23시,월요일,대구광역시 남구 대명동,경상사고,0,0,1,0,차대사람 - 기타,안전운전불이행,젖음/습기,비,단일로 - 기타,승용,남,38세,상해없음,보행자,여,36세,경상
2019071600100022,2019년 7월 16일 00시,화요일,대구광역시 북구 국우동,경상사고,0,0,1,0,차대사람 - 기타,안전운전불이행,젖음/습기,비,단일로 - 기타,승용,여,51세,상해없음,보행자,남,29세,경상
2019071600100082,2019년 7월 16일 07시,화요일,대구광역시 달서구 본리동,중상사고,0,1,2,0,차대차 - 추돌,안전운전불이행,건조,맑음,단일로 - 기타,승용,여,59세,상해없음,승용,남,34세,중상
2019071600100083,2019년 7월 16일 07시,화요일,대구광역시 달서구 본리동,중상사고,0,1,0,0,차대차 - 측면충돌,신호위반,건조,맑음,단일로 - 기타,승용,남,58세,상해없음,이륜,남,59세,중상
2019071600100118,2019년 7월 16일 08시,화요일,대구광역시 동구 입석동,경상사고,0,0,1,0,차대차 - 측면충돌,차로위반,건조,맑음,단일로 - 교량,승용,남,29세,상해없음,승용,여,40세,경상
2019071600100158,2019년 7월 16일 09시,화요일,대구광역시 달서구 송현동,경상사고,0,0,1,0,차대차 - 기타,안전운전불이행,건조,맑음,교차로 - 교차로부근,승용,여,24세,상해없음,자전거,여,45세,경상
2019071600100159,2019년 7월 16일 09시,화요일,대구광역시 서구 평리동,경상사고,0,0,1,0,차대차 - 측면충돌,중앙선침범,건조,맑음,단일로 - 기타,자전거,남,89세,경상,승용,여,43세,상해없음
2019071600100186,2019년 7월 16일 10시,화요일,대구광역시 북구 복현동,중상사고,0,1,0,0,차대차 - 기타,안전거리미확보,건조,맑음,단일로 - 기타,승용,남,58세,기타불명,승합,남,49세,상해없음
2019071600100207,2019년 7월 16일 11시,화요일,대구광역시 수성구 고모동,경상사고,0,0,2,0,차대차 - 추돌,안전운전불이행,건조,맑음,단일로 - 기타,승용,남,24세,상해없음,화물,남,30세,경상
2019071600100208,2019년 7월 16일 11시,화요일,대구광역시 달서구 상인동,경상사고,0,0,1,0,차대차 - 측면충돌,안전운전불이행,건조,맑음,교차로 - 교차로안,승용,남,56세,상해없음,승용,남,63세,상해없음
2019071600100243,2019년 7월 16일 12시,화요일,대구광역시 달서구 신당동,경상사고,0,0,1,0,차대사람 - 기타,안전운전불이행,건조,맑음,교차로 - 교차로안,이륜,남,39세,상해없음,보행자,남,43세,경상
2019071600100275,2019년 7월 16일 13시,화요일,대구광역시 달서구 이곡동,경상사고,0,0,1,0,차대차 - 후진중충돌,안전운전불이행,건조,맑음,교차로 - 교차로부근,승용,남,71세,상해없음,승용,여,57세,경상
2019071600100312,2019년 7월 16일 14시,화요일,대구광역시 동구 신천동,경상사고,0,0,1,0,차대차 - 추돌,안전운전불이행,건조,맑음,단일로 - 기타,이륜,남,31세,상해없음,승용,남,57세,경상
2019071600100313,2019년 7월 16일 14시,화요일,대구광역시 달서구 상인동,경상사고,0,0,1,0,차대차 - 후진중충돌,안전운전불이행,건조,맑음,단일로 - 기타,승용,남,58세,상해없음,이륜,남,21세,경상
2019071600100348,2019년 7월 16일 15시,화요일,대구광역시 남구 봉덕동,중상사고,0,1,2,0,차대차 - 추돌,안전운전불이행,건조,맑음,단일로 - 기타,이륜,남,36세,중상,승용,남,34세,경상
2019071600100349,2019년 7월 16일 15시,화요일,대구광역시 북구 산격동,경상사고,0,0,2,0,차대차 - 측면충돌,교차로운행방법위반,건조,맑음,교차로 - 교차로안,승합,남,66세,경상,승용,남,32세,경상
2019071600100350,2019년 7월 16일 15시,화요일,대구광역시 북구 읍내동,경상사고,0,0,1,0,차대차 - 추돌,신호위반,건조,맑음,단일로 - 기타,승용,남,53세,상해없음,자전거,여,63세,경상
2019071600100389,2019년 7월 16일 16시,화요일,대구광역시 동구 율하동,중상사고,0,1,0,0,차대차 - 기타,교차로운행방법위반,건조,맑음,교차로 - 교차로안,승합,남,60세,상해없음,자전거,여,72세,중상
2019071600100390,2019년 7월 16일 16시,화요일,대구광역시 동구 율하동,경상사고,0,0,4,0,차대차 - 기타,교차로운행방법위반,건조,맑음,교차로 - 교차로안,승용,남,61세,상해없음,승용,여,34세,경상
2019071600100391,2019년 7월 16일 16시,화요일,대구광역시 수성구 상동,경상사고,0,0,1,0,차대차 - 추돌,안전운전불이행,건조,맑음,단일로 - 기타,승용,남,23세,기타불명,승용,남,28세,경상