사고번호,사고일시,요일,시군구,사고내용,사망자수,중상자수,경상자수,부상신고자수,사고유형,법규위반,노면상태,기상상태,도로형태,가해운전자 차종,가해운전자 성별,가해운전자 연령,가해운전자 상해정도,피해운전자 차종,피해운전자 성별,피해운전자 연령,피해운전자 상해정도
2019071600100442,2019년 7월 16일 17시,화요일,대구광역시 동구 신암동,경상사고,0,0,1,0,차대차 - 측면충돌,안전운전불이행,건조,맑음,교차로 - 교차로횡단보도내,이륜,남,50세,상해없음,이륜,남,27세,경상
2019071600100443,2019년 7월 16일 17시,화요일,대구광역시 수성구 황금동,경상사고,0,0,1,0,차대차 - 추돌,기타,건조,맑음,교차로 - 교차로부근,이륜,남,54세,경상,승용,남,66세,상해없음
2019071600100444,2019년 7월 16일 17시,화요일,대구광역시 달서구 월성동,경상사고,0,0,1,0,차대차 - 측면충돌,안전거리미확보,건조,맑음,단일로 - 기타,이륜,남,18세,상해없음,승용,여,43세,경상
2019071600100445,2019년 7월 16일 17시,화요일,대구광역시 달성군 현풍읍,중상사고,0,1,0,0,차대차 - 기타,교차로운행방법위반,건조,맑음,교차로 - 교차로안,승용,여,58세,상해없음,자전거,남,57세,중상
2019071600100446,2019년 7월 16일 17시,화요일,대구광역시 중구 삼덕동2가,경상사고,0,0,1,0,차대차 - 측면충돌,안전거리미확보,건조,맑음,단일로 - 기타,승용,남,65세,상해없음,승용,여,51세,경상
2019071600100447,2019년 7월 16일 17시,화요일,대구광역시 달서구 이곡동,경상사고,0,0,1,0,차대차 - 추돌,안전거리미확보,건조,맑음,단일로 - 기타,이륜,남,38세,상해없음,승용,여,35세,경상
2019071600100448,2019년 7월 16일 17시,화요일,대구광역시 달서구 갈산동,경상사고,0,0,2,0,차대차 - 추돌,안전운전불이행,건조,맑음,단일로 - 기타,승용,남,55세,상해없음,승용,남,26세,경상
2019071600100449,2019년 7월 16일 17시,화요일,대구광역시 북구 태전동,경상사고,0,0,1,0,차대사람 - 기타,안전운전불이행,건조,맑음,단일로 - 기타,승합,남,77세,상해없음,보행자,남,5세,경상
2019071600100450,2019년 7월 16일 17시,화요일,대구광역시 북구 동천동,경상사고,0,0,1,0,차대차 - 기타,안전운전불이행,건조,맑음,교차로 - 교차로안,자전거,남,11세,상해없음,자전거,여,66세,경상
2019071600100500,2019년 7월 16일 18시,화요일,대구광역시 동구 신천동,경상사고,0,0,1,0,차대차 - 추돌,안전운전불이행,건조,맑음,교차로 - 교차로부근,승용,남,54세,상해없음,승용,남,26세,경상
2019071600100501,2019년 7월 16일 18시,화요일,대구광역시 달서구 월성동,경상사고,0,0,2,0,차대차 - 측면충돌,안전거리미확보,건조,맑음,단일로 - 기타,승용,여,39세,상해없음,승합,남,50세,상해없음
2019071600100502,2019년 7월 16일 18시,화요일,대구광역시 북구 매천동,부상신고사고,0,0,0,1,차대차 - 추돌,안전운전불이행,건조,맑음,단일로 - 기타,승용,여,54세,상해없음,승용,남,62세,부상신고
2019071600100538,2019년 7월 16일 19시,화요일,대구광역시 동구 신천동,경상사고,0,0,1,0,차대차 - 기타,안전거리미확보,건조,맑음,단일로 - 기타,이륜,남,30세,경상,승용,남,66세,상해없음
2019071600100539,2019년 7월 16일 19시,화요일,대구광역시 달서구 신당동,부상신고사고,0,0,0,1,차대차 - 측면충돌,신호위반,건조,맑음,교차로 - 교차로안,이륜,남,17세,부상신고,승합,남,49세,상해없음
2019071600100540,2019년 7월 16일 19시,화요일,대구광역시 북구 국우동,경상사고,0,0,1,0,차대차 - 측면충돌,안전운전불이행,건조,맑음,단일로 - 기타,승용,여,48세,상해없음,승용,남,26세,경상
2019071600100568,2019년 7월 16일 20시,화요일,대구광역시 달성군 화원읍,중상사고,0,1,0,0,차대차 - 기타,신호위반,건조,맑음,교차로 - 교차로부근,이륜,남,43세,중상,승용,남,59세,상해없음
2019071600100594,2019년 7월 16일 21시,화요일,대구광역시 동구 신서동,중상사고,0,1,0,0,차대차 - 측면충돌,안전운전불이행,건조,맑음,단일로 - 기타,승용,여,45세,상해없음,원동기,남,27세,중상
2019071600100595,2019년 7월 16일 21시,화요일,대구광역시 달서구 장기동,경상사고,0,0,2,0,차대차 - 추돌,안전운전불이행,건조,맑음,단일로 - 기타,승용,남,43세,상해없음,승용,여,45세,경상
2019071600100609,2019년 7월 16일 22시,화요일,대구광역시 수성구 범어동,중상사고,0,1,1,0,차대차 - 추돌,안전운전불이행,건조,맑음,교차로 - 교차로부근,승용,남,55세,상해없음,이륜,남,27세,중상
2019071600100610,2019년 7월 16일 22시,화요일,대구광역시 수성구 지산동,중상사고,0,1,0,0,차대사람 - 차도통행중,안전운전불이행,건조,맑음,단일로 - 기타,승용,남,50세,상해없음,보행자,남,39세,중상
2019071600100611,2019년 7월 16일 22시,화요일,대구광역시 달서구 도원동,부상신고사고,0,0,0,1,차대차 - 측면충돌,불법유턴,건조,맑음,교차로 - 교차로안,승용,남,43세,상해없음,이륜,남,17세,상해없음
2019071600100623,2019년 7월 16일 23시,화요일,대구광역시 달서구 상인동,경상사고,0,0,1,0,차대차 - 추돌,안전운전불이행,건조,맑음,교차로 - 교차로부근,승용,남,38세,상해없음,승용,남,49세,경상
2019071600100624,2019년 7월 16일 23시,화요일,대구광역시 북구 구암동,경상사고,0,0,2,0,차대사람 - 횡단중,신호위반,건조,맑음,교차로 - 교차로횡단보도내,승용,여,40세,상해없음,보행자,여,32세,경상
2019071700100039,2019년 7월 17일 00시,수요일,대구광역시 중구 대봉동,경상사고,0,0,2,0,차대차 - 추돌,과속,건조,맑음,단일로 - 기타,승용,남,43세,상해없음,승용,남,72세,경상
2019071700100091,2019년 7월 17일 06시,수요일,대구광역시 북구 동호동,경상사고,0,0,2,0,차대차 - 측면충돌,교차로운행방법위반,건조,맑음,교차로 - 교차로안,화물,남,66세,상해없음,승용,남,33세,경상
2019071700100104,2019년 7월 17일 07시,수요일,대구광역시 달서구 용산동,중상사고,0,1,0,0,차대사람 - 횡단중,안전운전불이행,건조,맑음,단일로 - 기타,승용,여,39세,상해없음,보행자,여,61세,중상
2019071700100139,2019년 7월 17일 08시,수요일,대구광역시 동구 서호동,경상사고,0,0,1,0,차대차 - 기타,안전운전불이행,건조,맑음,교차로 - 교차로안,자전거,남,14세,경상,승용,남,53세,상해없음
2019071700100140,2019년 7월 17일 08시,수요일,대구광역시 달서구 감삼동,경상사고,0,0,2,0,차대차 - 추돌,안전운전불이행,건조,맑음,단일로 - 기타,승용,남,35세,상해없음,승용,남,61세,경상
2019071700100141,2019년 7월 17일 08시,수요일,대구광역시 달서구 용산동,경상사고,0,0,1,0,차대차 - 기타,교차로운행방법위반,건조,맑음,교차로 - 교차로안,건설기계,남,55세,상해없음,승용,여,59세,경상
2019071700100199,2019년 7월 17일 10시,수요일,대구광역시 달서구 장동,경상사고,0,0,2,0,차대차 - 추돌,안전거리미확보,건조,맑음,단일로 - 기타,승용,남,57세,상해없음,승용,남,22세,경상
2019071700100200,2019년 7월 17일 10시,수요일,대구광역시 북구 칠성동2가,중상사고,0,2,0,0,차대차 - 측면충돌,안전거리미확보,건조,맑음,교차로 - 교차로부근,이륜,남,75세,중상,승용,남,51세,상해없음
2019071700100232,2019년 7월 17일 11시,수요일,대구광역시 달서구 상인동,경상사고,0,0,3,0,차대차 - 측면충돌,안전거리미확보,건조,맑음,단일로 - 기타,승용,남,54세,상해없음,승용,남,28세,경상
2019071700100259,2019년 7월 17일 12시,수요일,대구광역시 서구 상리동,경상사고,0,0,1,0,차대차 - 기타,안전운전불이행,건조,맑음,단일로 - 기타,승용,남,33세,상해없음,화물,남,46세,경상
2019071700100261,2019년 7월 17일 12시,수요일,대구광역시 동구 진인동,부상신고사고,0,0,0,1,차량단독 - 공작물충돌,안전운전불이행,건조,맑음,교차로 - 교차로안,승용,남,78세,부상신고,,,,
2019071700100262,2019년 7월 17일 12시,수요일,대구광역시 달성군 다사읍,중상사고,0,1,0,0,차대차 - 추돌,안전운전불이행,건조,맑음,교차로 - 교차로부근,화물,남,47세,중상,건설기계,남,57세,상해없음
2019071700100263,2019년 7월 17일 12시,수요일,대구광역시 북구 복현동,경상사고,0,0,1,0,차대차 - 기타,안전거리미확보,건조,맑음,단일로 - 기타,승용,남,31세,기타불명,승합,남,37세,상해없음
2019071700100295,2019년 7월 17일 13시,수요일,대구광역시 남구 대명동,중상사고,0,1,2,0,차대차 - 측면충돌,기타,건조,맑음,단일로 - 지하차도(도로)내,화물,남,58세,상해없음,승용,남,69세,중상
2019071700100296,2019년 7월 17일 13시,수요일,대구광역시 수성구 만촌동,경상사고,0,0,1,0,차대사람 - 횡단중,보행자보호의무위반,건조,맑음,교차로 - 교차로횡단보도내,승용,여,44세,상해없음,보행자,남,66세,경상
2019071700100342,2019년 7월 17일 14시,수요일,대구광역시 남구 대명동,경상사고,0,0,1,0,차대차 - 측면충돌,안전운전불이행,건조,맑음,교차로 - 교차로횡단보도내,승용,여,38세,상해없음,자전거,여,67세,경상
2019071700100343,2019년 7월 17일 14시,수요일,대구광역시 북구 칠성동1가,경상사고,0,0,1,0,차대사람 - 차도통행중,안전운전불이행,건조,맑음,단일로 - 기타,기타불명,기타불명,미분류,기타불명,보행자,여,58세,경상
2019071700100383,2019년 7월 17일 15시,수요일,대구광역시 서구 내당동,중상사고,0,1,1,0,차대차 - 측면충돌,교차로운행방법위반,건조,맑음,교차로 - 교차로안,승용,여,42세,상해없음,이륜,남,18세,경상
2019071700100419,2019년 7월 17일 16시,수요일,대구광역시 수성구 범물동,중상사고,0,1,1,0,차대차 - 측면충돌,직진우회전진행방해,건조,맑음,교차로 - 교차로안,승용,여,46세,경상,승용,여,53세,중상
2019071700100420,2019년 7월 17일 16시,수요일,대구광역시 북구 구암동,경상사고,0,0,2,0,차대사람 - 횡단중,안전운전불이행,건조,맑음,교차로 - 교차로횡단보도내,이륜,남,47세,경상,보행자,여,21세,경상
2019071700100453,2019년 7월 17일 17시,수요일,대구광역시 동구 지저동,경상사고,0,0,1,0,차대차 - 측면충돌,안전거리미확보,건조,맑음,교차로 - 교차로안,화물,남,38세,상해없음,승용,남,29세,경상
2019071700100454,2019년 7월 17일 17시,수요일,대구광역시 중구 달성동,부상신고사고,0,0,0,1,차대차 - 측면충돌,신호위반,건조,맑음,교차로 - 교차로안,이륜,남,62세,부상신고,승용,여,24세,상해없음
2019071700100512,2019년 7월 17일 18시,수요일,대구광역시 남구 이천동,중상사고,0,1,0,0,차대사람 - 횡단중,안전운전불이행,건조,맑음,단일로 - 지하차도(도로)내,승용,여,53세,상해없음,보행자,남,5세,중상
2019071700100513,2019년 7월 17일 18시,수요일,대구광역시 남구 대명동,경상사고,0,0,1,0,차대차 - 측면충돌,안전거리미확보,건조,맑음,단일로 - 기타,승용,남,73세,상해없음,승용,여,27세,경상
2019071700100514,2019년 7월 17일 18시,수요일,대구광역시 달서구 월성동,경상사고,0,0,1,0,차대차 - 측면충돌,차로위반,건조,맑음,단일로 - 기타,화물,남,65세,상해없음,승용,남,58세,경상
2019071700100515,2019년 7월 17일 18시,수요일,대구광역시 북구 침산동,경상사고,0,0,2,0,차대차 - 측면충돌,안전운전불이행,건조,맑음,교차로 - 교차로부근,승용,남,55세,기타불명,원동기,남,72세,경상
2019071700100516,2019년 7월 17일 18시,수요일,대구광역시 서구 비산동,경상사고,0,0,2,0,차대차 - 후진중충돌,안전운전불이행,건조,맑음,단일로 - 기타,승용,여,52세,상해없음,이륜,남,27세,경상
2019071700100540,2019년 7월 17일 19시,수요일,대구광역시 달서구 도원동,경상사고,0,0,1,0,차대차 - 측면충돌,신호위반,건조,맑음,교차로 - 교차로안,승용,남,48세,상해없음,승용,남,72세,경상
2019071700100571,2019년 7월 17일 20시,수요일,대구광역시 동구 봉무동,경상사고,0,0,2,0,차대차 - 측면충돌,교차로운행방법위반,건조,맑음,단일로 - 기타,승용,남,65세,상해없음,승용,남,24세,상해없음
2019071700100572,2019년 7월 17일 20시,수요일,대구광역시 중구 수창동,경상사고,0,0,2,0,차대차 - 측면충돌,교차로운행방법위반,건조,맑음,교차로 - 교차로안,승용,남,57세,상해없음,승용,남,27세,경상
2019071700100600,2019년 7월 17일 21시,수요일,대구광역시 달서구 감삼동,경상사고,0,0,1,0,차대차 - 측면충돌,안전운전불이행,건조,맑음,기타 - 기타,자전거,남,23세,경상,승용,남,52세,상해없음
2019071700100601,2019년 7월 17일 21시,수요일,대구광역시 북구 태전동,경상사고,0,0,1,1,차대차 - 기타,안전거리미확보,건조,맑음,단일로 - 기타,승용,여,32세,상해없음,원동기,남,21세,경상
2019071700100602,2019년 7월 17일 21시,수요일,대구광역시 북구 매천동,경상사고,0,0,1,0,차대차 - 측면충돌,안전거리미확보,건조,맑음,단일로 - 기타,화물,남,46세,상해없음,승용,남,71세,경상
2019071700100633,2019년 7월 17일 22시,수요일,대구광역시 달성군 화원읍,중상사고,0,1,0,0,차대차 - 기타,안전거리미확보,건조,맑음,교차로 - 교차로부근,승용,남,47세,상해없음,승용,남,54세,중상
2019071700100657,2019년 7월 17일 23시,수요일,대구광역시 북구 동천동,중상사고,0,2,0,0,차대사람 - 기타,안전운전불이행,건조,맑음,단일로 - 기타,기타불명,남,미분류,기타불명,보행자,남,35세,중상
2019071800100035,2019년 7월 18일 01시,목요일,대구광역시 중구 동인동3가,경상사고,0,0,1,0,차대차 - 측면충돌,신호위반,건조,맑음,교차로 - 교차로안,화물,남,48세,상해없음,승용,남,27세,경상
2019071800100039,2019년 7월 18일 02시,목요일,대구광역시 수성구 수성동1가,중상사고,0,2,1,0,차대차 - 측면충돌,신호위반,젖음/습기,흐림,교차로 - 교차로안,승용,남,33세,상해없음,승용,남,28세,경상
2019071800100092,2019년 7월 18일 07시,목요일,대구광역시 달서구 송현동,부상신고사고,0,0,0,1,차대차 - 측면충돌,안전거리미확보,젖음/습기,비,단일로 - 기타,승용,남,33세,상해없음,승용,남,50세,부상신고
2019071800100127,2019년 7월 18일 08시,목요일,대구광역시 달서구 신당동,경상사고,0,0,1,0,차대차 - 추돌,안전운전불이행,젖음/습기,비,단일로 - 기타,승용,남,26세,상해없음,승용,남,52세,경상
2019071800100128,2019년 7월 18일 08시,목요일,대구광역시 북구 매천동,경상사고,0,0,2,1,차대차 - 기타,차로위반,젖음/습기,비,단일로 - 기타,승용,남,59세,부상신고,승합,남,58세,경상
2019071800100156,2019년 7월 18일 09시,목요일,대구광역시 달서구 송현동,경상사고,0,0,1,0,차대차 - 추돌,안전거리미확보,건조,맑음,교차로 - 교차로부근,승용,남,32세,상해없음,승용,남,30세,경상
2019071800100157,2019년 7월 18일 09시,목요일,대구광역시 달서구 갈산동,경상사고,0,0,1,0,차대차 - 기타,안전운전불이행,젖음/습기,비,기타 - 기타,승용,여,43세,상해없음,이륜,남,72세,경상
2019071800100158,2019년 7월 18일 09시,목요일,대구광역시 북구 국우동,경상사고,0,0,1,0,차대차 - 측면충돌,안전운전불이행,건조,맑음,단일로 - 기타,승용,여,48세,상해없음,자전거,남,75세,경상
2019071800100196,2019년 7월 18일 10시,목요일,대구광역시 서구 내당동,중상사고,0,1,0,0,차대사람 - 보도통행중,기타,건조,맑음,기타 - 기타,화물,남,49세,상해없음,보행자,여,77세,중상
2019071800100221,2019년 7월 18일 11시,목요일,대구광역시 수성구 신매동,경상사고,0,0,1,0,차대차 - 측면충돌,신호위반,건조,맑음,교차로 - 교차로안,승합,남,36세,상해없음,승합,남,56세,경상
2019071800100290,2019년 7월 18일 13시,목요일,대구광역시 남구 봉덕동,경상사고,0,0,1,0,차대차 - 추돌,안전거리미확보,건조,맑음,단일로 - 기타,화물,남,69세,상해없음,승용,여,49세,경상
2019071800100291,2019년 7월 18일 13시,목요일,대구광역시 동구 신암동,중상사고,0,1,1,0,차대차 - 측면충돌,안전운전불이행,건조,맑음,교차로 - 교차로안,승용,남,76세,상해없음,승합,남,62세,상해없음
2019071800100312,2019년 7월 18일 14시,목요일,대구광역시 달서구 상인동,경상사고,0,0,1,0,차대차 - 추돌,안전운전불이행,건조,맑음,교차로 - 교차로부근,승합,남,50세,상해없음,승용,남,55세,경상
2019071800100313,2019년 7월 18일 14시,목요일,대구광역시 달서구 진천동,경상사고,0,0,2,0,차대차 - 추돌,안전거리미확보,건조,맑음,단일로 - 기타,승용,남,67세,상해없음,화물,남,38세,경상
2019071800100354,2019년 7월 18일 15시,목요일,대구광역시 수성구 신매동,경상사고,0,0,2,0,차대사람 - 길가장자리구역통행중,안전운전불이행,건조,맑음,단일로 - 기타,승용,여,73세,상해없음,보행자,남,87세,경상
2019071800100355,2019년 7월 18일 15시,목요일,대구광역시 달서구 유천동,경상사고,0,0,1,0,차대차 - 측면충돌,안전운전불이행,건조,맑음,단일로 - 기타,승용,남,29세,상해없음,승용,여,36세,경상
2019071800100356,2019년 7월 18일 15시,목요일,대구광역시 달성군 구지면,중상사고,0,1,0,0,차대사람 - 기타,안전운전불이행,건조,맑음,단일로 - 기타,승합,남,53세,상해없음,보행자,여,74세,중상
2019071800100391,2019년 7월 18일 16시,목요일,대구광역시 달서구 유천동,경상사고,0,0,1,0,차대차 - 측면충돌,안전운전불이행,건조,맑음,단일로 - 기타,승용,남,48세,상해없음,자전거,남,9세,경상
2019071800100392,2019년 7월 18일 16시,목요일,대구광역시 달서구 대천동,중상사고,0,1,0,0,차대차 - 측면충돌,안전운전불이행,건조,맑음,교차로 - 교차로부근,승용,남,62세,상해없음,승용,남,35세,중상
2019071800100393,2019년 7월 18일 16시,목요일,대구광역시 달성군 다사읍,경상사고,0,0,1,0,차대차 - 측면충돌,안전운전불이행,건조,맑음,교차로 - 교차로안,자전거,남,7세,경상,승용,여,29세,상해없음
2019071800100394,2019년 7월 18일 16시,목요일,대구광역시 중구 동성로2가,경상사고,0,0,1,0,차대차 - 측면충돌,안전거리미확보,건조,맑음,단일로 - 기타,승용,남,43세,상해없음,이륜,남,21세,경상
2019071800100419,2019년 7월 18일 17시,목요일,대구광역시 남구 대명동,경상사고,0,0,1,0,차대차 - 기타,안전운전불이행,건조,맑음,단일로 - 기타,승용,여,60세,상해없음,승용,여,56세,경상
2019071800100420,2019년 7월 18일 17시,목요일,대구광역시 동구 동호동,경상사고,0,0,1,0,차대차 - 측면충돌,안전운전불이행,건조,맑음,단일로 - 기타,화물,남,58세,상해없음,화물,남,38세,경상
2019071800100421,2019년 7월 18일 17시,목요일,대구광역시 수성구 중동,경상사고,0,0,2,0,차대차 - 추돌,안전운전불이행,건조,맑음,단일로 - 기타,승용,여,72세,상해없음,승용,여,48세,경상
2019071800100472,2019년 7월 18일 18시,목요일,대구광역시 남구 대명동,경상사고,0,0,1,0,차대차 - 기타,안전운전불이행,건조,맑음,단일로 - 기타,승용,남,25세,상해없음,이륜,남,57세,경상
2019071800100473,2019년 7월 18일 18시,목요일,대구광역시 수성구 지산동,중상사고,0,1,1,0,차대차 - 측면충돌,안전운전불이행,건조,맑음,단일로 - 기타,승용,남,21세,상해없음,화물,남,38세,경상
2019071800100474,2019년 7월 18일 18시,목요일,대구광역시 달서구 이곡동,경상사고,0,0,1,0,차대차 - 추돌,안전운전불이행,건조,맑음,단일로 - 기타,이륜,남,36세,상해없음,승용,여,44세,경상
2019071800100475,2019년 7월 18일 18시,목요일,대구광역시 달서구 갈산동,경상사고,0,0,1,0,차대차 - 측면충돌,안전운전불이행,건조,맑음,단일로 - 기타,승용,남,63세,상해없음,승용,여,56세,상해없음
2019071800100501,2019년 7월 18일 19시,목요일,대구광역시 남구 대명동,경상사고,0,0,1,0,차대차 - 측면충돌,안전운전불이행,건조,맑음,교차로 - 교차로부근,승용,남,51세,상해없음,승용,남,30세,경상
2019071800100502,2019년 7월 18일 19시,목요일,대구광역시 수성구 매호동,경상사고,0,0,1,0,차대사람 - 기타,안전운전불이행,건조,맑음,기타 - 기타,자전거,남,16세,상해없음,보행자,남,4세,경상
2019071800100544,2019년 7월 18일 20시,목요일,대구광역시 동구 신기동,부상신고사고,0,0,0,1,차대차 - 기타,안전운전불이행,건조,맑음,교차로 - 교차로부근,기타불명,기타불명,미분류,기타불명,이륜,남,25세,부상신고
2019071800100545,2019년 7월 18일 20시,목요일,대구광역시 수성구 황금동,경상사고,0,0,1,0,차대차 - 기타,안전운전불이행,건조,맑음,기타 - 기타,이륜,남,20세,경상,이륜,남,28세,상해없음
2019071800100546,2019년 7월 18일 20시,목요일,대구광역시 서구 평리동,중상사고,0,1,2,0,차대차 - 측면충돌,신호위반,젖음/습기,흐림,교차로 - 교차로안,승용,남,21세,경상,화물,남,43세,중상
2019071800100547,2019년 7월 18일 20시,목요일,대구광역시 달서구 두류동,경상사고,0,0,2,0,차대사람 - 보도통행중,기타,건조,맑음,기타 - 기타,자전거,남,66세,경상,보행자,여,24세,경상
2019071800100548,2019년 7월 18일 20시,목요일,대구광역시 북구 관음동,중상사고,0,1,0,0,차대차 - 측면충돌,신호위반,건조,맑음,교차로 - 교차로안,이륜,남,19세,중상,승용,남,63세,상해없음
2019071800100573,2019년 7월 18일 21시,목요일,대구광역시 수성구 황금동,부상신고사고,0,0,0,1,차량단독 - 기타,안전운전불이행,건조,맑음,단일로 - 기타,자전거,여,56세,부상신고,,,,
2019071800100574,2019년 7월 18일 21시,목요일,대구광역시 달성군 화원읍,경상사고,0,0,2,0,차대차 - 측면충돌,안전운전불이행,건조,맑음,교차로 - 교차로안,승용,여,61세,상해없음,승용,여,30세,경상
2019071800100575,2019년 7월 18일 21시,목요일,대구광역시 북구 대현동,경상사고,0,0,1,0,차대차 - 정면충돌,안전운전불이행,건조,맑음,교차로 - 교차로안,승용,여,41세,상해없음,승용,남,28세,경상
2019071800100576,2019년 7월 18일 21시,목요일,대구광역시 달서구 이곡동,경상사고,0,0,1,0,차대차 - 측면충돌,직진우회전진행방해,건조,맑음,교차로 - 교차로안,승용,남,53세,상해없음,승용,여,47세,경상
2019071800100577,2019년 7월 18일 21시,목요일,대구광역시 달서구 이곡동,경상사고,0,0,1,0,차대차 - 기타,불법유턴,젖음/습기,비,단일로 - 기타,이륜,남,37세,기타불명,이륜,남,54세,경상
2019071800100602,2019년 7월 18일 22시,목요일,대구광역시 달서구 상인동,부상신고사고,0,0,0,1,차대차 - 측면충돌,신호위반,건조,맑음,교차로 - 교차로안,자전거,남,14세,부상신고,승용,남,41세,상해없음
2019071800100603,2019년 7월 18일 22시,목요일,대구광역시 달서구 감삼동,중상사고,0,1,0,0,차대차 - 측면충돌,신호위반,건조,맑음,교차로 - 교차로안,이륜,남,38세,중상,승용,남,24세,상해없음
2019071800100604,2019년 7월 18일 22시,목요일,대구광역시 달서구 감삼동,경상사고,0,0,3,0,차대차 - 추돌,안전거리미확보,건조,맑음,교차로 - 교차로안,승용,여,54세,경상,승용,남,31세,경상
2019071800100621,2019년 7월 18일 23시,목요일,대구광역시 달서구 두류동,경상사고,0,0,3,2,차대차 - 측면충돌,안전운전불이행,건조,맑음,교차로 - 교차로안,이륜,남,21세,부상신고,승용,남,21세,경상
2019071900100050,2019년 7월 19일 01시,금요일,대구광역시 서구 원대동1가,경상사고,0,0,2,0,차대차 - 측면충돌,신호위반,건조,맑음,교차로 - 교차로안,이륜,남,18세,경상,승용,남,63세,상해없음
2019071900100051,2019년 7월 19일 01시,금요일,대구광역시 달서구 갈산동,경상사고,0,0,1,0,차대차 - 기타,안전운전불이행,건조,흐림,단일로 - 기타,승용,남,53세,경상,승용,남,52세,기타불명
2019071900100091,2019년 7월 19일 05시,금요일,대구광역시 동구 율하동,경상사고,0,0,1,0,차대차 - 측면충돌,교차로운행방법위반,건조,맑음,교차로 - 교차로안,승용,남,50세,경상,승용,남,50세,상해없음
2019071900100104,2019년 7월 19일 06시,금요일,대구광역시 동구 신암동,경상사고,0,0,2,0,차대차 - 측면충돌,안전운전불이행,건조,맑음,교차로 - 교차로안,승용,남,27세,상해없음,승용,여,26세,경상
2019071900100120,2019년 7월 19일 07시,금요일,대구광역시 수성구 범물동,경상사고,0,0,1,0,차대차 - 측면충돌,차로위반,건조,맑음,단일로 - 기타,승용,남,65세,상해없음,화물,남,60세,경상
2019071900100168,2019년 7월 19일 08시,금요일,대구광역시 달성군 현풍읍,경상사고,0,0,1,0,차대차 - 측면충돌,안전운전불이행,건조,맑음,단일로 - 기타,승용,남,35세,상해없음,승용,여,40세,경상
2019071900100169,2019년 7월 19일 08시,금요일,대구광역시 북구 산격동,경상사고,0,0,1,0,차대차 - 정면충돌,직진우회전진행방해,건조,맑음,교차로 - 교차로안,승용,남,62세,상해없음,승용,여,36세,경상
2019071900100206,2019년 7월 19일 09시,금요일,대구광역시 중구 동인동1가,중상사고,0,1,0,0,차대차 - 기타,안전거리미확보,건조,맑음,단일로 - 기타,승용,남,57세,상해없음,승합,남,52세,상해없음
2019071900100207,2019년 7월 19일 09시,금요일,대구광역시 중구 동인동1가,경상사고,0,0,1,0,차대차 - 기타,안전거리미확보,건조,맑음,단일로 - 기타,승용,남,28세,상해없음,승용,여,60세,상해없음
2019071900100208,2019년 7월 19일 09시,금요일,대구광역시 북구 태전동,경상사고,0,0,3,0,차대차 - 기타,안전운전불이행,건조,맑음,단일로 - 기타,승용,여,59세,상해없음,승용,남,47세,경상
2019071900100250,2019년 7월 19일 10시,금요일,대구광역시 동구 입석동,경상사고,0,0,1,0,차대사람 - 기타,안전운전불이행,건조,맑음,단일로 - 기타,화물,남,64세,상해없음,보행자,남,78세,경상
2019071900100251,2019년 7월 19일 10시,금요일,대구광역시 수성구 상동,경상사고,0,0,1,0,차대차 - 측면충돌,안전운전불이행,건조,맑음,교차로 - 교차로안,승용,여,40세,상해없음,승용,남,69세,경상
2019071900100276,2019년 7월 19일 11시,금요일,대구광역시 북구 동변동,중상사고,0,4,0,0,차대차 - 추돌,안전거리미확보,젖음/습기,흐림,단일로 - 기타,승합,남,53세,상해없음,승용,여,52세,중상
2019071900100279,2019년 7월 19일 11시,금요일,대구광역시 동구 지묘동,경상사고,0,0,1,0,차대차 - 정면충돌,중앙선침범,건조,맑음,교차로 - 교차로부근,승용,여,60세,상해없음,이륜,남,39세,경상
2019071900100280,2019년 7월 19일 11시,금요일,대구광역시 수성구 노변동,경상사고,0,0,1,0,차대차 - 측면충돌,안전운전불이행,건조,맑음,단일로 - 기타,승용,남,46세,상해없음,자전거,남,15세,경상
2019071900100281,2019년 7월 19일 11시,금요일,대구광역시 수성구 신매동,경상사고,0,0,1,0,차대사람 - 기타,보행자보호의무위반,건조,맑음,단일로 - 기타,기타불명,기타불명,미분류,기타불명,보행자,여,16세,경상
2019071900100282,2019년 7월 19일 11시,금요일,대구광역시 북구 산격동,경상사고,0,0,1,0,차대차 - 추돌,안전운전불이행,건조,맑음,단일로 - 기타,승용,남,47세,상해없음,승용,남,64세,상해없음
2019071900100326,2019년 7월 19일 12시,금요일,대구광역시 동구 신암동,중상사고,0,1,0,0,차대사람 - 횡단중,안전운전불이행,건조,맑음,단일로 - 기타,승용,여,46세,상해없음,보행자,여,48세,중상
2019071900100367,2019년 7월 19일 13시,금요일,대구광역시 북구 학정동,경상사고,0,0,3,0,차대차 - 측면충돌,안전운전불이행,건조,맑음,교차로 - 교차로안,승용,여,50세,상해없음,승용,여,35세,경상
2019071900100400,2019년 7월 19일 14시,금요일,대구광역시 남구 봉덕동,경상사고,0,0,1,0,차대차 - 추돌,안전운전불이행,건조,맑음,단일로 - 기타,기타불명,기타불명,미분류,기타불명,승용,여,65세,경상
2019071900100431,2019년 7월 19일 15시,금요일,대구광역시 달서구 송현동,부상신고사고,0,0,0,1,차대사람 - 기타,안전운전불이행,건조,맑음,단일로 - 기타,승용,남,47세,상해없음,보행자,여,47세,부상신고