사고번호,사고일시,요일,시군구,사고내용,사망자수,중상자수,경상자수,부상신고자수,사고유형,법규위반,노면상태,기상상태,도로형태,가해운전자 차종,가해운전자 성별,가해운전자 연령,가해운전자 상해정도,피해운전자 차종,피해운전자 성별,피해운전자 연령,피해운전자 상해정도
2019071900100475,2019년 7월 19일 16시,금요일,대구광역시 동구 입석동,경상사고,0,0,2,0,차대차 - 추돌,안전거리미확보,젖음/습기,흐림,단일로 - 기타,승용,남,64세,상해없음,승용,남,40세,경상
2019071900100517,2019년 7월 19일 17시,금요일,대구광역시 동구 신천동,경상사고,0,0,1,0,차대차 - 기타,안전운전불이행,젖음/습기,흐림,교차로 - 교차로횡단보도내,승용,남,49세,상해없음,자전거,남,18세,경상
2019071900100518,2019년 7월 19일 17시,금요일,대구광역시 수성구 황금동,경상사고,0,0,1,0,차대차 - 측면충돌,차로위반,젖음/습기,비,단일로 - 기타,이륜,남,38세,경상,승용,남,62세,상해없음
2019071900100519,2019년 7월 19일 17시,금요일,대구광역시 서구 중리동,경상사고,0,0,1,0,차대차 - 측면충돌,안전운전불이행,건조,맑음,교차로 - 교차로안,이륜,여,49세,상해없음,자전거,여,66세,경상
2019071900100520,2019년 7월 19일 17시,금요일,대구광역시 북구 읍내동,경상사고,0,0,1,0,차대차 - 기타,안전운전불이행,젖음/습기,비,교차로 - 교차로부근,승용,여,31세,상해없음,승용,여,32세,경상
2019071900100562,2019년 7월 19일 18시,금요일,대구광역시 수성구 만촌동,경상사고,0,0,1,0,차대차 - 측면충돌,안전거리미확보,젖음/습기,비,단일로 - 기타,승용,여,21세,상해없음,승용,남,38세,경상
2019071900100563,2019년 7월 19일 18시,금요일,대구광역시 달서구 월성동,경상사고,0,0,1,0,차대차 - 기타,안전거리미확보,젖음/습기,비,단일로 - 기타,승용,남,68세,상해없음,이륜,남,45세,경상
2019071900100564,2019년 7월 19일 18시,금요일,대구광역시 북구 산격동,경상사고,0,0,1,0,차대차 - 측면충돌,직진우회전진행방해,젖음/습기,비,교차로 - 교차로안,승용,여,50세,상해없음,승용,남,30세,경상
2019071900100606,2019년 7월 19일 19시,금요일,대구광역시 달서구 신당동,중상사고,0,1,0,1,차대차 - 측면충돌,신호위반,젖음/습기,비,교차로 - 교차로안,화물,여,58세,부상신고,승용,여,53세,중상
2019071900100607,2019년 7월 19일 19시,금요일,대구광역시 달서구 신당동,중상사고,0,1,0,0,차대사람 - 차도통행중,안전운전불이행,건조,맑음,단일로 - 기타,승용,남,51세,상해없음,보행자,여,76세,중상
2019071900100642,2019년 7월 19일 20시,금요일,대구광역시 남구 봉덕동,경상사고,0,0,3,0,차대차 - 측면충돌,안전거리미확보,젖음/습기,비,단일로 - 기타,승용,남,56세,상해없음,승용,남,37세,경상
2019071900100644,2019년 7월 19일 20시,금요일,대구광역시 달서구 월성동,경상사고,0,0,5,0,차대차 - 측면충돌,안전거리미확보,젖음/습기,비,교차로 - 교차로부근,승용,남,44세,경상,승용,남,20세,경상
2019071900100645,2019년 7월 19일 20시,금요일,대구광역시 달서구 상인동,경상사고,0,0,2,0,차대차 - 측면충돌,안전운전불이행,건조,맑음,단일로 - 기타,승용,남,28세,상해없음,승용,남,19세,경상
2019071900100678,2019년 7월 19일 21시,금요일,대구광역시 동구 신암동,경상사고,0,0,1,0,차대사람 - 횡단중,신호위반,젖음/습기,비,단일로 - 기타,승용,남,49세,상해없음,보행자,여,55세,경상
2019071900100679,2019년 7월 19일 21시,금요일,대구광역시 북구 침산동,경상사고,0,0,4,0,차대차 - 측면충돌,신호위반,젖음/습기,비,단일로 - 기타,승용,남,63세,상해없음,승용,남,25세,경상
2019071900100680,2019년 7월 19일 21시,금요일,대구광역시 서구 비산동,중상사고,0,1,0,0,차대사람 - 횡단중,안전운전불이행,젖음/습기,비,단일로 - 기타,승용,남,80세,상해없음,보행자,남,68세,중상
2019071900100681,2019년 7월 19일 21시,금요일,대구광역시 북구 동천동,중상사고,0,1,0,0,차대사람 - 차도통행중,안전운전불이행,젖음/습기,비,단일로 - 기타,자전거,남,16세,상해없음,보행자,여,82세,중상
2019071900100712,2019년 7월 19일 22시,금요일,대구광역시 동구 신천동,중상사고,0,1,0,0,차대차 - 추돌,안전거리미확보,젖음/습기,비,교차로 - 교차로부근,승용,남,35세,상해없음,승용,남,27세,중상
2019071900100713,2019년 7월 19일 22시,금요일,대구광역시 중구 동인동2가,경상사고,0,0,1,0,차대차 - 측면충돌,안전운전불이행,젖음/습기,비,교차로 - 교차로부근,승용,남,67세,경상,자전거,남,57세,상해없음
2019072000100061,2019년 7월 20일 01시,토요일,대구광역시 수성구 황금동,중상사고,0,1,0,0,차대사람 - 기타,안전운전불이행,건조,맑음,단일로 - 기타,승용,남,57세,상해없음,보행자,남,65세,중상
2019072000100062,2019년 7월 20일 01시,토요일,대구광역시 서구 내당동,중상사고,0,1,1,0,차대차 - 측면충돌,신호위반,젖음/습기,비,단일로 - 기타,승용,남,25세,상해없음,승용,남,56세,중상
2019072000100078,2019년 7월 20일 02시,토요일,대구광역시 서구 평리동,경상사고,0,0,1,0,차대차 - 기타,안전운전불이행,젖음/습기,비,단일로 - 기타,이륜,남,47세,상해없음,승용,남,31세,경상
2019072000100104,2019년 7월 20일 04시,토요일,대구광역시 달서구 감삼동,경상사고,0,0,1,0,차대사람 - 횡단중,안전운전불이행,젖음/습기,비,교차로 - 교차로안,승용,남,23세,상해없음,보행자,남,27세,경상
2019072000100118,2019년 7월 20일 06시,토요일,대구광역시 북구 대현동,경상사고,0,0,3,0,차대차 - 추돌,안전운전불이행,젖음/습기,비,단일로 - 기타,화물,남,40세,상해없음,승용,남,46세,경상
2019072000100143,2019년 7월 20일 08시,토요일,대구광역시 수성구 황금동,중상사고,0,2,2,0,차대차 - 정면충돌,과속,젖음/습기,비,교차로 - 교차로안,승용,남,24세,상해없음,승용,여,50세,중상
2019072000100165,2019년 7월 20일 09시,토요일,대구광역시 서구 평리동,경상사고,0,0,1,0,차대사람 - 보도통행중,기타,젖음/습기,비,단일로 - 기타,승용,남,55세,상해없음,보행자,여,64세,경상
2019072000100190,2019년 7월 20일 10시,토요일,대구광역시 서구 비산동,경상사고,0,0,1,0,차대사람 - 기타,안전운전불이행,젖음/습기,비,교차로 - 교차로부근,승용,남,75세,상해없음,보행자,남,72세,경상
2019072000100223,2019년 7월 20일 11시,토요일,대구광역시 동구 봉무동,경상사고,0,0,1,0,차대차 - 측면충돌,안전운전불이행,젖음/습기,비,교차로 - 교차로부근,승용,여,40세,상해없음,이륜,남,20세,경상
2019072000100224,2019년 7월 20일 11시,토요일,대구광역시 수성구 범어동,중상사고,0,1,0,0,차대차 - 기타,안전운전불이행,젖음/습기,비,단일로 - 기타,승용,남,36세,상해없음,이륜,남,24세,중상
2019072000100225,2019년 7월 20일 11시,토요일,대구광역시 달서구 파호동,경상사고,0,0,1,0,차대차 - 후진중충돌,안전운전불이행,젖음/습기,비,기타 - 기타,화물,남,48세,상해없음,원동기,남,28세,경상
2019072000100265,2019년 7월 20일 12시,토요일,대구광역시 달서구 장동,경상사고,0,0,1,0,차대차 - 측면충돌,안전거리미확보,건조,맑음,단일로 - 기타,승용,남,58세,상해없음,승용,남,48세,경상
2019072000100303,2019년 7월 20일 13시,토요일,대구광역시 동구 신암동,경상사고,0,0,3,0,차대차 - 기타,기타,젖음/습기,비,교차로 - 교차로안,화물,남,45세,경상,승용,남,58세,경상
2019072000100304,2019년 7월 20일 13시,토요일,대구광역시 수성구 범물동,경상사고,0,0,1,0,차대차 - 후진중충돌,안전운전불이행,건조,맑음,주차장 - 주차장,승용,남,55세,상해없음,승용,남,24세,경상
2019072000100305,2019년 7월 20일 13시,토요일,대구광역시 북구 대현동,경상사고,0,0,1,0,차대차 - 측면충돌,불법유턴,건조,맑음,교차로 - 교차로부근,승용,여,40세,상해없음,승용,남,69세,경상
2019072000100306,2019년 7월 20일 13시,토요일,대구광역시 서구 상리동,경상사고,0,0,1,0,차대차 - 측면충돌,안전운전불이행,젖음/습기,비,단일로 - 기타,승용,남,29세,상해없음,승용,여,61세,경상
2019072000100348,2019년 7월 20일 14시,토요일,대구광역시 서구 내당동,경상사고,0,0,1,0,차대차 - 측면충돌,안전거리미확보,건조,맑음,교차로 - 교차로부근,승용,남,37세,상해없음,승용,남,18세,경상
2019072000100404,2019년 7월 20일 16시,토요일,대구광역시 동구 방촌동,중상사고,0,1,0,0,차대사람 - 기타,안전운전불이행,젖음/습기,비,단일로 - 기타,화물,남,61세,상해없음,보행자,여,82세,중상
2019072000100405,2019년 7월 20일 16시,토요일,대구광역시 북구 팔달동,경상사고,0,0,1,0,차대차 - 측면충돌,안전거리미확보,젖음/습기,비,단일로 - 기타,승용,남,49세,상해없음,승용,여,48세,경상
2019072000100432,2019년 7월 20일 17시,토요일,대구광역시 달서구 본리동,부상신고사고,0,0,0,3,차대차 - 측면충돌,안전거리미확보,젖음/습기,비,단일로 - 기타,승용,남,73세,상해없음,승용,남,23세,부상신고
2019072000100462,2019년 7월 20일 18시,토요일,대구광역시 수성구 범물동,경상사고,0,0,2,0,차대차 - 측면충돌,안전운전불이행,건조,맑음,교차로 - 교차로안,승용,여,72세,상해없음,승용,남,27세,경상
2019072000100493,2019년 7월 20일 19시,토요일,대구광역시 중구 종로1가,부상신고사고,0,0,0,1,차대차 - 기타,안전거리미확보,젖음/습기,비,단일로 - 기타,승용,남,76세,상해없음,승용,여,58세,부상신고
2019072000100494,2019년 7월 20일 19시,토요일,대구광역시 달서구 신당동,경상사고,0,0,1,0,차대차 - 추돌,안전운전불이행,젖음/습기,비,단일로 - 기타,이륜,남,21세,상해없음,승용,남,23세,경상
2019072000100520,2019년 7월 20일 20시,토요일,대구광역시 수성구 만촌동,경상사고,0,0,1,0,차대차 - 기타,차로위반,건조,맑음,교차로 - 교차로안,승합,남,47세,상해없음,승용,여,31세,경상
2019072000100521,2019년 7월 20일 20시,토요일,대구광역시 북구 산격동,경상사고,0,0,1,0,차대차 - 기타,안전운전불이행,젖음/습기,비,교차로 - 교차로안,원동기,남,42세,경상,승용,남,25세,상해없음
2019072000100522,2019년 7월 20일 20시,토요일,대구광역시 북구 산격동,중상사고,0,2,0,0,차대차 - 추돌,안전운전불이행,젖음/습기,비,기타 - 기타,승용,남,23세,상해없음,이륜,남,44세,중상
2019072000100523,2019년 7월 20일 20시,토요일,대구광역시 중구 남산동,중상사고,0,1,0,0,차대차 - 측면충돌,안전운전불이행,젖음/습기,비,교차로 - 교차로부근,승합,남,55세,상해없음,자전거,여,64세,중상
2019072000100524,2019년 7월 20일 20시,토요일,대구광역시 중구 남산동,경상사고,0,0,1,0,차대사람 - 횡단중,신호위반,젖음/습기,비,단일로 - 기타,승용,여,57세,상해없음,보행자,여,61세,경상
2019072000100525,2019년 7월 20일 20시,토요일,대구광역시 달서구 두류동,부상신고사고,0,0,0,1,차대사람 - 기타,안전운전불이행,건조,맑음,기타 - 기타,승용,남,26세,상해없음,보행자,남,38세,부상신고
2019072000100526,2019년 7월 20일 20시,토요일,대구광역시 북구 동천동,경상사고,0,0,3,0,차대차 - 측면충돌,교차로운행방법위반,건조,맑음,교차로 - 교차로안,승용,남,19세,경상,승용,여,23세,경상
2019072000100562,2019년 7월 20일 21시,토요일,대구광역시 동구 불로동,경상사고,0,0,1,1,차대차 - 측면충돌,직진우회전진행방해,젖음/습기,비,교차로 - 교차로안,승용,남,47세,부상신고,승용,남,65세,경상
2019072000100563,2019년 7월 20일 21시,토요일,대구광역시 중구 남산동,경상사고,0,0,1,0,차대차 - 기타,불법유턴,젖음/습기,비,교차로 - 교차로부근,승용,여,49세,상해없음,이륜,남,21세,경상
2019072000100564,2019년 7월 20일 21시,토요일,대구광역시 중구 남산동,중상사고,0,1,1,1,차대차 - 측면충돌,안전운전불이행,젖음/습기,비,단일로 - 기타,승용,여,32세,부상신고,승용,남,40세,경상
2019072000100606,2019년 7월 20일 22시,토요일,대구광역시 동구 신천동,중상사고,0,1,0,0,차대차 - 측면충돌,직진우회전진행방해,젖음/습기,비,교차로 - 교차로안,승용,여,25세,상해없음,승용,남,60세,상해없음
2019072000100607,2019년 7월 20일 22시,토요일,대구광역시 수성구 상동,경상사고,0,0,1,0,차대차 - 측면충돌,안전운전불이행,건조,맑음,교차로 - 교차로부근,승용,여,42세,상해없음,승용,남,33세,경상
2019072000100608,2019년 7월 20일 22시,토요일,대구광역시 수성구 범어동,경상사고,0,0,1,0,차대사람 - 차도통행중,안전운전불이행,젖음/습기,비,단일로 - 기타,승용,남,38세,상해없음,보행자,남,18세,경상
2019072000100609,2019년 7월 20일 22시,토요일,대구광역시 달성군 논공읍,부상신고사고,0,0,0,2,차대차 - 기타,교차로운행방법위반,젖음/습기,비,교차로 - 교차로안,승용,남,62세,부상신고,이륜,남,36세,부상신고
2019072000100640,2019년 7월 20일 23시,토요일,대구광역시 수성구 두산동,중상사고,0,1,2,0,차대차 - 기타,직진우회전진행방해,젖음/습기,비,교차로 - 교차로안,승용,남,31세,경상,승용,남,59세,중상
2019072000100641,2019년 7월 20일 23시,토요일,대구광역시 수성구 만촌동,경상사고,0,0,3,0,차대차 - 기타,안전거리미확보,젖음/습기,비,단일로 - 기타,승용,남,63세,상해없음,승용,남,21세,경상
2019072100100054,2019년 7월 21일 01시,일요일,대구광역시 동구 율하동,경상사고,0,0,1,0,차대사람 - 횡단중,신호위반,젖음/습기,비,교차로 - 교차로횡단보도내,화물,남,56세,상해없음,보행자,여,39세,경상
2019072100100055,2019년 7월 21일 01시,일요일,대구광역시 서구 내당동,경상사고,0,0,1,0,차대차 - 정면충돌,신호위반,젖음/습기,비,교차로 - 교차로안,승용,남,52세,상해없음,승용,남,52세,경상
2019072100100068,2019년 7월 21일 02시,일요일,대구광역시 달서구 용산동,중상사고,0,2,0,0,차대차 - 측면충돌,안전운전불이행,젖음/습기,비,단일로 - 기타,승용,남,26세,상해없음,승용,남,52세,중상
2019072100100086,2019년 7월 21일 03시,일요일,대구광역시 중구 삼덕동1가,경상사고,0,0,1,0,차대사람 - 기타,안전운전불이행,건조,맑음,단일로 - 기타,승용,남,23세,상해없음,보행자,남,23세,경상
2019072100100099,2019년 7월 21일 04시,일요일,대구광역시 동구 신천동,중상사고,0,1,0,0,차대차 - 기타,안전운전불이행,젖음/습기,비,교차로 - 교차로부근,자전거,여,71세,중상,승용,남,51세,상해없음
2019072100100121,2019년 7월 21일 06시,일요일,대구광역시 수성구 두산동,경상사고,0,0,5,0,차대차 - 측면충돌,안전운전불이행,젖음/습기,비,단일로 - 기타,승용,남,52세,상해없음,승합,남,33세,경상
2019072100100132,2019년 7월 21일 07시,일요일,대구광역시 수성구 만촌동,경상사고,0,0,1,0,차대차 - 측면충돌,안전운전불이행,젖음/습기,비,단일로 - 기타,승용,남,66세,상해없음,승용,여,63세,경상
2019072100100157,2019년 7월 21일 09시,일요일,대구광역시 북구 팔달동,중상사고,0,1,2,0,차대차 - 측면충돌,안전운전불이행,젖음/습기,흐림,단일로 - 기타,승용,남,37세,경상,승용,여,22세,중상
2019072100100176,2019년 7월 21일 10시,일요일,대구광역시 북구 구암동,중상사고,0,1,0,0,차대사람 - 횡단중,안전운전불이행,젖음/습기,흐림,교차로 - 교차로안,승용,여,41세,상해없음,보행자,여,78세,중상
2019072100100194,2019년 7월 21일 11시,일요일,대구광역시 달서구 대천동,경상사고,0,0,1,0,차대차 - 측면충돌,교차로운행방법위반,건조,맑음,교차로 - 교차로안,승용,남,62세,상해없음,이륜,남,28세,경상
2019072100100220,2019년 7월 21일 12시,일요일,대구광역시 수성구 범어동,경상사고,0,0,2,0,차대차 - 측면충돌,직진우회전진행방해,젖음/습기,흐림,교차로 - 교차로안,이륜,남,20세,상해없음,승용,여,43세,경상
2019072100100244,2019년 7월 21일 13시,일요일,대구광역시 수성구 신매동,중상사고,0,1,0,0,차대차 - 측면충돌,안전운전불이행,건조,맑음,교차로 - 교차로안,승용,남,36세,상해없음,자전거,남,64세,중상
2019072100100245,2019년 7월 21일 13시,일요일,대구광역시 달서구 송현동,경상사고,0,0,2,0,차대차 - 측면충돌,안전운전불이행,건조,맑음,단일로 - 기타,승용,남,71세,상해없음,승용,남,31세,경상
2019072100100270,2019년 7월 21일 14시,일요일,대구광역시 동구 봉무동,경상사고,0,0,3,0,차대차 - 측면충돌,신호위반,건조,맑음,교차로 - 교차로안,승용,남,46세,상해없음,승용,여,38세,경상
2019072100100271,2019년 7월 21일 14시,일요일,대구광역시 달성군 현풍읍,경상사고,0,0,1,0,차대차 - 측면충돌,신호위반,건조,맑음,단일로 - 기타,이륜,남,44세,상해없음,이륜,남,25세,경상
2019072100100272,2019년 7월 21일 14시,일요일,대구광역시 달성군 논공읍,경상사고,0,0,1,0,차대차 - 기타,교차로운행방법위반,건조,맑음,교차로 - 교차로안,이륜,남,16세,경상,승용,남,32세,상해없음
2019072100100298,2019년 7월 21일 15시,일요일,대구광역시 동구 신암동,중상사고,0,1,0,0,차대차 - 측면충돌,안전운전불이행,건조,맑음,단일로 - 기타,승용,남,52세,상해없음,이륜,남,66세,중상
2019072100100299,2019년 7월 21일 15시,일요일,대구광역시 달서구 대곡동,중상사고,0,1,1,0,차대차 - 추돌,안전거리미확보,건조,맑음,교차로 - 교차로안,승용,남,55세,상해없음,승용,여,32세,경상
2019072100100300,2019년 7월 21일 15시,일요일,대구광역시 북구 동변동,경상사고,0,0,1,0,차대차 - 측면충돌,직진우회전진행방해,건조,맑음,교차로 - 교차로안,승용,여,59세,기타불명,승용,남,57세,경상
2019072100100329,2019년 7월 21일 16시,일요일,대구광역시 동구 신서동,경상사고,0,0,1,0,차대사람 - 차도통행중,안전운전불이행,건조,맑음,단일로 - 기타,승용,남,28세,상해없음,보행자,여,69세,경상
2019072100100330,2019년 7월 21일 16시,일요일,대구광역시 달성군 유가읍,경상사고,0,0,1,0,차대차 - 기타,안전운전불이행,건조,맑음,교차로 - 교차로안,승용,남,31세,상해없음,승용,여,50세,경상
2019072100100331,2019년 7월 21일 16시,일요일,대구광역시 중구 공평동,경상사고,0,0,2,0,차대차 - 측면충돌,안전거리미확보,건조,맑음,단일로 - 기타,승용,남,74세,상해없음,승용,여,25세,경상
2019072100100332,2019년 7월 21일 16시,일요일,대구광역시 북구 태전동,경상사고,0,0,1,1,차대차 - 기타,안전운전불이행,건조,맑음,단일로 - 기타,이륜,남,37세,부상신고,승용,남,69세,경상
2019072100100380,2019년 7월 21일 18시,일요일,대구광역시 수성구 수성동3가,경상사고,0,0,3,0,차대차 - 추돌,안전운전불이행,건조,맑음,교차로 - 교차로안,승용,남,56세,상해없음,승용,남,34세,경상
2019072100100381,2019년 7월 21일 18시,일요일,대구광역시 달서구 대천동,경상사고,0,0,1,0,차대차 - 측면충돌,안전거리미확보,건조,맑음,교차로 - 교차로부근,승용,남,44세,상해없음,이륜,남,40세,경상
2019072100100382,2019년 7월 21일 18시,일요일,대구광역시 북구 읍내동,경상사고,0,0,1,0,차대사람 - 기타,안전운전불이행,건조,맑음,교차로 - 교차로횡단보도내,승용,남,39세,상해없음,보행자,남,12세,경상
2019072100100408,2019년 7월 21일 19시,일요일,대구광역시 수성구 연호동,경상사고,0,0,2,0,차대차 - 측면충돌,교차로운행방법위반,건조,맑음,교차로 - 교차로안,개인형이동수단(PM),남,16세,경상,승용,여,34세,경상
2019072100100437,2019년 7월 21일 20시,일요일,대구광역시 동구 신암동,경상사고,0,0,1,0,차대차 - 측면충돌,안전운전불이행,건조,맑음,교차로 - 교차로안,승용,여,68세,상해없음,이륜,남,31세,경상
2019072100100438,2019년 7월 21일 20시,일요일,대구광역시 수성구 만촌동,경상사고,0,0,1,0,차대차 - 추돌,안전운전불이행,건조,맑음,교차로 - 교차로안,승용,남,56세,상해없음,승용,여,57세,경상
2019072100100439,2019년 7월 21일 20시,일요일,대구광역시 달서구 진천동,중상사고,0,1,0,0,차대차 - 측면충돌,신호위반,건조,맑음,기타 - 기타,이륜,남,36세,중상,화물,남,43세,상해없음
2019072100100465,2019년 7월 21일 21시,일요일,대구광역시 수성구 두산동,중상사고,0,1,0,0,차대사람 - 기타,안전운전불이행,건조,맑음,단일로 - 기타,승용,남,41세,상해없음,보행자,남,54세,중상
2019072100100466,2019년 7월 21일 21시,일요일,대구광역시 북구 읍내동,부상신고사고,0,0,0,1,차대차 - 기타,안전운전불이행,건조,맑음,단일로 - 기타,승용,남,70세,상해없음,승용,남,41세,상해없음
2019072100100482,2019년 7월 21일 22시,일요일,대구광역시 동구 신천동,경상사고,0,0,1,0,차대차 - 측면충돌,신호위반,건조,맑음,교차로 - 교차로안,승용,여,41세,상해없음,승용,여,22세,경상
2019072200100051,2019년 7월 22일 02시,월요일,대구광역시 달서구 본동,경상사고,0,0,2,0,차대차 - 추돌,안전운전불이행,건조,맑음,단일로 - 기타,승용,남,72세,상해없음,승용,남,58세,경상
2019072200100073,2019년 7월 22일 05시,월요일,대구광역시 동구 신암동,경상사고,0,0,2,0,차대차 - 기타,안전운전불이행,건조,맑음,단일로 - 기타,승용,남,29세,상해없음,승용,남,76세,경상
2019072200100084,2019년 7월 22일 06시,월요일,대구광역시 서구 비산동,경상사고,0,0,1,0,차대사람 - 기타,안전운전불이행,건조,맑음,단일로 - 기타,기타불명,기타불명,미분류,기타불명,보행자,남,54세,경상
2019072200100099,2019년 7월 22일 07시,월요일,대구광역시 수성구 범어동,경상사고,0,0,1,0,차대차 - 기타,안전운전불이행,건조,맑음,단일로 - 기타,화물,남,54세,상해없음,승용,남,40세,경상
2019072200100100,2019년 7월 22일 07시,월요일,대구광역시 북구 대현동,중상사고,0,1,0,0,차대차 - 측면충돌,안전거리미확보,건조,맑음,단일로 - 기타,승용,남,38세,상해없음,이륜,남,35세,중상
2019072200100142,2019년 7월 22일 08시,월요일,대구광역시 동구 신천동,부상신고사고,0,0,0,1,차대사람 - 횡단중,안전운전불이행,건조,맑음,교차로 - 교차로부근,기타불명,기타불명,미분류,기타불명,보행자,여,37세,부상신고
2019072200100143,2019년 7월 22일 08시,월요일,대구광역시 수성구 만촌동,중상사고,0,1,0,0,차대사람 - 횡단중,안전운전불이행,건조,맑음,단일로 - 기타,승용,남,31세,상해없음,보행자,여,66세,중상
2019072200100144,2019년 7월 22일 08시,월요일,대구광역시 달성군 논공읍,경상사고,0,0,1,0,차대차 - 기타,안전운전불이행,건조,맑음,단일로 - 기타,건설기계,남,55세,상해없음,승용,남,32세,경상
2019072200100145,2019년 7월 22일 08시,월요일,대구광역시 북구 침산동,경상사고,0,0,1,0,차대차 - 측면충돌,안전운전불이행,건조,맑음,교차로 - 교차로안,승용,남,59세,상해없음,자전거,여,71세,경상
2019072200100146,2019년 7월 22일 08시,월요일,대구광역시 북구 동천동,경상사고,0,0,1,0,차대차 - 기타,신호위반,건조,맑음,교차로 - 교차로안,승용,여,56세,상해없음,승용,남,57세,경상
2019072200100180,2019년 7월 22일 09시,월요일,대구광역시 북구 침산동,부상신고사고,0,0,0,1,차대사람 - 횡단중,안전운전불이행,건조,맑음,교차로 - 교차로횡단보도내,승용,여,53세,상해없음,보행자,여,59세,부상신고
2019072200100181,2019년 7월 22일 09시,월요일,대구광역시 북구 태전동,중상사고,0,1,1,0,차대사람 - 기타,안전운전불이행,건조,맑음,단일로 - 기타,화물,남,65세,상해없음,보행자,남,72세,중상
2019072200100219,2019년 7월 22일 10시,월요일,대구광역시 중구 동인동3가,경상사고,0,0,1,0,차대차 - 기타,안전운전불이행,건조,맑음,교차로 - 교차로부근,화물,남,50세,상해없음,승용,여,59세,경상
2019072200100255,2019년 7월 22일 11시,월요일,대구광역시 남구 봉덕동,경상사고,0,0,1,0,차대차 - 추돌,안전거리미확보,건조,맑음,교차로 - 교차로부근,승용,남,77세,상해없음,승용,남,54세,경상
2019072200100256,2019년 7월 22일 11시,월요일,대구광역시 중구 동인동3가,경상사고,0,0,1,0,차대차 - 후진중충돌,안전운전불이행,건조,맑음,단일로 - 기타,승용,남,78세,상해없음,승용,남,38세,경상
2019072200100291,2019년 7월 22일 12시,월요일,대구광역시 동구 신기동,경상사고,0,0,2,0,차대차 - 추돌,안전거리미확보,건조,맑음,단일로 - 기타,승용,여,64세,상해없음,승용,남,58세,경상
2019072200100292,2019년 7월 22일 12시,월요일,대구광역시 수성구 지산동,경상사고,0,0,1,0,차대차 - 측면충돌,안전운전불이행,건조,맑음,단일로 - 기타,승용,남,31세,상해없음,이륜,여,51세,경상
2019072200100344,2019년 7월 22일 13시,월요일,대구광역시 달서구 도원동,경상사고,0,0,1,0,차대차 - 측면충돌,안전운전불이행,건조,맑음,단일로 - 기타,승용,남,71세,상해없음,이륜,남,35세,경상
2019072200100345,2019년 7월 22일 13시,월요일,대구광역시 달서구 본동,경상사고,0,0,1,0,차대차 - 측면충돌,안전운전불이행,건조,맑음,단일로 - 기타,화물,남,50세,기타불명,승용,여,37세,경상
2019072200100346,2019년 7월 22일 13시,월요일,대구광역시 서구 비산동,경상사고,0,0,1,0,차대차 - 추돌,안전운전불이행,건조,맑음,단일로 - 기타,승용,남,25세,상해없음,화물,남,33세,경상
2019072200100380,2019년 7월 22일 14시,월요일,대구광역시 수성구 만촌동,경상사고,0,0,1,0,차대차 - 추돌,안전운전불이행,건조,맑음,기타 - 기타,승용,여,49세,상해없음,승용,남,66세,경상
2019072200100381,2019년 7월 22일 14시,월요일,대구광역시 수성구 중동,경상사고,0,0,1,0,차대차 - 측면충돌,안전운전불이행,건조,맑음,단일로 - 기타,승용,남,33세,상해없음,자전거,남,11세,경상
2019072200100420,2019년 7월 22일 15시,월요일,대구광역시 수성구 수성동1가,경상사고,0,0,1,0,차대차 - 추돌,안전운전불이행,건조,맑음,교차로 - 교차로부근,승용,남,38세,상해없음,승용,남,56세,경상
2019072200100421,2019년 7월 22일 15시,월요일,대구광역시 북구 산격동,경상사고,0,0,1,0,차대차 - 측면충돌,기타,건조,맑음,교차로 - 교차로부근,승용,여,36세,상해없음,원동기,남,61세,경상
2019072200100461,2019년 7월 22일 16시,월요일,대구광역시 수성구 범어동,중상사고,0,1,0,0,차대사람 - 기타,기타,건조,맑음,기타 - 기타,승용,남,74세,상해없음,보행자,여,65세,중상
2019072200100462,2019년 7월 22일 16시,월요일,대구광역시 중구 삼덕동2가,경상사고,0,0,1,0,차대사람 - 기타,안전운전불이행,건조,맑음,단일로 - 기타,승용,남,71세,상해없음,보행자,여,83세,경상
2019072200100517,2019년 7월 22일 17시,월요일,대구광역시 중구 동산동,경상사고,0,0,1,0,차대차 - 측면충돌,안전운전불이행,건조,맑음,단일로 - 기타,자전거,남,62세,경상,승용,남,66세,상해없음
2019072200100570,2019년 7월 22일 18시,월요일,대구광역시 동구 상매동,부상신고사고,0,0,0,1,차대차 - 기타,안전운전불이행,건조,맑음,단일로 - 기타,자전거,남,42세,부상신고,승용,여,49세,상해없음
2019072200100571,2019년 7월 22일 18시,월요일,대구광역시 수성구 범어동,경상사고,0,0,1,0,차대사람 - 기타,안전운전불이행,건조,맑음,단일로 - 기타,승용,남,58세,상해없음,보행자,여,37세,경상
2019072200100572,2019년 7월 22일 18시,월요일,대구광역시 수성구 노변동,중상사고,0,1,1,0,차대차 - 추돌,안전운전불이행,건조,맑음,교차로 - 교차로부근,화물,남,47세,경상,승용,남,71세,중상
2019072200100573,2019년 7월 22일 18시,월요일,대구광역시 달서구 상인동,경상사고,0,0,1,1,차대차 - 측면충돌,안전운전불이행,건조,맑음,단일로 - 기타,승용,남,62세,부상신고,승용,여,61세,경상
2019072200100574,2019년 7월 22일 18시,월요일,대구광역시 북구 노원동3가,중상사고,0,1,0,0,차대차 - 측면충돌,안전운전불이행,건조,맑음,단일로 - 기타,승용,여,71세,상해없음,자전거,남,64세,중상