사고번호,사고일시,요일,시군구,사고내용,사망자수,중상자수,경상자수,부상신고자수,사고유형,법규위반,노면상태,기상상태,도로형태,가해운전자 차종,가해운전자 성별,가해운전자 연령,가해운전자 상해정도,피해운전자 차종,피해운전자 성별,피해운전자 연령,피해운전자 상해정도
2019072900100264,2019년 7월 29일 12시,월요일,대구광역시 남구 대명동,경상사고,0,0,1,0,차대차 - 기타,안전운전불이행,건조,맑음,교차로 - 교차로안,승용,남,25세,상해없음,자전거,여,56세,경상
2019072900100265,2019년 7월 29일 12시,월요일,대구광역시 달성군 현풍읍,중상사고,0,1,1,0,차대차 - 추돌,신호위반,건조,맑음,교차로 - 교차로안,이륜,남,22세,상해없음,승용,남,30세,중상
2019072900100297,2019년 7월 29일 13시,월요일,대구광역시 남구 대명동,경상사고,0,0,1,0,차대차 - 측면충돌,안전운전불이행,건조,맑음,단일로 - 지하차도(도로)내,승용,여,57세,상해없음,원동기,남,54세,경상
2019072900100298,2019년 7월 29일 13시,월요일,대구광역시 동구 효목동,중상사고,0,1,0,0,차대차 - 측면충돌,안전운전불이행,건조,맑음,교차로 - 교차로안,승용,남,77세,상해없음,승용,남,42세,중상
2019072900100299,2019년 7월 29일 13시,월요일,대구광역시 달서구 용산동,중상사고,0,1,0,0,차대차 - 추돌,안전운전불이행,건조,맑음,교차로 - 교차로부근,건설기계,남,60세,상해없음,승용,남,73세,중상
2019072900100340,2019년 7월 29일 14시,월요일,대구광역시 수성구 대흥동,경상사고,0,0,1,0,차대차 - 측면충돌,안전거리미확보,건조,맑음,단일로 - 기타,화물,남,58세,상해없음,승용,남,31세,경상
2019072900100341,2019년 7월 29일 14시,월요일,대구광역시 달서구 죽전동,경상사고,0,0,1,1,차대차 - 측면충돌,안전운전불이행,건조,맑음,단일로 - 기타,승용,남,21세,상해없음,승용,여,48세,경상
2019072900100394,2019년 7월 29일 15시,월요일,대구광역시 수성구 범어동,경상사고,0,0,1,0,차대차 - 측면충돌,안전운전불이행,건조,맑음,단일로 - 기타,승용,여,50세,상해없음,승용,여,49세,경상
2019072900100395,2019년 7월 29일 15시,월요일,대구광역시 북구 노원동3가,경상사고,0,0,1,0,차대차 - 추돌,안전거리미확보,건조,맑음,단일로 - 기타,승용,남,22세,상해없음,승용,남,25세,경상
2019072900100438,2019년 7월 29일 16시,월요일,대구광역시 북구 칠성동1가,경상사고,0,0,3,0,차대차 - 추돌,안전운전불이행,건조,맑음,단일로 - 기타,승용,남,80세,상해없음,승용,여,60세,경상
2019072900100439,2019년 7월 29일 16시,월요일,대구광역시 북구 침산동,경상사고,0,0,1,0,차대차 - 추돌,안전운전불이행,건조,맑음,단일로 - 기타,승용,남,19세,기타불명,승용,남,45세,경상
2019072900100440,2019년 7월 29일 16시,월요일,대구광역시 서구 이현동,경상사고,0,0,1,1,차대차 - 측면충돌,기타,건조,맑음,교차로 - 교차로안,화물,남,56세,부상신고,승용,남,36세,경상
2019072900100483,2019년 7월 29일 17시,월요일,대구광역시 동구 도동,중상사고,0,1,0,0,차대차 - 측면충돌,안전운전불이행,건조,맑음,교차로 - 교차로부근,자전거,남,61세,중상,승합,남,34세,상해없음
2019072900100536,2019년 7월 29일 18시,월요일,대구광역시 남구 대명동,경상사고,0,0,3,0,차대차 - 추돌,안전운전불이행,건조,맑음,교차로 - 교차로부근,승용,남,63세,경상,승용,남,21세,경상
2019072900100537,2019년 7월 29일 18시,월요일,대구광역시 수성구 만촌동,경상사고,0,0,3,0,차대차 - 측면충돌,안전운전불이행,건조,맑음,교차로 - 교차로부근,화물,남,48세,상해없음,승용,남,24세,경상
2019072900100538,2019년 7월 29일 18시,월요일,대구광역시 서구 내당동,경상사고,0,0,1,0,차대차 - 기타,안전거리미확보,건조,맑음,단일로 - 기타,승합,남,62세,상해없음,이륜,남,22세,경상
2019072900100579,2019년 7월 29일 19시,월요일,대구광역시 동구 용계동,경상사고,0,0,1,0,차대차 - 측면충돌,안전운전불이행,건조,맑음,단일로 - 기타,승용,남,53세,상해없음,자전거,남,14세,경상
2019072900100637,2019년 7월 29일 21시,월요일,대구광역시 남구 봉덕동,중상사고,0,1,0,0,차대차 - 추돌,교차로운행방법위반,건조,맑음,교차로 - 교차로안,승합,남,46세,상해없음,이륜,남,40세,중상
2019072900100638,2019년 7월 29일 21시,월요일,대구광역시 동구 율하동,경상사고,0,0,1,0,차대차 - 측면충돌,교차로운행방법위반,건조,맑음,교차로 - 교차로안,이륜,남,65세,상해없음,이륜,남,24세,경상
2019072900100639,2019년 7월 29일 21시,월요일,대구광역시 수성구 상동,경상사고,0,0,1,0,차대사람 - 길가장자리구역통행중,안전운전불이행,건조,맑음,단일로 - 기타,승용,남,22세,상해없음,보행자,여,26세,경상
2019072900100640,2019년 7월 29일 21시,월요일,대구광역시 달서구 대천동,경상사고,0,0,3,0,차대차 - 측면충돌,안전운전불이행,젖음/습기,비,교차로 - 교차로부근,승용,남,54세,상해없음,승용,여,27세,경상
2019073000100044,2019년 7월 30일 01시,화요일,대구광역시 동구 신천동,부상신고사고,0,0,0,1,차대사람 - 기타,기타,건조,맑음,단일로 - 기타,승용,남,57세,상해없음,보행자,여,47세,부상신고
2019073000100058,2019년 7월 30일 02시,화요일,대구광역시 수성구 중동,경상사고,0,0,1,0,차대차 - 기타,신호위반,건조,맑음,교차로 - 교차로안,기타불명,기타불명,미분류,기타불명,승용,남,70세,상해없음
2019073000100062,2019년 7월 30일 03시,화요일,대구광역시 달성군 다사읍,경상사고,0,0,1,0,차대차 - 정면충돌,중앙선침범,건조,맑음,교차로 - 교차로부근,승용,여,35세,상해없음,승용,남,22세,경상
2019073000100066,2019년 7월 30일 04시,화요일,대구광역시 달성군 구지면,중상사고,0,2,1,0,차대차 - 추돌,안전운전불이행,건조,맑음,단일로 - 기타,승용,남,22세,상해없음,승용,남,59세,중상
2019073000100067,2019년 7월 30일 04시,화요일,대구광역시 중구 대신동,중상사고,0,1,3,0,차대차 - 측면충돌,신호위반,건조,맑음,교차로 - 교차로안,승용,남,52세,상해없음,승용,남,24세,상해없음
2019073000100104,2019년 7월 30일 07시,화요일,대구광역시 달서구 상인동,부상신고사고,0,0,0,1,차대차 - 기타,안전운전불이행,건조,맑음,단일로 - 기타,기타불명,기타불명,미분류,기타불명,자전거,여,46세,부상신고
2019073000100105,2019년 7월 30일 07시,화요일,대구광역시 북구 노원동2가,경상사고,0,0,1,0,차대차 - 측면충돌,중앙선침범,건조,맑음,교차로 - 교차로안,자전거,여,77세,경상,승용,여,28세,상해없음
2019073000100131,2019년 7월 30일 08시,화요일,대구광역시 동구 효목동,부상신고사고,0,0,0,1,차대사람 - 길가장자리구역통행중,안전운전불이행,건조,맑음,단일로 - 기타,승용,남,75세,상해없음,보행자,여,24세,부상신고
2019073000100132,2019년 7월 30일 08시,화요일,대구광역시 서구 중리동,경상사고,0,0,1,0,차대차 - 측면충돌,안전운전불이행,건조,맑음,단일로 - 기타,화물,남,55세,기타불명,승용,남,53세,경상
2019073000100169,2019년 7월 30일 09시,화요일,대구광역시 달서구 월암동,경상사고,0,0,1,0,차대사람 - 기타,안전운전불이행,건조,맑음,기타 - 기타,승용,남,46세,상해없음,보행자,남,30세,경상
2019073000100170,2019년 7월 30일 09시,화요일,대구광역시 달서구 두류동,경상사고,0,0,1,0,차대차 - 측면충돌,교차로운행방법위반,건조,흐림,단일로 - 기타,승용,남,58세,상해없음,승용,남,67세,경상
2019073000100195,2019년 7월 30일 10시,화요일,대구광역시 수성구 수성동4가,중상사고,0,1,0,0,차대사람 - 보도통행중,안전운전불이행,건조,맑음,교차로 - 교차로횡단보도내,승용,여,38세,상해없음,보행자,여,80세,중상
2019073000100196,2019년 7월 30일 10시,화요일,대구광역시 수성구 범어동,중상사고,0,1,1,1,차대차 - 정면충돌,안전운전불이행,건조,맑음,단일로 - 기타,승용,여,81세,경상,승용,여,50세,중상
2019073000100197,2019년 7월 30일 10시,화요일,대구광역시 서구 이현동,경상사고,0,0,1,0,차대차 - 측면충돌,신호위반,건조,맑음,교차로 - 교차로부근,화물,남,59세,상해없음,승용,여,59세,경상
2019073000100229,2019년 7월 30일 11시,화요일,대구광역시 수성구 두산동,경상사고,0,0,2,0,차대차 - 측면충돌,안전운전불이행,건조,맑음,단일로 - 기타,승용,여,22세,상해없음,승용,여,55세,경상
2019073000100230,2019년 7월 30일 11시,화요일,대구광역시 북구 서변동,경상사고,0,0,1,0,차대사람 - 차도통행중,안전운전불이행,건조,맑음,교차로 - 교차로안,승용,여,65세,상해없음,보행자,여,9세,경상
2019073000100273,2019년 7월 30일 12시,화요일,대구광역시 수성구 지산동,부상신고사고,0,0,0,1,차대차 - 측면충돌,신호위반,건조,맑음,교차로 - 교차로횡단보도내,이륜,남,20세,상해없음,자전거,남,67세,부상신고
2019073000100274,2019년 7월 30일 12시,화요일,대구광역시 달서구 진천동,경상사고,0,0,1,0,차대차 - 측면충돌,안전운전불이행,건조,맑음,교차로 - 교차로안,승용,여,58세,상해없음,자전거,남,17세,경상
2019073000100275,2019년 7월 30일 12시,화요일,대구광역시 북구 침산동,경상사고,0,0,1,0,차대차 - 기타,신호위반,건조,맑음,교차로 - 교차로안,승용,여,53세,상해없음,승용,남,37세,경상
2019073000100276,2019년 7월 30일 12시,화요일,대구광역시 달서구 감삼동,중상사고,0,1,0,0,차량단독 - 기타,기타,건조,맑음,단일로 - 기타,기타불명,기타불명,미분류,기타불명,,,,
2019073000100314,2019년 7월 30일 13시,화요일,대구광역시 동구 율하동,경상사고,0,0,1,0,차대차 - 추돌,안전운전불이행,건조,맑음,단일로 - 기타,승용,남,25세,상해없음,화물,여,49세,경상
2019073000100315,2019년 7월 30일 13시,화요일,대구광역시 수성구 지산동,중상사고,0,1,0,0,차대차 - 측면충돌,안전운전불이행,건조,맑음,단일로 - 기타,이륜,남,47세,중상,화물,남,53세,상해없음
2019073000100316,2019년 7월 30일 13시,화요일,대구광역시 수성구 범물동,경상사고,0,0,1,0,차대사람 - 기타,안전운전불이행,건조,맑음,단일로 - 기타,승용,남,46세,상해없음,보행자,남,45세,경상
2019073000100317,2019년 7월 30일 13시,화요일,대구광역시 서구 비산동,중상사고,0,2,0,0,차대사람 - 보도통행중,안전운전불이행,건조,맑음,단일로 - 지하차도(도로)내,이륜,남,50세,중상,보행자,남,56세,중상
2019073000100363,2019년 7월 30일 14시,화요일,대구광역시 달서구 용산동,중상사고,0,1,1,0,차대차 - 측면충돌,교차로운행방법위반,건조,맑음,교차로 - 교차로안,승용,여,39세,중상,승용,남,39세,경상
2019073000100404,2019년 7월 30일 15시,화요일,대구광역시 수성구 황금동,중상사고,0,1,0,0,차대차 - 기타,안전운전불이행,건조,맑음,단일로 - 기타,승용,남,62세,상해없음,승합,남,41세,상해없음
2019073000100448,2019년 7월 30일 16시,화요일,대구광역시 동구 신천동,중상사고,0,1,0,0,차대차 - 후진중충돌,안전운전불이행,건조,맑음,단일로 - 기타,화물,남,38세,상해없음,승용,여,33세,중상
2019073000100449,2019년 7월 30일 16시,화요일,대구광역시 중구 인교동,부상신고사고,0,0,0,1,차대차 - 측면충돌,안전운전불이행,건조,맑음,단일로 - 기타,승용,남,61세,상해없음,이륜,남,47세,부상신고
2019073000100450,2019년 7월 30일 16시,화요일,대구광역시 남구 대명동,경상사고,0,0,1,0,차대차 - 기타,안전거리미확보,건조,맑음,단일로 - 기타,승용,남,56세,상해없음,승용,남,28세,경상
2019073000100451,2019년 7월 30일 16시,화요일,대구광역시 북구 읍내동,중상사고,0,1,0,1,차대차 - 측면충돌,안전거리미확보,건조,맑음,단일로 - 기타,승용,여,56세,부상신고,승용,남,70세,중상
2019073000100496,2019년 7월 30일 17시,화요일,대구광역시 달서구 월성동,경상사고,0,0,2,0,차대차 - 측면충돌,안전운전불이행,건조,맑음,단일로 - 기타,화물,남,51세,경상,승용,남,54세,경상
2019073000100497,2019년 7월 30일 17시,화요일,대구광역시 서구 평리동,경상사고,0,0,1,0,차대차 - 측면충돌,안전거리미확보,건조,맑음,단일로 - 기타,승용,여,52세,상해없음,승용,남,42세,경상
2019073000100542,2019년 7월 30일 18시,화요일,대구광역시 남구 대명동,경상사고,0,0,1,0,차대차 - 측면충돌,직진우회전진행방해,건조,맑음,교차로 - 교차로안,승용,남,68세,상해없음,이륜,남,30세,경상
2019073000100576,2019년 7월 30일 19시,화요일,대구광역시 달서구 진천동,경상사고,0,0,2,0,차대차 - 측면충돌,신호위반,건조,맑음,교차로 - 교차로안,이륜,남,29세,경상,승용,남,27세,경상
2019073000100603,2019년 7월 30일 20시,화요일,대구광역시 수성구 만촌동,경상사고,0,0,1,0,차대차 - 추돌,안전운전불이행,건조,맑음,교차로 - 교차로부근,이륜,남,46세,상해없음,승용,여,41세,경상
2019073000100604,2019년 7월 30일 20시,화요일,대구광역시 달서구 감삼동,중상사고,0,1,2,0,차대차 - 측면충돌,안전거리미확보,건조,맑음,교차로 - 교차로부근,승용,남,65세,상해없음,승용,남,54세,경상
2019073000100605,2019년 7월 30일 20시,화요일,대구광역시 달서구 장기동,경상사고,0,0,2,0,차대차 - 측면충돌,안전거리미확보,건조,맑음,교차로 - 교차로부근,승용,여,52세,상해없음,승용,남,27세,경상
2019073000100651,2019년 7월 30일 22시,화요일,대구광역시 동구 동호동,경상사고,0,0,7,0,차대차 - 추돌,안전운전불이행,건조,맑음,단일로 - 교량,승용,남,59세,상해없음,승용,여,50세,경상
2019073000100652,2019년 7월 30일 22시,화요일,대구광역시 달성군 다사읍,경상사고,0,0,1,0,차대사람 - 기타,안전운전불이행,건조,맑음,단일로 - 기타,승용,남,32세,상해없음,보행자,남,41세,경상
2019073000100653,2019년 7월 30일 22시,화요일,대구광역시 달서구 감삼동,부상신고사고,0,0,0,1,차량단독 - 기타,안전운전불이행,건조,맑음,단일로 - 기타,승합,남,59세,상해없음,,,,
2019073000100654,2019년 7월 30일 22시,화요일,대구광역시 북구 국우동,경상사고,0,0,2,0,차대차 - 측면충돌,안전운전불이행,건조,맑음,교차로 - 교차로안,승용,남,60세,상해없음,승용,남,27세,경상
2019073000100677,2019년 7월 30일 23시,화요일,대구광역시 동구 신암동,경상사고,0,0,2,0,차대차 - 측면충돌,안전거리미확보,건조,맑음,단일로 - 기타,승용,남,61세,상해없음,승용,남,47세,경상
2019073100100045,2019년 7월 31일 01시,수요일,대구광역시 북구 산격동,중상사고,0,1,1,0,차대차 - 측면충돌,안전운전불이행,건조,맑음,단일로 - 기타,승용,남,39세,상해없음,승용,남,66세,중상
2019073100100081,2019년 7월 31일 06시,수요일,대구광역시 남구 대명동,경상사고,0,0,2,1,차대차 - 측면충돌,직진우회전진행방해,건조,맑음,교차로 - 교차로안,승용,남,62세,부상신고,승용,여,32세,경상
2019073100100109,2019년 7월 31일 07시,수요일,대구광역시 동구 효목동,경상사고,0,0,1,0,차대차 - 기타,중앙선침범,건조,맑음,교차로 - 교차로부근,자전거,남,34세,경상,승용,남,41세,상해없음
2019073100100110,2019년 7월 31일 07시,수요일,대구광역시 달서구 유천동,경상사고,0,0,1,0,차대차 - 기타,안전운전불이행,건조,맑음,단일로 - 기타,자전거,남,32세,경상,화물,남,62세,상해없음
2019073100100135,2019년 7월 31일 08시,수요일,대구광역시 중구 동인동1가,경상사고,0,0,2,0,차대차 - 기타,기타,건조,맑음,단일로 - 기타,승용,남,35세,상해없음,승용,남,71세,경상
2019073100100136,2019년 7월 31일 08시,수요일,대구광역시 달서구 용산동,중상사고,0,1,1,0,차대차 - 정면충돌,안전운전불이행,건조,맑음,단일로 - 기타,승용,남,27세,중상,화물,남,59세,경상
2019073100100168,2019년 7월 31일 09시,수요일,대구광역시 수성구 신매동,경상사고,0,0,1,0,차대차 - 측면충돌,안전운전불이행,건조,맑음,교차로 - 교차로안,승용,여,54세,상해없음,이륜,남,19세,경상
2019073100100169,2019년 7월 31일 09시,수요일,대구광역시 달성군 다사읍,중상사고,0,1,1,0,차대차 - 기타,안전운전불이행,건조,맑음,교차로 - 교차로부근,승용,여,61세,상해없음,승용,남,34세,경상
2019073100100243,2019년 7월 31일 11시,수요일,대구광역시 수성구 상동,중상사고,0,1,1,0,차대차 - 측면충돌,교차로운행방법위반,건조,맑음,교차로 - 교차로안,승용,남,59세,경상,승용,남,27세,중상
2019073100100286,2019년 7월 31일 12시,수요일,대구광역시 달성군 하빈면,경상사고,0,0,1,0,차대차 - 기타,과속,건조,맑음,교차로 - 교차로안,승용,여,32세,상해없음,이륜,남,59세,경상
2019073100100316,2019년 7월 31일 13시,수요일,대구광역시 수성구 두산동,경상사고,0,0,1,0,차대차 - 측면충돌,안전운전불이행,건조,맑음,단일로 - 기타,기타불명,기타불명,미분류,기타불명,이륜,남,23세,경상
2019073100100345,2019년 7월 31일 14시,수요일,대구광역시 달성군 유가읍,중상사고,0,3,0,0,차대차 - 추돌,안전운전불이행,건조,맑음,교차로 - 교차로부근,승용,남,64세,상해없음,승용,여,52세,중상
2019073100100346,2019년 7월 31일 14시,수요일,대구광역시 북구 노원동1가,경상사고,0,0,2,0,차대차 - 측면충돌,신호위반,건조,맑음,단일로 - 기타,승용,남,53세,상해없음,승용,남,53세,경상
2019073100100378,2019년 7월 31일 15시,수요일,대구광역시 남구 대명동,경상사고,0,0,1,0,차대차 - 측면충돌,안전운전불이행,건조,맑음,교차로 - 교차로안,승용,남,45세,상해없음,이륜,남,22세,경상
2019073100100379,2019년 7월 31일 15시,수요일,대구광역시 수성구 수성동4가,경상사고,0,0,1,0,차대차 - 측면충돌,안전운전불이행,건조,맑음,단일로 - 기타,승용,남,54세,상해없음,승용,여,48세,경상
2019073100100380,2019년 7월 31일 15시,수요일,대구광역시 서구 평리동,중상사고,0,1,0,0,차대차 - 측면충돌,신호위반,건조,맑음,단일로 - 기타,화물,여,56세,상해없음,이륜,남,67세,중상
2019073100100414,2019년 7월 31일 16시,수요일,대구광역시 동구 불로동,경상사고,0,0,2,0,차대차 - 측면충돌,직진우회전진행방해,건조,맑음,교차로 - 교차로안,승용,남,59세,경상,이륜,남,53세,경상
2019073100100415,2019년 7월 31일 16시,수요일,대구광역시 동구 효목동,경상사고,0,0,7,0,차대차 - 측면충돌,안전거리미확보,건조,맑음,단일로 - 기타,승용,여,60세,경상,승용,남,21세,경상
2019073100100416,2019년 7월 31일 16시,수요일,대구광역시 달서구 상인동,경상사고,0,0,3,0,차대차 - 측면충돌,안전거리미확보,건조,맑음,단일로 - 기타,승용,남,33세,상해없음,승용,남,54세,경상
2019073100100417,2019년 7월 31일 16시,수요일,대구광역시 달성군 현풍읍,경상사고,0,0,1,0,차대차 - 측면충돌,교차로운행방법위반,건조,맑음,교차로 - 교차로부근,승용,남,51세,상해없음,화물,남,28세,경상
2019073100100459,2019년 7월 31일 17시,수요일,대구광역시 북구 산격동,중상사고,0,1,0,0,차대차 - 기타,신호위반,건조,맑음,단일로 - 기타,승용,여,56세,상해없음,승용,남,46세,중상
2019073100100460,2019년 7월 31일 17시,수요일,대구광역시 북구 구암동,중상사고,0,1,0,0,차대차 - 측면충돌,안전운전불이행,건조,맑음,교차로 - 교차로횡단보도내,승합,남,44세,상해없음,자전거,남,76세,중상
2019073100100505,2019년 7월 31일 18시,수요일,대구광역시 북구 노원동3가,경상사고,0,0,1,0,차대차 - 측면충돌,불법유턴,건조,맑음,단일로 - 교량,자전거,남,33세,경상,승용,남,56세,상해없음
2019073100100506,2019년 7월 31일 18시,수요일,대구광역시 달서구 이곡동,경상사고,0,0,1,0,차대차 - 측면충돌,안전운전불이행,건조,맑음,단일로 - 기타,승용,여,56세,상해없음,자전거,남,51세,경상
2019073100100507,2019년 7월 31일 18시,수요일,대구광역시 달서구 용산동,중상사고,0,1,0,0,차대차 - 측면충돌,안전운전불이행,건조,맑음,교차로 - 교차로안,승용,남,39세,상해없음,이륜,남,60세,중상
2019073100100508,2019년 7월 31일 18시,수요일,대구광역시 달서구 죽전동,경상사고,0,0,2,0,차대차 - 측면충돌,안전운전불이행,건조,맑음,기타 - 기타,승용,남,23세,상해없음,승용,남,84세,경상
2019073100100547,2019년 7월 31일 19시,수요일,대구광역시 남구 이천동,경상사고,0,0,1,0,차대차 - 측면충돌,안전운전불이행,건조,맑음,단일로 - 기타,이륜,남,19세,상해없음,승용,남,26세,상해없음
2019073100100548,2019년 7월 31일 19시,수요일,대구광역시 달서구 감삼동,경상사고,0,0,2,0,차대차 - 측면충돌,교차로운행방법위반,건조,맑음,교차로 - 교차로부근,승용,남,39세,상해없음,승용,남,21세,경상
2019073100100579,2019년 7월 31일 20시,수요일,대구광역시 달서구 송현동,중상사고,0,1,1,0,차대차 - 측면충돌,중앙선침범,건조,맑음,단일로 - 기타,이륜,남,24세,경상,승용,남,21세,상해없음
2019073100100580,2019년 7월 31일 20시,수요일,대구광역시 달성군 다사읍,경상사고,0,0,1,0,차대차 - 측면충돌,안전운전불이행,건조,맑음,교차로 - 교차로안,승용,남,54세,상해없음,승용,남,26세,경상
2019073100100581,2019년 7월 31일 20시,수요일,대구광역시 달서구 용산동,경상사고,0,0,1,0,차대차 - 추돌,안전운전불이행,건조,맑음,단일로 - 기타,승용,남,61세,상해없음,승용,여,50세,경상
2019073100100582,2019년 7월 31일 20시,수요일,대구광역시 북구 학정동,경상사고,0,0,4,0,차대차 - 측면충돌,안전운전불이행,건조,맑음,교차로 - 교차로부근,승용,여,44세,경상,승용,남,53세,경상
2019073100100620,2019년 7월 31일 21시,수요일,대구광역시 달서구 성당동,경상사고,0,0,3,0,차대차 - 측면충돌,교차로운행방법위반,건조,맑음,교차로 - 교차로안,이륜,남,17세,경상,승용,여,49세,경상
2019080100100034,2019년 8월 1일 00시,목요일,대구광역시 남구 봉덕동,중상사고,0,1,0,0,차대사람 - 기타,안전운전불이행,건조,맑음,교차로 - 교차로부근,승용,남,53세,상해없음,보행자,남,60세,중상
2019080100100049,2019년 8월 1일 01시,목요일,대구광역시 남구 대명동,중상사고,0,4,0,0,차대차 - 추돌,안전운전불이행,건조,맑음,교차로 - 교차로부근,승용,남,37세,상해없음,승용,여,19세,중상
2019080100100056,2019년 8월 1일 02시,목요일,대구광역시 달서구 진천동,경상사고,0,0,1,0,차대차 - 추돌,안전운전불이행,건조,맑음,단일로 - 기타,승용,남,26세,상해없음,승용,남,64세,경상
2019080100100064,2019년 8월 1일 03시,목요일,대구광역시 수성구 욱수동,경상사고,0,0,1,0,차대차 - 측면충돌,안전운전불이행,건조,맑음,교차로 - 교차로안,승용,남,20세,상해없음,이륜,남,23세,경상
2019080100100088,2019년 8월 1일 05시,목요일,대구광역시 북구 매천동,경상사고,0,0,1,0,차대차 - 추돌,안전거리미확보,건조,맑음,교차로 - 교차로부근,승용,남,28세,상해없음,승용,남,59세,경상
2019080100100120,2019년 8월 1일 07시,목요일,대구광역시 달성군 화원읍,중상사고,0,1,0,0,차대차 - 측면충돌,안전운전불이행,건조,맑음,교차로 - 교차로안,화물,남,62세,상해없음,이륜,남,68세,중상
2019080100100152,2019년 8월 1일 08시,목요일,대구광역시 동구 효목동,경상사고,0,0,1,0,차대사람 - 기타,신호위반,건조,맑음,단일로 - 기타,승용,남,41세,상해없음,보행자,여,84세,경상
2019080100100153,2019년 8월 1일 08시,목요일,대구광역시 달성군 화원읍,부상신고사고,0,0,0,1,차대차 - 기타,안전운전불이행,건조,맑음,기타 - 기타,자전거,남,76세,부상신고,승용,여,39세,상해없음
2019080100100185,2019년 8월 1일 09시,목요일,대구광역시 동구 숙천동,부상신고사고,0,0,0,1,차대차 - 기타,신호위반,건조,맑음,교차로 - 교차로안,화물,남,56세,기타불명,승용,남,53세,상해없음
2019080100100186,2019년 8월 1일 09시,목요일,대구광역시 달서구 죽전동,경상사고,0,0,6,1,차대차 - 추돌,안전운전불이행,건조,맑음,단일로 - 기타,화물,남,68세,상해없음,화물,남,52세,경상
2019080100100218,2019년 8월 1일 10시,목요일,대구광역시 남구 대명동,경상사고,0,0,1,0,차대차 - 추돌,교차로운행방법위반,건조,맑음,교차로 - 교차로안,승용,남,28세,상해없음,승용,남,49세,경상
2019080100100219,2019년 8월 1일 10시,목요일,대구광역시 서구 비산동,경상사고,0,0,1,0,차대차 - 기타,안전운전불이행,건조,맑음,교차로 - 교차로부근,승용,남,77세,상해없음,승용,남,57세,상해없음
2019080100100220,2019년 8월 1일 10시,목요일,대구광역시 달서구 본리동,경상사고,0,0,1,0,차대사람 - 차도통행중,안전운전불이행,건조,맑음,교차로 - 교차로안,승용,남,51세,상해없음,보행자,남,56세,경상
2019080100100257,2019년 8월 1일 11시,목요일,대구광역시 동구 방촌동,경상사고,0,0,1,0,차대사람 - 기타,안전운전불이행,건조,맑음,교차로 - 교차로부근,특수,남,63세,상해없음,보행자,여,63세,경상
2019080100100258,2019년 8월 1일 11시,목요일,대구광역시 달서구 두류동,경상사고,0,0,1,0,차대차 - 기타,안전운전불이행,건조,맑음,기타 - 기타,승용,남,77세,상해없음,승용,남,27세,상해없음
2019080100100336,2019년 8월 1일 13시,목요일,대구광역시 북구 사수동,중상사고,0,1,0,0,차대차 - 측면충돌,중앙선침범,건조,맑음,교차로 - 교차로부근,이륜,남,56세,중상,승용,여,43세,상해없음
2019080100100400,2019년 8월 1일 15시,목요일,대구광역시 북구 산격동,경상사고,0,0,1,0,차대차 - 측면충돌,교차로운행방법위반,건조,맑음,교차로 - 교차로안,승용,남,64세,상해없음,승용,여,46세,경상
2019080100100454,2019년 8월 1일 16시,목요일,대구광역시 달서구 두류동,경상사고,0,0,1,0,차대사람 - 보도통행중,안전운전불이행,건조,맑음,교차로 - 교차로부근,승용,남,40세,상해없음,보행자,여,7세,경상
2019080100100485,2019년 8월 1일 17시,목요일,대구광역시 수성구 수성동1가,경상사고,0,0,1,0,차대사람 - 횡단중,보행자보호의무위반,건조,맑음,단일로 - 기타,승용,여,48세,상해없음,보행자,여,16세,경상
2019080100100486,2019년 8월 1일 17시,목요일,대구광역시 달서구 송현동,부상신고사고,0,0,0,1,차대차 - 측면충돌,교차로운행방법위반,건조,맑음,교차로 - 교차로안,이륜,남,17세,부상신고,승용,남,58세,상해없음
2019080100100487,2019년 8월 1일 17시,목요일,대구광역시 서구 평리동,경상사고,0,0,1,0,차대사람 - 길가장자리구역통행중,안전운전불이행,건조,맑음,단일로 - 기타,승용,여,65세,상해없음,보행자,여,32세,경상
2019080100100488,2019년 8월 1일 17시,목요일,대구광역시 달서구 용산동,경상사고,0,0,1,0,차대차 - 기타,안전운전불이행,건조,맑음,기타 - 기타,승용,남,40세,경상,승용,여,44세,상해없음
2019080100100534,2019년 8월 1일 18시,목요일,대구광역시 수성구 범어동,경상사고,0,0,3,0,차대차 - 측면충돌,안전운전불이행,건조,맑음,기타 - 기타,승용,남,28세,상해없음,승용,남,46세,경상
2019080100100535,2019년 8월 1일 18시,목요일,대구광역시 북구 칠성동1가,중상사고,0,5,1,0,차대차 - 추돌,안전거리미확보,건조,맑음,단일로 - 교량,승합,남,54세,상해없음,승용,남,34세,중상
2019080100100536,2019년 8월 1일 18시,목요일,대구광역시 서구 내당동,경상사고,0,0,3,0,차대차 - 측면충돌,신호위반,건조,맑음,교차로 - 교차로안,승용,여,29세,상해없음,승용,남,64세,경상
2019080100100537,2019년 8월 1일 18시,목요일,대구광역시 달서구 신당동,경상사고,0,0,2,0,차대차 - 측면충돌,안전운전불이행,건조,맑음,단일로 - 기타,승용,여,40세,상해없음,원동기,남,21세,경상
2019080100100538,2019년 8월 1일 18시,목요일,대구광역시 달서구 죽전동,경상사고,0,0,1,0,차량단독 - 기타,기타,건조,맑음,교차로 - 교차로부근,승용,남,58세,상해없음,,,,