사고번호,사고일시,요일,시군구,사고내용,사망자수,중상자수,경상자수,부상신고자수,사고유형,법규위반,노면상태,기상상태,도로형태,가해운전자 차종,가해운전자 성별,가해운전자 연령,가해운전자 상해정도,피해운전자 차종,피해운전자 성별,피해운전자 연령,피해운전자 상해정도
2019080500100452,2019년 8월 5일 16시,월요일,대구광역시 남구 대명동,경상사고,0,0,1,0,차대차 - 측면충돌,안전운전불이행,건조,맑음,교차로 - 교차로부근,승용,여,45세,상해없음,이륜,남,43세,경상
2019080500100453,2019년 8월 5일 16시,월요일,대구광역시 동구 진인동,사망사고,2,2,0,0,차대차 - 정면충돌,중앙선침범,건조,맑음,단일로 - 기타,승용,남,80세,사망,승용,여,54세,중상
2019080500100454,2019년 8월 5일 16시,월요일,대구광역시 수성구 범어동,경상사고,0,0,1,0,차대차 - 추돌,안전운전불이행,건조,맑음,교차로 - 교차로안,승용,남,49세,상해없음,이륜,남,34세,경상
2019080500100455,2019년 8월 5일 16시,월요일,대구광역시 수성구 수성동2가,경상사고,0,0,1,0,차대차 - 측면충돌,안전거리미확보,건조,맑음,교차로 - 교차로부근,승합,남,66세,상해없음,승용,여,37세,경상
2019080500100456,2019년 8월 5일 16시,월요일,대구광역시 달서구 신당동,중상사고,0,1,0,0,차대차 - 기타,차로위반,건조,맑음,단일로 - 기타,화물,남,18세,상해없음,원동기,남,18세,중상
2019080500100457,2019년 8월 5일 16시,월요일,대구광역시 북구 동천동,경상사고,0,0,2,0,차대차 - 측면충돌,안전운전불이행,건조,맑음,단일로 - 기타,승용,여,42세,상해없음,원동기,남,18세,경상
2019080500100498,2019년 8월 5일 17시,월요일,대구광역시 수성구 가천동,중상사고,0,1,0,0,차대차 - 측면충돌,교차로운행방법위반,건조,맑음,교차로 - 교차로안,승용,남,33세,상해없음,이륜,남,71세,중상
2019080500100499,2019년 8월 5일 17시,월요일,대구광역시 중구 덕산동,경상사고,0,0,1,0,차대차 - 측면충돌,안전거리미확보,건조,맑음,단일로 - 기타,승용,남,73세,상해없음,승용,남,25세,경상
2019080500100500,2019년 8월 5일 17시,월요일,대구광역시 달서구 용산동,경상사고,0,0,1,0,차대차 - 측면충돌,안전운전불이행,건조,맑음,단일로 - 기타,승용,여,43세,상해없음,자전거,남,72세,경상
2019080500100501,2019년 8월 5일 17시,월요일,대구광역시 북구 노곡동,경상사고,0,0,1,0,차대사람 - 기타,안전운전불이행,건조,맑음,단일로 - 기타,승용,남,66세,상해없음,보행자,여,20세,경상
2019080500100539,2019년 8월 5일 18시,월요일,대구광역시 동구 신기동,경상사고,0,0,2,0,차대차 - 측면충돌,안전운전불이행,건조,맑음,교차로 - 교차로안,승용,여,43세,상해없음,개인형이동수단(PM),여,40세,경상
2019080500100540,2019년 8월 5일 18시,월요일,대구광역시 동구 백안동,경상사고,0,0,1,0,차대차 - 추돌,안전운전불이행,건조,맑음,교차로 - 교차로부근,화물,남,60세,상해없음,승용,남,47세,상해없음
2019080500100541,2019년 8월 5일 18시,월요일,대구광역시 동구 방촌동,경상사고,0,0,1,0,차대사람 - 길가장자리구역통행중,안전운전불이행,건조,맑음,단일로 - 기타,승용,여,26세,기타불명,보행자,남,60세,경상
2019080500100542,2019년 8월 5일 18시,월요일,대구광역시 수성구 황금동,경상사고,0,0,1,0,차대사람 - 횡단중,안전운전불이행,건조,맑음,단일로 - 기타,승용,남,55세,상해없음,보행자,남,49세,경상
2019080500100543,2019년 8월 5일 18시,월요일,대구광역시 수성구 사월동,경상사고,0,0,1,0,차대차 - 측면충돌,안전운전불이행,건조,맑음,단일로 - 기타,이륜,남,22세,경상,승용,남,46세,상해없음
2019080500100544,2019년 8월 5일 18시,월요일,대구광역시 중구 남산동,부상신고사고,0,0,0,1,차대차 - 측면충돌,안전거리미확보,건조,맑음,교차로 - 교차로부근,이륜,남,31세,부상신고,승용,남,39세,상해없음
2019080500100576,2019년 8월 5일 19시,월요일,대구광역시 달서구 송현동,부상신고사고,0,0,0,1,차대사람 - 기타,안전운전불이행,건조,맑음,교차로 - 교차로안,기타불명,기타불명,미분류,기타불명,보행자,남,55세,부상신고
2019080500100608,2019년 8월 5일 20시,월요일,대구광역시 달서구 두류동,경상사고,0,0,3,0,차대차 - 정면충돌,안전운전불이행,건조,맑음,기타 - 기타,승용,여,57세,상해없음,승용,여,45세,경상
2019080500100609,2019년 8월 5일 20시,월요일,대구광역시 달서구 이곡동,중상사고,0,1,0,0,차대사람 - 차도통행중,안전운전불이행,건조,맑음,단일로 - 기타,화물,남,46세,상해없음,보행자,여,72세,중상
2019080500100636,2019년 8월 5일 21시,월요일,대구광역시 달서구 상인동,경상사고,0,0,1,0,차대차 - 추돌,안전거리미확보,건조,맑음,단일로 - 기타,승용,여,65세,상해없음,화물,여,58세,경상
2019080500100637,2019년 8월 5일 21시,월요일,대구광역시 북구 고성동3가,중상사고,0,1,0,0,차대차 - 추돌,안전운전불이행,건조,맑음,단일로 - 기타,승용,남,27세,기타불명,승용,남,65세,중상
2019080500100656,2019년 8월 5일 22시,월요일,대구광역시 수성구 수성동3가,중상사고,0,1,0,0,차대사람 - 기타,안전운전불이행,건조,맑음,교차로 - 교차로부근,승용,여,37세,상해없음,보행자,여,67세,중상
2019080500100657,2019년 8월 5일 22시,월요일,대구광역시 달서구 진천동,경상사고,0,0,4,0,차대차 - 측면충돌,교차로운행방법위반,건조,맑음,교차로 - 교차로안,승용,여,46세,경상,승용,남,68세,경상
2019080500100672,2019년 8월 5일 23시,월요일,대구광역시 북구 읍내동,부상신고사고,0,0,0,1,차대차 - 기타,안전운전불이행,건조,맑음,단일로 - 기타,기타불명,기타불명,미분류,기타불명,승용,남,72세,상해없음
2019080600100037,2019년 8월 6일 00시,화요일,대구광역시 달서구 신당동,부상신고사고,0,0,0,1,차대사람 - 차도통행중,안전운전불이행,건조,맑음,단일로 - 기타,승용,남,19세,상해없음,보행자,남,24세,부상신고
2019080600100066,2019년 8월 6일 03시,화요일,대구광역시 동구 신암동,경상사고,0,0,1,0,차대사람 - 기타,안전운전불이행,건조,맑음,교차로 - 교차로횡단보도내,승용,남,63세,상해없음,보행자,남,39세,경상
2019080600100067,2019년 8월 6일 03시,화요일,대구광역시 동구 지저동,경상사고,0,0,3,2,차대차 - 측면충돌,기타,건조,맑음,교차로 - 교차로안,화물,남,57세,상해없음,승용,남,21세,경상
2019080600100070,2019년 8월 6일 04시,화요일,대구광역시 북구 침산동,경상사고,0,0,1,0,차대차 - 측면충돌,신호위반,건조,맑음,교차로 - 교차로안,기타불명,기타불명,미분류,기타불명,승용,남,60세,경상
2019080600100082,2019년 8월 6일 05시,화요일,대구광역시 중구 봉산동,경상사고,0,0,11,1,차대차 - 추돌,안전운전불이행,건조,맑음,단일로 - 기타,승용,남,32세,상해없음,승합,남,30세,경상
2019080600100129,2019년 8월 6일 08시,화요일,대구광역시 수성구 범어동,경상사고,0,0,1,0,차대차 - 기타,안전거리미확보,건조,맑음,단일로 - 기타,승용,남,73세,상해없음,화물,남,36세,경상
2019080600100161,2019년 8월 6일 09시,화요일,대구광역시 달서구 상인동,경상사고,0,0,1,0,차대차 - 측면충돌,교차로운행방법위반,건조,맑음,교차로 - 교차로안,승용,남,49세,상해없음,승용,여,47세,경상
2019080600100207,2019년 8월 6일 10시,화요일,대구광역시 남구 대명동,경상사고,0,0,1,0,차대사람 - 기타,안전운전불이행,건조,맑음,교차로 - 교차로부근,승용,남,64세,상해없음,보행자,남,62세,경상
2019080600100208,2019년 8월 6일 10시,화요일,대구광역시 동구 신천동,경상사고,0,0,1,0,차대차 - 측면충돌,안전거리미확보,건조,맑음,단일로 - 기타,승용,남,48세,상해없음,승용,여,26세,경상
2019080600100209,2019년 8월 6일 10시,화요일,대구광역시 달성군 다사읍,경상사고,0,0,1,0,차대차 - 기타,안전운전불이행,건조,맑음,단일로 - 기타,승용,여,32세,상해없음,개인형이동수단(PM),여,49세,경상
2019080600100271,2019년 8월 6일 12시,화요일,대구광역시 동구 불로동,중상사고,0,1,1,0,차대차 - 측면충돌,차로위반,건조,맑음,단일로 - 기타,승용,여,52세,상해없음,화물,남,51세,상해없음
2019080600100272,2019년 8월 6일 12시,화요일,대구광역시 달성군 유가읍,경상사고,0,0,3,0,차대차 - 기타,안전운전불이행,건조,맑음,교차로 - 교차로부근,승용,남,31세,기타불명,승용,남,35세,경상
2019080600100308,2019년 8월 6일 13시,화요일,대구광역시 동구 신암동,경상사고,0,0,3,0,차대차 - 측면충돌,신호위반,건조,맑음,교차로 - 교차로안,승용,여,69세,상해없음,승용,여,52세,경상
2019080600100309,2019년 8월 6일 13시,화요일,대구광역시 동구 불로동,경상사고,0,0,1,0,차대차 - 추돌,안전거리미확보,건조,맑음,교차로 - 교차로부근,화물,남,34세,상해없음,승용,여,48세,경상
2019080600100310,2019년 8월 6일 13시,화요일,대구광역시 수성구 황금동,경상사고,0,0,1,0,차대차 - 정면충돌,안전운전불이행,건조,맑음,교차로 - 교차로안,승용,여,69세,상해없음,자전거,남,10세,경상
2019080600100311,2019년 8월 6일 13시,화요일,대구광역시 수성구 두산동,경상사고,0,0,2,0,차대차 - 기타,안전운전불이행,건조,맑음,교차로 - 교차로안,이륜,남,29세,경상,승용,여,59세,경상
2019080600100312,2019년 8월 6일 13시,화요일,대구광역시 중구 삼덕동3가,경상사고,0,0,3,0,차대차 - 추돌,안전운전불이행,건조,맑음,교차로 - 교차로안,화물,남,24세,상해없음,승용,여,45세,경상
2019080600100343,2019년 8월 6일 14시,화요일,대구광역시 동구 서호동,경상사고,0,0,1,0,차대차 - 측면충돌,직진우회전진행방해,건조,맑음,단일로 - 기타,화물,남,54세,상해없음,승용,여,50세,경상
2019080600100344,2019년 8월 6일 14시,화요일,대구광역시 달성군 화원읍,경상사고,0,0,2,0,차대차 - 기타,안전운전불이행,건조,맑음,단일로 - 기타,승용,여,29세,상해없음,이륜,남,20세,경상
2019080600100378,2019년 8월 6일 15시,화요일,대구광역시 수성구 상동,경상사고,0,0,1,0,차대차 - 추돌,안전운전불이행,건조,맑음,교차로 - 교차로부근,승용,남,58세,기타불명,승용,여,49세,경상
2019080600100379,2019년 8월 6일 15시,화요일,대구광역시 달서구 죽전동,중상사고,0,1,1,0,차대차 - 기타,안전운전불이행,젖음/습기,비,단일로 - 기타,이륜,남,18세,경상,승용,남,49세,상해없음
2019080600100380,2019년 8월 6일 15시,화요일,대구광역시 달서구 죽전동,경상사고,0,0,2,0,차대차 - 기타,안전운전불이행,젖음/습기,비,주차장 - 주차장,승용,남,22세,상해없음,승용,남,60세,경상
2019080600100429,2019년 8월 6일 16시,화요일,대구광역시 남구 대명동,경상사고,0,0,1,0,차대차 - 추돌,안전운전불이행,젖음/습기,비,단일로 - 기타,승용,남,22세,기타불명,승용,여,39세,상해없음
2019080600100430,2019년 8월 6일 16시,화요일,대구광역시 수성구 범어동,경상사고,0,0,1,0,차대사람 - 보도통행중,안전운전불이행,젖음/습기,비,단일로 - 기타,자전거,남,67세,상해없음,보행자,남,46세,경상
2019080600100431,2019년 8월 6일 16시,화요일,대구광역시 달성군 구지면,경상사고,0,0,5,0,차대차 - 추돌,교차로운행방법위반,젖음/습기,비,교차로 - 교차로안,승용,남,44세,경상,승용,여,36세,경상
2019080600100467,2019년 8월 6일 17시,화요일,대구광역시 수성구 범어동,중상사고,0,1,0,0,차대차 - 추돌,안전거리미확보,젖음/습기,비,단일로 - 기타,승용,남,52세,상해없음,승용,여,33세,중상
2019080600100468,2019년 8월 6일 17시,화요일,대구광역시 달성군 현풍읍,경상사고,0,0,1,0,차대차 - 추돌,안전운전불이행,젖음/습기,비,단일로 - 기타,승용,여,37세,상해없음,승용,남,61세,경상
2019080600100469,2019년 8월 6일 17시,화요일,대구광역시 서구 비산동,중상사고,0,2,1,1,차대차 - 추돌,안전거리미확보,젖음/습기,비,단일로 - 기타,이륜,남,33세,경상,승용,여,39세,부상신고
2019080600100470,2019년 8월 6일 17시,화요일,대구광역시 서구 내당동,경상사고,0,0,2,0,차대사람 - 횡단중,안전운전불이행,건조,맑음,단일로 - 기타,이륜,남,19세,경상,보행자,남,45세,경상
2019080600100518,2019년 8월 6일 18시,화요일,대구광역시 달서구 송현동,중상사고,0,1,0,0,차대차 - 측면충돌,신호위반,젖음/습기,비,단일로 - 기타,승용,여,55세,상해없음,이륜,남,37세,중상
2019080600100519,2019년 8월 6일 18시,화요일,대구광역시 달성군 옥포읍,경상사고,0,0,1,0,차대차 - 측면충돌,안전운전불이행,젖음/습기,비,교차로 - 교차로안,승용,남,61세,상해없음,승용,여,45세,경상
2019080600100520,2019년 8월 6일 18시,화요일,대구광역시 서구 중리동,중상사고,0,1,0,0,차대차 - 측면충돌,안전거리미확보,젖음/습기,비,단일로 - 기타,승용,여,46세,상해없음,승용,여,57세,중상
2019080600100521,2019년 8월 6일 18시,화요일,대구광역시 중구 남산동,중상사고,0,1,1,0,차대차 - 측면충돌,안전거리미확보,젖음/습기,비,단일로 - 기타,승용,남,48세,상해없음,승용,여,61세,중상
2019080600100522,2019년 8월 6일 18시,화요일,대구광역시 달서구 호산동,경상사고,0,0,1,0,차대차 - 추돌,안전거리미확보,젖음/습기,비,단일로 - 기타,화물,남,26세,상해없음,승용,여,48세,경상
2019080600100558,2019년 8월 6일 19시,화요일,대구광역시 수성구 중동,경상사고,0,0,1,0,차대차 - 측면충돌,안전운전불이행,젖음/습기,비,단일로 - 기타,승용,여,25세,상해없음,이륜,남,53세,경상
2019080600100559,2019년 8월 6일 19시,화요일,대구광역시 수성구 신매동,경상사고,0,0,2,0,차대차 - 추돌,신호위반,젖음/습기,비,교차로 - 교차로안,승용,남,34세,기타불명,승용,여,30세,경상
2019080600100560,2019년 8월 6일 19시,화요일,대구광역시 달성군 다사읍,경상사고,0,0,2,1,차대차 - 기타,안전운전불이행,젖음/습기,비,단일로 - 기타,화물,남,43세,상해없음,승용,남,59세,경상
2019080600100561,2019년 8월 6일 19시,화요일,대구광역시 달성군 유가읍,부상신고사고,0,0,0,1,차대차 - 측면충돌,안전운전불이행,건조,기타,기타 - 기타,이륜,남,25세,부상신고,승용,남,42세,상해없음
2019080600100598,2019년 8월 6일 20시,화요일,대구광역시 남구 대명동,경상사고,0,0,4,0,차대차 - 추돌,안전운전불이행,젖음/습기,비,단일로 - 기타,승합,남,56세,상해없음,승용,남,30세,경상
2019080600100599,2019년 8월 6일 20시,화요일,대구광역시 동구 각산동,중상사고,0,1,4,0,차대차 - 측면충돌,신호위반,젖음/습기,비,교차로 - 교차로안,승용,남,58세,상해없음,승용,남,47세,중상
2019080600100600,2019년 8월 6일 20시,화요일,대구광역시 수성구 매호동,중상사고,0,1,0,0,차대차 - 측면충돌,안전운전불이행,젖음/습기,흐림,교차로 - 교차로부근,승용,여,49세,상해없음,자전거,여,76세,중상
2019080600100601,2019년 8월 6일 20시,화요일,대구광역시 서구 비산동,경상사고,0,0,2,0,차대차 - 추돌,안전운전불이행,건조,맑음,교차로 - 교차로부근,승용,남,34세,상해없음,승용,남,30세,경상
2019080600100602,2019년 8월 6일 20시,화요일,대구광역시 서구 비산동,경상사고,0,0,1,0,차대차 - 추돌,안전거리미확보,젖음/습기,비,교차로 - 교차로부근,승용,여,47세,상해없음,승용,여,56세,경상
2019080600100641,2019년 8월 6일 21시,화요일,대구광역시 달서구 상인동,경상사고,0,0,1,0,차대차 - 측면충돌,안전운전불이행,젖음/습기,비,교차로 - 교차로부근,승용,남,42세,상해없음,이륜,남,24세,경상
2019080600100669,2019년 8월 6일 22시,화요일,대구광역시 북구 산격동,경상사고,0,0,1,1,차대차 - 추돌,안전운전불이행,젖음/습기,비,단일로 - 기타,승용,여,51세,부상신고,승용,남,33세,경상
2019080600100687,2019년 8월 6일 23시,화요일,대구광역시 남구 대명동,경상사고,0,0,1,0,차대차 - 기타,차로위반,젖음/습기,비,단일로 - 기타,승용,남,42세,상해없음,승용,남,50세,경상
2019080600100688,2019년 8월 6일 23시,화요일,대구광역시 동구 신암동,부상신고사고,0,0,0,1,차대차 - 기타,안전운전불이행,젖음/습기,비,교차로 - 교차로안,이륜,남,37세,부상신고,승용,남,58세,상해없음
2019080600100689,2019년 8월 6일 23시,화요일,대구광역시 달서구 상인동,경상사고,0,0,2,0,차대차 - 측면충돌,안전운전불이행,젖음/습기,비,교차로 - 교차로부근,승용,남,44세,상해없음,승용,남,40세,경상
2019080600100690,2019년 8월 6일 23시,화요일,대구광역시 북구 산격동,중상사고,0,1,0,0,차대차 - 추돌,안전운전불이행,건조,흐림,교차로 - 교차로부근,승용,남,36세,상해없음,승용,남,60세,중상
2019080600100691,2019년 8월 6일 23시,화요일,대구광역시 북구 침산동,경상사고,0,0,2,0,차대차 - 측면충돌,안전운전불이행,건조,맑음,단일로 - 기타,승용,남,36세,상해없음,승용,남,21세,기타불명
2019080600100692,2019년 8월 6일 23시,화요일,대구광역시 북구 동천동,중상사고,0,1,0,0,차대차 - 기타,교차로운행방법위반,젖음/습기,비,교차로 - 교차로안,승용,남,51세,상해없음,이륜,남,44세,중상
2019080700100032,2019년 8월 7일 00시,수요일,대구광역시 달서구 감삼동,경상사고,0,0,1,0,차대차 - 측면충돌,안전운전불이행,건조,맑음,단일로 - 기타,승용,남,48세,상해없음,승용,남,28세,경상
2019080700100047,2019년 8월 7일 01시,수요일,대구광역시 달서구 유천동,경상사고,0,0,1,0,차대차 - 추돌,안전운전불이행,젖음/습기,맑음,단일로 - 기타,화물,남,45세,상해없음,승용,남,41세,경상
2019080700100061,2019년 8월 7일 03시,수요일,대구광역시 수성구 만촌동,사망사고,1,1,3,0,차대차 - 정면충돌,중앙선침범,젖음/습기,비,단일로 - 기타,승용,남,66세,사망,승용,남,51세,중상
2019080700100062,2019년 8월 7일 03시,수요일,대구광역시 서구 비산동,중상사고,0,1,1,0,차대차 - 추돌,기타,건조,맑음,단일로 - 기타,승용,여,59세,상해없음,승용,남,56세,상해없음
2019080700100114,2019년 8월 7일 07시,수요일,대구광역시 북구 읍내동,중상사고,0,2,0,0,차대차 - 측면충돌,안전운전불이행,건조,맑음,단일로 - 기타,화물,남,49세,상해없음,승용,여,54세,중상
2019080700100140,2019년 8월 7일 08시,수요일,대구광역시 수성구 수성동1가,중상사고,0,1,0,0,차대차 - 추돌,안전운전불이행,젖음/습기,맑음,단일로 - 기타,승용,남,21세,상해없음,승용,남,45세,중상
2019080700100141,2019년 8월 7일 08시,수요일,대구광역시 달서구 장동,중상사고,0,1,0,0,차대차 - 기타,안전거리미확보,젖음/습기,비,단일로 - 기타,승용,남,31세,상해없음,승용,남,38세,중상
2019080700100177,2019년 8월 7일 09시,수요일,대구광역시 달서구 진천동,경상사고,0,0,2,0,차대차 - 추돌,안전운전불이행,건조,맑음,교차로 - 교차로부근,승용,여,66세,상해없음,승용,여,36세,경상
2019080700100178,2019년 8월 7일 09시,수요일,대구광역시 달서구 장기동,경상사고,0,0,1,0,차대사람 - 횡단중,안전운전불이행,건조,맑음,단일로 - 기타,승용,남,45세,상해없음,보행자,남,9세,경상
2019080700100202,2019년 8월 7일 10시,수요일,대구광역시 달서구 두류동,경상사고,0,0,1,0,차대차 - 측면충돌,안전운전불이행,건조,맑음,교차로 - 교차로부근,승용,남,57세,상해없음,화물,여,56세,경상
2019080700100236,2019년 8월 7일 11시,수요일,대구광역시 동구 효목동,경상사고,0,0,1,0,차대사람 - 기타,안전운전불이행,건조,맑음,단일로 - 기타,승합,남,51세,상해없음,보행자,남,75세,경상
2019080700100237,2019년 8월 7일 11시,수요일,대구광역시 북구 산격동,경상사고,0,0,1,0,차대차 - 측면충돌,직진우회전진행방해,건조,맑음,교차로 - 교차로안,승용,여,48세,상해없음,화물,남,57세,경상
2019080700100281,2019년 8월 7일 12시,수요일,대구광역시 남구 대명동,중상사고,0,1,0,0,차대차 - 측면충돌,안전운전불이행,건조,맑음,단일로 - 기타,승용,남,49세,상해없음,원동기,남,27세,중상
2019080700100282,2019년 8월 7일 12시,수요일,대구광역시 중구 동인동4가,경상사고,0,0,1,0,차대차 - 측면충돌,안전운전불이행,건조,맑음,단일로 - 기타,자전거,남,63세,경상,승용,남,45세,상해없음
2019080700100283,2019년 8월 7일 12시,수요일,대구광역시 달서구 이곡동,경상사고,0,0,1,0,차대사람 - 기타,안전운전불이행,건조,맑음,단일로 - 기타,화물,남,53세,상해없음,보행자,남,45세,경상
2019080700100322,2019년 8월 7일 13시,수요일,대구광역시 수성구 범어동,경상사고,0,0,1,0,차대차 - 측면충돌,안전운전불이행,건조,맑음,단일로 - 기타,화물,남,62세,상해없음,승용,여,45세,경상
2019080700100323,2019년 8월 7일 13시,수요일,대구광역시 북구 노원동1가,중상사고,0,1,0,0,차대차 - 기타,교차로운행방법위반,건조,맑음,교차로 - 교차로안,승용,여,57세,상해없음,이륜,남,53세,중상
2019080700100363,2019년 8월 7일 14시,수요일,대구광역시 동구 용계동,경상사고,0,0,2,0,차대차 - 측면충돌,신호위반,건조,흐림,교차로 - 교차로부근,승용,여,57세,경상,승용,여,33세,경상
2019080700100364,2019년 8월 7일 14시,수요일,대구광역시 동구 지저동,중상사고,0,1,0,0,차대차 - 측면충돌,안전운전불이행,건조,맑음,기타 - 기타,승용,여,56세,상해없음,이륜,남,52세,중상
2019080700100395,2019년 8월 7일 15시,수요일,대구광역시 남구 봉덕동,경상사고,0,0,2,0,차대사람 - 횡단중,신호위반,건조,맑음,교차로 - 교차로횡단보도내,이륜,기타불명,미분류,기타불명,보행자,여,54세,경상
2019080700100396,2019년 8월 7일 15시,수요일,대구광역시 달서구 송현동,부상신고사고,0,0,0,1,차대차 - 기타,불법유턴,건조,맑음,단일로 - 기타,승용,남,67세,상해없음,이륜,남,50세,부상신고
2019080700100436,2019년 8월 7일 16시,수요일,대구광역시 달성군 화원읍,중상사고,0,1,0,0,차대사람 - 기타,안전운전불이행,건조,맑음,단일로 - 기타,승용,여,64세,상해없음,보행자,여,44세,중상
2019080700100437,2019년 8월 7일 16시,수요일,대구광역시 달성군 현풍읍,부상신고사고,0,0,0,1,차대차 - 추돌,기타,건조,맑음,단일로 - 기타,기타불명,기타불명,미분류,기타불명,자전거,남,12세,부상신고
2019080700100438,2019년 8월 7일 16시,수요일,대구광역시 북구 태전동,중상사고,0,1,4,0,차대차 - 기타,안전거리미확보,건조,맑음,단일로 - 기타,승용,여,55세,경상,승용,여,51세,중상
2019080700100529,2019년 8월 7일 18시,수요일,대구광역시 동구 지저동,중상사고,0,1,0,0,차대차 - 측면충돌,안전운전불이행,건조,맑음,교차로 - 교차로안,원동기,남,18세,중상,승용,남,22세,상해없음
2019080700100530,2019년 8월 7일 18시,수요일,대구광역시 북구 고성동2가,경상사고,0,0,1,0,차대차 - 측면충돌,신호위반,건조,맑음,단일로 - 기타,승용,여,41세,상해없음,승용,남,34세,경상
2019080700100531,2019년 8월 7일 18시,수요일,대구광역시 서구 내당동,경상사고,0,0,1,0,차대차 - 기타,안전운전불이행,건조,맑음,단일로 - 기타,승용,남,23세,상해없음,승용,남,23세,상해없음
2019080700100556,2019년 8월 7일 19시,수요일,대구광역시 달성군 다사읍,중상사고,0,1,0,0,차대사람 - 횡단중,안전운전불이행,건조,맑음,단일로 - 기타,승용,남,58세,상해없음,보행자,남,66세,중상
2019080700100557,2019년 8월 7일 19시,수요일,대구광역시 북구 칠성동2가,부상신고사고,0,0,0,1,차대차 - 기타,안전운전불이행,건조,맑음,단일로 - 기타,승용,남,27세,상해없음,원동기,남,71세,부상신고
2019080700100558,2019년 8월 7일 19시,수요일,대구광역시 중구 봉산동,경상사고,0,0,1,0,차대차 - 측면충돌,신호위반,젖음/습기,맑음,교차로 - 교차로부근,승용,여,46세,기타불명,승용,남,54세,경상
2019080700100589,2019년 8월 7일 20시,수요일,대구광역시 달서구 상인동,중상사고,0,1,0,0,차대사람 - 횡단중,안전운전불이행,건조,맑음,단일로 - 기타,이륜,남,24세,상해없음,보행자,남,65세,중상
2019080700100590,2019년 8월 7일 20시,수요일,대구광역시 달성군 현풍읍,경상사고,0,0,2,0,차대차 - 정면충돌,중앙선침범,건조,맑음,단일로 - 기타,승용,여,63세,경상,승용,여,51세,경상
2019080700100591,2019년 8월 7일 20시,수요일,대구광역시 북구 산격동,경상사고,0,0,1,1,차대차 - 추돌,안전운전불이행,건조,맑음,교차로 - 교차로부근,승용,여,55세,상해없음,승용,남,24세,경상
2019080700100592,2019년 8월 7일 20시,수요일,대구광역시 중구 삼덕동2가,경상사고,0,0,1,1,차대차 - 측면충돌,안전거리미확보,건조,맑음,단일로 - 기타,승용,남,23세,상해없음,승용,남,47세,경상
2019080700100593,2019년 8월 7일 20시,수요일,대구광역시 달서구 장기동,경상사고,0,0,3,2,차대차 - 측면충돌,안전운전불이행,건조,맑음,교차로 - 교차로횡단보도내,승용,남,25세,경상,승용,여,55세,부상신고
2019080700100626,2019년 8월 7일 21시,수요일,대구광역시 서구 중리동,중상사고,0,1,1,0,차대차 - 측면충돌,신호위반,건조,맑음,교차로 - 교차로안,승용,남,43세,상해없음,승용,남,32세,중상
2019080700100647,2019년 8월 7일 22시,수요일,대구광역시 달서구 월성동,경상사고,0,0,2,0,차대차 - 측면충돌,교차로운행방법위반,건조,맑음,교차로 - 교차로안,승용,남,26세,경상,승용,남,43세,경상
2019080700100648,2019년 8월 7일 22시,수요일,대구광역시 북구 산격동,경상사고,0,0,2,0,차대차 - 추돌,안전운전불이행,건조,맑음,교차로 - 교차로안,기타불명,기타불명,미분류,기타불명,승용,남,40세,경상
2019080700100666,2019년 8월 7일 23시,수요일,대구광역시 달성군 다사읍,부상신고사고,0,0,0,1,차대차 - 추돌,안전운전불이행,건조,맑음,단일로 - 기타,원동기,남,33세,부상신고,승용,남,39세,상해없음
2019080800100059,2019년 8월 8일 04시,목요일,대구광역시 동구 불로동,중상사고,0,1,0,0,차대사람 - 횡단중,안전운전불이행,건조,맑음,교차로 - 교차로안,승용,남,48세,상해없음,보행자,남,60세,중상
2019080800100060,2019년 8월 8일 04시,목요일,대구광역시 달성군 다사읍,경상사고,0,0,2,0,차대차 - 측면충돌,안전운전불이행,건조,맑음,단일로 - 기타,승용,남,41세,상해없음,화물,남,61세,경상
2019080800100075,2019년 8월 8일 06시,목요일,대구광역시 수성구 만촌동,경상사고,0,0,1,0,차대차 - 측면충돌,신호위반,건조,맑음,교차로 - 교차로안,화물,남,43세,상해없음,건설기계,남,48세,경상
2019080800100124,2019년 8월 8일 08시,목요일,대구광역시 동구 괴전동,경상사고,0,0,2,0,차대차 - 추돌,안전거리미확보,건조,맑음,기타 - 기타,승용,남,42세,상해없음,화물,여,59세,경상
2019080800100125,2019년 8월 8일 08시,목요일,대구광역시 달서구 이곡동,경상사고,0,0,4,0,차대차 - 정면충돌,안전운전불이행,건조,맑음,교차로 - 교차로안,승용,남,24세,상해없음,승용,여,45세,경상
2019080800100171,2019년 8월 8일 09시,목요일,대구광역시 동구 율암동,경상사고,0,0,1,0,차대차 - 측면충돌,안전운전불이행,건조,맑음,교차로 - 교차로안,화물,남,36세,상해없음,승용,남,41세,경상
2019080800100211,2019년 8월 8일 10시,목요일,대구광역시 북구 노원동1가,경상사고,0,0,1,0,차대사람 - 보도통행중,안전운전불이행,건조,맑음,기타 - 기타,기타불명,기타불명,미분류,기타불명,보행자,여,64세,경상
2019080800100212,2019년 8월 8일 10시,목요일,대구광역시 달서구 감삼동,부상신고사고,0,0,0,1,차대차 - 정면충돌,안전운전불이행,건조,맑음,교차로 - 교차로부근,자전거,여,39세,부상신고,승용,여,50세,상해없음
2019080800100213,2019년 8월 8일 10시,목요일,대구광역시 달서구 두류동,경상사고,0,0,1,0,차대차 - 측면충돌,신호위반,건조,맑음,교차로 - 교차로안,화물,남,51세,상해없음,이륜,남,31세,경상
2019080800100254,2019년 8월 8일 11시,목요일,대구광역시 중구 북성로2가,경상사고,0,0,1,0,차대사람 - 기타,안전운전불이행,건조,맑음,교차로 - 교차로부근,승용,여,32세,상해없음,보행자,남,52세,경상