사고번호,사고일시,요일,시군구,사고내용,사망자수,중상자수,경상자수,부상신고자수,사고유형,법규위반,노면상태,기상상태,도로형태,가해운전자 차종,가해운전자 성별,가해운전자 연령,가해운전자 상해정도,피해운전자 차종,피해운전자 성별,피해운전자 연령,피해운전자 상해정도
2019081100100345,2019년 8월 11일 17시,일요일,대구광역시 북구 산격동,경상사고,0,0,1,0,차대차 - 측면충돌,안전운전불이행,건조,맑음,단일로 - 기타,승용,남,30세,상해없음,이륜,남,22세,경상
2019081100100378,2019년 8월 11일 18시,일요일,대구광역시 동구 효목동,중상사고,0,1,0,0,차대사람 - 횡단중,안전운전불이행,건조,맑음,단일로 - 기타,화물,남,58세,상해없음,보행자,여,83세,중상
2019081100100400,2019년 8월 11일 19시,일요일,대구광역시 달성군 현풍읍,중상사고,0,1,0,1,차대차 - 추돌,안전운전불이행,건조,맑음,단일로 - 기타,특수,남,39세,부상신고,이륜,남,45세,중상
2019081100100401,2019년 8월 11일 19시,일요일,대구광역시 북구 매천동,경상사고,0,0,1,0,차대사람 - 기타,보행자보호의무위반,건조,맑음,단일로 - 기타,이륜,남,45세,상해없음,보행자,남,15세,경상
2019081100100439,2019년 8월 11일 20시,일요일,대구광역시 수성구 지산동,경상사고,0,0,1,0,차대사람 - 차도통행중,안전운전불이행,건조,맑음,교차로 - 교차로안,승용,남,27세,상해없음,보행자,남,33세,경상
2019081100100495,2019년 8월 11일 22시,일요일,대구광역시 남구 대명동,중상사고,0,1,0,0,차대사람 - 기타,안전운전불이행,건조,맑음,교차로 - 교차로부근,승용,남,29세,상해없음,보행자,여,52세,중상
2019081100100496,2019년 8월 11일 22시,일요일,대구광역시 북구 노원동3가,경상사고,0,0,1,0,차대차 - 기타,안전운전불이행,건조,맑음,단일로 - 기타,원동기,남,82세,경상,승용,남,29세,상해없음
2019081100100497,2019년 8월 11일 22시,일요일,대구광역시 달서구 용산동,경상사고,0,0,3,0,차대차 - 측면충돌,안전운전불이행,건조,맑음,단일로 - 기타,이륜,남,23세,경상,승용,여,55세,경상
2019081100100517,2019년 8월 11일 23시,일요일,대구광역시 동구 신천동,중상사고,0,1,0,0,차대차 - 기타,안전운전불이행,건조,맑음,교차로 - 교차로안,승용,남,31세,상해없음,승용,여,37세,상해없음
2019081100100518,2019년 8월 11일 23시,일요일,대구광역시 달성군 다사읍,중상사고,0,1,2,0,차대차 - 추돌,안전운전불이행,건조,맑음,교차로 - 교차로부근,승용,여,50세,상해없음,승용,남,34세,경상
2019081100100519,2019년 8월 11일 23시,일요일,대구광역시 북구 대현동,경상사고,0,0,2,1,차대차 - 측면충돌,신호위반,건조,맑음,교차로 - 교차로안,이륜,남,16세,부상신고,승용,남,61세,경상
2019081100100520,2019년 8월 11일 23시,일요일,대구광역시 서구 비산동,경상사고,0,0,1,0,차대차 - 측면충돌,불법유턴,건조,맑음,단일로 - 기타,이륜,남,27세,상해없음,이륜,남,22세,경상
2019081200100076,2019년 8월 12일 05시,월요일,대구광역시 수성구 범어동,중상사고,0,1,0,0,차대차 - 측면충돌,신호위반,건조,맑음,교차로 - 교차로안,승용,여,74세,상해없음,승용,남,40세,중상
2019081200100090,2019년 8월 12일 06시,월요일,대구광역시 동구 방촌동,경상사고,0,0,1,0,차대차 - 추돌,안전운전불이행,건조,맑음,단일로 - 기타,승용,여,25세,상해없음,승용,여,44세,경상
2019081200100091,2019년 8월 12일 06시,월요일,대구광역시 동구 방촌동,중상사고,0,2,0,0,차대차 - 기타,안전운전불이행,건조,맑음,교차로 - 교차로부근,승용,남,66세,상해없음,승용,남,72세,중상
2019081200100092,2019년 8월 12일 06시,월요일,대구광역시 달서구 유천동,경상사고,0,0,1,0,차대차 - 추돌,안전운전불이행,건조,맑음,교차로 - 교차로안,승용,남,48세,기타불명,승용,여,65세,경상
2019081200100093,2019년 8월 12일 06시,월요일,대구광역시 북구 노원동1가,중상사고,0,1,0,0,차대사람 - 기타,교차로운행방법위반,건조,맑음,교차로 - 교차로안,승용,남,66세,상해없음,보행자,여,66세,중상
2019081200100124,2019년 8월 12일 07시,월요일,대구광역시 중구 달성동,경상사고,0,0,1,0,차대차 - 측면충돌,교차로운행방법위반,건조,맑음,교차로 - 교차로안,이륜,남,60세,상해없음,자전거,남,66세,경상
2019081200100201,2019년 8월 12일 09시,월요일,대구광역시 달서구 월성동,경상사고,0,0,1,0,차대차 - 측면충돌,교차로운행방법위반,건조,맑음,교차로 - 교차로안,화물,남,37세,상해없음,원동기,남,48세,경상
2019081200100202,2019년 8월 12일 09시,월요일,대구광역시 달서구 도원동,중상사고,0,4,0,0,차대차 - 추돌,안전거리미확보,건조,맑음,단일로 - 기타,승용,여,38세,상해없음,승용,남,40세,중상
2019081200100203,2019년 8월 12일 09시,월요일,대구광역시 달서구 감삼동,경상사고,0,0,1,1,차대차 - 측면충돌,안전운전불이행,건조,맑음,기타 - 기타,승용,여,64세,부상신고,승용,여,52세,경상
2019081200100230,2019년 8월 12일 10시,월요일,대구광역시 북구 침산동,경상사고,0,0,1,0,차대차 - 측면충돌,안전운전불이행,건조,맑음,단일로 - 기타,승용,남,34세,상해없음,자전거,남,80세,경상
2019081200100231,2019년 8월 12일 10시,월요일,대구광역시 서구 내당동,중상사고,0,2,0,1,차대차 - 측면충돌,교차로운행방법위반,건조,맑음,교차로 - 교차로횡단보도내,승용,남,65세,부상신고,승용,남,23세,중상
2019081200100232,2019년 8월 12일 10시,월요일,대구광역시 서구 내당동,경상사고,0,0,1,0,차대차 - 측면충돌,안전운전불이행,건조,맑음,교차로 - 교차로부근,승용,남,62세,상해없음,승용,남,46세,경상
2019081200100281,2019년 8월 12일 11시,월요일,대구광역시 동구 효목동,경상사고,0,0,1,0,차대차 - 기타,차로위반,건조,맑음,기타 - 기타,승용,여,58세,상해없음,승용,남,44세,경상
2019081200100327,2019년 8월 12일 12시,월요일,대구광역시 중구 덕산동,경상사고,0,0,1,0,차대차 - 측면충돌,안전운전불이행,건조,맑음,단일로 - 기타,승용,여,71세,상해없음,승용,남,29세,경상
2019081200100370,2019년 8월 12일 13시,월요일,대구광역시 동구 신암동,중상사고,0,1,0,0,차대차 - 정면충돌,안전운전불이행,건조,맑음,단일로 - 기타,승용,남,61세,상해없음,자전거,남,80세,중상
2019081200100371,2019년 8월 12일 13시,월요일,대구광역시 수성구 상동,경상사고,0,0,1,0,차대차 - 기타,신호위반,건조,맑음,단일로 - 기타,승용,여,41세,상해없음,자전거,남,11세,경상
2019081200100411,2019년 8월 12일 14시,월요일,대구광역시 동구 신천동,중상사고,0,1,0,0,차대차 - 측면충돌,안전거리미확보,건조,맑음,교차로 - 교차로부근,승용,남,57세,상해없음,승용,남,50세,중상
2019081200100412,2019년 8월 12일 14시,월요일,대구광역시 달성군 다사읍,경상사고,0,0,2,0,차대차 - 기타,안전운전불이행,건조,맑음,교차로 - 교차로안,승용,남,69세,상해없음,화물,남,54세,상해없음
2019081200100459,2019년 8월 12일 15시,월요일,대구광역시 동구 미대동,경상사고,0,0,1,0,차대차 - 기타,차로위반,건조,맑음,단일로 - 기타,승용,남,53세,상해없음,화물,남,58세,경상
2019081200100460,2019년 8월 12일 15시,월요일,대구광역시 달서구 본동,부상신고사고,0,0,0,2,차대차 - 측면충돌,안전운전불이행,건조,맑음,교차로 - 교차로횡단보도내,자전거,여,27세,부상신고,자전거,여,54세,부상신고
2019081200100461,2019년 8월 12일 15시,월요일,대구광역시 중구 대봉동,경상사고,0,0,1,0,차대차 - 측면충돌,안전운전불이행,건조,맑음,교차로 - 교차로부근,승용,남,74세,상해없음,승용,여,26세,경상
2019081200100462,2019년 8월 12일 15시,월요일,대구광역시 달서구 감삼동,경상사고,0,0,1,0,차대차 - 측면충돌,안전거리미확보,건조,맑음,단일로 - 기타,화물,남,70세,상해없음,승용,남,20세,경상
2019081200100502,2019년 8월 12일 16시,월요일,대구광역시 남구 대명동,경상사고,0,0,1,1,차대차 - 측면충돌,교차로운행방법위반,건조,맑음,교차로 - 교차로안,승용,여,38세,부상신고,승용,여,41세,경상
2019081200100503,2019년 8월 12일 16시,월요일,대구광역시 동구 효목동,중상사고,0,1,0,0,차대사람 - 기타,안전운전불이행,건조,맑음,단일로 - 기타,승용,남,64세,상해없음,보행자,여,58세,중상
2019081200100504,2019년 8월 12일 16시,월요일,대구광역시 북구 팔달동,중상사고,0,1,0,0,차대사람 - 기타,안전운전불이행,건조,맑음,교차로 - 교차로부근,승용,여,36세,기타불명,보행자,남,7세,중상
2019081200100546,2019년 8월 12일 17시,월요일,대구광역시 남구 대명동,경상사고,0,0,1,0,차대사람 - 횡단중,안전운전불이행,건조,맑음,단일로 - 기타,승용,여,41세,상해없음,보행자,여,28세,경상
2019081200100547,2019년 8월 12일 17시,월요일,대구광역시 동구 동호동,경상사고,0,0,1,0,차대차 - 기타,차로위반,건조,맑음,단일로 - 기타,승용,남,64세,상해없음,화물,남,61세,경상
2019081200100548,2019년 8월 12일 17시,월요일,대구광역시 북구 노원동3가,경상사고,0,0,2,0,차대차 - 추돌,안전운전불이행,건조,맑음,교차로 - 교차로부근,화물,남,52세,상해없음,승용,남,25세,경상
2019081200100587,2019년 8월 12일 18시,월요일,대구광역시 남구 대명동,경상사고,0,0,2,0,차대차 - 측면충돌,교차로운행방법위반,건조,맑음,교차로 - 교차로안,승용,남,67세,경상,승용,남,66세,경상
2019081200100588,2019년 8월 12일 18시,월요일,대구광역시 북구 노원동3가,중상사고,0,1,10,0,차대차 - 측면충돌,안전운전불이행,건조,맑음,단일로 - 기타,승용,남,36세,경상,승합,남,52세,경상
2019081200100589,2019년 8월 12일 18시,월요일,대구광역시 달서구 신당동,경상사고,0,0,2,0,차대차 - 측면충돌,안전운전불이행,건조,맑음,단일로 - 기타,승용,남,52세,상해없음,승용,남,29세,경상
2019081200100623,2019년 8월 12일 19시,월요일,대구광역시 동구 율하동,경상사고,0,0,2,0,차대차 - 기타,안전거리미확보,건조,맑음,교차로 - 교차로안,화물,남,28세,기타불명,화물,남,41세,상해없음
2019081200100624,2019년 8월 12일 19시,월요일,대구광역시 동구 서호동,경상사고,0,0,2,0,차대차 - 기타,안전운전불이행,건조,맑음,교차로 - 교차로안,승용,여,25세,경상,승용,여,39세,경상
2019081200100625,2019년 8월 12일 19시,월요일,대구광역시 수성구 만촌동,중상사고,0,1,1,0,차대차 - 측면충돌,안전운전불이행,건조,맑음,교차로 - 교차로안,이륜,남,20세,경상,승용,남,31세,중상
2019081200100626,2019년 8월 12일 19시,월요일,대구광역시 수성구 상동,경상사고,0,0,2,0,차대차 - 측면충돌,차로위반,건조,맑음,교차로 - 교차로부근,승합,여,56세,상해없음,승용,여,22세,경상
2019081200100627,2019년 8월 12일 19시,월요일,대구광역시 서구 이현동,중상사고,0,1,0,0,차대차 - 측면충돌,안전운전불이행,건조,맑음,교차로 - 교차로부근,승용,남,23세,상해없음,승용,여,43세,상해없음
2019081200100654,2019년 8월 12일 20시,월요일,대구광역시 수성구 만촌동,경상사고,0,0,1,0,차대차 - 측면충돌,교차로운행방법위반,건조,맑음,교차로 - 교차로안,승용,남,62세,상해없음,승용,여,40세,경상
2019081200100655,2019년 8월 12일 20시,월요일,대구광역시 남구 대명동,중상사고,0,1,0,0,차대차 - 추돌,안전거리미확보,건조,맑음,단일로 - 기타,승용,남,28세,상해없음,승용,남,67세,중상
2019081200100656,2019년 8월 12일 20시,월요일,대구광역시 북구 태전동,경상사고,0,0,1,0,차대사람 - 길가장자리구역통행중,안전운전불이행,건조,맑음,단일로 - 기타,승용,남,20세,상해없음,보행자,남,18세,경상
2019081200100698,2019년 8월 12일 22시,월요일,대구광역시 남구 대명동,경상사고,0,0,2,0,차대차 - 측면충돌,안전운전불이행,건조,맑음,교차로 - 교차로부근,승용,남,61세,상해없음,승용,여,25세,경상
2019081300100037,2019년 8월 13일 00시,화요일,대구광역시 수성구 범어동,중상사고,0,1,0,0,차대사람 - 길가장자리구역통행중,안전운전불이행,건조,맑음,교차로 - 교차로부근,승용,남,33세,상해없음,보행자,여,25세,중상
2019081300100046,2019년 8월 13일 01시,화요일,대구광역시 동구 율하동,경상사고,0,0,1,0,차대차 - 측면충돌,직진우회전진행방해,건조,맑음,교차로 - 교차로안,승용,여,26세,상해없음,이륜,남,20세,경상
2019081300100049,2019년 8월 13일 02시,화요일,대구광역시 동구 신천동,경상사고,0,0,1,0,차대차 - 측면충돌,안전운전불이행,건조,맑음,교차로 - 교차로안,승용,남,36세,상해없음,승용,남,31세,경상
2019081300100056,2019년 8월 13일 03시,화요일,대구광역시 중구 포정동,경상사고,0,0,1,0,차대차 - 측면충돌,과속,건조,맑음,교차로 - 교차로안,승용,남,39세,상해없음,승용,남,32세,상해없음
2019081300100081,2019년 8월 13일 06시,화요일,대구광역시 달성군 유가읍,경상사고,0,0,1,0,차대차 - 추돌,안전운전불이행,건조,맑음,교차로 - 교차로부근,승용,남,50세,상해없음,승용,남,26세,경상
2019081300100104,2019년 8월 13일 07시,화요일,대구광역시 동구 신천동,중상사고,0,1,0,0,차대차 - 측면충돌,중앙선침범,건조,맑음,단일로 - 기타,승용,여,56세,상해없음,승용,여,32세,중상
2019081300100105,2019년 8월 13일 07시,화요일,대구광역시 달서구 월암동,경상사고,0,0,1,0,차대차 - 측면충돌,교차로운행방법위반,건조,맑음,교차로 - 교차로부근,화물,남,39세,상해없음,승용,여,35세,경상
2019081300100137,2019년 8월 13일 08시,화요일,대구광역시 남구 봉덕동,중상사고,0,1,0,0,차대차 - 측면충돌,안전운전불이행,건조,맑음,교차로 - 교차로안,승용,남,61세,상해없음,승용,여,49세,중상
2019081300100138,2019년 8월 13일 08시,화요일,대구광역시 남구 대명동,경상사고,0,0,1,0,차대차 - 추돌,안전운전불이행,건조,맑음,교차로 - 교차로안,승용,남,70세,상해없음,승용,남,35세,경상
2019081300100168,2019년 8월 13일 09시,화요일,대구광역시 남구 대명동,경상사고,0,0,1,0,차대차 - 측면충돌,안전운전불이행,건조,맑음,교차로 - 교차로횡단보도내,승용,남,29세,상해없음,자전거,남,72세,경상
2019081300100169,2019년 8월 13일 09시,화요일,대구광역시 동구 율하동,경상사고,0,0,2,0,차대차 - 측면충돌,직진우회전진행방해,건조,맑음,교차로 - 교차로안,승용,여,48세,경상,승용,남,24세,경상
2019081300100170,2019년 8월 13일 09시,화요일,대구광역시 달서구 두류동,경상사고,0,0,2,0,차대차 - 추돌,안전운전불이행,건조,맑음,교차로 - 교차로안,승용,남,44세,상해없음,승용,여,38세,경상
2019081300100209,2019년 8월 13일 10시,화요일,대구광역시 동구 율하동,경상사고,0,0,1,0,차대차 - 측면충돌,신호위반,건조,맑음,교차로 - 교차로안,승용,여,37세,상해없음,자전거,여,56세,경상
2019081300100210,2019년 8월 13일 10시,화요일,대구광역시 북구 대현동,경상사고,0,0,1,0,차대차 - 측면충돌,안전운전불이행,건조,맑음,단일로 - 기타,승용,남,69세,상해없음,승용,여,43세,경상
2019081300100211,2019년 8월 13일 10시,화요일,대구광역시 서구 내당동,중상사고,0,1,0,0,차대차 - 측면충돌,안전운전불이행,건조,맑음,교차로 - 교차로안,승용,남,76세,상해없음,이륜,남,78세,중상
2019081300100251,2019년 8월 13일 11시,화요일,대구광역시 동구 신서동,경상사고,0,0,4,0,차대차 - 기타,안전거리미확보,건조,맑음,단일로 - 기타,승용,남,70세,경상,승용,남,72세,경상
2019081300100290,2019년 8월 13일 12시,화요일,대구광역시 달서구 상인동,부상신고사고,0,0,0,1,차대사람 - 차도통행중,안전운전불이행,건조,맑음,교차로 - 교차로부근,승용,남,57세,상해없음,보행자,남,68세,부상신고
2019081300100291,2019년 8월 13일 12시,화요일,대구광역시 중구 하서동,부상신고사고,0,0,0,2,차대차 - 기타,안전운전불이행,건조,맑음,단일로 - 기타,승용,여,60세,상해없음,이륜,남,16세,부상신고
2019081300100331,2019년 8월 13일 13시,화요일,대구광역시 달서구 송현동,경상사고,0,0,1,0,차대차 - 기타,안전운전불이행,건조,맑음,교차로 - 교차로부근,승용,여,51세,상해없음,승용,남,37세,경상
2019081300100360,2019년 8월 13일 14시,화요일,대구광역시 동구 신천동,경상사고,0,0,1,0,차대차 - 측면충돌,차로위반,건조,맑음,단일로 - 기타,승용,남,58세,상해없음,화물,여,58세,경상
2019081300100361,2019년 8월 13일 14시,화요일,대구광역시 북구 산격동,중상사고,0,1,0,0,차대차 - 측면충돌,안전거리미확보,건조,맑음,교차로 - 교차로안,승용,여,63세,상해없음,자전거,남,59세,중상
2019081300100362,2019년 8월 13일 14시,화요일,대구광역시 달서구 본리동,경상사고,0,0,2,0,차대차 - 측면충돌,차로위반,건조,맑음,교차로 - 교차로부근,승용,남,27세,상해없음,승용,남,31세,경상
2019081300100363,2019년 8월 13일 14시,화요일,대구광역시 달서구 성당동,경상사고,0,0,1,0,차대차 - 기타,불법유턴,건조,맑음,단일로 - 기타,승용,남,57세,상해없음,승용,남,33세,경상
2019081300100404,2019년 8월 13일 15시,화요일,대구광역시 동구 용계동,중상사고,0,1,0,0,차대차 - 측면충돌,안전운전불이행,건조,맑음,교차로 - 교차로부근,승용,남,50세,상해없음,승용,남,21세,중상
2019081300100405,2019년 8월 13일 15시,화요일,대구광역시 동구 신암동,경상사고,0,0,1,0,차대차 - 측면충돌,안전운전불이행,건조,맑음,단일로 - 기타,승용,여,64세,상해없음,승용,남,50세,경상
2019081300100453,2019년 8월 13일 16시,화요일,대구광역시 북구 산격동,경상사고,0,0,1,1,차대차 - 측면충돌,직진우회전진행방해,건조,맑음,교차로 - 교차로안,승용,남,65세,부상신고,승용,남,44세,경상
2019081300100454,2019년 8월 13일 16시,화요일,대구광역시 서구 평리동,경상사고,0,0,2,0,차대차 - 후진중충돌,안전운전불이행,건조,맑음,단일로 - 기타,승용,남,76세,상해없음,승용,남,41세,경상
2019081300100455,2019년 8월 13일 16시,화요일,대구광역시 달서구 이곡동,경상사고,0,0,2,0,차대차 - 기타,차로위반,건조,맑음,교차로 - 교차로부근,건설기계,남,54세,상해없음,승용,여,51세,경상
2019081300100494,2019년 8월 13일 17시,화요일,대구광역시 달서구 두류동,경상사고,0,0,1,0,차대차 - 기타,직진우회전진행방해,건조,맑음,교차로 - 교차로안,승용,남,48세,상해없음,승용,남,43세,경상
2019081300100495,2019년 8월 13일 17시,화요일,대구광역시 달서구 감삼동,경상사고,0,0,1,0,차대차 - 측면충돌,교차로운행방법위반,건조,맑음,교차로 - 교차로안,승용,여,29세,상해없음,승용,여,52세,경상
2019081300100535,2019년 8월 13일 18시,화요일,대구광역시 달서구 진천동,경상사고,0,0,1,0,차대차 - 측면충돌,안전거리미확보,건조,맑음,단일로 - 기타,이륜,남,70세,경상,승용,남,55세,상해없음
2019081300100536,2019년 8월 13일 18시,화요일,대구광역시 달성군 화원읍,중상사고,0,1,0,0,차대차 - 기타,교차로운행방법위반,건조,맑음,교차로 - 교차로안,화물,남,43세,상해없음,자전거,여,78세,중상
2019081300100537,2019년 8월 13일 18시,화요일,대구광역시 북구 칠성동2가,경상사고,0,0,1,0,차대사람 - 길가장자리구역통행중,안전운전불이행,건조,맑음,교차로 - 교차로안,승합,남,56세,상해없음,보행자,여,41세,경상
2019081300100538,2019년 8월 13일 18시,화요일,대구광역시 북구 침산동,경상사고,0,0,1,0,차대차 - 측면충돌,교차로운행방법위반,건조,맑음,교차로 - 교차로안,화물,남,52세,상해없음,이륜,남,27세,경상
2019081300100539,2019년 8월 13일 18시,화요일,대구광역시 달서구 장기동,경상사고,0,0,1,0,차대차 - 추돌,안전거리미확보,건조,맑음,교차로 - 교차로부근,승용,남,64세,상해없음,승용,남,29세,경상
2019081300100540,2019년 8월 13일 18시,화요일,대구광역시 달서구 감삼동,중상사고,0,1,0,0,차대차 - 측면충돌,안전운전불이행,건조,맑음,기타 - 기타,승용,남,53세,상해없음,승용,여,24세,중상
2019081300100585,2019년 8월 13일 19시,화요일,대구광역시 동구 신천동,부상신고사고,0,0,0,1,차대차 - 기타,안전운전불이행,건조,맑음,단일로 - 기타,이륜,남,21세,부상신고,승용,남,28세,상해없음
2019081300100586,2019년 8월 13일 19시,화요일,대구광역시 달서구 대곡동,중상사고,0,2,0,0,차대차 - 측면충돌,안전거리미확보,건조,맑음,교차로 - 교차로부근,승용,남,53세,상해없음,이륜,남,17세,중상
2019081300100587,2019년 8월 13일 19시,화요일,대구광역시 달서구 진천동,중상사고,0,1,0,0,차대사람 - 길가장자리구역통행중,안전운전불이행,건조,맑음,단일로 - 기타,승용,남,75세,상해없음,보행자,여,57세,중상
2019081300100588,2019년 8월 13일 19시,화요일,대구광역시 달서구 이곡동,경상사고,0,0,1,0,차대차 - 측면충돌,안전운전불이행,건조,맑음,교차로 - 교차로안,승용,여,28세,상해없음,개인형이동수단(PM),남,59세,경상
2019081300100619,2019년 8월 13일 20시,화요일,대구광역시 수성구 두산동,경상사고,0,0,3,0,차대차 - 측면충돌,교차로운행방법위반,건조,맑음,교차로 - 교차로안,승용,남,22세,경상,승용,남,48세,경상
2019081300100620,2019년 8월 13일 20시,화요일,대구광역시 달서구 유천동,경상사고,0,0,1,0,차대차 - 추돌,안전거리미확보,건조,맑음,교차로 - 교차로부근,승용,남,54세,상해없음,승용,여,39세,경상
2019081300100621,2019년 8월 13일 20시,화요일,대구광역시 달서구 본동,경상사고,0,0,1,0,차대차 - 기타,안전운전불이행,건조,맑음,교차로 - 교차로부근,승용,남,61세,상해없음,승용,여,34세,경상
2019081300100622,2019년 8월 13일 20시,화요일,대구광역시 북구 대현동,경상사고,0,0,2,0,차대차 - 추돌,안전거리미확보,건조,맑음,교차로 - 교차로안,승용,남,32세,상해없음,승용,남,19세,상해없음
2019081300100623,2019년 8월 13일 20시,화요일,대구광역시 북구 칠성동1가,중상사고,0,1,0,0,차대사람 - 기타,안전운전불이행,건조,맑음,단일로 - 기타,개인형이동수단(PM),남,47세,상해없음,보행자,여,70세,중상
2019081300100624,2019년 8월 13일 20시,화요일,대구광역시 북구 사수동,경상사고,0,0,1,0,차대차 - 추돌,안전운전불이행,건조,맑음,교차로 - 교차로부근,승용,남,61세,상해없음,승용,남,44세,경상
2019081300100662,2019년 8월 13일 21시,화요일,대구광역시 달서구 성당동,경상사고,0,0,3,0,차대차 - 측면충돌,신호위반,건조,맑음,교차로 - 교차로안,승용,남,75세,상해없음,승용,남,21세,경상
2019081300100692,2019년 8월 13일 22시,화요일,대구광역시 달서구 진천동,경상사고,0,0,2,0,차대차 - 측면충돌,안전운전불이행,건조,맑음,교차로 - 교차로안,원동기,남,30세,상해없음,승용,남,29세,경상
2019081300100693,2019년 8월 13일 22시,화요일,대구광역시 북구 대현동,경상사고,0,0,1,0,차대사람 - 횡단중,보행자보호의무위반,건조,맑음,교차로 - 교차로횡단보도내,승용,남,59세,상해없음,보행자,남,46세,경상
2019081300100714,2019년 8월 13일 23시,화요일,대구광역시 서구 평리동,경상사고,0,0,1,1,차대차 - 측면충돌,신호위반,건조,맑음,교차로 - 교차로안,이륜,남,36세,부상신고,승용,남,58세,경상
2019081400100042,2019년 8월 14일 00시,수요일,대구광역시 동구 신암동,중상사고,0,1,0,0,차대차 - 측면충돌,안전운전불이행,건조,맑음,기타 - 기타,승용,남,41세,상해없음,이륜,남,24세,중상
2019081400100070,2019년 8월 14일 03시,수요일,대구광역시 달서구 상인동,경상사고,0,0,2,0,차대차 - 후진중충돌,불법유턴,건조,맑음,교차로 - 교차로안,승용,여,39세,상해없음,승용,남,65세,경상
2019081400100104,2019년 8월 14일 06시,수요일,대구광역시 중구 동인동4가,중상사고,0,1,0,1,차량단독 - 공작물충돌,안전운전불이행,건조,맑음,단일로 - 기타,이륜,남,17세,부상신고,,,,
2019081400100125,2019년 8월 14일 07시,수요일,대구광역시 동구 용계동,경상사고,0,0,2,0,차대차 - 측면충돌,신호위반,건조,맑음,교차로 - 교차로안,승용,남,39세,경상,승용,남,42세,경상
2019081400100167,2019년 8월 14일 08시,수요일,대구광역시 동구 지저동,경상사고,0,0,1,0,차대차 - 측면충돌,중앙선침범,건조,맑음,단일로 - 기타,화물,남,48세,상해없음,이륜,남,46세,경상
2019081400100168,2019년 8월 14일 08시,수요일,대구광역시 달서구 유천동,경상사고,0,0,1,0,차대차 - 추돌,안전운전불이행,건조,맑음,단일로 - 기타,승용,여,35세,상해없음,승용,여,45세,경상
2019081400100169,2019년 8월 14일 08시,수요일,대구광역시 달서구 성당동,경상사고,0,0,1,0,차대차 - 기타,안전운전불이행,건조,맑음,교차로 - 교차로부근,승용,남,64세,상해없음,승용,남,33세,상해없음
2019081400100170,2019년 8월 14일 08시,수요일,대구광역시 북구 태전동,경상사고,0,0,1,1,차대차 - 기타,안전거리미확보,건조,맑음,단일로 - 기타,승용,여,25세,부상신고,화물,남,55세,경상
2019081400100222,2019년 8월 14일 09시,수요일,대구광역시 북구 읍내동,경상사고,0,0,1,1,차대차 - 기타,안전거리미확보,건조,맑음,단일로 - 기타,승용,남,74세,부상신고,승용,남,49세,경상
2019081400100257,2019년 8월 14일 10시,수요일,대구광역시 동구 백안동,경상사고,0,0,1,0,차대사람 - 횡단중,안전운전불이행,건조,맑음,단일로 - 기타,승용,여,52세,상해없음,보행자,여,81세,경상
2019081400100258,2019년 8월 14일 10시,수요일,대구광역시 북구 서변동,경상사고,0,0,1,0,차대차 - 추돌,안전운전불이행,건조,맑음,교차로 - 교차로부근,승용,여,49세,상해없음,승용,남,39세,상해없음
2019081400100295,2019년 8월 14일 11시,수요일,대구광역시 수성구 범물동,경상사고,0,0,2,0,차대차 - 측면충돌,안전운전불이행,건조,맑음,교차로 - 교차로안,화물,남,49세,경상,화물,남,40세,경상
2019081400100338,2019년 8월 14일 12시,수요일,대구광역시 달서구 본동,경상사고,0,0,1,0,차대차 - 추돌,안전거리미확보,건조,맑음,교차로 - 교차로안,승용,남,33세,상해없음,승용,여,40세,경상
2019081400100339,2019년 8월 14일 12시,수요일,대구광역시 달서구 진천동,경상사고,0,0,1,0,차대차 - 기타,교차로운행방법위반,건조,맑음,교차로 - 교차로안,승용,여,29세,상해없음,화물,남,25세,경상
2019081400100340,2019년 8월 14일 12시,수요일,대구광역시 달서구 호림동,중상사고,0,1,0,0,차대사람 - 기타,안전운전불이행,건조,맑음,기타 - 기타,화물,남,52세,상해없음,보행자,남,44세,중상
2019081400100370,2019년 8월 14일 13시,수요일,대구광역시 남구 봉덕동,경상사고,0,0,1,1,차대차 - 기타,교차로운행방법위반,건조,맑음,교차로 - 교차로안,승용,여,72세,부상신고,승용,남,66세,경상
2019081400100371,2019년 8월 14일 13시,수요일,대구광역시 수성구 만촌동,경상사고,0,0,1,0,차대차 - 기타,안전거리미확보,건조,맑음,단일로 - 기타,기타불명,기타불명,미분류,기타불명,승용,남,31세,경상
2019081400100372,2019년 8월 14일 13시,수요일,대구광역시 서구 내당동,경상사고,0,0,1,0,차대사람 - 차도통행중,안전운전불이행,건조,맑음,주차장 - 주차장,승용,여,39세,상해없음,보행자,여,29세,경상
2019081400100414,2019년 8월 14일 14시,수요일,대구광역시 수성구 황금동,경상사고,0,0,1,0,차대차 - 측면충돌,안전거리미확보,건조,맑음,교차로 - 교차로부근,승용,남,57세,상해없음,이륜,남,23세,경상
2019081400100415,2019년 8월 14일 14시,수요일,대구광역시 수성구 범어동,부상신고사고,0,0,0,1,차대차 - 측면충돌,안전운전불이행,건조,맑음,단일로 - 기타,이륜,남,27세,부상신고,승용,여,48세,상해없음
2019081400100416,2019년 8월 14일 14시,수요일,대구광역시 북구 서변동,경상사고,0,0,1,0,차대차 - 추돌,안전운전불이행,건조,맑음,단일로 - 교량,원동기,남,30세,경상,승용,여,34세,상해없음