사고번호,사고일시,요일,시군구,사고내용,사망자수,중상자수,경상자수,부상신고자수,사고유형,법규위반,노면상태,기상상태,도로형태,가해운전자 차종,가해운전자 성별,가해운전자 연령,가해운전자 상해정도,피해운전자 차종,피해운전자 성별,피해운전자 연령,피해운전자 상해정도
2019081700100541,2019년 8월 17일 19시,토요일,대구광역시 수성구 만촌동,경상사고,0,0,2,0,차대차 - 측면충돌,안전운전불이행,건조,맑음,교차로 - 교차로안,승용,남,70세,상해없음,승용,남,71세,경상
2019081700100575,2019년 8월 17일 20시,토요일,대구광역시 달성군 논공읍,경상사고,0,0,1,0,차대차 - 기타,교차로운행방법위반,건조,맑음,교차로 - 교차로안,승용,여,30세,상해없음,이륜,남,17세,경상
2019081700100605,2019년 8월 17일 21시,토요일,대구광역시 동구 율암동,경상사고,0,0,2,0,차대차 - 측면충돌,안전거리미확보,건조,맑음,단일로 - 기타,승용,여,54세,상해없음,승용,여,44세,경상
2019081700100606,2019년 8월 17일 21시,토요일,대구광역시 수성구 두산동,경상사고,0,0,3,0,차대차 - 측면충돌,안전운전불이행,건조,맑음,단일로 - 기타,승용,남,71세,상해없음,승용,여,34세,경상
2019081700100607,2019년 8월 17일 21시,토요일,대구광역시 달서구 이곡동,중상사고,0,1,0,0,차대차 - 추돌,안전운전불이행,건조,맑음,단일로 - 기타,원동기,남,41세,상해없음,승용,여,50세,상해없음
2019081700100608,2019년 8월 17일 21시,토요일,대구광역시 북구 동천동,중상사고,0,1,0,0,차대차 - 기타,안전운전불이행,건조,맑음,단일로 - 기타,승용,남,36세,상해없음,이륜,남,41세,중상
2019081700100632,2019년 8월 17일 22시,토요일,대구광역시 달서구 용산동,경상사고,0,0,3,0,차대차 - 측면충돌,안전거리미확보,건조,맑음,단일로 - 기타,승용,남,44세,상해없음,승용,남,32세,경상
2019081700100656,2019년 8월 17일 23시,토요일,대구광역시 남구 봉덕동,중상사고,0,2,0,0,차대차 - 측면충돌,교차로운행방법위반,건조,맑음,교차로 - 교차로안,승용,남,70세,상해없음,승용,남,22세,중상
2019081700100657,2019년 8월 17일 23시,토요일,대구광역시 수성구 두산동,중상사고,0,1,2,0,차대차 - 측면충돌,안전운전불이행,건조,맑음,교차로 - 교차로안,승용,남,48세,상해없음,승용,여,38세,경상
2019081700100658,2019년 8월 17일 23시,토요일,대구광역시 중구 삼덕동1가,경상사고,0,0,1,0,차대사람 - 길가장자리구역통행중,안전운전불이행,건조,맑음,단일로 - 기타,승용,여,24세,상해없음,보행자,남,24세,경상
2019081700100659,2019년 8월 17일 23시,토요일,대구광역시 북구 동천동,경상사고,0,0,1,0,차대사람 - 기타,안전운전불이행,건조,맑음,교차로 - 교차로안,승용,남,63세,상해없음,보행자,남,29세,경상
2019081800100033,2019년 8월 18일 00시,일요일,대구광역시 달서구 이곡동,경상사고,0,0,2,0,차대차 - 측면충돌,안전운전불이행,건조,흐림,단일로 - 기타,승용,남,63세,상해없음,승용,남,44세,경상
2019081800100049,2019년 8월 18일 01시,일요일,대구광역시 서구 평리동,경상사고,0,0,3,0,차대차 - 측면충돌,신호위반,건조,맑음,교차로 - 교차로안,승용,남,46세,경상,이륜,남,46세,경상
2019081800100050,2019년 8월 18일 01시,일요일,대구광역시 북구 읍내동,부상신고사고,0,0,0,1,차대차 - 측면충돌,안전운전불이행,젖음/습기,비,교차로 - 교차로안,승용,여,55세,상해없음,이륜,남,35세,부상신고
2019081800100059,2019년 8월 18일 02시,일요일,대구광역시 동구 봉무동,경상사고,0,0,1,0,차대차 - 기타,신호위반,건조,맑음,단일로 - 기타,승용,남,21세,경상,특수,남,41세,상해없음
2019081800100060,2019년 8월 18일 02시,일요일,대구광역시 달서구 상인동,경상사고,0,0,2,0,차대차 - 기타,안전운전불이행,건조,맑음,교차로 - 교차로부근,승용,남,33세,상해없음,승용,여,42세,경상
2019081800100061,2019년 8월 18일 02시,일요일,대구광역시 서구 내당동,경상사고,0,0,1,0,차대차 - 추돌,안전거리미확보,건조,맑음,교차로 - 교차로안,승용,남,44세,상해없음,승용,남,59세,경상
2019081800100071,2019년 8월 18일 03시,일요일,대구광역시 수성구 만촌동,경상사고,0,0,2,0,차대차 - 추돌,안전운전불이행,건조,맑음,교차로 - 교차로부근,승용,남,25세,상해없음,승용,남,55세,경상
2019081800100109,2019년 8월 18일 07시,일요일,대구광역시 달서구 본리동,중상사고,0,1,0,0,차대사람 - 기타,안전운전불이행,건조,맑음,단일로 - 기타,승용,남,40세,상해없음,보행자,여,66세,중상
2019081800100121,2019년 8월 18일 08시,일요일,대구광역시 달서구 감삼동,경상사고,0,0,1,0,차대차 - 측면충돌,신호위반,건조,맑음,교차로 - 교차로횡단보도내,승용,남,37세,상해없음,자전거,여,57세,경상
2019081800100152,2019년 8월 18일 10시,일요일,대구광역시 달성군 다사읍,경상사고,0,0,1,0,차대차 - 기타,안전운전불이행,건조,맑음,단일로 - 고가도로위,개인형이동수단(PM),여,25세,기타불명,개인형이동수단(PM),남,18세,경상
2019081800100153,2019년 8월 18일 10시,일요일,대구광역시 달서구 용산동,중상사고,0,1,1,3,차대차 - 기타,안전운전불이행,건조,맑음,단일로 - 기타,승용,남,48세,부상신고,승용,여,51세,경상
2019081800100168,2019년 8월 18일 11시,일요일,대구광역시 남구 봉덕동,경상사고,0,0,1,0,차대차 - 기타,차로위반,건조,맑음,단일로 - 기타,승용,남,48세,상해없음,승용,여,35세,경상
2019081800100169,2019년 8월 18일 11시,일요일,대구광역시 북구 산격동,경상사고,0,0,6,0,차대차 - 추돌,안전거리미확보,건조,맑음,단일로 - 기타,승용,남,56세,경상,승용,여,54세,상해없음
2019081800100187,2019년 8월 18일 12시,일요일,대구광역시 동구 서호동,경상사고,0,0,1,0,차대차 - 측면충돌,안전거리미확보,건조,맑음,기타 - 기타,승용,여,60세,상해없음,화물,남,46세,경상
2019081800100188,2019년 8월 18일 12시,일요일,대구광역시 달서구 용산동,경상사고,0,0,1,0,차대사람 - 기타,안전운전불이행,건조,맑음,기타 - 기타,승용,여,27세,상해없음,보행자,남,27세,경상
2019081800100189,2019년 8월 18일 12시,일요일,대구광역시 달서구 성당동,경상사고,0,0,1,0,차대사람 - 기타,안전운전불이행,건조,맑음,단일로 - 기타,승용,남,47세,상해없음,보행자,여,60세,경상
2019081800100215,2019년 8월 18일 13시,일요일,대구광역시 수성구 노변동,경상사고,0,0,2,0,차대차 - 기타,교차로운행방법위반,건조,맑음,교차로 - 교차로안,승용,남,47세,상해없음,승용,남,18세,경상
2019081800100216,2019년 8월 18일 13시,일요일,대구광역시 달서구 신당동,중상사고,0,1,1,0,차대차 - 추돌,안전거리미확보,건조,맑음,단일로 - 기타,승용,남,60세,상해없음,승용,남,35세,중상
2019081800100249,2019년 8월 18일 14시,일요일,대구광역시 수성구 황금동,부상신고사고,0,0,0,1,차대차 - 기타,안전운전불이행,건조,맑음,단일로 - 기타,이륜,남,25세,부상신고,승용,남,82세,상해없음
2019081800100274,2019년 8월 18일 15시,일요일,대구광역시 수성구 중동,중상사고,0,1,1,0,차대차 - 정면충돌,신호위반,건조,맑음,교차로 - 교차로안,승용,남,77세,상해없음,이륜,남,69세,중상
2019081800100301,2019년 8월 18일 16시,일요일,대구광역시 동구 효목동,중상사고,0,1,0,0,차대차 - 측면충돌,교차로운행방법위반,건조,맑음,교차로 - 교차로안,승용,남,19세,상해없음,승용,남,36세,중상
2019081800100302,2019년 8월 18일 16시,일요일,대구광역시 중구 대봉동,중상사고,0,1,0,0,차대차 - 측면충돌,신호위반,건조,맑음,교차로 - 교차로안,승용,여,44세,상해없음,이륜,남,22세,중상
2019081800100359,2019년 8월 18일 18시,일요일,대구광역시 서구 내당동,경상사고,0,0,2,0,차대차 - 측면충돌,신호위반,건조,맑음,단일로 - 기타,승용,남,21세,상해없음,기타불명,남,18세,경상
2019081800100360,2019년 8월 18일 18시,일요일,대구광역시 서구 내당동,경상사고,0,0,1,0,차대사람 - 기타,안전운전불이행,건조,맑음,단일로 - 기타,자전거,남,76세,경상,보행자,남,70세,상해없음
2019081800100361,2019년 8월 18일 18시,일요일,대구광역시 북구 태전동,경상사고,0,0,1,0,차대차 - 측면충돌,안전운전불이행,건조,맑음,교차로 - 교차로부근,승용,여,46세,상해없음,이륜,남,24세,경상
2019081800100397,2019년 8월 18일 19시,일요일,대구광역시 북구 태전동,중상사고,0,1,0,0,차량단독 - 기타,안전운전불이행,건조,맑음,기타 - 기타,승합,남,72세,상해없음,,,,
2019081800100417,2019년 8월 18일 20시,일요일,대구광역시 달서구 감삼동,중상사고,0,1,0,0,차대사람 - 보도통행중,보행자보호의무위반,건조,맑음,단일로 - 기타,승용,여,54세,상해없음,보행자,여,69세,중상
2019081800100441,2019년 8월 18일 21시,일요일,대구광역시 달서구 진천동,중상사고,0,1,0,0,차대차 - 측면충돌,안전운전불이행,건조,맑음,단일로 - 기타,승용,여,59세,상해없음,이륜,남,37세,중상
2019081800100442,2019년 8월 18일 21시,일요일,대구광역시 달서구 진천동,경상사고,0,0,3,0,차대차 - 측면충돌,안전거리미확보,건조,맑음,단일로 - 기타,승용,남,56세,상해없음,승용,남,33세,경상
2019081800100443,2019년 8월 18일 21시,일요일,대구광역시 달서구 성당동,경상사고,0,0,1,0,차대차 - 측면충돌,안전운전불이행,건조,맑음,단일로 - 기타,개인형이동수단(PM),남,28세,경상,승용,남,50세,상해없음
2019081900100029,2019년 8월 19일 00시,월요일,대구광역시 달서구 이곡동,중상사고,0,1,0,0,차대사람 - 횡단중,안전운전불이행,건조,흐림,단일로 - 기타,승용,남,59세,상해없음,보행자,남,65세,중상
2019081900100095,2019년 8월 19일 07시,월요일,대구광역시 북구 서변동,경상사고,0,0,1,0,차대차 - 측면충돌,안전거리미확보,건조,맑음,단일로 - 기타,건설기계,남,59세,상해없음,승용,남,34세,경상
2019081900100146,2019년 8월 19일 08시,월요일,대구광역시 달성군 유가읍,중상사고,0,2,2,0,차대차 - 기타,안전운전불이행,건조,맑음,단일로 - 기타,승용,남,28세,상해없음,화물,남,48세,중상
2019081900100147,2019년 8월 19일 08시,월요일,대구광역시 중구 봉산동,경상사고,0,0,6,0,차대차 - 추돌,안전운전불이행,건조,맑음,단일로 - 기타,화물,남,45세,경상,승용,남,49세,경상
2019081900100148,2019년 8월 19일 08시,월요일,대구광역시 북구 조야동,경상사고,0,0,1,0,차대차 - 측면충돌,안전거리미확보,건조,맑음,교차로 - 교차로부근,승용,여,56세,상해없음,승용,남,43세,경상
2019081900100176,2019년 8월 19일 09시,월요일,대구광역시 동구 신천동,경상사고,0,0,4,0,차대차 - 측면충돌,안전거리미확보,건조,맑음,단일로 - 기타,승용,남,63세,상해없음,승용,여,41세,경상
2019081900100177,2019년 8월 19일 09시,월요일,대구광역시 수성구 범어동,경상사고,0,0,1,0,차대차 - 추돌,안전운전불이행,건조,맑음,기타 - 기타,승용,여,60세,상해없음,승용,남,58세,경상
2019081900100178,2019년 8월 19일 09시,월요일,대구광역시 서구 평리동,경상사고,0,0,2,0,차대차 - 추돌,안전운전불이행,건조,맑음,단일로 - 기타,화물,남,54세,상해없음,승용,남,60세,경상
2019081900100248,2019년 8월 19일 11시,월요일,대구광역시 동구 동호동,경상사고,0,0,1,0,차대사람 - 기타,안전운전불이행,건조,맑음,단일로 - 기타,건설기계,남,59세,상해없음,보행자,남,64세,경상
2019081900100249,2019년 8월 19일 11시,월요일,대구광역시 동구 효목동,경상사고,0,0,1,0,차대차 - 후진중충돌,안전운전불이행,건조,맑음,단일로 - 기타,화물,남,58세,상해없음,승용,남,54세,경상
2019081900100250,2019년 8월 19일 11시,월요일,대구광역시 동구 신천동,경상사고,0,0,1,0,차대차 - 측면충돌,안전거리미확보,건조,맑음,교차로 - 교차로부근,승용,여,58세,상해없음,승용,여,54세,경상
2019081900100251,2019년 8월 19일 11시,월요일,대구광역시 서구 중리동,부상신고사고,0,0,0,1,차대차 - 측면충돌,안전운전불이행,기타,맑음,단일로 - 기타,화물,남,67세,상해없음,화물,남,69세,상해없음
2019081900100270,2019년 8월 19일 12시,월요일,대구광역시 서구 상리동,경상사고,0,0,1,0,차대차 - 측면충돌,안전운전불이행,건조,맑음,단일로 - 기타,화물,남,44세,상해없음,승용,남,50세,상해없음
2019081900100274,2019년 8월 19일 12시,월요일,대구광역시 중구 덕산동,중상사고,0,1,0,0,차대차 - 측면충돌,안전운전불이행,건조,맑음,교차로 - 교차로부근,자전거,남,60세,중상,이륜,남,26세,상해없음
2019081900100306,2019년 8월 19일 13시,월요일,대구광역시 북구 칠성동2가,부상신고사고,0,0,0,1,차대차 - 측면충돌,안전운전불이행,건조,맑음,교차로 - 교차로횡단보도내,승용,여,43세,상해없음,자전거,남,57세,부상신고
2019081900100307,2019년 8월 19일 13시,월요일,대구광역시 서구 비산동,경상사고,0,0,2,0,차대차 - 추돌,안전운전불이행,건조,맑음,단일로 - 기타,승용,남,38세,상해없음,승용,여,39세,경상
2019081900100408,2019년 8월 19일 16시,월요일,대구광역시 북구 구암동,경상사고,0,0,2,0,차대차 - 측면충돌,신호위반,젖음/습기,비,단일로 - 기타,화물,남,45세,경상,승용,남,33세,경상
2019081900100447,2019년 8월 19일 17시,월요일,대구광역시 수성구 수성동1가,경상사고,0,0,1,1,차대차 - 기타,안전거리미확보,건조,맑음,단일로 - 기타,승용,여,51세,상해없음,승용,남,22세,상해없음
2019081900100448,2019년 8월 19일 17시,월요일,대구광역시 달성군 옥포읍,중상사고,0,1,0,0,차대사람 - 기타,안전운전불이행,건조,맑음,기타 - 기타,승용,여,45세,상해없음,보행자,남,7세,중상
2019081900100449,2019년 8월 19일 17시,월요일,대구광역시 달서구 감삼동,경상사고,0,0,1,0,차대사람 - 기타,안전운전불이행,건조,맑음,교차로 - 교차로안,화물,남,68세,상해없음,보행자,여,24세,경상
2019081900100450,2019년 8월 19일 17시,월요일,대구광역시 북구 금호동,경상사고,0,0,1,0,차대차 - 측면충돌,안전거리미확보,건조,맑음,단일로 - 기타,승용,여,58세,상해없음,화물,여,51세,경상
2019081900100492,2019년 8월 19일 18시,월요일,대구광역시 수성구 지산동,경상사고,0,0,1,0,차대사람 - 횡단중,보행자보호의무위반,건조,맑음,교차로 - 교차로횡단보도내,승용,남,61세,상해없음,보행자,여,57세,경상
2019081900100493,2019년 8월 19일 18시,월요일,대구광역시 달서구 파호동,경상사고,0,0,1,0,차대차 - 측면충돌,신호위반,건조,맑음,교차로 - 교차로안,승용,여,57세,상해없음,승용,여,29세,경상
2019081900100531,2019년 8월 19일 19시,월요일,대구광역시 동구 신암동,경상사고,0,0,1,0,차대차 - 측면충돌,안전운전불이행,건조,맑음,단일로 - 기타,승합,남,46세,기타불명,승용,여,37세,경상
2019081900100532,2019년 8월 19일 19시,월요일,대구광역시 수성구 수성동2가,경상사고,0,0,1,0,차대차 - 측면충돌,안전운전불이행,건조,맑음,단일로 - 기타,승용,남,34세,상해없음,승용,여,33세,상해없음
2019081900100533,2019년 8월 19일 19시,월요일,대구광역시 북구 침산동,경상사고,0,0,1,0,차대사람 - 보도통행중,기타,건조,맑음,단일로 - 기타,이륜,여,58세,경상,보행자,남,51세,상해없음
2019081900100555,2019년 8월 19일 20시,월요일,대구광역시 동구 신천동,경상사고,0,0,2,0,차대차 - 정면충돌,신호위반,건조,맑음,단일로 - 기타,승용,남,62세,상해없음,이륜,남,26세,경상
2019081900100556,2019년 8월 19일 20시,월요일,대구광역시 수성구 두산동,경상사고,0,0,1,0,차대차 - 기타,직진우회전진행방해,건조,맑음,교차로 - 교차로안,승용,남,48세,상해없음,승용,남,52세,상해없음
2019081900100579,2019년 8월 19일 21시,월요일,대구광역시 남구 봉덕동,경상사고,0,0,1,0,차대사람 - 기타,안전운전불이행,건조,맑음,단일로 - 기타,기타불명,기타불명,미분류,기타불명,보행자,여,21세,경상
2019081900100580,2019년 8월 19일 21시,월요일,대구광역시 동구 지저동,경상사고,0,0,1,0,차대차 - 측면충돌,안전거리미확보,건조,맑음,기타 - 기타,기타불명,기타불명,미분류,기타불명,승용,남,37세,상해없음
2019081900100581,2019년 8월 19일 21시,월요일,대구광역시 달서구 장기동,중상사고,0,1,0,0,차대차 - 기타,안전운전불이행,건조,맑음,단일로 - 기타,승용,남,49세,상해없음,자전거,남,18세,중상
2019081900100582,2019년 8월 19일 21시,월요일,대구광역시 달서구 신당동,경상사고,0,0,2,0,차대차 - 추돌,안전거리미확보,건조,맑음,단일로 - 기타,승용,남,35세,상해없음,승용,여,24세,경상
2019081900100624,2019년 8월 19일 23시,월요일,대구광역시 달서구 신당동,부상신고사고,0,0,0,1,차대사람 - 기타,안전운전불이행,건조,맑음,단일로 - 기타,화물,남,50세,상해없음,보행자,남,48세,부상신고
2019082000100059,2019년 8월 20일 03시,화요일,대구광역시 남구 대명동,경상사고,0,0,1,0,차대사람 - 횡단중,안전운전불이행,건조,맑음,단일로 - 기타,승용,여,31세,상해없음,보행자,여,38세,경상
2019082000100069,2019년 8월 20일 05시,화요일,대구광역시 북구 관음동,경상사고,0,0,1,0,차대사람 - 횡단중,안전운전불이행,건조,맑음,교차로 - 교차로부근,승용,여,43세,상해없음,보행자,여,6세,경상
2019082000100139,2019년 8월 20일 08시,화요일,대구광역시 동구 율하동,경상사고,0,0,1,1,차대차 - 측면충돌,직진우회전진행방해,건조,맑음,교차로 - 교차로안,승용,남,63세,부상신고,승용,남,60세,상해없음
2019082000100140,2019년 8월 20일 08시,화요일,대구광역시 수성구 두산동,경상사고,0,0,1,1,차대차 - 측면충돌,신호위반,건조,맑음,교차로 - 교차로안,승용,여,57세,부상신고,승용,남,63세,경상
2019082000100141,2019년 8월 20일 08시,화요일,대구광역시 달서구 대천동,경상사고,0,0,2,0,차대차 - 정면충돌,중앙선침범,건조,맑음,단일로 - 기타,승용,남,67세,상해없음,승용,남,80세,경상
2019082000100142,2019년 8월 20일 08시,화요일,대구광역시 달서구 용산동,경상사고,0,0,1,0,차대차 - 측면충돌,안전거리미확보,건조,맑음,단일로 - 기타,건설기계,남,45세,상해없음,승용,여,43세,경상
2019082000100180,2019년 8월 20일 09시,화요일,대구광역시 동구 율하동,경상사고,0,0,1,0,차대차 - 측면충돌,중앙선침범,건조,맑음,교차로 - 교차로부근,승용,남,64세,상해없음,승용,여,27세,경상
2019082000100181,2019년 8월 20일 09시,화요일,대구광역시 서구 비산동,경상사고,0,0,1,0,차대사람 - 차도통행중,안전운전불이행,건조,맑음,교차로 - 교차로안,승용,남,50세,상해없음,보행자,남,30세,경상
2019082000100214,2019년 8월 20일 10시,화요일,대구광역시 북구 침산동,경상사고,0,0,1,0,차대차 - 측면충돌,신호위반,건조,흐림,교차로 - 교차로안,승용,남,49세,상해없음,승용,남,31세,경상
2019082000100248,2019년 8월 20일 11시,화요일,대구광역시 수성구 황금동,경상사고,0,0,1,0,차대차 - 측면충돌,안전운전불이행,건조,맑음,단일로 - 기타,승용,남,78세,상해없음,승용,남,70세,경상
2019082000100249,2019년 8월 20일 11시,화요일,대구광역시 달서구 송현동,중상사고,0,1,0,0,차대차 - 측면충돌,직진우회전진행방해,건조,맑음,교차로 - 교차로안,승용,여,68세,상해없음,이륜,남,74세,중상
2019082000100281,2019년 8월 20일 12시,화요일,대구광역시 동구 신암동,경상사고,0,0,1,0,차대차 - 기타,안전운전불이행,건조,맑음,단일로 - 기타,승용,남,73세,상해없음,이륜,남,33세,경상
2019082000100282,2019년 8월 20일 12시,화요일,대구광역시 동구 효목동,경상사고,0,0,2,0,차대차 - 기타,안전거리미확보,건조,맑음,교차로 - 교차로안,승용,남,21세,상해없음,승용,남,27세,경상
2019082000100283,2019년 8월 20일 12시,화요일,대구광역시 중구 봉산동,경상사고,0,0,1,0,차대차 - 측면충돌,안전운전불이행,건조,맑음,단일로 - 기타,화물,남,66세,상해없음,화물,남,26세,경상
2019082000100308,2019년 8월 20일 13시,화요일,대구광역시 서구 내당동,경상사고,0,0,1,0,차대차 - 후진중충돌,안전운전불이행,건조,맑음,단일로 - 기타,화물,남,71세,상해없음,승용,여,36세,경상
2019082000100347,2019년 8월 20일 14시,화요일,대구광역시 남구 봉덕동,부상신고사고,0,0,0,1,차량단독 - 기타,안전운전불이행,건조,맑음,단일로 - 기타,이륜,남,63세,부상신고,,,,
2019082000100348,2019년 8월 20일 14시,화요일,대구광역시 달성군 현풍읍,중상사고,0,1,0,0,차대사람 - 기타,안전운전불이행,건조,맑음,단일로 - 기타,승용,남,76세,상해없음,보행자,여,69세,중상
2019082000100349,2019년 8월 20일 14시,화요일,대구광역시 북구 침산동,경상사고,0,0,1,0,차대차 - 측면충돌,신호위반,건조,맑음,교차로 - 교차로안,이륜,남,79세,경상,승용,남,55세,상해없음
2019082000100385,2019년 8월 20일 15시,화요일,대구광역시 동구 신기동,경상사고,0,0,1,1,차대차 - 추돌,직진우회전진행방해,건조,맑음,교차로 - 교차로안,승합,남,67세,상해없음,이륜,남,19세,부상신고
2019082000100386,2019년 8월 20일 15시,화요일,대구광역시 수성구 범물동,경상사고,0,0,1,0,차대사람 - 차도통행중,안전운전불이행,건조,맑음,단일로 - 기타,승용,여,43세,상해없음,보행자,남,43세,경상
2019082000100387,2019년 8월 20일 15시,화요일,대구광역시 서구 내당동,경상사고,0,0,1,0,차대차 - 측면충돌,안전운전불이행,건조,맑음,단일로 - 기타,승용,남,60세,상해없음,자전거,남,38세,경상
2019082000100388,2019년 8월 20일 15시,화요일,대구광역시 중구 동인동2가,중상사고,0,1,1,1,차대차 - 측면충돌,기타,건조,맑음,교차로 - 교차로안,승용,남,35세,경상,승용,남,62세,중상
2019082000100389,2019년 8월 20일 15시,화요일,대구광역시 달서구 이곡동,경상사고,0,0,3,0,차대사람 - 기타,안전운전불이행,건조,맑음,단일로 - 기타,승용,여,27세,상해없음,보행자,여,12세,경상
2019082000100426,2019년 8월 20일 16시,화요일,대구광역시 달성군 옥포읍,중상사고,0,1,3,0,차대차 - 추돌,안전운전불이행,건조,맑음,단일로 - 기타,화물,남,69세,상해없음,승용,남,64세,중상
2019082000100460,2019년 8월 20일 17시,화요일,대구광역시 서구 상리동,경상사고,0,0,1,0,차대차 - 기타,안전운전불이행,건조,맑음,단일로 - 기타,화물,남,49세,상해없음,화물,남,51세,경상
2019082000100465,2019년 8월 20일 17시,화요일,대구광역시 달성군 구지면,경상사고,0,0,1,0,차대차 - 측면충돌,안전운전불이행,건조,맑음,교차로 - 교차로부근,승용,남,40세,상해없음,승용,남,45세,경상
2019082000100466,2019년 8월 20일 17시,화요일,대구광역시 북구 서변동,경상사고,0,0,1,0,차대차 - 정면충돌,신호위반,건조,맑음,교차로 - 교차로안,화물,여,57세,상해없음,승용,남,45세,경상
2019082000100516,2019년 8월 20일 18시,화요일,대구광역시 수성구 수성동3가,중상사고,0,1,0,0,차대차 - 기타,안전거리미확보,건조,맑음,단일로 - 기타,기타불명,기타불명,미분류,기타불명,원동기,남,34세,중상
2019082000100517,2019년 8월 20일 18시,화요일,대구광역시 달서구 월성동,중상사고,0,1,0,0,차대차 - 측면충돌,안전거리미확보,건조,맑음,단일로 - 기타,승용,남,48세,상해없음,승용,남,34세,중상
2019082000100518,2019년 8월 20일 18시,화요일,대구광역시 북구 산격동,중상사고,0,1,0,0,차대차 - 기타,차로위반,건조,맑음,교차로 - 교차로부근,승용,남,50세,상해없음,승합,남,54세,상해없음
2019082000100549,2019년 8월 20일 19시,화요일,대구광역시 달성군 다사읍,부상신고사고,0,0,0,1,차대차 - 기타,안전운전불이행,건조,맑음,교차로 - 교차로안,이륜,남,66세,상해없음,자전거,남,35세,부상신고
2019082000100550,2019년 8월 20일 19시,화요일,대구광역시 서구 평리동,경상사고,0,0,1,0,차대차 - 측면충돌,신호위반,건조,맑음,교차로 - 교차로안,화물,남,39세,상해없음,자전거,남,61세,경상
2019082000100551,2019년 8월 20일 19시,화요일,대구광역시 서구 비산동,중상사고,0,1,0,0,차대사람 - 차도통행중,안전운전불이행,건조,맑음,교차로 - 교차로부근,승용,남,73세,상해없음,보행자,남,54세,중상
2019082000100552,2019년 8월 20일 19시,화요일,대구광역시 달서구 감삼동,경상사고,0,0,1,0,차대차 - 측면충돌,신호위반,건조,맑음,교차로 - 교차로안,승용,남,45세,상해없음,이륜,남,32세,경상
2019082000100553,2019년 8월 20일 19시,화요일,대구광역시 달서구 용산동,경상사고,0,0,1,0,차대차 - 기타,안전운전불이행,건조,흐림,교차로 - 교차로안,이륜,남,24세,상해없음,승용,남,53세,상해없음
2019082000100589,2019년 8월 20일 20시,화요일,대구광역시 달서구 상인동,경상사고,0,0,1,0,차대차 - 측면충돌,안전거리미확보,건조,맑음,단일로 - 기타,승용,남,27세,상해없음,승용,남,58세,경상
2019082000100615,2019년 8월 20일 21시,화요일,대구광역시 달서구 이곡동,경상사고,0,0,1,0,차대차 - 후진중충돌,안전운전불이행,건조,흐림,단일로 - 기타,승용,남,55세,상해없음,승용,남,43세,경상
2019082000100636,2019년 8월 20일 22시,화요일,대구광역시 수성구 지산동,경상사고,0,0,1,0,차대차 - 기타,교차로운행방법위반,건조,맑음,교차로 - 교차로안,승용,남,57세,상해없음,자전거,여,57세,경상
2019082000100654,2019년 8월 20일 23시,화요일,대구광역시 수성구 중동,경상사고,0,0,2,0,차대차 - 측면충돌,안전운전불이행,건조,맑음,단일로 - 기타,승용,여,57세,상해없음,이륜,남,20세,경상
2019082100100036,2019년 8월 21일 00시,수요일,대구광역시 수성구 두산동,경상사고,0,0,1,0,차대차 - 측면충돌,불법유턴,건조,맑음,단일로 - 기타,승용,남,37세,상해없음,승용,여,41세,경상
2019082100100037,2019년 8월 21일 00시,수요일,대구광역시 북구 복현동,부상신고사고,0,0,0,1,차대사람 - 기타,안전운전불이행,건조,맑음,단일로 - 기타,승용,여,22세,상해없음,보행자,남,41세,부상신고
2019082100100046,2019년 8월 21일 01시,수요일,대구광역시 북구 노원동2가,중상사고,0,2,0,0,차대차 - 측면충돌,중앙선침범,건조,맑음,단일로 - 교량,승용,남,28세,상해없음,승용,여,44세,중상
2019082100100072,2019년 8월 21일 05시,수요일,대구광역시 중구 남산동,중상사고,0,1,0,0,차대사람 - 횡단중,신호위반,건조,맑음,교차로 - 교차로횡단보도내,승용,남,77세,상해없음,보행자,여,77세,중상
2019082100100090,2019년 8월 21일 06시,수요일,대구광역시 동구 서호동,중상사고,0,1,0,0,차대차 - 추돌,안전운전불이행,건조,맑음,교차로 - 교차로안,승용,남,64세,상해없음,자전거,여,60세,중상
2019082100100091,2019년 8월 21일 06시,수요일,대구광역시 달서구 본리동,경상사고,0,0,1,0,차대차 - 측면충돌,안전거리미확보,건조,흐림,단일로 - 기타,승용,남,25세,상해없음,승용,남,45세,경상
2019082100100114,2019년 8월 21일 07시,수요일,대구광역시 서구 비산동,경상사고,0,0,1,0,차대차 - 기타,안전거리미확보,건조,맑음,교차로 - 교차로안,승용,남,72세,상해없음,승용,여,28세,경상
2019082100100144,2019년 8월 21일 08시,수요일,대구광역시 동구 율암동,경상사고,0,0,1,0,차대차 - 측면충돌,안전운전불이행,건조,맑음,단일로 - 기타,승용,남,35세,상해없음,승용,남,45세,경상
2019082100100145,2019년 8월 21일 08시,수요일,대구광역시 달서구 월성동,경상사고,0,0,1,0,차대차 - 추돌,안전거리미확보,건조,맑음,단일로 - 기타,승용,남,38세,상해없음,승용,여,48세,경상
2019082100100204,2019년 8월 21일 10시,수요일,대구광역시 남구 대명동,경상사고,0,0,1,0,차대차 - 측면충돌,안전거리미확보,건조,맑음,교차로 - 교차로부근,승용,남,81세,상해없음,승용,여,54세,경상