사고번호,사고일시,요일,시군구,사고내용,사망자수,중상자수,경상자수,부상신고자수,사고유형,법규위반,노면상태,기상상태,도로형태,가해운전자 차종,가해운전자 성별,가해운전자 연령,가해운전자 상해정도,피해운전자 차종,피해운전자 성별,피해운전자 연령,피해운전자 상해정도
2019082400100253,2019년 8월 24일 11시,토요일,대구광역시 달서구 두류동,중상사고,0,1,0,0,차대차 - 측면충돌,신호위반,건조,맑음,단일로 - 기타,승용,남,51세,상해없음,자전거,남,78세,중상
2019082400100254,2019년 8월 24일 11시,토요일,대구광역시 달서구 장기동,경상사고,0,0,1,0,차대차 - 측면충돌,안전거리미확보,건조,맑음,단일로 - 기타,화물,남,56세,상해없음,승용,남,52세,경상
2019082400100255,2019년 8월 24일 11시,토요일,대구광역시 북구 태전동,중상사고,0,1,0,0,차대차 - 측면충돌,신호위반,건조,맑음,교차로 - 교차로부근,승용,남,57세,상해없음,원동기,남,78세,중상
2019082400100293,2019년 8월 24일 12시,토요일,대구광역시 동구 진인동,경상사고,0,0,1,0,차량단독 - 기타,안전운전불이행,건조,맑음,단일로 - 기타,승용,여,54세,경상,,,,
2019082400100324,2019년 8월 24일 13시,토요일,대구광역시 달서구 상인동,중상사고,0,1,0,0,차대사람 - 기타,안전운전불이행,건조,맑음,단일로 - 기타,승합,기타불명,미분류,기타불명,보행자,여,50세,중상
2019082400100325,2019년 8월 24일 13시,토요일,대구광역시 달성군 다사읍,경상사고,0,0,2,0,차대차 - 기타,안전운전불이행,건조,맑음,단일로 - 기타,승용,여,53세,상해없음,승용,여,35세,경상
2019082400100326,2019년 8월 24일 13시,토요일,대구광역시 달서구 본리동,경상사고,0,0,1,0,차대차 - 측면충돌,안전운전불이행,건조,맑음,단일로 - 기타,승용,남,63세,상해없음,승용,여,56세,경상
2019082400100362,2019년 8월 24일 14시,토요일,대구광역시 북구 동천동,경상사고,0,0,1,0,차대차 - 기타,안전운전불이행,건조,맑음,교차로 - 교차로안,승용,여,56세,상해없음,승용,남,31세,경상
2019082400100390,2019년 8월 24일 15시,토요일,대구광역시 달서구 두류동,경상사고,0,0,1,0,차대차 - 측면충돌,안전거리미확보,건조,맑음,단일로 - 기타,승합,남,58세,상해없음,승용,남,57세,상해없음
2019082400100420,2019년 8월 24일 16시,토요일,대구광역시 동구 부동,경상사고,0,0,1,0,차대차 - 추돌,안전거리미확보,건조,맑음,단일로 - 기타,특수,남,27세,상해없음,승용,남,50세,경상
2019082400100424,2019년 8월 24일 16시,토요일,대구광역시 달서구 성당동,경상사고,0,0,1,0,차대차 - 기타,안전운전불이행,건조,맑음,기타 - 기타,자전거,남,7세,기타불명,기타불명,남,4세,경상
2019082400100468,2019년 8월 24일 17시,토요일,대구광역시 남구 대명동,경상사고,0,0,1,0,차대차 - 측면충돌,안전운전불이행,건조,맑음,단일로 - 기타,승용,남,28세,상해없음,개인형이동수단(PM),남,40세,경상
2019082400100496,2019년 8월 24일 18시,토요일,대구광역시 동구 서호동,경상사고,0,0,5,0,차대차 - 기타,안전운전불이행,건조,맑음,단일로 - 기타,승용,남,40세,경상,승용,남,25세,경상
2019082400100497,2019년 8월 24일 18시,토요일,대구광역시 수성구 두산동,중상사고,0,1,0,0,차대사람 - 차도통행중,안전운전불이행,건조,맑음,단일로 - 기타,승용,여,50세,상해없음,보행자,남,4세,중상
2019082400100498,2019년 8월 24일 18시,토요일,대구광역시 달서구 진천동,경상사고,0,0,1,0,차대차 - 기타,안전운전불이행,건조,맑음,단일로 - 기타,이륜,남,26세,기타불명,화물,남,32세,경상
2019082400100499,2019년 8월 24일 18시,토요일,대구광역시 달성군 다사읍,경상사고,0,0,1,0,차대차 - 기타,안전운전불이행,건조,맑음,단일로 - 기타,승용,여,51세,상해없음,승용,남,32세,경상
2019082400100500,2019년 8월 24일 18시,토요일,대구광역시 달성군 다사읍,중상사고,0,1,0,0,차대사람 - 기타,안전운전불이행,건조,맑음,단일로 - 기타,승합,남,57세,상해없음,보행자,여,59세,중상
2019082400100501,2019년 8월 24일 18시,토요일,대구광역시 북구 산격동,경상사고,0,0,1,0,차대사람 - 기타,안전운전불이행,건조,맑음,교차로 - 교차로부근,승용,남,66세,상해없음,보행자,남,58세,경상
2019082400100502,2019년 8월 24일 18시,토요일,대구광역시 북구 칠성동2가,경상사고,0,0,1,0,차대차 - 측면충돌,차로위반,건조,맑음,교차로 - 교차로부근,승용,남,26세,상해없음,승용,여,28세,경상
2019082400100503,2019년 8월 24일 18시,토요일,대구광역시 중구 대봉동,경상사고,0,0,1,0,차대차 - 측면충돌,기타,건조,맑음,단일로 - 기타,화물,남,34세,상해없음,이륜,남,41세,경상
2019082400100536,2019년 8월 24일 19시,토요일,대구광역시 달성군 화원읍,경상사고,0,0,4,0,차대차 - 추돌,안전운전불이행,건조,맑음,기타 - 기타,이륜,남,17세,상해없음,승용,남,18세,상해없음
2019082400100537,2019년 8월 24일 19시,토요일,대구광역시 중구 삼덕동1가,부상신고사고,0,0,0,1,차대사람 - 길가장자리구역통행중,안전운전불이행,건조,맑음,단일로 - 기타,기타불명,기타불명,미분류,기타불명,보행자,여,23세,부상신고
2019082400100538,2019년 8월 24일 19시,토요일,대구광역시 달서구 신당동,경상사고,0,0,1,0,차대차 - 후진중충돌,불법유턴,건조,흐림,교차로 - 교차로안,승용,남,52세,상해없음,이륜,남,28세,경상
2019082400100566,2019년 8월 24일 20시,토요일,대구광역시 수성구 두산동,경상사고,0,0,1,0,차대차 - 기타,안전운전불이행,건조,맑음,단일로 - 기타,승용,남,40세,상해없음,승용,남,38세,경상
2019082400100567,2019년 8월 24일 20시,토요일,대구광역시 달서구 송현동,경상사고,0,0,1,0,차대차 - 추돌,안전운전불이행,건조,맑음,단일로 - 기타,승용,여,37세,상해없음,승용,남,53세,경상
2019082400100601,2019년 8월 24일 21시,토요일,대구광역시 동구 신천동,경상사고,0,0,1,0,차대차 - 추돌,안전운전불이행,건조,맑음,단일로 - 기타,승용,남,28세,상해없음,이륜,남,38세,경상
2019082400100602,2019년 8월 24일 21시,토요일,대구광역시 달성군 화원읍,경상사고,0,0,2,0,차대차 - 측면충돌,안전운전불이행,건조,맑음,교차로 - 교차로안,승용,남,58세,경상,승용,남,57세,경상
2019082400100653,2019년 8월 24일 23시,토요일,대구광역시 북구 금호동,부상신고사고,0,0,0,1,차량단독 - 기타,안전운전불이행,건조,맑음,단일로 - 기타,승용,여,42세,부상신고,,,,
2019082500100023,2019년 8월 25일 00시,일요일,대구광역시 서구 상리동,중상사고,0,1,0,0,차대사람 - 기타,안전운전불이행,건조,맑음,단일로 - 기타,승용,남,51세,상해없음,보행자,여,71세,중상
2019082500100058,2019년 8월 25일 03시,일요일,대구광역시 수성구 수성동1가,경상사고,0,0,1,0,차대차 - 추돌,신호위반,건조,맑음,단일로 - 교량,승용,남,30세,상해없음,이륜,남,37세,경상
2019082500100059,2019년 8월 25일 03시,일요일,대구광역시 북구 읍내동,중상사고,0,1,0,0,차대사람 - 횡단중,안전운전불이행,건조,맑음,단일로 - 기타,승용,여,32세,상해없음,보행자,여,82세,중상
2019082500100106,2019년 8월 25일 08시,일요일,대구광역시 서구 내당동,중상사고,0,2,1,0,차대차 - 추돌,안전운전불이행,건조,맑음,교차로 - 교차로부근,승용,남,52세,상해없음,승용,남,32세,중상
2019082500100147,2019년 8월 25일 10시,일요일,대구광역시 달서구 송현동,경상사고,0,0,1,0,차대차 - 측면충돌,안전운전불이행,건조,맑음,교차로 - 교차로부근,화물,남,58세,상해없음,승합,남,48세,경상
2019082500100148,2019년 8월 25일 10시,일요일,대구광역시 달성군 가창면,중상사고,0,1,0,0,차대차 - 측면충돌,교차로운행방법위반,건조,맑음,교차로 - 교차로부근,승합,남,53세,상해없음,자전거,여,50세,중상
2019082500100149,2019년 8월 25일 10시,일요일,대구광역시 북구 동천동,경상사고,0,0,1,0,차대차 - 측면충돌,교차로운행방법위반,건조,맑음,교차로 - 교차로안,화물,여,61세,상해없음,원동기,남,17세,경상
2019082500100174,2019년 8월 25일 11시,일요일,대구광역시 남구 봉덕동,경상사고,0,0,1,0,차대차 - 측면충돌,안전운전불이행,건조,맑음,교차로 - 교차로안,승용,남,30세,상해없음,승용,남,31세,경상
2019082500100175,2019년 8월 25일 11시,일요일,대구광역시 달서구 두류동,중상사고,0,1,0,0,차대사람 - 횡단중,안전운전불이행,건조,맑음,교차로 - 교차로횡단보도내,승용,남,28세,상해없음,보행자,남,75세,중상
2019082500100237,2019년 8월 25일 13시,일요일,대구광역시 동구 신천동,경상사고,0,0,1,0,차대차 - 측면충돌,안전운전불이행,건조,맑음,교차로 - 교차로부근,이륜,남,34세,상해없음,자전거,여,65세,경상
2019082500100238,2019년 8월 25일 13시,일요일,대구광역시 수성구 중동,부상신고사고,0,0,0,1,차대차 - 추돌,안전운전불이행,건조,맑음,교차로 - 교차로부근,이륜,남,61세,부상신고,승용,여,52세,상해없음
2019082500100239,2019년 8월 25일 13시,일요일,대구광역시 달성군 유가읍,경상사고,0,0,1,0,차대차 - 기타,안전운전불이행,건조,맑음,교차로 - 교차로부근,승용,남,34세,상해없음,이륜,남,36세,경상
2019082500100240,2019년 8월 25일 13시,일요일,대구광역시 남구 대명동,경상사고,0,0,1,0,차대사람 - 횡단중,안전운전불이행,건조,맑음,단일로 - 기타,승용,여,60세,상해없음,보행자,남,76세,경상
2019082500100273,2019년 8월 25일 14시,일요일,대구광역시 달성군 다사읍,경상사고,0,0,1,0,차대차 - 기타,안전거리미확보,건조,맑음,단일로 - 기타,승용,여,28세,상해없음,개인형이동수단(PM),남,13세,경상
2019082500100274,2019년 8월 25일 14시,일요일,대구광역시 북구 침산동,경상사고,0,0,1,0,차대차 - 기타,안전거리미확보,건조,맑음,단일로 - 기타,승용,여,47세,상해없음,승합,남,51세,상해없음
2019082500100309,2019년 8월 25일 15시,일요일,대구광역시 동구 신암동,부상신고사고,0,0,0,2,차대차 - 기타,안전운전불이행,건조,맑음,교차로 - 교차로부근,기타불명,기타불명,미분류,기타불명,승용,남,47세,부상신고
2019082500100408,2019년 8월 25일 18시,일요일,대구광역시 수성구 황금동,경상사고,0,0,2,0,차대차 - 측면충돌,안전운전불이행,건조,맑음,기타 - 기타,승용,남,80세,상해없음,승용,남,27세,경상
2019082500100409,2019년 8월 25일 18시,일요일,대구광역시 달서구 송현동,경상사고,0,0,1,0,차대차 - 측면충돌,안전운전불이행,건조,맑음,단일로 - 기타,이륜,남,46세,경상,승용,남,30세,상해없음
2019082500100443,2019년 8월 25일 19시,일요일,대구광역시 수성구 사월동,경상사고,0,0,1,0,차대차 - 기타,안전거리미확보,건조,맑음,단일로 - 기타,승용,남,25세,상해없음,승합,남,46세,상해없음
2019082500100481,2019년 8월 25일 20시,일요일,대구광역시 중구 동인동4가,경상사고,0,0,2,0,차대차 - 추돌,안전운전불이행,건조,맑음,기타 - 기타,승용,여,40세,상해없음,승용,여,40세,경상
2019082500100482,2019년 8월 25일 20시,일요일,대구광역시 달서구 호산동,경상사고,0,0,1,0,차량단독 - 공작물충돌,안전운전불이행,건조,맑음,단일로 - 기타,승용,여,23세,경상,,,,
2019082500100505,2019년 8월 25일 21시,일요일,대구광역시 달서구 용산동,경상사고,0,0,1,0,차대사람 - 차도통행중,안전운전불이행,건조,맑음,단일로 - 기타,이륜,남,28세,상해없음,보행자,여,85세,경상
2019082600100045,2019년 8월 26일 01시,월요일,대구광역시 남구 대명동,경상사고,0,0,1,0,차대차 - 측면충돌,교차로운행방법위반,건조,맑음,교차로 - 교차로안,승용,남,56세,상해없음,승용,남,70세,경상
2019082600100050,2019년 8월 26일 02시,월요일,대구광역시 달서구 본동,경상사고,0,0,2,0,차대차 - 측면충돌,신호위반,건조,맑음,교차로 - 교차로안,승용,여,44세,경상,승용,남,30세,경상
2019082600100077,2019년 8월 26일 05시,월요일,대구광역시 달서구 도원동,경상사고,0,0,1,0,차대차 - 기타,안전운전불이행,건조,맑음,단일로 - 기타,이륜,남,70세,경상,승용,여,64세,상해없음
2019082600100097,2019년 8월 26일 06시,월요일,대구광역시 북구 산격동,경상사고,0,0,2,0,차대차 - 추돌,안전거리미확보,건조,맑음,교차로 - 교차로부근,승용,남,57세,상해없음,승용,남,68세,경상
2019082600100129,2019년 8월 26일 07시,월요일,대구광역시 서구 상리동,경상사고,0,0,1,0,차대차 - 측면충돌,안전운전불이행,건조,맑음,단일로 - 기타,승합,남,31세,상해없음,승용,남,38세,경상
2019082600100132,2019년 8월 26일 07시,월요일,대구광역시 남구 대명동,경상사고,0,0,1,0,차대차 - 추돌,안전거리미확보,건조,맑음,단일로 - 기타,승용,남,41세,상해없음,자전거,여,57세,경상
2019082600100167,2019년 8월 26일 08시,월요일,대구광역시 동구 신암동,경상사고,0,0,3,0,차대차 - 측면충돌,안전운전불이행,건조,맑음,기타 - 기타,승용,남,38세,기타불명,승용,여,34세,경상
2019082600100168,2019년 8월 26일 08시,월요일,대구광역시 서구 이현동,경상사고,0,0,1,0,차대차 - 측면충돌,안전운전불이행,건조,맑음,교차로 - 교차로안,승용,여,62세,기타불명,승용,여,29세,경상
2019082600100204,2019년 8월 26일 09시,월요일,대구광역시 북구 조야동,경상사고,0,0,1,0,차대차 - 추돌,안전거리미확보,건조,맑음,단일로 - 기타,승합,남,37세,상해없음,승용,여,32세,경상
2019082600100209,2019년 8월 26일 09시,월요일,대구광역시 동구 신암동,경상사고,0,0,1,0,차대사람 - 횡단중,신호위반,건조,맑음,교차로 - 교차로횡단보도내,이륜,남,74세,상해없음,보행자,여,25세,경상
2019082600100247,2019년 8월 26일 10시,월요일,대구광역시 수성구 고모동,경상사고,0,0,1,0,차대차 - 추돌,안전거리미확보,건조,맑음,단일로 - 기타,승용,남,59세,상해없음,승용,남,41세,경상
2019082600100248,2019년 8월 26일 10시,월요일,대구광역시 북구 침산동,경상사고,0,0,1,0,차대차 - 기타,안전운전불이행,건조,맑음,단일로 - 기타,자전거,여,67세,경상,화물,남,51세,상해없음
2019082600100292,2019년 8월 26일 11시,월요일,대구광역시 동구 신암동,경상사고,0,0,1,0,차대차 - 측면충돌,안전운전불이행,건조,맑음,단일로 - 교량,화물,남,63세,상해없음,승용,여,56세,경상
2019082600100293,2019년 8월 26일 11시,월요일,대구광역시 달서구 월성동,경상사고,0,0,2,0,차대차 - 기타,안전거리미확보,건조,맑음,기타 - 기타,화물,남,64세,상해없음,화물,남,24세,경상
2019082600100327,2019년 8월 26일 12시,월요일,대구광역시 북구 복현동,중상사고,0,2,2,0,차대차 - 추돌,안전거리미확보,건조,맑음,단일로 - 기타,화물,남,43세,상해없음,승용,남,59세,경상
2019082600100328,2019년 8월 26일 12시,월요일,대구광역시 서구 비산동,경상사고,0,0,1,0,차대차 - 측면충돌,안전운전불이행,건조,맑음,단일로 - 기타,승용,여,52세,상해없음,자전거,여,63세,경상
2019082600100329,2019년 8월 26일 12시,월요일,대구광역시 중구 태평로1가,경상사고,0,0,1,0,차대사람 - 기타,교차로운행방법위반,건조,맑음,단일로 - 기타,승합,남,55세,상해없음,보행자,남,59세,경상
2019082600100361,2019년 8월 26일 13시,월요일,대구광역시 남구 대명동,중상사고,0,1,0,0,차대사람 - 횡단중,보행자보호의무위반,건조,맑음,단일로 - 지하차도(도로)내,승용,여,59세,상해없음,보행자,여,10세,중상
2019082600100362,2019년 8월 26일 13시,월요일,대구광역시 달성군 유가읍,경상사고,0,0,1,0,차대차 - 추돌,신호위반,건조,맑음,교차로 - 교차로안,화물,남,66세,상해없음,승용,남,24세,경상
2019082600100396,2019년 8월 26일 14시,월요일,대구광역시 달서구 유천동,경상사고,0,0,1,0,차대차 - 측면충돌,불법유턴,건조,맑음,교차로 - 교차로횡단보도내,이륜,남,50세,상해없음,이륜,남,38세,경상
2019082600100489,2019년 8월 26일 16시,월요일,대구광역시 동구 신기동,경상사고,0,0,1,0,차대차 - 측면충돌,안전운전불이행,건조,맑음,단일로 - 기타,승용,여,54세,상해없음,승용,여,35세,경상
2019082600100490,2019년 8월 26일 16시,월요일,대구광역시 수성구 범어동,경상사고,0,0,1,0,차량단독 - 기타,기타,건조,맑음,단일로 - 기타,승합,남,57세,기타불명,,,,
2019082600100491,2019년 8월 26일 16시,월요일,대구광역시 북구 태전동,경상사고,0,0,1,0,차대차 - 기타,안전운전불이행,건조,맑음,기타 - 기타,승용,여,42세,상해없음,승용,남,64세,경상
2019082600100534,2019년 8월 26일 17시,월요일,대구광역시 북구 읍내동,중상사고,0,1,0,0,차대차 - 측면충돌,중앙선침범,건조,맑음,단일로 - 기타,승용,남,44세,상해없음,이륜,남,47세,중상
2019082600100570,2019년 8월 26일 18시,월요일,대구광역시 북구 산격동,경상사고,0,0,1,0,차대차 - 기타,안전거리미확보,건조,맑음,단일로 - 기타,승용,남,67세,상해없음,이륜,남,25세,경상
2019082600100571,2019년 8월 26일 18시,월요일,대구광역시 북구 태전동,경상사고,0,0,1,0,차대차 - 측면충돌,안전운전불이행,건조,맑음,교차로 - 교차로부근,승용,여,45세,상해없음,승용,남,33세,경상
2019082600100609,2019년 8월 26일 19시,월요일,대구광역시 남구 대명동,중상사고,0,1,1,0,차대차 - 측면충돌,직진우회전진행방해,건조,맑음,교차로 - 교차로안,승용,남,57세,경상,이륜,남,20세,중상
2019082600100610,2019년 8월 26일 19시,월요일,대구광역시 달서구 월암동,경상사고,0,0,1,0,차대차 - 측면충돌,신호위반,건조,맑음,교차로 - 교차로안,승용,남,41세,상해없음,이륜,남,32세,경상
2019082600100611,2019년 8월 26일 19시,월요일,대구광역시 달서구 성당동,경상사고,0,0,1,0,차대차 - 측면충돌,교차로운행방법위반,건조,맑음,교차로 - 교차로안,승용,여,34세,상해없음,이륜,남,27세,경상
2019082600100647,2019년 8월 26일 20시,월요일,대구광역시 동구 봉무동,경상사고,0,0,2,0,차대차 - 측면충돌,안전거리미확보,건조,맑음,단일로 - 기타,승용,여,23세,상해없음,이륜,남,18세,경상
2019082600100667,2019년 8월 26일 21시,월요일,대구광역시 수성구 황금동,경상사고,0,0,1,0,차대차 - 추돌,안전거리미확보,건조,맑음,단일로 - 기타,승용,남,69세,기타불명,원동기,남,27세,경상
2019082600100668,2019년 8월 26일 21시,월요일,대구광역시 달서구 송현동,경상사고,0,0,1,0,차대차 - 측면충돌,안전운전불이행,건조,맑음,교차로 - 교차로안,승용,남,31세,상해없음,승용,여,26세,경상
2019082600100669,2019년 8월 26일 21시,월요일,대구광역시 서구 비산동,중상사고,0,1,0,0,차대차 - 측면충돌,안전운전불이행,건조,맑음,교차로 - 교차로부근,자전거,남,15세,중상,승용,남,43세,상해없음
2019082600100670,2019년 8월 26일 21시,월요일,대구광역시 달서구 용산동,경상사고,0,0,2,0,차대차 - 기타,직진우회전진행방해,건조,맑음,교차로 - 교차로안,승용,여,59세,상해없음,이륜,남,18세,경상
2019082600100693,2019년 8월 26일 22시,월요일,대구광역시 남구 대명동,경상사고,0,0,1,0,차대차 - 측면충돌,차로위반,건조,맑음,단일로 - 기타,승용,남,61세,상해없음,승용,남,37세,경상
2019082600100694,2019년 8월 26일 22시,월요일,대구광역시 수성구 두산동,경상사고,0,0,1,0,차량단독 - 기타,안전운전불이행,건조,맑음,기타 - 기타,승용,남,24세,상해없음,,,,
2019082600100695,2019년 8월 26일 22시,월요일,대구광역시 북구 동천동,경상사고,0,0,1,0,차대차 - 추돌,안전운전불이행,건조,맑음,단일로 - 기타,원동기,남,19세,상해없음,승용,남,30세,경상
2019082600100718,2019년 8월 26일 23시,월요일,대구광역시 동구 효목동,경상사고,0,0,4,0,차대차 - 측면충돌,안전운전불이행,건조,맑음,교차로 - 교차로안,승용,남,27세,경상,승용,남,21세,경상
2019082700100040,2019년 8월 27일 00시,화요일,대구광역시 북구 동변동,중상사고,0,1,1,0,차대차 - 측면충돌,안전운전불이행,건조,맑음,단일로 - 기타,승용,남,59세,상해없음,승용,남,29세,중상
2019082700100050,2019년 8월 27일 01시,화요일,대구광역시 남구 봉덕동,경상사고,0,0,2,0,차대차 - 측면충돌,차로위반,건조,맑음,단일로 - 기타,승용,남,53세,경상,승용,남,46세,경상
2019082700100078,2019년 8월 27일 04시,화요일,대구광역시 북구 매천동,경상사고,0,0,1,0,차대사람 - 보도통행중,보행자보호의무위반,건조,맑음,교차로 - 교차로횡단보도내,화물,남,55세,상해없음,보행자,남,69세,경상
2019082700100103,2019년 8월 27일 06시,화요일,대구광역시 동구 신암동,경상사고,0,0,1,0,차대차 - 측면충돌,안전운전불이행,건조,맑음,단일로 - 기타,승용,남,54세,상해없음,이륜,남,38세,경상
2019082700100130,2019년 8월 27일 07시,화요일,대구광역시 동구 신천동,중상사고,0,1,0,0,차대사람 - 횡단중,안전운전불이행,건조,맑음,단일로 - 기타,승용,여,63세,상해없음,보행자,여,36세,중상
2019082700100131,2019년 8월 27일 07시,화요일,대구광역시 달서구 송현동,경상사고,0,0,2,0,차대차 - 측면충돌,안전운전불이행,건조,맑음,교차로 - 교차로부근,승용,여,23세,상해없음,승용,여,40세,경상
2019082700100172,2019년 8월 27일 08시,화요일,대구광역시 남구 대명동,경상사고,0,0,1,0,차대차 - 측면충돌,안전운전불이행,건조,맑음,단일로 - 기타,승용,남,24세,상해없음,승용,남,61세,경상
2019082700100173,2019년 8월 27일 08시,화요일,대구광역시 수성구 신매동,부상신고사고,0,0,0,1,차대사람 - 횡단중,안전운전불이행,건조,맑음,단일로 - 기타,기타불명,기타불명,미분류,기타불명,보행자,여,13세,부상신고
2019082700100174,2019년 8월 27일 08시,화요일,대구광역시 달성군 화원읍,중상사고,0,1,0,1,차대차 - 기타,신호위반,젖음/습기,비,교차로 - 교차로안,승용,남,48세,부상신고,승용,남,52세,중상
2019082700100175,2019년 8월 27일 08시,화요일,대구광역시 달성군 유가읍,경상사고,0,0,1,0,차대차 - 기타,안전거리미확보,건조,맑음,단일로 - 기타,화물,남,54세,상해없음,승용,여,56세,경상
2019082700100176,2019년 8월 27일 08시,화요일,대구광역시 북구 칠성동2가,경상사고,0,0,1,0,차대차 - 측면충돌,직진우회전진행방해,건조,맑음,교차로 - 교차로안,승용,남,38세,상해없음,승용,여,66세,경상
2019082700100177,2019년 8월 27일 08시,화요일,대구광역시 북구 산격동,경상사고,0,0,1,0,차대차 - 측면충돌,안전운전불이행,건조,맑음,단일로 - 기타,화물,남,59세,상해없음,화물,남,32세,경상
2019082700100178,2019년 8월 27일 08시,화요일,대구광역시 달서구 감삼동,중상사고,0,1,4,0,차대차 - 추돌,안전운전불이행,건조,맑음,단일로 - 기타,승용,남,70세,경상,화물,남,33세,경상
2019082700100214,2019년 8월 27일 09시,화요일,대구광역시 달서구 감삼동,경상사고,0,0,2,0,차대차 - 측면충돌,안전운전불이행,건조,맑음,단일로 - 기타,건설기계,남,56세,상해없음,승용,여,43세,경상
2019082700100247,2019년 8월 27일 10시,화요일,대구광역시 동구 방촌동,중상사고,0,1,0,0,차대사람 - 횡단중,안전운전불이행,건조,맑음,단일로 - 기타,승용,남,64세,상해없음,보행자,남,82세,중상
2019082700100248,2019년 8월 27일 10시,화요일,대구광역시 달서구 본동,경상사고,0,0,1,0,차대차 - 측면충돌,안전운전불이행,건조,맑음,단일로 - 기타,승용,남,62세,상해없음,화물,남,61세,경상
2019082700100249,2019년 8월 27일 10시,화요일,대구광역시 북구 동천동,경상사고,0,0,1,0,차대차 - 기타,교차로운행방법위반,젖음/습기,비,교차로 - 교차로안,승용,남,56세,상해없음,이륜,남,40세,경상
2019082700100250,2019년 8월 27일 10시,화요일,대구광역시 북구 국우동,중상사고,0,3,0,0,차대차 - 측면충돌,신호위반,젖음/습기,흐림,교차로 - 교차로안,승용,남,74세,중상,승용,여,43세,중상
2019082700100275,2019년 8월 27일 11시,화요일,대구광역시 북구 침산동,중상사고,0,1,0,0,차대차 - 기타,불법유턴,건조,맑음,교차로 - 교차로부근,이륜,남,63세,중상,화물,남,61세,상해없음
2019082700100276,2019년 8월 27일 11시,화요일,대구광역시 달서구 용산동,경상사고,0,0,1,0,차대차 - 측면충돌,안전거리미확보,젖음/습기,비,단일로 - 기타,화물,남,48세,상해없음,승용,남,37세,경상
2019082700100332,2019년 8월 27일 13시,화요일,대구광역시 달서구 감삼동,경상사고,0,0,2,0,차대차 - 측면충돌,안전운전불이행,젖음/습기,비,교차로 - 교차로안,승용,여,42세,상해없음,승용,남,28세,경상
2019082700100365,2019년 8월 27일 14시,화요일,대구광역시 수성구 범어동,경상사고,0,0,1,0,차대차 - 추돌,안전거리미확보,젖음/습기,비,단일로 - 기타,승용,남,51세,상해없음,승용,여,48세,경상
2019082700100366,2019년 8월 27일 14시,화요일,대구광역시 서구 평리동,경상사고,0,0,1,0,차량단독 - 기타,안전운전불이행,건조,맑음,단일로 - 기타,승합,남,50세,상해없음,,,,
2019082700100367,2019년 8월 27일 14시,화요일,대구광역시 달서구 호산동,경상사고,0,0,1,0,차대차 - 기타,신호위반,젖음/습기,비,교차로 - 교차로안,승용,여,57세,상해없음,승용,남,53세,경상
2019082700100441,2019년 8월 27일 16시,화요일,대구광역시 남구 대명동,경상사고,0,0,2,0,차대차 - 측면충돌,기타,젖음/습기,비,교차로 - 교차로안,원동기,여,55세,경상,승용,여,31세,경상
2019082700100442,2019년 8월 27일 16시,화요일,대구광역시 동구 검사동,경상사고,0,0,1,1,차대차 - 기타,안전거리미확보,젖음/습기,흐림,단일로 - 기타,화물,남,33세,부상신고,화물,남,60세,상해없음
2019082700100443,2019년 8월 27일 16시,화요일,대구광역시 수성구 두산동,경상사고,0,0,1,0,차대차 - 추돌,안전운전불이행,건조,맑음,교차로 - 교차로부근,승합,남,50세,상해없음,화물,남,59세,경상
2019082700100485,2019년 8월 27일 17시,화요일,대구광역시 북구 침산동,중상사고,0,1,0,0,차대차 - 측면충돌,안전운전불이행,건조,맑음,기타 - 기타,승용,여,40세,상해없음,자전거,남,11세,중상
2019082700100486,2019년 8월 27일 17시,화요일,대구광역시 중구 삼덕동2가,경상사고,0,0,1,0,차대사람 - 기타,안전운전불이행,건조,맑음,단일로 - 기타,승용,여,58세,상해없음,보행자,여,18세,경상
2019082700100566,2019년 8월 27일 19시,화요일,대구광역시 남구 대명동,중상사고,0,1,0,0,차대차 - 측면충돌,신호위반,건조,맑음,교차로 - 교차로안,이륜,남,22세,상해없음,이륜,남,23세,중상
2019082700100567,2019년 8월 27일 19시,화요일,대구광역시 수성구 범어동,경상사고,0,0,1,0,차대차 - 측면충돌,안전운전불이행,건조,맑음,교차로 - 교차로안,승용,남,29세,상해없음,승용,여,29세,경상
2019082700100568,2019년 8월 27일 19시,화요일,대구광역시 달성군 현풍읍,경상사고,0,0,2,0,차대차 - 후진중충돌,안전운전불이행,건조,맑음,교차로 - 교차로부근,승용,남,46세,상해없음,승용,남,23세,경상
2019082700100569,2019년 8월 27일 19시,화요일,대구광역시 북구 침산동,경상사고,0,0,1,0,차대차 - 추돌,안전운전불이행,건조,맑음,교차로 - 교차로부근,기타불명,기타불명,미분류,기타불명,이륜,남,38세,경상
2019082700100570,2019년 8월 27일 19시,화요일,대구광역시 중구 남산동,부상신고사고,0,0,0,1,차대차 - 측면충돌,안전거리미확보,건조,맑음,단일로 - 기타,화물,남,70세,상해없음,승용,여,38세,부상신고
2019082700100605,2019년 8월 27일 20시,화요일,대구광역시 남구 이천동,경상사고,0,0,2,0,차대차 - 기타,안전운전불이행,건조,맑음,단일로 - 기타,승용,남,60세,상해없음,승합,남,51세,경상
2019082700100606,2019년 8월 27일 20시,화요일,대구광역시 동구 율하동,경상사고,0,0,1,0,차대차 - 측면충돌,차로위반,건조,맑음,단일로 - 기타,승용,남,61세,상해없음,이륜,남,18세,경상