사고번호,사고일시,요일,시군구,사고내용,사망자수,중상자수,경상자수,부상신고자수,사고유형,법규위반,노면상태,기상상태,도로형태,가해운전자 차종,가해운전자 성별,가해운전자 연령,가해운전자 상해정도,피해운전자 차종,피해운전자 성별,피해운전자 연령,피해운전자 상해정도
2019083000100614,2019년 8월 30일 18시,금요일,대구광역시 동구 효목동,경상사고,0,0,1,0,차대차 - 측면충돌,안전거리미확보,건조,맑음,단일로 - 교량,승용,남,69세,상해없음,승용,남,26세,경상
2019083000100615,2019년 8월 30일 18시,금요일,대구광역시 달서구 월성동,중상사고,0,1,0,0,차대차 - 측면충돌,안전운전불이행,건조,맑음,단일로 - 기타,승용,남,66세,상해없음,개인형이동수단(PM),남,16세,중상
2019083000100616,2019년 8월 30일 18시,금요일,대구광역시 북구 노원동3가,중상사고,0,1,0,0,차대차 - 정면충돌,교차로운행방법위반,건조,맑음,교차로 - 교차로안,화물,남,51세,상해없음,이륜,남,50세,중상
2019083000100679,2019년 8월 30일 19시,금요일,대구광역시 수성구 중동,경상사고,0,0,1,0,차대차 - 측면충돌,안전운전불이행,건조,맑음,단일로 - 기타,승용,여,62세,상해없음,승용,남,40세,경상
2019083000100680,2019년 8월 30일 19시,금요일,대구광역시 달서구 대곡동,경상사고,0,0,1,0,차대차 - 측면충돌,안전운전불이행,건조,맑음,교차로 - 교차로부근,승용,남,39세,기타불명,승용,여,39세,경상
2019083000100681,2019년 8월 30일 19시,금요일,대구광역시 달성군 유가읍,중상사고,0,1,0,0,차대차 - 기타,안전거리미확보,건조,맑음,단일로 - 기타,승합,남,50세,상해없음,이륜,남,31세,중상
2019083000100682,2019년 8월 30일 19시,금요일,대구광역시 북구 침산동,경상사고,0,0,1,0,차대차 - 측면충돌,안전거리미확보,건조,맑음,단일로 - 기타,승용,남,43세,상해없음,승용,남,49세,경상
2019083000100717,2019년 8월 30일 20시,금요일,대구광역시 동구 용계동,중상사고,0,1,2,0,차대차 - 측면충돌,과속,건조,맑음,단일로 - 기타,승용,남,24세,경상,승용,여,63세,중상
2019083000100718,2019년 8월 30일 20시,금요일,대구광역시 달서구 진천동,경상사고,0,0,2,0,차대차 - 측면충돌,안전거리미확보,건조,맑음,교차로 - 교차로안,화물,남,57세,상해없음,승용,남,61세,경상
2019083000100719,2019년 8월 30일 20시,금요일,대구광역시 달서구 본리동,경상사고,0,0,1,0,차대차 - 추돌,안전운전불이행,건조,맑음,교차로 - 교차로부근,승용,남,65세,상해없음,승용,여,46세,경상
2019083000100750,2019년 8월 30일 21시,금요일,대구광역시 동구 율하동,중상사고,0,1,0,0,차대차 - 기타,신호위반,건조,맑음,교차로 - 교차로안,승용,남,71세,상해없음,승용,남,46세,중상
2019083000100751,2019년 8월 30일 21시,금요일,대구광역시 동구 불로동,경상사고,0,0,3,0,차대차 - 기타,안전거리미확보,건조,맑음,단일로 - 기타,원동기,남,16세,경상,승용,남,28세,경상
2019083000100752,2019년 8월 30일 21시,금요일,대구광역시 달서구 월성동,중상사고,0,1,0,0,차대사람 - 기타,기타,건조,맑음,단일로 - 기타,자전거,남,14세,상해없음,보행자,남,40세,중상
2019083000100787,2019년 8월 30일 22시,금요일,대구광역시 중구 공평동,부상신고사고,0,0,0,1,차대사람 - 기타,안전운전불이행,건조,맑음,단일로 - 기타,승용,남,41세,상해없음,보행자,남,19세,부상신고
2019083000100788,2019년 8월 30일 22시,금요일,대구광역시 달서구 본리동,경상사고,0,0,1,0,차대사람 - 기타,안전운전불이행,건조,맑음,단일로 - 기타,승용,남,30세,상해없음,보행자,남,42세,경상
2019083000100816,2019년 8월 30일 23시,금요일,대구광역시 달서구 성당동,부상신고사고,0,0,0,1,차대차 - 기타,기타,건조,맑음,교차로 - 교차로부근,이륜,남,38세,부상신고,승용,남,65세,상해없음
2019083100100042,2019년 8월 31일 00시,토요일,대구광역시 동구 신암동,경상사고,0,0,2,0,차대차 - 측면충돌,안전운전불이행,건조,맑음,교차로 - 교차로안,승용,남,35세,상해없음,승용,남,25세,경상
2019083100100043,2019년 8월 31일 00시,토요일,대구광역시 서구 내당동,경상사고,0,0,1,0,차대사람 - 기타,안전운전불이행,건조,맑음,단일로 - 기타,승용,남,22세,상해없음,보행자,남,55세,경상
2019083100100044,2019년 8월 31일 00시,토요일,대구광역시 달서구 신당동,경상사고,0,0,1,0,차대차 - 측면충돌,안전운전불이행,건조,맑음,기타 - 기타,승용,남,40세,상해없음,승용,여,32세,경상
2019083100100087,2019년 8월 31일 02시,토요일,대구광역시 달서구 상인동,경상사고,0,0,1,0,차대차 - 기타,안전운전불이행,건조,맑음,교차로 - 교차로부근,승용,남,62세,상해없음,이륜,남,23세,경상
2019083100100088,2019년 8월 31일 02시,토요일,대구광역시 중구 삼덕동1가,부상신고사고,0,0,0,1,차대차 - 측면충돌,안전운전불이행,건조,맑음,교차로 - 교차로부근,승용,남,20세,상해없음,승합,남,25세,부상신고
2019083100100102,2019년 8월 31일 03시,토요일,대구광역시 남구 봉덕동,경상사고,0,0,1,2,차대차 - 측면충돌,안전거리미확보,건조,맑음,교차로 - 교차로부근,승용,여,49세,경상,승용,남,26세,부상신고
2019083100100126,2019년 8월 31일 05시,토요일,대구광역시 수성구 지산동,중상사고,0,1,1,0,차대차 - 추돌,교차로운행방법위반,건조,맑음,교차로 - 교차로안,승용,남,54세,상해없음,이륜,남,26세,중상
2019083100100153,2019년 8월 31일 06시,토요일,대구광역시 수성구 상동,중상사고,0,1,1,0,차대차 - 정면충돌,신호위반,건조,맑음,교차로 - 교차로안,승용,남,47세,상해없음,승용,남,35세,경상
2019083100100233,2019년 8월 31일 09시,토요일,대구광역시 수성구 황금동,경상사고,0,0,1,0,차량단독 - 기타,안전운전불이행,건조,맑음,단일로 - 기타,승용,남,56세,상해없음,,,,
2019083100100234,2019년 8월 31일 09시,토요일,대구광역시 서구 평리동,부상신고사고,0,0,0,1,차대차 - 정면충돌,안전운전불이행,건조,맑음,교차로 - 교차로안,자전거,남,23세,부상신고,승용,남,68세,상해없음
2019083100100235,2019년 8월 31일 09시,토요일,대구광역시 중구 대봉동,중상사고,0,1,0,1,차대차 - 추돌,안전운전불이행,건조,맑음,단일로 - 기타,승용,여,51세,상해없음,승용,남,57세,중상
2019083100100276,2019년 8월 31일 10시,토요일,대구광역시 수성구 신매동,경상사고,0,0,1,0,차대차 - 추돌,안전운전불이행,건조,맑음,단일로 - 기타,화물,남,23세,상해없음,승용,여,54세,경상
2019083100100277,2019년 8월 31일 10시,토요일,대구광역시 달서구 용산동,중상사고,0,1,1,0,차대차 - 측면충돌,안전운전불이행,건조,맑음,기타 - 기타,승용,남,63세,상해없음,화물,남,66세,상해없음
2019083100100308,2019년 8월 31일 11시,토요일,대구광역시 북구 산격동,경상사고,0,0,1,0,차대차 - 측면충돌,안전운전불이행,건조,맑음,단일로 - 기타,승용,여,38세,상해없음,승용,여,46세,경상
2019083100100309,2019년 8월 31일 11시,토요일,대구광역시 중구 삼덕동3가,경상사고,0,0,2,1,차대차 - 측면충돌,교차로운행방법위반,건조,맑음,교차로 - 교차로안,승용,여,34세,부상신고,승용,남,32세,경상
2019083100100310,2019년 8월 31일 11시,토요일,대구광역시 북구 동변동,경상사고,0,0,1,0,차대차 - 기타,안전운전불이행,건조,맑음,단일로 - 기타,승용,남,61세,상해없음,승용,남,47세,경상
2019083100100311,2019년 8월 31일 11시,토요일,대구광역시 북구 구암동,중상사고,0,1,0,0,차대차 - 기타,안전거리미확보,건조,맑음,단일로 - 기타,화물,남,44세,상해없음,승합,남,50세,상해없음
2019083100100343,2019년 8월 31일 12시,토요일,대구광역시 달서구 상인동,중상사고,0,1,1,0,차대차 - 측면충돌,신호위반,건조,맑음,단일로 - 기타,승용,여,38세,경상,이륜,남,21세,중상
2019083100100344,2019년 8월 31일 12시,토요일,대구광역시 북구 사수동,경상사고,0,0,1,0,차대차 - 추돌,안전운전불이행,건조,맑음,교차로 - 교차로부근,승용,남,27세,기타불명,승용,남,52세,상해없음
2019083100100395,2019년 8월 31일 13시,토요일,대구광역시 달서구 대곡동,경상사고,0,0,1,0,차대차 - 추돌,안전운전불이행,건조,맑음,단일로 - 기타,승용,여,61세,상해없음,승용,여,32세,경상
2019083100100396,2019년 8월 31일 13시,토요일,대구광역시 북구 노원동3가,경상사고,0,0,1,0,차대차 - 기타,안전거리미확보,건조,맑음,단일로 - 기타,승합,남,71세,상해없음,승용,남,43세,경상
2019083100100397,2019년 8월 31일 13시,토요일,대구광역시 서구 내당동,경상사고,0,0,1,0,차대차 - 측면충돌,안전운전불이행,건조,맑음,교차로 - 교차로안,승용,남,79세,상해없음,자전거,남,60세,경상
2019083100100436,2019년 8월 31일 14시,토요일,대구광역시 동구 불로동,경상사고,0,0,1,1,차대차 - 측면충돌,안전거리미확보,건조,맑음,단일로 - 기타,승용,여,45세,상해없음,이륜,남,17세,부상신고
2019083100100437,2019년 8월 31일 14시,토요일,대구광역시 동구 지저동,경상사고,0,0,2,0,차대차 - 측면충돌,안전운전불이행,건조,맑음,단일로 - 기타,화물,남,64세,상해없음,승용,남,28세,경상
2019083100100438,2019년 8월 31일 14시,토요일,대구광역시 수성구 신매동,중상사고,0,1,1,0,차대사람 - 기타,안전운전불이행,건조,맑음,단일로 - 기타,자전거,남,46세,중상,보행자,여,13세,경상
2019083100100472,2019년 8월 31일 15시,토요일,대구광역시 북구 칠성동2가,경상사고,0,0,1,0,차대사람 - 길가장자리구역통행중,안전운전불이행,건조,맑음,교차로 - 교차로안,승용,여,27세,상해없음,보행자,남,55세,경상
2019083100100473,2019년 8월 31일 15시,토요일,대구광역시 북구 동천동,경상사고,0,0,1,0,차대차 - 추돌,안전운전불이행,건조,맑음,단일로 - 기타,특수,남,36세,기타불명,승용,남,45세,경상
2019083100100511,2019년 8월 31일 16시,토요일,대구광역시 중구 삼덕동3가,부상신고사고,0,0,0,1,차대차 - 후진중충돌,안전운전불이행,건조,맑음,단일로 - 기타,승용,여,37세,상해없음,승용,남,31세,부상신고
2019083100100512,2019년 8월 31일 16시,토요일,대구광역시 달서구 두류동,경상사고,0,0,1,0,차대사람 - 차도통행중,안전운전불이행,건조,맑음,단일로 - 기타,승용,남,58세,상해없음,보행자,남,5세,경상
2019083100100556,2019년 8월 31일 17시,토요일,대구광역시 남구 대명동,중상사고,0,1,0,0,차대차 - 측면충돌,안전운전불이행,건조,맑음,단일로 - 기타,승용,남,48세,상해없음,이륜,여,39세,중상
2019083100100594,2019년 8월 31일 18시,토요일,대구광역시 남구 대명동,경상사고,0,0,1,0,차대차 - 측면충돌,불법유턴,건조,맑음,단일로 - 지하차도(도로)내,승용,여,25세,상해없음,승용,남,44세,경상
2019083100100595,2019년 8월 31일 18시,토요일,대구광역시 동구 효목동,중상사고,0,1,0,0,차대차 - 측면충돌,교차로운행방법위반,건조,맑음,교차로 - 교차로안,승용,남,28세,상해없음,자전거,남,57세,중상
2019083100100596,2019년 8월 31일 18시,토요일,대구광역시 중구 문화동,경상사고,0,0,1,1,차대차 - 기타,안전거리미확보,건조,맑음,단일로 - 기타,기타불명,기타불명,미분류,기타불명,이륜,남,21세,경상
2019083100100597,2019년 8월 31일 18시,토요일,대구광역시 중구 대신동,경상사고,0,0,2,1,차대차 - 추돌,안전운전불이행,건조,맑음,단일로 - 기타,승용,여,64세,상해없음,승용,여,35세,경상
2019083100100598,2019년 8월 31일 18시,토요일,대구광역시 달서구 본리동,경상사고,0,0,1,0,차대차 - 기타,안전운전불이행,건조,맑음,단일로 - 기타,승용,남,67세,상해없음,이륜,남,46세,경상
2019083100100641,2019년 8월 31일 19시,토요일,대구광역시 동구 방촌동,경상사고,0,0,1,0,차대사람 - 기타,기타,건조,맑음,기타 - 기타,기타불명,기타불명,미분류,기타불명,보행자,남,42세,경상
2019083100100642,2019년 8월 31일 19시,토요일,대구광역시 달서구 송현동,중상사고,0,1,0,0,차대차 - 측면충돌,안전거리미확보,건조,맑음,단일로 - 기타,승용,남,64세,상해없음,이륜,남,75세,중상
2019083100100643,2019년 8월 31일 19시,토요일,대구광역시 중구 태평로2가,경상사고,0,0,1,0,차대차 - 측면충돌,기타,건조,맑음,교차로 - 교차로부근,승용,남,57세,상해없음,이륜,남,38세,경상
2019083100100644,2019년 8월 31일 19시,토요일,대구광역시 달서구 두류동,경상사고,0,0,1,0,차대차 - 측면충돌,안전운전불이행,건조,맑음,단일로 - 기타,이륜,남,56세,상해없음,자전거,남,71세,경상
2019083100100645,2019년 8월 31일 19시,토요일,대구광역시 달서구 장기동,경상사고,0,0,1,1,차대사람 - 횡단중,보행자보호의무위반,건조,맑음,단일로 - 기타,승용,여,55세,경상,보행자,남,57세,부상신고
2019083100100713,2019년 8월 31일 21시,토요일,대구광역시 달서구 월성동,중상사고,0,1,1,0,차대차 - 측면충돌,교차로운행방법위반,건조,맑음,교차로 - 교차로안,승용,여,57세,상해없음,이륜,남,24세,중상
2019083100100749,2019년 8월 31일 23시,토요일,대구광역시 달서구 성당동,경상사고,0,0,1,0,차대차 - 측면충돌,안전운전불이행,건조,맑음,교차로 - 교차로부근,승용,남,43세,상해없음,승용,남,62세,경상
2019090100100025,2019년 9월 1일 00시,일요일,대구광역시 수성구 매호동,경상사고,0,0,1,0,차대차 - 측면충돌,안전운전불이행,건조,맑음,단일로 - 기타,승용,남,22세,상해없음,자전거,남,55세,경상
2019090100100026,2019년 9월 1일 00시,일요일,대구광역시 중구 계산동2가,중상사고,0,1,0,1,차대차 - 측면충돌,안전운전불이행,건조,맑음,단일로 - 기타,승용,남,29세,부상신고,승용,남,50세,중상
2019090100100027,2019년 9월 1일 00시,일요일,대구광역시 달서구 본리동,경상사고,0,0,1,1,차대차 - 기타,안전운전불이행,건조,맑음,단일로 - 기타,이륜,남,28세,상해없음,승용,남,26세,경상
2019090100100046,2019년 9월 1일 01시,일요일,대구광역시 수성구 범어동,부상신고사고,0,0,0,2,차대사람 - 횡단중,안전운전불이행,건조,맑음,단일로 - 기타,이륜,남,22세,상해없음,보행자,남,33세,부상신고
2019090100100047,2019년 9월 1일 01시,일요일,대구광역시 북구 복현동,중상사고,0,1,0,0,차대차 - 추돌,안전운전불이행,건조,맑음,단일로 - 기타,승용,남,23세,기타불명,승용,남,42세,중상
2019090100100048,2019년 9월 1일 01시,일요일,대구광역시 달서구 장기동,경상사고,0,0,1,0,차대사람 - 기타,안전운전불이행,건조,맑음,교차로 - 교차로안,승용,남,35세,기타불명,보행자,남,25세,경상
2019090100100062,2019년 9월 1일 02시,일요일,대구광역시 서구 내당동,중상사고,0,1,0,0,차대사람 - 기타,과속,건조,맑음,단일로 - 기타,승용,남,44세,상해없음,보행자,남,47세,중상
2019090100100269,2019년 9월 1일 14시,일요일,대구광역시 남구 대명동,경상사고,0,0,1,0,차대차 - 측면충돌,직진우회전진행방해,건조,맑음,교차로 - 교차로안,승용,남,64세,상해없음,이륜,남,39세,경상
2019090100100394,2019년 9월 1일 18시,일요일,대구광역시 동구 신천동,부상신고사고,0,0,0,3,차대차 - 추돌,안전운전불이행,건조,맑음,교차로 - 교차로부근,기타불명,기타불명,미분류,기타불명,승용,남,64세,부상신고
2019090100100395,2019년 9월 1일 18시,일요일,대구광역시 북구 침산동,경상사고,0,0,4,0,차대차 - 정면충돌,신호위반,건조,맑음,교차로 - 교차로안,승용,여,66세,상해없음,승용,남,45세,경상
2019090100100434,2019년 9월 1일 19시,일요일,대구광역시 서구 내당동,중상사고,0,1,0,0,차량단독 - 기타,기타,건조,맑음,단일로 - 기타,승합,남,57세,상해없음,,,,
2019090100100435,2019년 9월 1일 19시,일요일,대구광역시 중구 동인동4가,경상사고,0,0,1,0,차대차 - 측면충돌,중앙선침범,건조,맑음,단일로 - 기타,승용,남,87세,상해없음,승용,남,61세,경상
2019090100100436,2019년 9월 1일 19시,일요일,대구광역시 달서구 호산동,중상사고,0,1,0,0,차대사람 - 횡단중,신호위반,건조,맑음,교차로 - 교차로안,이륜,남,27세,상해없음,보행자,남,21세,중상
2019090100100472,2019년 9월 1일 20시,일요일,대구광역시 남구 대명동,경상사고,0,0,1,0,차대차 - 측면충돌,신호위반,건조,맑음,교차로 - 교차로부근,승용,남,44세,상해없음,승용,여,65세,경상
2019090100100473,2019년 9월 1일 20시,일요일,대구광역시 북구 칠성동2가,경상사고,0,0,1,0,차대차 - 후진중충돌,불법유턴,건조,맑음,기타 - 기타,승용,남,38세,기타불명,승용,남,27세,상해없음
2019090100100519,2019년 9월 1일 23시,일요일,대구광역시 달서구 월성동,경상사고,0,0,2,0,차대차 - 추돌,안전운전불이행,젖음/습기,흐림,교차로 - 교차로부근,승용,남,50세,상해없음,승용,남,56세,경상
2019090100100520,2019년 9월 1일 23시,일요일,대구광역시 북구 동천동,중상사고,0,1,1,0,차대차 - 기타,신호위반,건조,맑음,교차로 - 교차로안,이륜,남,22세,중상,승용,남,57세,상해없음
2019090200100033,2019년 9월 2일 00시,월요일,대구광역시 수성구 두산동,부상신고사고,0,0,0,1,차대차 - 측면충돌,안전운전불이행,건조,맑음,단일로 - 기타,승용,남,44세,상해없음,승용,남,45세,기타불명
2019090200100043,2019년 9월 2일 01시,월요일,대구광역시 북구 침산동,경상사고,0,0,2,0,차대차 - 측면충돌,신호위반,건조,맑음,단일로 - 기타,승용,남,25세,상해없음,승용,남,29세,경상
2019090200100103,2019년 9월 2일 07시,월요일,대구광역시 달서구 진천동,경상사고,0,0,1,0,차대차 - 측면충돌,신호위반,건조,맑음,교차로 - 교차로안,승용,여,45세,상해없음,승용,남,34세,경상
2019090200100158,2019년 9월 2일 08시,월요일,대구광역시 동구 율하동,중상사고,0,1,1,0,차대차 - 측면충돌,안전운전불이행,건조,맑음,교차로 - 교차로횡단보도내,승용,여,55세,상해없음,자전거,남,63세,중상
2019090200100202,2019년 9월 2일 09시,월요일,대구광역시 동구 효목동,경상사고,0,0,1,0,차대차 - 기타,중앙선침범,건조,맑음,단일로 - 기타,자전거,남,58세,경상,승용,남,63세,상해없음
2019090200100203,2019년 9월 2일 09시,월요일,대구광역시 수성구 지산동,중상사고,0,2,2,0,차대차 - 추돌,안전운전불이행,젖음/습기,비,교차로 - 교차로부근,승합,남,24세,상해없음,승용,남,55세,경상
2019090200100204,2019년 9월 2일 09시,월요일,대구광역시 수성구 황금동,중상사고,0,1,0,0,차대차 - 측면충돌,신호위반,젖음/습기,비,교차로 - 교차로부근,승용,남,53세,상해없음,승용,남,61세,중상
2019090200100243,2019년 9월 2일 10시,월요일,대구광역시 수성구 황금동,경상사고,0,0,1,0,차대차 - 추돌,안전운전불이행,젖음/습기,비,교차로 - 교차로부근,승용,남,70세,상해없음,승용,여,38세,경상
2019090200100279,2019년 9월 2일 11시,월요일,대구광역시 동구 율하동,중상사고,0,1,0,1,차대차 - 후진중충돌,불법유턴,건조,맑음,단일로 - 기타,승용,남,58세,상해없음,이륜,남,19세,부상신고
2019090200100316,2019년 9월 2일 12시,월요일,대구광역시 달서구 월암동,경상사고,0,0,1,0,차대차 - 측면충돌,교차로운행방법위반,젖음/습기,비,교차로 - 교차로안,화물,남,51세,상해없음,이륜,남,48세,경상
2019090200100317,2019년 9월 2일 12시,월요일,대구광역시 중구 태평로1가,중상사고,0,1,0,0,차량단독 - 기타,기타,젖음/습기,비,단일로 - 기타,승용,남,76세,상해없음,,,,
2019090200100318,2019년 9월 2일 12시,월요일,대구광역시 북구 읍내동,중상사고,0,1,0,0,차대차 - 기타,교차로운행방법위반,젖음/습기,비,교차로 - 교차로부근,원동기,남,53세,중상,승용,여,56세,상해없음
2019090200100319,2019년 9월 2일 12시,월요일,대구광역시 북구 동천동,경상사고,0,0,1,1,차대차 - 측면충돌,교차로운행방법위반,젖음/습기,비,교차로 - 교차로안,승용,여,30세,부상신고,승용,남,56세,경상
2019090200100395,2019년 9월 2일 14시,월요일,대구광역시 남구 이천동,중상사고,0,1,0,0,차대차 - 측면충돌,안전운전불이행,젖음/습기,흐림,단일로 - 기타,승용,남,34세,상해없음,이륜,남,34세,중상
2019090200100396,2019년 9월 2일 14시,월요일,대구광역시 북구 침산동,중상사고,0,1,0,0,차대사람 - 횡단중,기타,건조,맑음,단일로 - 기타,승용,남,74세,상해없음,보행자,남,10세,중상
2019090200100397,2019년 9월 2일 14시,월요일,대구광역시 중구 동인동2가,경상사고,0,0,1,0,차대차 - 측면충돌,기타,건조,맑음,단일로 - 기타,승용,남,72세,상해없음,이륜,남,41세,경상
2019090200100398,2019년 9월 2일 14시,월요일,대구광역시 달서구 두류동,경상사고,0,0,1,0,차대사람 - 기타,기타,젖음/습기,비,교차로 - 교차로부근,승용,남,73세,상해없음,보행자,남,60세,경상
2019090200100426,2019년 9월 2일 15시,월요일,대구광역시 수성구 범물동,경상사고,0,0,1,0,차대사람 - 횡단중,안전운전불이행,젖음/습기,비,단일로 - 기타,승용,여,53세,상해없음,보행자,여,12세,경상
2019090200100427,2019년 9월 2일 15시,월요일,대구광역시 수성구 만촌동,경상사고,0,0,2,0,차대차 - 기타,안전운전불이행,건조,맑음,기타 - 기타,승용,남,70세,상해없음,승용,여,60세,경상
2019090200100428,2019년 9월 2일 15시,월요일,대구광역시 달서구 월성동,경상사고,0,0,1,0,차대차 - 측면충돌,신호위반,건조,맑음,교차로 - 교차로안,승용,여,68세,상해없음,이륜,남,26세,경상
2019090200100429,2019년 9월 2일 15시,월요일,대구광역시 달성군 다사읍,중상사고,0,1,0,0,차대차 - 추돌,안전운전불이행,건조,맑음,교차로 - 교차로부근,화물,남,60세,상해없음,승용,여,59세,중상
2019090200100430,2019년 9월 2일 15시,월요일,대구광역시 달서구 신당동,부상신고사고,0,0,0,1,차대차 - 측면충돌,안전거리미확보,건조,맑음,단일로 - 기타,승용,여,74세,부상신고,승용,남,37세,상해없음
2019090200100460,2019년 9월 2일 16시,월요일,대구광역시 수성구 만촌동,부상신고사고,0,0,0,1,차대차 - 측면충돌,신호위반,건조,맑음,교차로 - 교차로안,자전거,여,19세,부상신고,승용,남,48세,상해없음
2019090200100541,2019년 9월 2일 18시,월요일,대구광역시 남구 봉덕동,경상사고,0,0,5,0,차대차 - 측면충돌,교차로운행방법위반,건조,맑음,교차로 - 교차로안,승용,남,18세,경상,화물,남,57세,경상
2019090200100542,2019년 9월 2일 18시,월요일,대구광역시 달서구 대곡동,부상신고사고,0,0,0,1,차대차 - 측면충돌,안전거리미확보,젖음/습기,비,단일로 - 기타,이륜,남,18세,상해없음,승용,남,41세,상해없음
2019090200100543,2019년 9월 2일 18시,월요일,대구광역시 달서구 본리동,경상사고,0,0,1,0,차대차 - 기타,안전거리미확보,건조,맑음,단일로 - 기타,승용,남,36세,상해없음,승용,남,28세,경상
2019090200100606,2019년 9월 2일 19시,월요일,대구광역시 동구 방촌동,경상사고,0,0,1,0,차대사람 - 횡단중,안전운전불이행,젖음/습기,비,교차로 - 교차로안,승용,남,47세,상해없음,보행자,여,23세,경상
2019090200100607,2019년 9월 2일 19시,월요일,대구광역시 북구 관음동,경상사고,0,0,1,0,차대사람 - 횡단중,보행자보호의무위반,젖음/습기,비,교차로 - 교차로횡단보도내,승용,여,39세,상해없음,보행자,여,52세,경상
2019090200100662,2019년 9월 2일 20시,월요일,대구광역시 수성구 두산동,경상사고,0,0,2,0,차대차 - 측면충돌,안전운전불이행,젖음/습기,비,단일로 - 기타,이륜,남,23세,경상,이륜,남,23세,경상
2019090200100663,2019년 9월 2일 20시,월요일,대구광역시 달서구 감삼동,중상사고,0,1,1,0,차대사람 - 기타,안전운전불이행,건조,맑음,교차로 - 교차로안,승용,남,31세,상해없음,보행자,여,36세,중상
2019090200100664,2019년 9월 2일 20시,월요일,대구광역시 달서구 갈산동,중상사고,0,1,0,0,차대차 - 기타,안전운전불이행,젖음/습기,맑음,단일로 - 기타,승용,남,38세,상해없음,이륜,남,36세,중상
2019090200100665,2019년 9월 2일 20시,월요일,대구광역시 달서구 성당동,경상사고,0,0,1,0,차대차 - 측면충돌,안전거리미확보,건조,맑음,단일로 - 기타,화물,남,51세,상해없음,이륜,남,36세,경상
2019090200100690,2019년 9월 2일 21시,월요일,대구광역시 동구 검사동,중상사고,0,1,0,0,차대차 - 기타,안전거리미확보,젖음/습기,비,단일로 - 교량,승합,남,49세,상해없음,이륜,남,16세,중상
2019090200100691,2019년 9월 2일 21시,월요일,대구광역시 중구 동산동,경상사고,0,0,1,0,차대차 - 측면충돌,안전거리미확보,건조,흐림,단일로 - 기타,승합,남,43세,상해없음,이륜,남,45세,경상
2019090200100723,2019년 9월 2일 22시,월요일,대구광역시 수성구 황금동,경상사고,0,0,4,0,차대차 - 측면충돌,신호위반,건조,맑음,교차로 - 교차로안,승용,남,61세,상해없음,승용,남,21세,경상
2019090200100724,2019년 9월 2일 22시,월요일,대구광역시 서구 평리동,중상사고,0,1,0,0,차대차 - 측면충돌,안전거리미확보,건조,맑음,단일로 - 기타,승용,남,72세,상해없음,이륜,남,53세,중상
2019090200100725,2019년 9월 2일 22시,월요일,대구광역시 달서구 호산동,경상사고,0,0,1,0,차대차 - 측면충돌,안전거리미확보,젖음/습기,비,단일로 - 기타,승용,남,28세,상해없음,승용,여,48세,경상
2019090200100749,2019년 9월 2일 23시,월요일,대구광역시 북구 대현동,경상사고,0,0,1,0,차대차 - 측면충돌,안전거리미확보,건조,맑음,단일로 - 기타,승용,남,60세,상해없음,승용,남,25세,경상
2019090200100750,2019년 9월 2일 23시,월요일,대구광역시 달서구 성당동,경상사고,0,0,1,0,차대차 - 측면충돌,안전운전불이행,건조,맑음,교차로 - 교차로안,승용,여,62세,상해없음,화물,남,51세,경상
2019090300100035,2019년 9월 3일 00시,화요일,대구광역시 북구 복현동,경상사고,0,0,1,0,차대차 - 추돌,안전운전불이행,젖음/습기,비,단일로 - 교량,승용,남,29세,상해없음,승용,여,30세,경상
2019090300100036,2019년 9월 3일 00시,화요일,대구광역시 달서구 감삼동,중상사고,0,1,0,0,차대사람 - 횡단중,안전운전불이행,젖음/습기,맑음,단일로 - 기타,승용,여,49세,상해없음,보행자,남,26세,중상
2019090300100043,2019년 9월 3일 01시,화요일,대구광역시 남구 대명동,중상사고,0,1,1,1,차대차 - 측면충돌,안전운전불이행,젖음/습기,비,교차로 - 교차로부근,승용,남,42세,부상신고,승용,남,28세,중상
2019090300100044,2019년 9월 3일 01시,화요일,대구광역시 수성구 범어동,경상사고,0,0,1,0,차대차 - 측면충돌,안전운전불이행,젖음/습기,비,교차로 - 교차로안,승용,남,30세,상해없음,승용,남,64세,경상
2019090300100045,2019년 9월 3일 01시,화요일,대구광역시 수성구 두산동,경상사고,0,0,1,0,차대사람 - 기타,안전운전불이행,젖음/습기,비,단일로 - 기타,승용,남,47세,상해없음,보행자,남,28세,경상
2019090300100053,2019년 9월 3일 02시,화요일,대구광역시 남구 이천동,경상사고,0,0,1,0,차량단독 - 전도전복 - 전복,안전운전불이행,젖음/습기,비,단일로 - 기타,승용,남,53세,경상,,,,
2019090300100054,2019년 9월 3일 02시,화요일,대구광역시 서구 상리동,경상사고,0,0,1,1,차대차 - 추돌,과속,젖음/습기,비,단일로 - 기타,승용,남,64세,부상신고,승용,남,57세,상해없음
2019090300100075,2019년 9월 3일 05시,화요일,대구광역시 달서구 월성동,중상사고,0,1,2,0,차대차 - 측면충돌,신호위반,건조,맑음,교차로 - 교차로안,승용,여,25세,경상,승용,남,39세,경상
2019090300100076,2019년 9월 3일 05시,화요일,대구광역시 달서구 성당동,부상신고사고,0,0,0,1,차대사람 - 기타,안전운전불이행,건조,맑음,기타 - 기타,승용,여,34세,상해없음,보행자,남,81세,부상신고
2019090300100111,2019년 9월 3일 07시,화요일,대구광역시 동구 신암동,중상사고,0,1,0,0,차량단독 - 기타,안전운전불이행,젖음/습기,비,단일로 - 기타,승합,남,60세,상해없음,,,,