사고번호,사고일시,요일,시군구,사고내용,사망자수,중상자수,경상자수,부상신고자수,사고유형,법규위반,노면상태,기상상태,도로형태,가해운전자 차종,가해운전자 성별,가해운전자 연령,가해운전자 상해정도,피해운전자 차종,피해운전자 성별,피해운전자 연령,피해운전자 상해정도
2019092400100448,2019년 9월 24일 15시,화요일,대구광역시 달성군 화원읍,중상사고,0,1,0,0,차대차 - 정면충돌,안전운전불이행,건조,맑음,교차로 - 교차로부근,자전거,남,60세,중상,자전거,여,66세,상해없음
2019092400100449,2019년 9월 24일 15시,화요일,대구광역시 중구 서성로2가,중상사고,0,1,0,0,차대사람 - 횡단중,안전운전불이행,건조,맑음,교차로 - 교차로횡단보도내,승합,남,57세,상해없음,보행자,남,73세,중상
2019092400100450,2019년 9월 24일 15시,화요일,대구광역시 북구 동천동,경상사고,0,0,2,0,차대차 - 기타,안전거리미확보,건조,맑음,단일로 - 기타,승용,여,70세,상해없음,승합,남,59세,경상
2019092400100493,2019년 9월 24일 16시,화요일,대구광역시 수성구 범어동,경상사고,0,0,1,0,차대차 - 측면충돌,안전운전불이행,건조,맑음,단일로 - 기타,승용,여,38세,상해없음,승용,여,50세,경상
2019092400100494,2019년 9월 24일 16시,화요일,대구광역시 달성군 유가읍,경상사고,0,0,2,0,차대차 - 추돌,안전운전불이행,건조,맑음,단일로 - 기타,승용,여,62세,경상,승용,남,39세,경상
2019092400100495,2019년 9월 24일 16시,화요일,대구광역시 달성군 화원읍,경상사고,0,0,1,0,차대차 - 추돌,안전운전불이행,건조,맑음,단일로 - 기타,승용,여,33세,상해없음,승용,남,59세,경상
2019092400100496,2019년 9월 24일 16시,화요일,대구광역시 북구 구암동,중상사고,0,2,6,0,차대차 - 측면충돌,안전운전불이행,건조,맑음,단일로 - 기타,승용,남,63세,중상,승합,남,59세,상해없음
2019092400100539,2019년 9월 24일 17시,화요일,대구광역시 동구 신서동,경상사고,0,0,2,0,차대차 - 추돌,안전거리미확보,건조,맑음,단일로 - 기타,승용,남,53세,상해없음,승용,남,63세,경상
2019092400100540,2019년 9월 24일 17시,화요일,대구광역시 달성군 하빈면,중상사고,0,1,0,0,차대차 - 측면충돌,안전운전불이행,건조,맑음,단일로 - 기타,화물,남,61세,상해없음,화물,남,44세,중상
2019092400100541,2019년 9월 24일 17시,화요일,대구광역시 달성군 화원읍,경상사고,0,0,2,0,차대차 - 기타,안전운전불이행,건조,맑음,교차로 - 교차로부근,승합,남,28세,상해없음,승용,남,45세,경상
2019092400100542,2019년 9월 24일 17시,화요일,대구광역시 북구 노원동3가,경상사고,0,0,3,0,차대차 - 측면충돌,안전거리미확보,건조,맑음,단일로 - 기타,승용,남,59세,상해없음,승용,남,26세,경상
2019092400100602,2019년 9월 24일 18시,화요일,대구광역시 동구 동호동,부상신고사고,0,0,0,1,차대차 - 기타,안전운전불이행,건조,맑음,단일로 - 기타,자전거,남,62세,부상신고,승용,남,44세,상해없음
2019092400100603,2019년 9월 24일 18시,화요일,대구광역시 북구 침산동,경상사고,0,0,2,0,차대차 - 측면충돌,안전운전불이행,건조,맑음,교차로 - 교차로부근,승용,남,51세,상해없음,승합,남,63세,경상
2019092400100652,2019년 9월 24일 19시,화요일,대구광역시 동구 효목동,경상사고,0,0,1,0,차대차 - 측면충돌,안전운전불이행,건조,맑음,단일로 - 기타,승용,남,47세,상해없음,자전거,남,44세,경상
2019092400100653,2019년 9월 24일 19시,화요일,대구광역시 수성구 범어동,경상사고,0,0,1,0,차대차 - 기타,안전거리미확보,건조,맑음,단일로 - 기타,승용,여,39세,상해없음,승합,남,57세,경상
2019092400100654,2019년 9월 24일 19시,화요일,대구광역시 수성구 만촌동,부상신고사고,0,0,0,1,차대사람 - 기타,안전운전불이행,건조,맑음,단일로 - 기타,승용,남,42세,상해없음,보행자,남,33세,부상신고
2019092400100655,2019년 9월 24일 19시,화요일,대구광역시 북구 복현동,사망사고,1,0,0,0,차량단독 - 전도전복 - 전도,안전운전불이행,건조,맑음,단일로 - 기타,자전거,남,63세,사망,,,,
2019092400100656,2019년 9월 24일 19시,화요일,대구광역시 서구 평리동,중상사고,0,1,0,0,차대사람 - 차도통행중,신호위반,건조,맑음,단일로 - 기타,이륜,남,27세,상해없음,보행자,여,67세,중상
2019092400100688,2019년 9월 24일 20시,화요일,대구광역시 수성구 지산동,부상신고사고,0,0,0,1,차대차 - 측면충돌,기타,건조,맑음,단일로 - 기타,승용,남,52세,상해없음,이륜,남,40세,부상신고
2019092400100719,2019년 9월 24일 21시,화요일,대구광역시 동구 신서동,경상사고,0,0,1,0,차대차 - 측면충돌,직진우회전진행방해,건조,맑음,교차로 - 교차로안,승용,남,49세,상해없음,승용,여,58세,경상
2019092400100720,2019년 9월 24일 21시,화요일,대구광역시 달성군 현풍읍,경상사고,0,0,2,0,차대사람 - 횡단중,안전운전불이행,건조,맑음,교차로 - 교차로안,승용,남,40세,상해없음,보행자,여,34세,상해없음
2019092400100721,2019년 9월 24일 21시,화요일,대구광역시 북구 산격동,경상사고,0,0,1,0,차대사람 - 기타,안전운전불이행,건조,맑음,교차로 - 교차로부근,기타불명,남,미분류,기타불명,보행자,남,20세,경상
2019092400100722,2019년 9월 24일 21시,화요일,대구광역시 달서구 신당동,경상사고,0,0,1,0,차대사람 - 기타,안전운전불이행,건조,맑음,단일로 - 기타,승용,여,55세,상해없음,보행자,여,19세,경상
2019092500100052,2019년 9월 25일 01시,수요일,대구광역시 달서구 진천동,경상사고,0,0,1,0,차대차 - 추돌,안전운전불이행,건조,맑음,단일로 - 기타,승용,여,57세,상해없음,승용,여,51세,경상
2019092500100064,2019년 9월 25일 03시,수요일,대구광역시 남구 봉덕동,중상사고,0,2,0,0,차대차 - 정면충돌,신호위반,건조,맑음,교차로 - 교차로안,승용,남,55세,상해없음,승용,남,65세,중상
2019092500100118,2019년 9월 25일 07시,수요일,대구광역시 남구 대명동,경상사고,0,0,2,0,차대차 - 측면충돌,안전운전불이행,건조,맑음,단일로 - 기타,승용,여,73세,상해없음,승용,남,35세,경상
2019092500100119,2019년 9월 25일 07시,수요일,대구광역시 수성구 고모동,경상사고,0,0,1,0,차대차 - 측면충돌,신호위반,건조,맑음,교차로 - 교차로안,화물,남,27세,상해없음,승용,남,54세,경상
2019092500100120,2019년 9월 25일 07시,수요일,대구광역시 북구 노원동2가,중상사고,0,1,0,0,차대차 - 측면충돌,교차로운행방법위반,건조,맑음,교차로 - 교차로안,승용,여,63세,상해없음,이륜,남,65세,중상
2019092500100156,2019년 9월 25일 08시,수요일,대구광역시 북구 국우동,경상사고,0,0,1,0,차대차 - 측면충돌,안전운전불이행,건조,맑음,단일로 - 기타,승용,남,33세,상해없음,승용,여,39세,경상
2019092500100204,2019년 9월 25일 09시,수요일,대구광역시 달서구 용산동,경상사고,0,0,1,0,차대사람 - 횡단중,보행자보호의무위반,건조,맑음,단일로 - 기타,승용,여,48세,상해없음,보행자,남,68세,경상
2019092500100274,2019년 9월 25일 11시,수요일,대구광역시 남구 대명동,경상사고,0,0,2,0,차대차 - 측면충돌,안전운전불이행,건조,맑음,교차로 - 교차로부근,승용,남,74세,상해없음,승용,여,30세,경상
2019092500100275,2019년 9월 25일 11시,수요일,대구광역시 중구 계산동2가,경상사고,0,0,2,0,차대차 - 측면충돌,직진우회전진행방해,건조,맑음,교차로 - 교차로부근,승용,남,55세,상해없음,이륜,남,20세,경상
2019092500100276,2019년 9월 25일 11시,수요일,대구광역시 중구 대신동,부상신고사고,0,0,0,1,차대차 - 기타,안전운전불이행,건조,맑음,단일로 - 기타,이륜,남,36세,부상신고,이륜,남,74세,상해없음
2019092500100277,2019년 9월 25일 11시,수요일,대구광역시 중구 동인동2가,부상신고사고,0,0,0,1,차대차 - 추돌,안전운전불이행,건조,맑음,교차로 - 교차로부근,기타불명,기타불명,미분류,기타불명,기타불명,기타불명,미분류,기타불명
2019092500100302,2019년 9월 25일 12시,수요일,대구광역시 남구 대명동,경상사고,0,0,2,0,차대차 - 측면충돌,직진우회전진행방해,건조,맑음,교차로 - 교차로안,화물,남,37세,상해없음,승용,남,29세,경상
2019092500100328,2019년 9월 25일 13시,수요일,대구광역시 수성구 범어동,경상사고,0,0,2,1,차대차 - 추돌,안전거리미확보,건조,맑음,교차로 - 교차로안,이륜,남,31세,부상신고,승용,여,52세,경상
2019092500100365,2019년 9월 25일 14시,수요일,대구광역시 수성구 범어동,경상사고,0,0,2,1,차대차 - 측면충돌,안전운전불이행,건조,맑음,단일로 - 기타,승용,여,46세,기타불명,승용,남,36세,경상
2019092500100401,2019년 9월 25일 15시,수요일,대구광역시 동구 신기동,경상사고,0,0,1,0,차대사람 - 기타,기타,건조,맑음,교차로 - 교차로부근,승용,남,36세,상해없음,보행자,남,67세,경상
2019092500100402,2019년 9월 25일 15시,수요일,대구광역시 동구 방촌동,사망사고,1,0,0,0,차대차 - 추돌,불법유턴,건조,맑음,교차로 - 교차로부근,자전거,여,65세,사망,화물,남,64세,상해없음
2019092500100403,2019년 9월 25일 15시,수요일,대구광역시 북구 칠성동2가,경상사고,0,0,1,0,차대사람 - 기타,안전운전불이행,건조,맑음,단일로 - 기타,화물,여,65세,기타불명,보행자,남,41세,경상
2019092500100404,2019년 9월 25일 15시,수요일,대구광역시 북구 노원동3가,경상사고,0,0,1,0,차대차 - 기타,안전운전불이행,건조,맑음,단일로 - 기타,승용,남,59세,상해없음,화물,남,40세,경상
2019092500100405,2019년 9월 25일 15시,수요일,대구광역시 중구 남성로,부상신고사고,0,0,0,1,차대사람 - 횡단중,안전운전불이행,건조,맑음,교차로 - 교차로횡단보도내,기타불명,기타불명,미분류,기타불명,보행자,여,36세,부상신고
2019092500100450,2019년 9월 25일 16시,수요일,대구광역시 달서구 죽전동,경상사고,0,0,2,0,차대차 - 측면충돌,안전거리미확보,건조,맑음,단일로 - 기타,화물,남,60세,상해없음,승용,남,67세,경상
2019092500100495,2019년 9월 25일 17시,수요일,대구광역시 수성구 파동,경상사고,0,0,2,0,차대차 - 추돌,안전운전불이행,건조,맑음,단일로 - 기타,승용,여,46세,경상,승용,여,47세,경상
2019092500100496,2019년 9월 25일 17시,수요일,대구광역시 달서구 용산동,경상사고,0,0,4,0,차대차 - 측면충돌,안전운전불이행,건조,맑음,단일로 - 기타,승용,남,22세,상해없음,승합,남,62세,상해없음
2019092500100497,2019년 9월 25일 17시,수요일,대구광역시 달서구 감삼동,경상사고,0,0,1,0,차대차 - 측면충돌,안전운전불이행,건조,맑음,단일로 - 기타,승용,남,63세,상해없음,자전거,남,57세,경상
2019092500100542,2019년 9월 25일 18시,수요일,대구광역시 달서구 대천동,중상사고,0,1,2,0,차대차 - 추돌,안전운전불이행,건조,맑음,단일로 - 기타,승용,여,49세,상해없음,승용,남,44세,경상
2019092500100547,2019년 9월 25일 18시,수요일,대구광역시 달서구 송현동,부상신고사고,0,0,0,2,차대차 - 추돌,안전거리미확보,건조,맑음,단일로 - 기타,자전거,남,14세,부상신고,이륜,남,59세,부상신고
2019092500100548,2019년 9월 25일 18시,수요일,대구광역시 달성군 유가읍,경상사고,0,0,2,1,차대사람 - 횡단중,보행자보호의무위반,건조,맑음,교차로 - 교차로횡단보도내,승용,남,30세,상해없음,보행자,여,1세,부상신고
2019092500100549,2019년 9월 25일 18시,수요일,대구광역시 달성군 다사읍,경상사고,0,0,4,0,차대차 - 기타,안전운전불이행,건조,맑음,단일로 - 기타,승용,여,49세,경상,승용,남,43세,경상
2019092500100550,2019년 9월 25일 18시,수요일,대구광역시 달서구 용산동,경상사고,0,0,1,0,차대사람 - 차도통행중,기타,건조,흐림,단일로 - 기타,승용,여,37세,상해없음,보행자,남,56세,경상
2019092500100551,2019년 9월 25일 18시,수요일,대구광역시 북구 서변동,경상사고,0,0,2,0,차대차 - 기타,신호위반,건조,맑음,교차로 - 교차로안,이륜,남,22세,경상,승용,남,49세,기타불명
2019092500100592,2019년 9월 25일 19시,수요일,대구광역시 남구 대명동,경상사고,0,0,1,0,차대차 - 기타,안전거리미확보,건조,맑음,단일로 - 기타,승용,여,76세,상해없음,원동기,남,34세,경상
2019092500100593,2019년 9월 25일 19시,수요일,대구광역시 수성구 파동,중상사고,0,1,0,0,차대사람 - 횡단중,안전운전불이행,건조,맑음,단일로 - 기타,승용,여,33세,상해없음,보행자,여,55세,중상
2019092500100594,2019년 9월 25일 19시,수요일,대구광역시 수성구 상동,부상신고사고,0,0,0,1,차대차 - 측면충돌,안전거리미확보,건조,맑음,교차로 - 교차로부근,승용,남,39세,상해없음,승용,남,20세,부상신고
2019092500100595,2019년 9월 25일 19시,수요일,대구광역시 북구 칠성동2가,경상사고,0,0,1,0,차대차 - 측면충돌,불법유턴,건조,맑음,단일로 - 기타,승용,남,68세,상해없음,승용,남,48세,경상
2019092500100596,2019년 9월 25일 19시,수요일,대구광역시 북구 침산동,경상사고,0,0,1,0,차대차 - 측면충돌,안전운전불이행,건조,맑음,단일로 - 기타,승용,남,45세,상해없음,승용,여,44세,경상
2019092500100597,2019년 9월 25일 19시,수요일,대구광역시 서구 평리동,경상사고,0,0,1,0,차대차 - 측면충돌,안전운전불이행,건조,맑음,교차로 - 교차로안,이륜,남,25세,경상,승용,남,68세,상해없음
2019092500100598,2019년 9월 25일 19시,수요일,대구광역시 중구 삼덕동1가,경상사고,0,0,1,1,차대차 - 측면충돌,안전거리미확보,건조,맑음,단일로 - 기타,이륜,남,27세,부상신고,승용,여,34세,경상
2019092500100599,2019년 9월 25일 19시,수요일,대구광역시 북구 매천동,경상사고,0,0,2,0,차대차 - 측면충돌,안전운전불이행,건조,맑음,단일로 - 기타,승용,여,67세,상해없음,승용,남,36세,경상
2019092500100634,2019년 9월 25일 20시,수요일,대구광역시 서구 평리동,경상사고,0,0,1,0,차대차 - 측면충돌,교차로운행방법위반,건조,맑음,교차로 - 교차로부근,승용,남,54세,상해없음,이륜,남,19세,경상
2019092500100666,2019년 9월 25일 21시,수요일,대구광역시 중구 남산동,경상사고,0,0,1,0,차대사람 - 기타,안전운전불이행,건조,맑음,단일로 - 기타,승용,남,42세,상해없음,보행자,남,46세,경상
2019092500100667,2019년 9월 25일 21시,수요일,대구광역시 달서구 신당동,중상사고,0,1,0,0,차대사람 - 기타,기타,건조,맑음,단일로 - 기타,원동기,여,19세,상해없음,보행자,여,25세,중상
2019092500100699,2019년 9월 25일 23시,수요일,대구광역시 달서구 상인동,경상사고,0,0,2,0,차대차 - 측면충돌,안전거리미확보,건조,맑음,교차로 - 교차로부근,승용,남,61세,상해없음,승용,남,50세,경상
2019092600100051,2019년 9월 26일 02시,목요일,대구광역시 남구 대명동,부상신고사고,0,0,0,2,차대차 - 측면충돌,안전운전불이행,건조,맑음,단일로 - 기타,이륜,남,18세,부상신고,승용,남,57세,기타불명
2019092600100078,2019년 9월 26일 06시,목요일,대구광역시 북구 칠성동1가,중상사고,0,1,0,0,차대차 - 기타,안전운전불이행,건조,맑음,단일로 - 기타,화물,남,57세,상해없음,자전거,여,67세,중상
2019092600100103,2019년 9월 26일 07시,목요일,대구광역시 북구 관음동,중상사고,0,1,1,0,차대차 - 기타,안전운전불이행,건조,맑음,단일로 - 기타,건설기계,남,57세,상해없음,승용,남,57세,중상
2019092600100138,2019년 9월 26일 08시,목요일,대구광역시 남구 대명동,경상사고,0,0,1,0,차대차 - 측면충돌,차로위반,건조,맑음,단일로 - 기타,승용,여,67세,상해없음,승용,남,41세,경상
2019092600100139,2019년 9월 26일 08시,목요일,대구광역시 수성구 만촌동,경상사고,0,0,1,0,차대차 - 추돌,안전운전불이행,건조,맑음,교차로 - 교차로부근,승용,여,46세,상해없음,승용,여,30세,경상
2019092600100140,2019년 9월 26일 08시,목요일,대구광역시 북구 대현동,중상사고,0,1,0,0,차대사람 - 횡단중,안전운전불이행,건조,맑음,단일로 - 기타,승용,남,62세,상해없음,보행자,여,81세,중상
2019092600100141,2019년 9월 26일 08시,목요일,대구광역시 중구 삼덕동2가,경상사고,0,0,1,0,차대차 - 측면충돌,교차로운행방법위반,건조,맑음,교차로 - 교차로안,승용,남,77세,상해없음,승합,남,55세,상해없음
2019092600100204,2019년 9월 26일 10시,목요일,대구광역시 수성구 수성동3가,중상사고,0,1,0,0,차대차 - 측면충돌,안전운전불이행,건조,맑음,교차로 - 교차로횡단보도내,원동기,남,50세,상해없음,자전거,남,69세,중상
2019092600100237,2019년 9월 26일 11시,목요일,대구광역시 중구 남산동,경상사고,0,0,1,0,차대차 - 기타,기타,건조,맑음,교차로 - 교차로안,원동기,여,59세,경상,화물,남,54세,상해없음
2019092600100238,2019년 9월 26일 11시,목요일,대구광역시 북구 연경동,중상사고,0,1,0,0,차대차 - 측면충돌,안전운전불이행,건조,맑음,단일로 - 기타,승용,여,28세,상해없음,이륜,남,55세,중상
2019092600100271,2019년 9월 26일 12시,목요일,대구광역시 남구 대명동,경상사고,0,0,1,0,차대차 - 측면충돌,안전운전불이행,건조,맑음,단일로 - 지하차도(도로)내,원동기,남,23세,경상,승용,남,38세,상해없음
2019092600100272,2019년 9월 26일 12시,목요일,대구광역시 달성군 현풍읍,경상사고,0,0,2,0,차대차 - 추돌,안전운전불이행,건조,맑음,단일로 - 기타,이륜,남,54세,경상,승용,남,70세,경상
2019092600100273,2019년 9월 26일 12시,목요일,대구광역시 북구 산격동,중상사고,0,1,0,0,차대사람 - 보도통행중,기타,건조,맑음,단일로 - 기타,화물,남,38세,상해없음,보행자,남,84세,중상
2019092600100333,2019년 9월 26일 14시,목요일,대구광역시 동구 용계동,경상사고,0,0,1,0,차대차 - 기타,안전거리미확보,건조,맑음,단일로 - 기타,승용,남,75세,상해없음,승용,여,36세,경상
2019092600100334,2019년 9월 26일 14시,목요일,대구광역시 서구 이현동,부상신고사고,0,0,0,1,차량단독 - 기타,안전운전불이행,건조,맑음,단일로 - 기타,승합,남,62세,상해없음,,,,
2019092600100335,2019년 9월 26일 14시,목요일,대구광역시 달서구 감삼동,경상사고,0,0,1,0,차대차 - 기타,신호위반,건조,맑음,단일로 - 기타,승용,여,55세,상해없음,승용,남,60세,경상
2019092600100415,2019년 9월 26일 16시,목요일,대구광역시 수성구 지산동,경상사고,0,0,1,0,차대차 - 측면충돌,안전운전불이행,건조,맑음,교차로 - 교차로안,승용,여,49세,상해없음,승용,여,62세,경상
2019092600100416,2019년 9월 26일 16시,목요일,대구광역시 달서구 상인동,경상사고,0,0,1,0,차대사람 - 횡단중,보행자보호의무위반,건조,맑음,단일로 - 기타,승용,여,62세,상해없음,보행자,남,79세,경상
2019092600100417,2019년 9월 26일 16시,목요일,대구광역시 달서구 두류동,부상신고사고,0,0,0,1,차대차 - 측면충돌,안전운전불이행,건조,맑음,단일로 - 기타,자전거,남,80세,부상신고,승용,남,60세,상해없음
2019092600100450,2019년 9월 26일 17시,목요일,대구광역시 수성구 만촌동,중상사고,0,1,1,0,차대차 - 추돌,신호위반,건조,맑음,교차로 - 교차로안,이륜,남,19세,경상,승용,여,35세,중상
2019092600100451,2019년 9월 26일 17시,목요일,대구광역시 달서구 상인동,경상사고,0,0,2,0,차대차 - 기타,안전운전불이행,건조,맑음,단일로 - 기타,승용,여,51세,상해없음,사륜오토바이(ATV),남,19세,경상
2019092600100503,2019년 9월 26일 18시,목요일,대구광역시 수성구 성동,경상사고,0,0,1,0,차대차 - 측면충돌,안전운전불이행,건조,맑음,단일로 - 기타,승용,남,53세,상해없음,승용,남,51세,경상
2019092600100504,2019년 9월 26일 18시,목요일,대구광역시 달서구 본동,부상신고사고,0,0,0,1,차대차 - 기타,안전거리미확보,건조,맑음,단일로 - 기타,원동기,남,62세,부상신고,승용,남,49세,상해없음
2019092600100505,2019년 9월 26일 18시,목요일,대구광역시 북구 칠성동2가,경상사고,0,0,2,0,차대차 - 추돌,안전운전불이행,건조,맑음,단일로 - 기타,승용,남,64세,상해없음,승용,남,45세,경상
2019092600100506,2019년 9월 26일 18시,목요일,대구광역시 북구 고성동2가,경상사고,0,0,1,1,차대차 - 기타,안전운전불이행,건조,맑음,교차로 - 교차로부근,승용,남,30세,부상신고,화물,남,41세,경상
2019092600100507,2019년 9월 26일 18시,목요일,대구광역시 달서구 성당동,경상사고,0,0,1,0,차대사람 - 기타,안전운전불이행,건조,맑음,단일로 - 기타,승합,남,54세,상해없음,보행자,여,75세,경상
2019092600100508,2019년 9월 26일 18시,목요일,대구광역시 북구 동천동,경상사고,0,0,2,1,차대차 - 측면충돌,교차로운행방법위반,건조,맑음,교차로 - 교차로안,승합,여,39세,부상신고,원동기,남,23세,경상
2019092600100558,2019년 9월 26일 19시,목요일,대구광역시 동구 검사동,중상사고,0,1,0,0,차대차 - 측면충돌,안전운전불이행,건조,맑음,교차로 - 교차로안,화물,남,50세,상해없음,이륜,남,29세,중상
2019092600100559,2019년 9월 26일 19시,목요일,대구광역시 달서구 대곡동,경상사고,0,0,1,0,차대차 - 측면충돌,안전운전불이행,건조,맑음,교차로 - 교차로안,승용,남,42세,상해없음,자전거,남,23세,경상
2019092600100560,2019년 9월 26일 19시,목요일,대구광역시 북구 금호동,경상사고,0,0,1,0,차대차 - 측면충돌,직진우회전진행방해,건조,맑음,교차로 - 교차로안,이륜,남,42세,경상,승용,남,58세,기타불명
2019092600100561,2019년 9월 26일 19시,목요일,대구광역시 북구 동천동,경상사고,0,0,1,0,차대차 - 측면충돌,안전운전불이행,건조,맑음,단일로 - 기타,이륜,남,23세,경상,승용,남,43세,상해없음
2019092600100590,2019년 9월 26일 20시,목요일,대구광역시 달서구 월성동,경상사고,0,0,1,0,차대사람 - 기타,안전운전불이행,건조,맑음,교차로 - 교차로횡단보도내,승용,남,51세,상해없음,보행자,여,12세,경상
2019092600100591,2019년 9월 26일 20시,목요일,대구광역시 달서구 신당동,중상사고,0,1,0,0,차대차 - 측면충돌,신호위반,건조,맑음,교차로 - 교차로안,승용,남,25세,상해없음,이륜,남,35세,중상
2019092600100622,2019년 9월 26일 21시,목요일,대구광역시 달서구 신당동,경상사고,0,0,1,0,차대차 - 측면충돌,안전거리미확보,건조,맑음,단일로 - 기타,승용,남,22세,상해없음,이륜,남,22세,경상
2019092600100644,2019년 9월 26일 22시,목요일,대구광역시 북구 대현동,경상사고,0,0,1,0,차대차 - 기타,안전운전불이행,건조,맑음,교차로 - 교차로안,승용,남,66세,상해없음,이륜,남,26세,경상
2019092600100645,2019년 9월 26일 22시,목요일,대구광역시 북구 태전동,부상신고사고,0,0,0,1,차대차 - 기타,안전운전불이행,건조,맑음,단일로 - 기타,승용,남,51세,상해없음,기타불명,남,34세,부상신고
2019092700100042,2019년 9월 27일 00시,금요일,대구광역시 수성구 범물동,중상사고,0,1,0,0,차량단독 - 기타,안전운전불이행,건조,맑음,교차로 - 교차로부근,승용,남,55세,상해없음,,,,
2019092700100043,2019년 9월 27일 00시,금요일,대구광역시 북구 대현동,중상사고,0,1,0,0,차대차 - 측면충돌,신호위반,건조,맑음,교차로 - 교차로안,이륜,남,25세,상해없음,이륜,남,26세,중상
2019092700100062,2019년 9월 27일 02시,금요일,대구광역시 달서구 송현동,중상사고,0,1,0,0,차대사람 - 횡단중,안전운전불이행,건조,맑음,교차로 - 교차로횡단보도내,승용,남,26세,상해없음,보행자,남,49세,중상
2019092700100075,2019년 9월 27일 04시,금요일,대구광역시 달서구 감삼동,경상사고,0,0,4,0,차대차 - 측면충돌,교차로운행방법위반,건조,맑음,단일로 - 기타,승용,남,21세,상해없음,화물,남,57세,경상
2019092700100134,2019년 9월 27일 07시,금요일,대구광역시 동구 지저동,중상사고,0,1,0,1,차대차 - 측면충돌,과속,건조,맑음,교차로 - 교차로부근,승용,남,46세,부상신고,승용,여,57세,중상
2019092700100174,2019년 9월 27일 08시,금요일,대구광역시 수성구 신매동,중상사고,0,1,1,0,차대차 - 추돌,안전운전불이행,건조,맑음,단일로 - 기타,승용,남,57세,경상,승합,남,36세,상해없음
2019092700100175,2019년 9월 27일 08시,금요일,대구광역시 달서구 두류동,경상사고,0,0,1,0,차대차 - 기타,교차로운행방법위반,건조,맑음,교차로 - 교차로안,승용,남,60세,상해없음,이륜,남,19세,경상
2019092700100217,2019년 9월 27일 09시,금요일,대구광역시 남구 대명동,경상사고,0,0,1,0,차대사람 - 횡단중,안전운전불이행,건조,맑음,단일로 - 기타,승용,남,67세,상해없음,보행자,여,61세,경상
2019092700100218,2019년 9월 27일 09시,금요일,대구광역시 달성군 다사읍,경상사고,0,0,1,0,차대차 - 추돌,안전운전불이행,건조,맑음,단일로 - 기타,이륜,남,67세,상해없음,자전거,남,77세,경상
2019092700100219,2019년 9월 27일 09시,금요일,대구광역시 북구 서변동,중상사고,0,1,0,0,차대차 - 기타,안전운전불이행,건조,맑음,교차로 - 교차로횡단보도내,화물,남,31세,상해없음,자전거,여,65세,중상
2019092700100252,2019년 9월 27일 10시,금요일,대구광역시 동구 신암동,중상사고,0,1,0,0,차대사람 - 기타,안전운전불이행,건조,맑음,단일로 - 기타,승용,남,62세,상해없음,보행자,여,56세,중상
2019092700100253,2019년 9월 27일 10시,금요일,대구광역시 동구 효목동,경상사고,0,0,1,0,차대차 - 추돌,안전운전불이행,건조,맑음,교차로 - 교차로안,승용,여,59세,상해없음,승용,남,24세,경상
2019092700100254,2019년 9월 27일 10시,금요일,대구광역시 달서구 월성동,중상사고,0,1,0,0,차대사람 - 기타,안전운전불이행,건조,맑음,기타 - 기타,화물,남,50세,상해없음,보행자,여,60세,중상
2019092700100255,2019년 9월 27일 10시,금요일,대구광역시 달서구 송현동,경상사고,0,0,1,0,차대차 - 측면충돌,교차로운행방법위반,건조,맑음,교차로 - 교차로안,이륜,남,74세,상해없음,승용,남,50세,경상
2019092700100256,2019년 9월 27일 10시,금요일,대구광역시 달서구 갈산동,경상사고,0,0,1,0,차대차 - 기타,교차로운행방법위반,건조,맑음,교차로 - 교차로안,승용,남,69세,상해없음,승용,남,33세,경상
2019092700100289,2019년 9월 27일 11시,금요일,대구광역시 남구 대명동,중상사고,0,1,0,0,차대차 - 기타,안전운전불이행,건조,맑음,단일로 - 기타,승용,남,58세,상해없음,승용,남,50세,중상
2019092700100290,2019년 9월 27일 11시,금요일,대구광역시 동구 신천동,중상사고,0,1,0,0,차대사람 - 횡단중,보행자보호의무위반,건조,맑음,교차로 - 교차로부근,승용,남,46세,상해없음,보행자,여,72세,중상
2019092700100291,2019년 9월 27일 11시,금요일,대구광역시 달성군 가창면,중상사고,0,1,0,0,차량단독 - 기타,안전운전불이행,건조,맑음,단일로 - 교량,화물,남,57세,중상,,,,
2019092700100326,2019년 9월 27일 12시,금요일,대구광역시 동구 신천동,중상사고,0,1,0,0,차대차 - 측면충돌,안전운전불이행,건조,맑음,단일로 - 기타,이륜,남,30세,중상,승용,여,47세,상해없음
2019092700100327,2019년 9월 27일 12시,금요일,대구광역시 수성구 매호동,중상사고,0,1,0,0,차대차 - 측면충돌,안전운전불이행,건조,맑음,교차로 - 교차로안,승합,남,45세,상해없음,승용,여,59세,중상
2019092700100328,2019년 9월 27일 12시,금요일,대구광역시 수성구 범물동,중상사고,0,1,1,0,차대차 - 정면충돌,중앙선침범,건조,맑음,교차로 - 교차로부근,승용,남,25세,경상,승용,남,35세,중상
2019092700100364,2019년 9월 27일 13시,금요일,대구광역시 수성구 범어동,중상사고,0,1,0,1,차대차 - 기타,안전운전불이행,건조,맑음,단일로 - 기타,승용,여,38세,부상신고,이륜,남,20세,중상
2019092700100365,2019년 9월 27일 13시,금요일,대구광역시 달서구 송현동,경상사고,0,0,1,0,차대차 - 추돌,기타,건조,맑음,단일로 - 기타,승용,여,62세,상해없음,원동기,남,57세,경상
2019092700100366,2019년 9월 27일 13시,금요일,대구광역시 서구 중리동,경상사고,0,0,1,1,차대차 - 측면충돌,신호위반,건조,맑음,교차로 - 교차로안,이륜,남,70세,부상신고,승용,여,51세,경상