사고번호,사고일시,요일,시군구,사고내용,사망자수,중상자수,경상자수,부상신고자수,사고유형,법규위반,노면상태,기상상태,도로형태,가해운전자 차종,가해운전자 성별,가해운전자 연령,가해운전자 상해정도,피해운전자 차종,피해운전자 성별,피해운전자 연령,피해운전자 상해정도
2019100400100765,2019년 10월 4일 23시,금요일,대구광역시 수성구 범물동,경상사고,0,0,1,0,차대차 - 측면충돌,신호위반,건조,맑음,교차로 - 교차로안,승용,남,32세,상해없음,승용,여,44세,경상
2019100400100766,2019년 10월 4일 23시,금요일,대구광역시 달서구 송현동,중상사고,0,1,0,0,차대차 - 측면충돌,기타,건조,맑음,교차로 - 교차로부근,승합,남,45세,상해없음,승용,남,53세,중상
2019100500100047,2019년 10월 5일 02시,토요일,대구광역시 달서구 진천동,경상사고,0,0,1,0,차대차 - 기타,안전운전불이행,건조,맑음,단일로 - 기타,자전거,남,81세,경상,승용,남,47세,상해없음
2019100500100078,2019년 10월 5일 05시,토요일,대구광역시 중구 북성로2가,경상사고,0,0,1,0,차대차 - 측면충돌,교차로운행방법위반,건조,맑음,교차로 - 교차로안,승용,남,41세,상해없음,이륜,남,51세,경상
2019100500100085,2019년 10월 5일 06시,토요일,대구광역시 서구 평리동,경상사고,0,0,1,1,차량단독 - 공작물충돌,교차로운행방법위반,건조,맑음,교차로 - 교차로안,승용,여,68세,부상신고,,,,
2019100500100086,2019년 10월 5일 06시,토요일,대구광역시 달서구 용산동,경상사고,0,0,1,0,차대차 - 기타,안전거리미확보,건조,맑음,단일로 - 기타,화물,남,57세,상해없음,승용,남,65세,상해없음
2019100500100125,2019년 10월 5일 08시,토요일,대구광역시 동구 신기동,중상사고,0,1,5,0,차대차 - 측면충돌,안전운전불이행,건조,맑음,단일로 - 기타,건설기계,남,53세,상해없음,승용,남,69세,경상
2019100500100126,2019년 10월 5일 08시,토요일,대구광역시 달서구 본동,중상사고,0,1,0,0,차대사람 - 길가장자리구역통행중,안전운전불이행,건조,맑음,단일로 - 기타,승용,여,43세,상해없음,보행자,여,72세,중상
2019100500100127,2019년 10월 5일 08시,토요일,대구광역시 중구 북성로1가,부상신고사고,0,0,0,1,차대차 - 기타,안전운전불이행,건조,맑음,교차로 - 교차로안,자전거,남,39세,부상신고,승용,남,70세,상해없음
2019100500100161,2019년 10월 5일 09시,토요일,대구광역시 수성구 만촌동,경상사고,0,0,1,0,차대사람 - 기타,안전운전불이행,건조,맑음,단일로 - 기타,승용,여,49세,상해없음,보행자,남,31세,경상
2019100500100162,2019년 10월 5일 09시,토요일,대구광역시 서구 이현동,경상사고,0,0,1,0,차대차 - 측면충돌,안전운전불이행,건조,맑음,단일로 - 기타,승용,여,49세,상해없음,승용,남,46세,경상
2019100500100188,2019년 10월 5일 10시,토요일,대구광역시 동구 각산동,중상사고,0,1,0,0,차대사람 - 횡단중,보행자보호의무위반,건조,맑음,교차로 - 교차로안,승용,남,56세,상해없음,보행자,여,56세,중상
2019100500100189,2019년 10월 5일 10시,토요일,대구광역시 수성구 삼덕동,경상사고,0,0,2,0,차대차 - 추돌,안전운전불이행,건조,맑음,기타 - 기타,승용,남,61세,상해없음,승용,여,56세,경상
2019100500100190,2019년 10월 5일 10시,토요일,대구광역시 서구 중리동,경상사고,0,0,1,0,차대차 - 측면충돌,안전운전불이행,건조,맑음,교차로 - 교차로안,승용,남,70세,상해없음,승용,여,28세,경상
2019100500100222,2019년 10월 5일 11시,토요일,대구광역시 수성구 시지동,경상사고,0,0,1,0,차대차 - 측면충돌,안전거리미확보,건조,맑음,교차로 - 교차로안,승용,남,26세,상해없음,승용,남,65세,경상
2019100500100223,2019년 10월 5일 11시,토요일,대구광역시 서구 내당동,중상사고,0,1,0,0,차대차 - 측면충돌,신호위반,건조,맑음,단일로 - 기타,승용,남,60세,상해없음,이륜,남,58세,중상
2019100500100224,2019년 10월 5일 11시,토요일,대구광역시 북구 사수동,경상사고,0,0,2,0,차대차 - 측면충돌,안전운전불이행,건조,맑음,단일로 - 기타,승용,남,54세,상해없음,이륜,남,49세,경상
2019100500100250,2019년 10월 5일 12시,토요일,대구광역시 남구 대명동,중상사고,0,1,0,0,차대차 - 측면충돌,차로위반,건조,맑음,단일로 - 기타,승용,여,57세,상해없음,이륜,남,25세,중상
2019100500100251,2019년 10월 5일 12시,토요일,대구광역시 동구 율하동,경상사고,0,0,2,0,차대차 - 측면충돌,기타,건조,맑음,단일로 - 기타,승용,여,43세,상해없음,승용,여,44세,경상
2019100500100252,2019년 10월 5일 12시,토요일,대구광역시 달서구 진천동,경상사고,0,0,2,0,차대차 - 측면충돌,교차로운행방법위반,건조,맑음,교차로 - 교차로안,이륜,남,44세,상해없음,승용,여,58세,경상
2019100500100253,2019년 10월 5일 12시,토요일,대구광역시 북구 칠성동2가,경상사고,0,0,1,0,차대차 - 기타,안전운전불이행,건조,맑음,단일로 - 기타,승용,여,58세,상해없음,자전거,남,82세,경상
2019100500100254,2019년 10월 5일 12시,토요일,대구광역시 북구 침산동,중상사고,0,1,0,0,차대사람 - 횡단중,안전운전불이행,건조,맑음,단일로 - 기타,승용,남,46세,상해없음,보행자,남,10세,중상
2019100500100255,2019년 10월 5일 12시,토요일,대구광역시 중구 남산동,부상신고사고,0,0,0,1,차대차 - 측면충돌,안전운전불이행,건조,맑음,단일로 - 기타,이륜,남,60세,상해없음,승용,남,29세,부상신고
2019100500100294,2019년 10월 5일 13시,토요일,대구광역시 수성구 범어동,경상사고,0,0,1,0,차대차 - 추돌,안전운전불이행,건조,맑음,단일로 - 기타,기타불명,기타불명,미분류,기타불명,승용,여,41세,경상
2019100500100295,2019년 10월 5일 13시,토요일,대구광역시 중구 남산동,중상사고,0,1,2,1,차량단독 - 공작물충돌,안전운전불이행,건조,맑음,단일로 - 기타,승합,남,44세,상해없음,,,,
2019100500100333,2019년 10월 5일 14시,토요일,대구광역시 북구 산격동,경상사고,0,0,2,0,차대차 - 측면충돌,안전운전불이행,건조,맑음,교차로 - 교차로부근,화물,남,51세,상해없음,승용,남,35세,경상
2019100500100359,2019년 10월 5일 15시,토요일,대구광역시 남구 봉덕동,중상사고,0,1,0,0,차대사람 - 횡단중,보행자보호의무위반,건조,맑음,교차로 - 교차로횡단보도내,승용,남,64세,상해없음,보행자,남,13세,중상
2019100500100360,2019년 10월 5일 15시,토요일,대구광역시 수성구 시지동,경상사고,0,0,1,0,차대차 - 측면충돌,교차로운행방법위반,건조,맑음,교차로 - 교차로안,건설기계,남,57세,상해없음,승용,남,23세,경상
2019100500100361,2019년 10월 5일 15시,토요일,대구광역시 달서구 도원동,경상사고,0,0,1,0,차대차 - 기타,안전운전불이행,건조,맑음,단일로 - 기타,승용,남,45세,상해없음,자전거,남,83세,경상
2019100500100362,2019년 10월 5일 15시,토요일,대구광역시 달성군 하빈면,경상사고,0,0,2,0,차대차 - 기타,안전운전불이행,건조,맑음,주차장 - 주차장,승용,여,53세,경상,승용,여,53세,경상
2019100500100393,2019년 10월 5일 16시,토요일,대구광역시 북구 고성동1가,경상사고,0,0,1,0,차대차 - 측면충돌,교차로운행방법위반,건조,맑음,교차로 - 교차로안,승용,남,62세,상해없음,이륜,남,36세,경상
2019100500100424,2019년 10월 5일 17시,토요일,대구광역시 동구 각산동,경상사고,0,0,1,0,차대차 - 측면충돌,교차로운행방법위반,건조,맑음,교차로 - 교차로안,승용,남,29세,상해없음,승용,남,40세,경상
2019100500100425,2019년 10월 5일 17시,토요일,대구광역시 달서구 상인동,경상사고,0,0,1,0,차대차 - 측면충돌,안전거리미확보,건조,맑음,단일로 - 기타,승용,남,64세,상해없음,승용,남,34세,경상
2019100500100458,2019년 10월 5일 18시,토요일,대구광역시 동구 효목동,중상사고,0,1,0,0,차대사람 - 횡단중,보행자보호의무위반,건조,맑음,단일로 - 기타,승용,여,59세,상해없음,보행자,남,67세,중상
2019100500100459,2019년 10월 5일 18시,토요일,대구광역시 서구 비산동,경상사고,0,0,2,0,차대차 - 측면충돌,안전운전불이행,건조,맑음,단일로 - 기타,승용,여,57세,상해없음,승용,여,59세,경상
2019100500100460,2019년 10월 5일 18시,토요일,대구광역시 중구 봉산동,중상사고,0,1,0,0,차대차 - 기타,신호위반,건조,맑음,단일로 - 기타,승용,남,41세,상해없음,이륜,남,33세,중상
2019100500100503,2019년 10월 5일 19시,토요일,대구광역시 수성구 황금동,경상사고,0,0,1,0,차대차 - 측면충돌,안전거리미확보,건조,맑음,단일로 - 기타,승용,남,58세,상해없음,승용,남,50세,경상
2019100500100525,2019년 10월 5일 20시,토요일,대구광역시 북구 산격동,중상사고,0,1,0,0,차대차 - 정면충돌,안전운전불이행,건조,맑음,단일로 - 기타,원동기,남,26세,상해없음,원동기,남,39세,중상
2019100500100526,2019년 10월 5일 20시,토요일,대구광역시 달서구 본리동,부상신고사고,0,0,0,2,차대차 - 측면충돌,안전운전불이행,건조,맑음,단일로 - 기타,승용,남,34세,상해없음,승용,남,23세,상해없음
2019100500100527,2019년 10월 5일 20시,토요일,대구광역시 달서구 신당동,경상사고,0,0,1,0,차대차 - 기타,중앙선침범,건조,맑음,교차로 - 교차로부근,이륜,남,25세,상해없음,승용,남,46세,경상
2019100500100559,2019년 10월 5일 21시,토요일,대구광역시 수성구 사월동,경상사고,0,0,1,0,차대차 - 기타,안전운전불이행,건조,맑음,교차로 - 교차로안,승용,여,50세,상해없음,승용,남,23세,경상
2019100500100560,2019년 10월 5일 21시,토요일,대구광역시 달성군 유가읍,경상사고,0,0,1,0,차대차 - 기타,안전운전불이행,건조,맑음,교차로 - 교차로안,승용,남,38세,상해없음,개인형이동수단(PM),남,18세,경상
2019100500100561,2019년 10월 5일 21시,토요일,대구광역시 달성군 구지면,경상사고,0,0,1,0,차대차 - 기타,안전거리미확보,건조,맑음,단일로 - 기타,승용,남,26세,상해없음,이륜,남,49세,경상
2019100500100583,2019년 10월 5일 22시,토요일,대구광역시 남구 대명동,경상사고,0,0,1,1,차대차 - 측면충돌,신호위반,건조,맑음,교차로 - 교차로안,이륜,남,36세,부상신고,승용,남,54세,경상
2019100500100584,2019년 10월 5일 22시,토요일,대구광역시 달성군 현풍읍,경상사고,0,0,1,0,차대차 - 기타,안전거리미확보,건조,맑음,단일로 - 기타,승용,남,36세,상해없음,원동기,남,25세,경상
2019100500100585,2019년 10월 5일 22시,토요일,대구광역시 북구 노원동3가,부상신고사고,0,0,0,1,차대사람 - 기타,안전운전불이행,건조,맑음,단일로 - 기타,승용,여,41세,상해없음,보행자,남,26세,부상신고
2019100500100608,2019년 10월 5일 23시,토요일,대구광역시 달서구 월성동,경상사고,0,0,4,0,차대차 - 측면충돌,안전거리미확보,건조,맑음,교차로 - 교차로부근,승용,남,62세,상해없음,이륜,남,17세,경상
2019100600100044,2019년 10월 6일 01시,일요일,대구광역시 달서구 송현동,경상사고,0,0,1,0,차량단독 - 공작물충돌,안전운전불이행,건조,맑음,교차로 - 교차로부근,승용,남,58세,상해없음,,,,
2019100600100066,2019년 10월 6일 03시,일요일,대구광역시 남구 대명동,중상사고,0,1,0,0,차대차 - 측면충돌,신호위반,건조,맑음,단일로 - 기타,승용,남,64세,상해없음,이륜,남,40세,중상
2019100600100078,2019년 10월 6일 04시,일요일,대구광역시 달서구 갈산동,경상사고,0,0,1,0,차대차 - 측면충돌,신호위반,건조,맑음,교차로 - 교차로안,승용,남,43세,상해없음,승용,남,46세,경상
2019100600100091,2019년 10월 6일 05시,일요일,대구광역시 달서구 성당동,경상사고,0,0,1,0,차대사람 - 길가장자리구역통행중,안전운전불이행,건조,맑음,단일로 - 기타,자전거,남,52세,상해없음,보행자,남,83세,경상
2019100600100128,2019년 10월 6일 08시,일요일,대구광역시 동구 용계동,경상사고,0,0,2,0,차대차 - 추돌,안전운전불이행,건조,맑음,단일로 - 기타,승용,남,72세,상해없음,화물,남,50세,경상
2019100600100186,2019년 10월 6일 11시,일요일,대구광역시 동구 방촌동,경상사고,0,0,1,0,차대차 - 측면충돌,안전운전불이행,건조,맑음,교차로 - 교차로안,승용,남,62세,상해없음,승용,여,62세,경상
2019100600100187,2019년 10월 6일 11시,일요일,대구광역시 북구 칠성동1가,부상신고사고,0,0,0,1,차대사람 - 길가장자리구역통행중,보행자보호의무위반,건조,맑음,단일로 - 기타,승용,남,42세,상해없음,보행자,여,71세,부상신고
2019100600100214,2019년 10월 6일 12시,일요일,대구광역시 남구 대명동,경상사고,0,0,1,0,차대차 - 후진중충돌,안전운전불이행,건조,맑음,교차로 - 교차로안,승용,여,31세,상해없음,이륜,남,24세,경상
2019100600100215,2019년 10월 6일 12시,일요일,대구광역시 달서구 호산동,경상사고,0,0,1,0,차대차 - 측면충돌,신호위반,건조,맑음,교차로 - 교차로안,승용,여,45세,상해없음,승용,여,50세,경상
2019100600100249,2019년 10월 6일 13시,일요일,대구광역시 북구 검단동,부상신고사고,0,0,0,2,차대차 - 정면충돌,안전운전불이행,젖음/습기,맑음,기타 - 기타,자전거,남,12세,부상신고,자전거,남,45세,부상신고
2019100600100250,2019년 10월 6일 13시,일요일,대구광역시 중구 대봉동,경상사고,0,0,1,1,차대차 - 측면충돌,안전거리미확보,건조,맑음,단일로 - 기타,승용,남,53세,상해없음,승용,남,30세,경상
2019100600100284,2019년 10월 6일 14시,일요일,대구광역시 남구 대명동,부상신고사고,0,0,0,1,차대차 - 기타,안전운전불이행,건조,맑음,단일로 - 기타,자전거,남,76세,부상신고,승용,남,52세,상해없음
2019100600100313,2019년 10월 6일 15시,일요일,대구광역시 남구 대명동,경상사고,0,0,4,0,차대차 - 추돌,안전운전불이행,건조,맑음,단일로 - 기타,승용,남,73세,상해없음,승용,남,41세,경상
2019100600100314,2019년 10월 6일 15시,일요일,대구광역시 수성구 신매동,경상사고,0,0,1,0,차대차 - 추돌,안전운전불이행,건조,맑음,교차로 - 교차로부근,승용,여,51세,상해없음,승용,여,42세,경상
2019100600100315,2019년 10월 6일 15시,일요일,대구광역시 달서구 유천동,중상사고,0,1,0,0,차대차 - 측면충돌,안전운전불이행,건조,맑음,교차로 - 교차로안,원동기,여,70세,중상,승용,여,44세,상해없음
2019100600100347,2019년 10월 6일 16시,일요일,대구광역시 달서구 죽전동,경상사고,0,0,1,0,차대차 - 측면충돌,차로위반,건조,맑음,교차로 - 교차로안,승용,남,56세,상해없음,이륜,남,40세,경상
2019100600100415,2019년 10월 6일 18시,일요일,대구광역시 수성구 수성동4가,경상사고,0,0,2,0,차대차 - 기타,안전운전불이행,건조,맑음,단일로 - 기타,승용,여,57세,상해없음,승용,여,53세,경상
2019100600100416,2019년 10월 6일 18시,일요일,대구광역시 수성구 황금동,중상사고,0,1,0,0,차대차 - 측면충돌,차로위반,건조,맑음,교차로 - 교차로부근,이륜,남,21세,중상,승용,남,62세,상해없음
2019100600100417,2019년 10월 6일 18시,일요일,대구광역시 수성구 지산동,중상사고,0,1,0,0,차대차 - 측면충돌,안전운전불이행,건조,맑음,단일로 - 기타,승용,여,49세,상해없음,승용,남,26세,상해없음
2019100600100418,2019년 10월 6일 18시,일요일,대구광역시 달성군 현풍읍,중상사고,0,2,0,0,차대차 - 측면충돌,신호위반,건조,맑음,교차로 - 교차로안,승용,남,46세,상해없음,원동기,남,27세,상해없음
2019100600100445,2019년 10월 6일 19시,일요일,대구광역시 달서구 월암동,경상사고,0,0,1,0,차대차 - 측면충돌,신호위반,건조,맑음,교차로 - 교차로안,승용,남,60세,상해없음,승용,여,51세,경상
2019100700100073,2019년 10월 7일 05시,월요일,대구광역시 수성구 대흥동,경상사고,0,0,3,0,차대차 - 측면충돌,안전운전불이행,건조,맑음,교차로 - 교차로부근,화물,남,50세,상해없음,화물,남,46세,경상
2019100700100074,2019년 10월 7일 05시,월요일,대구광역시 달성군 다사읍,경상사고,0,0,3,0,차대차 - 측면충돌,안전운전불이행,젖음/습기,비,교차로 - 교차로안,승용,남,22세,경상,승용,남,61세,상해없음
2019100700100075,2019년 10월 7일 05시,월요일,대구광역시 서구 중리동,경상사고,0,0,2,1,차대차 - 측면충돌,직진우회전진행방해,건조,맑음,교차로 - 교차로안,승용,남,29세,부상신고,화물,남,69세,경상
2019100700100076,2019년 10월 7일 05시,월요일,대구광역시 북구 팔달동,중상사고,0,1,0,0,차대차 - 기타,안전운전불이행,젖음/습기,비,단일로 - 기타,화물,남,55세,상해없음,이륜,남,39세,중상
2019100700100096,2019년 10월 7일 06시,월요일,대구광역시 북구 칠성동1가,사망사고,1,0,0,0,차대사람 - 횡단중,과속,젖음/습기,비,단일로 - 기타,승용,남,26세,상해없음,보행자,여,76세,사망
2019100700100097,2019년 10월 7일 06시,월요일,대구광역시 달서구 신당동,사망사고,1,0,0,0,차대사람 - 횡단중,안전운전불이행,젖음/습기,비,단일로 - 기타,승용,남,77세,상해없음,보행자,여,84세,사망
2019100700100182,2019년 10월 7일 08시,월요일,대구광역시 동구 신천동,경상사고,0,0,2,0,차대차 - 측면충돌,차로위반,건조,맑음,단일로 - 기타,승용,여,51세,경상,승용,남,35세,경상
2019100700100183,2019년 10월 7일 08시,월요일,대구광역시 서구 내당동,경상사고,0,0,2,1,차대차 - 측면충돌,안전거리미확보,젖음/습기,비,단일로 - 기타,승용,남,74세,상해없음,승용,남,20세,부상신고
2019100700100217,2019년 10월 7일 09시,월요일,대구광역시 북구 서변동,중상사고,0,1,2,0,차대차 - 추돌,안전운전불이행,젖음/습기,흐림,단일로 - 터널,승용,남,34세,상해없음,승용,여,56세,경상
2019100700100252,2019년 10월 7일 10시,월요일,대구광역시 동구 신천동,경상사고,0,0,1,0,차대차 - 추돌,안전거리미확보,젖음/습기,흐림,교차로 - 교차로부근,화물,남,31세,상해없음,승용,여,55세,경상
2019100700100253,2019년 10월 7일 10시,월요일,대구광역시 달서구 본리동,경상사고,0,0,1,0,차대차 - 측면충돌,안전거리미확보,건조,맑음,단일로 - 기타,승용,남,63세,상해없음,승용,남,56세,경상
2019100700100254,2019년 10월 7일 10시,월요일,대구광역시 달서구 월암동,경상사고,0,0,3,0,차대차 - 기타,안전운전불이행,젖음/습기,비,교차로 - 교차로안,승용,남,26세,상해없음,승용,남,32세,경상
2019100700100255,2019년 10월 7일 10시,월요일,대구광역시 서구 내당동,중상사고,0,1,0,0,차대차 - 기타,안전운전불이행,젖음/습기,비,단일로 - 기타,화물,남,65세,상해없음,이륜,남,26세,중상
2019100700100256,2019년 10월 7일 10시,월요일,대구광역시 북구 태전동,경상사고,0,0,1,0,차대차 - 추돌,안전운전불이행,건조,맑음,교차로 - 교차로부근,화물,남,82세,상해없음,승용,남,38세,경상
2019100700100289,2019년 10월 7일 11시,월요일,대구광역시 달성군 화원읍,경상사고,0,0,2,0,차대차 - 추돌,안전거리미확보,건조,맑음,단일로 - 터널,화물,남,66세,상해없음,승용,여,40세,경상
2019100700100290,2019년 10월 7일 11시,월요일,대구광역시 달서구 용산동,경상사고,0,0,1,0,차대차 - 기타,안전운전불이행,건조,맑음,기타 - 기타,화물,남,40세,기타불명,승용,남,41세,경상
2019100700100321,2019년 10월 7일 12시,월요일,대구광역시 동구 중대동,경상사고,0,0,4,0,차대차 - 기타,안전거리미확보,건조,맑음,단일로 - 기타,승용,남,42세,경상,승용,여,70세,경상
2019100700100322,2019년 10월 7일 12시,월요일,대구광역시 수성구 수성동4가,경상사고,0,0,1,0,차대차 - 측면충돌,안전거리미확보,건조,흐림,단일로 - 기타,자전거,남,76세,경상,승용,여,67세,상해없음
2019100700100323,2019년 10월 7일 12시,월요일,대구광역시 달서구 진천동,경상사고,0,0,1,0,차대사람 - 기타,안전운전불이행,건조,맑음,단일로 - 기타,승용,여,42세,상해없음,보행자,남,27세,경상
2019100700100349,2019년 10월 7일 13시,월요일,대구광역시 북구 동천동,경상사고,0,0,1,0,차대차 - 기타,안전운전불이행,건조,맑음,단일로 - 기타,승용,남,37세,상해없음,이륜,남,21세,경상
2019100700100387,2019년 10월 7일 14시,월요일,대구광역시 남구 대명동,경상사고,0,0,1,1,차대차 - 측면충돌,안전운전불이행,건조,맑음,교차로 - 교차로안,이륜,남,37세,부상신고,승용,여,66세,경상
2019100700100388,2019년 10월 7일 14시,월요일,대구광역시 북구 산격동,경상사고,0,0,2,0,차대차 - 측면충돌,교차로운행방법위반,건조,맑음,교차로 - 교차로안,승합,남,53세,상해없음,이륜,남,17세,경상
2019100700100389,2019년 10월 7일 14시,월요일,대구광역시 서구 이현동,경상사고,0,0,1,1,차대차 - 추돌,안전거리미확보,건조,맑음,단일로 - 기타,화물,남,71세,부상신고,화물,남,66세,상해없음
2019100700100390,2019년 10월 7일 14시,월요일,대구광역시 중구 동성로2가,경상사고,0,0,2,0,차대사람 - 횡단중,안전운전불이행,건조,맑음,단일로 - 기타,이륜,남,34세,기타불명,보행자,남,55세,경상
2019100700100431,2019년 10월 7일 15시,월요일,대구광역시 수성구 중동,경상사고,0,0,2,0,차대차 - 측면충돌,안전운전불이행,건조,맑음,단일로 - 기타,승용,여,62세,상해없음,승용,남,46세,경상
2019100700100466,2019년 10월 7일 16시,월요일,대구광역시 달서구 본동,경상사고,0,0,1,0,차대사람 - 횡단중,보행자보호의무위반,젖음/습기,비,교차로 - 교차로안,화물,남,46세,상해없음,보행자,여,77세,경상
2019100700100467,2019년 10월 7일 16시,월요일,대구광역시 달서구 죽전동,중상사고,0,1,0,0,차대차 - 추돌,안전거리미확보,젖음/습기,비,단일로 - 기타,승용,여,59세,상해없음,승용,남,44세,중상
2019100700100501,2019년 10월 7일 17시,월요일,대구광역시 수성구 범어동,중상사고,0,1,0,0,차대차 - 측면충돌,안전운전불이행,젖음/습기,비,교차로 - 교차로부근,승용,남,60세,상해없음,이륜,남,21세,중상
2019100700100502,2019년 10월 7일 17시,월요일,대구광역시 달성군 논공읍,중상사고,0,4,12,0,차대차 - 기타,안전운전불이행,젖음/습기,비,교차로 - 교차로부근,화물,남,62세,경상,승합,남,53세,중상
2019100700100559,2019년 10월 7일 18시,월요일,대구광역시 수성구 수성동1가,중상사고,0,1,0,0,차대사람 - 횡단중,보행자보호의무위반,젖음/습기,비,교차로 - 교차로안,승용,남,53세,상해없음,보행자,여,69세,중상
2019100700100560,2019년 10월 7일 18시,월요일,대구광역시 수성구 범어동,경상사고,0,0,2,0,차량단독 - 기타,안전운전불이행,건조,맑음,단일로 - 기타,승용,남,63세,상해없음,,,,
2019100700100561,2019년 10월 7일 18시,월요일,대구광역시 달서구 성당동,중상사고,0,1,0,0,차대차 - 측면충돌,교차로운행방법위반,건조,맑음,교차로 - 교차로안,승용,남,68세,상해없음,이륜,남,51세,중상
2019100700100562,2019년 10월 7일 18시,월요일,대구광역시 북구 동천동,경상사고,0,0,3,0,차대차 - 측면충돌,교차로운행방법위반,젖음/습기,비,교차로 - 교차로안,승용,여,30세,경상,승용,남,59세,경상
2019100700100616,2019년 10월 7일 19시,월요일,대구광역시 동구 신암동,경상사고,0,0,1,0,차대사람 - 횡단중,안전운전불이행,젖음/습기,비,교차로 - 교차로안,화물,남,27세,상해없음,보행자,남,50세,경상
2019100700100617,2019년 10월 7일 19시,월요일,대구광역시 달서구 대천동,중상사고,0,1,0,0,차대차 - 측면충돌,안전운전불이행,젖음/습기,비,교차로 - 교차로부근,승용,남,60세,상해없음,승용,여,49세,중상
2019100700100618,2019년 10월 7일 19시,월요일,대구광역시 달서구 파호동,경상사고,0,0,1,0,차대차 - 측면충돌,신호위반,젖음/습기,비,교차로 - 교차로안,승용,여,34세,기타불명,승용,남,52세,상해없음
2019100700100619,2019년 10월 7일 19시,월요일,대구광역시 달서구 이곡동,중상사고,0,1,0,0,차대차 - 기타,신호위반,젖음/습기,비,교차로 - 교차로안,승용,여,39세,기타불명,이륜,남,37세,중상
2019100700100620,2019년 10월 7일 19시,월요일,대구광역시 북구 구암동,경상사고,0,0,1,0,차대차 - 기타,안전운전불이행,젖음/습기,비,단일로 - 기타,승용,남,26세,상해없음,승용,남,55세,경상
2019100700100648,2019년 10월 7일 20시,월요일,대구광역시 남구 대명동,경상사고,0,0,1,0,차대차 - 측면충돌,안전운전불이행,건조,맑음,단일로 - 기타,승용,남,59세,상해없음,이륜,남,47세,경상
2019100700100649,2019년 10월 7일 20시,월요일,대구광역시 동구 신서동,경상사고,0,0,1,0,차대차 - 측면충돌,안전운전불이행,젖음/습기,비,단일로 - 기타,승용,여,53세,상해없음,원동기,남,16세,경상
2019100700100650,2019년 10월 7일 20시,월요일,대구광역시 달성군 화원읍,경상사고,0,0,1,0,차대차 - 측면충돌,교차로운행방법위반,건조,맑음,교차로 - 교차로부근,이륜,남,23세,상해없음,승용,남,38세,경상
2019100700100651,2019년 10월 7일 20시,월요일,대구광역시 북구 관음동,경상사고,0,0,1,0,차대차 - 기타,안전거리미확보,젖음/습기,비,단일로 - 기타,승용,여,53세,상해없음,이륜,남,23세,경상
2019100700100682,2019년 10월 7일 21시,월요일,대구광역시 수성구 지산동,중상사고,0,1,0,0,차대사람 - 차도통행중,안전운전불이행,건조,맑음,단일로 - 기타,승용,남,29세,상해없음,보행자,남,51세,중상
2019100700100700,2019년 10월 7일 22시,월요일,대구광역시 북구 금호동,부상신고사고,0,0,0,1,차대차 - 측면충돌,안전운전불이행,건조,맑음,단일로 - 기타,승용,남,38세,부상신고,승용,남,48세,기타불명
2019100700100701,2019년 10월 7일 22시,월요일,대구광역시 서구 비산동,중상사고,0,1,0,0,차대차 - 측면충돌,안전운전불이행,젖음/습기,흐림,단일로 - 기타,승용,남,54세,상해없음,승용,여,58세,상해없음
2019100700100702,2019년 10월 7일 22시,월요일,대구광역시 달서구 신당동,중상사고,0,1,0,0,차대사람 - 횡단중,과속,건조,맑음,기타 - 기타,승용,남,30세,상해없음,보행자,남,54세,중상
2019100700100718,2019년 10월 7일 23시,월요일,대구광역시 동구 신암동,경상사고,0,0,1,0,차대차 - 측면충돌,중앙선침범,건조,맑음,단일로 - 기타,승용,남,18세,상해없음,승용,남,54세,경상
2019100700100719,2019년 10월 7일 23시,월요일,대구광역시 달서구 송현동,경상사고,0,0,2,0,차대차 - 측면충돌,안전거리미확보,건조,흐림,단일로 - 기타,승용,남,51세,상해없음,이륜,남,17세,경상
2019100800100037,2019년 10월 8일 00시,화요일,대구광역시 수성구 가천동,중상사고,0,1,0,0,차대차 - 추돌,안전운전불이행,건조,맑음,단일로 - 기타,기타불명,기타불명,미분류,기타불명,승용,여,32세,중상
2019100800100038,2019년 10월 8일 00시,화요일,대구광역시 달서구 상인동,경상사고,0,0,1,0,차대차 - 추돌,안전운전불이행,건조,맑음,교차로 - 교차로부근,승용,남,40세,상해없음,승용,남,66세,경상
2019100800100060,2019년 10월 8일 02시,화요일,대구광역시 수성구 지산동,경상사고,0,0,1,0,차대차 - 기타,차로위반,건조,맑음,단일로 - 기타,승용,여,58세,상해없음,승용,남,30세,경상
2019100800100068,2019년 10월 8일 04시,화요일,대구광역시 남구 대명동,경상사고,0,0,2,0,차대차 - 추돌,안전운전불이행,건조,맑음,교차로 - 교차로부근,승용,남,41세,상해없음,승용,남,19세,경상
2019100800100078,2019년 10월 8일 05시,화요일,대구광역시 북구 읍내동,부상신고사고,0,0,0,1,차대차 - 측면충돌,안전운전불이행,건조,맑음,교차로 - 교차로안,승용,남,57세,상해없음,자전거,여,62세,부상신고
2019100800100100,2019년 10월 8일 06시,화요일,대구광역시 북구 읍내동,경상사고,0,0,1,0,차대차 - 측면충돌,안전거리미확보,건조,맑음,단일로 - 기타,승용,남,18세,상해없음,화물,남,42세,경상
2019100800100129,2019년 10월 8일 07시,화요일,대구광역시 동구 봉무동,경상사고,0,0,2,0,차대차 - 측면충돌,안전운전불이행,건조,맑음,교차로 - 교차로안,승용,남,72세,상해없음,승용,남,68세,경상