사고번호,사고일시,요일,시군구,사고내용,사망자수,중상자수,경상자수,부상신고자수,사고유형,법규위반,노면상태,기상상태,도로형태,가해운전자 차종,가해운전자 성별,가해운전자 연령,가해운전자 상해정도,피해운전자 차종,피해운전자 성별,피해운전자 연령,피해운전자 상해정도
2019101000100505,2019년 10월 10일 17시,목요일,대구광역시 달서구 송현동,경상사고,0,0,1,0,차대사람 - 횡단중,안전운전불이행,건조,맑음,교차로 - 교차로안,승용,여,58세,상해없음,보행자,남,58세,경상
2019101000100506,2019년 10월 10일 17시,목요일,대구광역시 북구 태전동,경상사고,0,0,2,0,차대차 - 측면충돌,교차로운행방법위반,건조,맑음,교차로 - 교차로안,승용,남,36세,경상,이륜,남,44세,경상
2019101000100561,2019년 10월 10일 18시,목요일,대구광역시 달서구 대곡동,경상사고,0,0,1,1,차대차 - 측면충돌,안전운전불이행,건조,맑음,단일로 - 기타,승용,여,56세,부상신고,승용,남,59세,경상
2019101000100562,2019년 10월 10일 18시,목요일,대구광역시 달서구 본동,경상사고,0,0,1,1,차대차 - 추돌,안전거리미확보,건조,맑음,교차로 - 교차로부근,승용,남,38세,부상신고,승용,여,59세,경상
2019101000100563,2019년 10월 10일 18시,목요일,대구광역시 서구 평리동,경상사고,0,0,1,0,차대차 - 추돌,안전거리미확보,건조,맑음,단일로 - 기타,승용,남,63세,상해없음,승용,남,26세,경상
2019101000100612,2019년 10월 10일 19시,목요일,대구광역시 동구 동호동,경상사고,0,0,1,0,차대차 - 측면충돌,신호위반,건조,맑음,교차로 - 교차로안,승용,남,44세,상해없음,화물,남,22세,경상
2019101000100613,2019년 10월 10일 19시,목요일,대구광역시 수성구 황금동,중상사고,0,2,3,0,차대차 - 측면충돌,안전거리미확보,건조,맑음,단일로 - 기타,승합,남,36세,상해없음,승용,여,42세,중상
2019101000100614,2019년 10월 10일 19시,목요일,대구광역시 달서구 용산동,중상사고,0,1,0,0,차대사람 - 횡단중,보행자보호의무위반,건조,맑음,교차로 - 교차로안,승용,남,58세,상해없음,보행자,여,64세,중상
2019101000100615,2019년 10월 10일 19시,목요일,대구광역시 달서구 파호동,경상사고,0,0,2,0,차대차 - 기타,교차로운행방법위반,건조,맑음,교차로 - 교차로안,승용,여,24세,상해없음,승용,남,73세,경상
2019101000100616,2019년 10월 10일 19시,목요일,대구광역시 달서구 파호동,경상사고,0,0,1,0,차대차 - 기타,안전운전불이행,건조,맑음,교차로 - 교차로안,승용,남,43세,경상,승용,남,51세,상해없음
2019101000100617,2019년 10월 10일 19시,목요일,대구광역시 북구 읍내동,경상사고,0,0,1,0,차대차 - 기타,안전거리미확보,건조,맑음,단일로 - 교량,승용,남,32세,상해없음,승용,남,53세,경상
2019101000100651,2019년 10월 10일 20시,목요일,대구광역시 동구 검사동,경상사고,0,0,1,0,차대차 - 측면충돌,신호위반,건조,맑음,교차로 - 교차로안,승용,남,37세,상해없음,승용,남,58세,경상
2019101000100652,2019년 10월 10일 20시,목요일,대구광역시 북구 산격동,부상신고사고,0,0,0,1,차대차 - 측면충돌,안전운전불이행,건조,맑음,단일로 - 기타,이륜,남,31세,부상신고,승용,남,46세,상해없음
2019101000100653,2019년 10월 10일 20시,목요일,대구광역시 북구 칠성동2가,경상사고,0,0,1,0,차대사람 - 보도통행중,기타,건조,맑음,단일로 - 기타,승용,여,43세,상해없음,보행자,여,48세,경상
2019101000100687,2019년 10월 10일 21시,목요일,대구광역시 남구 대명동,중상사고,0,1,0,0,차대차 - 추돌,안전운전불이행,건조,맑음,교차로 - 교차로안,승용,남,66세,상해없음,원동기,여,22세,중상
2019101000100688,2019년 10월 10일 21시,목요일,대구광역시 동구 신암동,경상사고,0,0,1,0,차대차 - 정면충돌,신호위반,건조,맑음,교차로 - 교차로안,화물,남,71세,상해없음,이륜,남,31세,경상
2019101000100712,2019년 10월 10일 22시,목요일,대구광역시 동구 지저동,경상사고,0,0,1,0,차대차 - 측면충돌,직진우회전진행방해,건조,맑음,교차로 - 교차로안,승용,여,48세,상해없음,이륜,남,59세,경상
2019101000100713,2019년 10월 10일 22시,목요일,대구광역시 달서구 도원동,중상사고,0,1,0,0,차대사람 - 횡단중,안전운전불이행,건조,맑음,단일로 - 기타,승용,남,26세,상해없음,보행자,남,18세,중상
2019101000100739,2019년 10월 10일 23시,목요일,대구광역시 동구 용계동,경상사고,0,0,3,0,차대차 - 추돌,안전거리미확보,건조,맑음,단일로 - 기타,승용,남,57세,상해없음,승용,여,47세,경상
2019101000100740,2019년 10월 10일 23시,목요일,대구광역시 달서구 대곡동,부상신고사고,0,0,0,1,차대사람 - 기타,안전운전불이행,건조,맑음,단일로 - 기타,승용,남,48세,상해없음,보행자,남,23세,부상신고
2019101100100089,2019년 10월 11일 05시,금요일,대구광역시 동구 신천동,중상사고,0,1,0,0,차대사람 - 횡단중,안전운전불이행,건조,맑음,교차로 - 교차로안,승용,남,69세,상해없음,보행자,여,32세,중상
2019101100100100,2019년 10월 11일 06시,금요일,대구광역시 북구 팔달동,경상사고,0,0,1,0,차대차 - 측면충돌,안전운전불이행,건조,맑음,단일로 - 기타,승합,남,57세,상해없음,자전거,남,78세,경상
2019101100100123,2019년 10월 11일 07시,금요일,대구광역시 동구 백안동,중상사고,0,1,2,0,차대차 - 추돌,안전운전불이행,건조,맑음,교차로 - 교차로안,승용,남,47세,중상,승용,남,63세,경상
2019101100100124,2019년 10월 11일 07시,금요일,대구광역시 수성구 사월동,중상사고,0,1,4,0,차대차 - 추돌,안전운전불이행,건조,맑음,교차로 - 교차로부근,승용,남,55세,상해없음,승용,여,49세,경상
2019101100100125,2019년 10월 11일 07시,금요일,대구광역시 북구 산격동,중상사고,0,1,0,0,차대차 - 측면충돌,불법유턴,건조,맑음,교차로 - 교차로안,자전거,남,82세,중상,승용,남,58세,상해없음
2019101100100126,2019년 10월 11일 07시,금요일,대구광역시 서구 비산동,경상사고,0,0,2,0,차대차 - 기타,안전운전불이행,건조,맑음,교차로 - 교차로부근,승용,남,68세,상해없음,건설기계,남,65세,상해없음
2019101100100169,2019년 10월 11일 08시,금요일,대구광역시 북구 구암동,중상사고,0,1,0,0,차대차 - 기타,안전거리미확보,건조,맑음,단일로 - 기타,자전거,남,44세,중상,승용,남,32세,상해없음
2019101100100210,2019년 10월 11일 09시,금요일,대구광역시 동구 신서동,경상사고,0,0,3,0,차대차 - 추돌,안전운전불이행,건조,맑음,단일로 - 기타,화물,남,56세,상해없음,승용,남,31세,경상
2019101100100211,2019년 10월 11일 09시,금요일,대구광역시 동구 신암동,경상사고,0,0,1,0,차대사람 - 기타,신호위반,건조,맑음,단일로 - 기타,기타불명,기타불명,미분류,기타불명,보행자,여,19세,경상
2019101100100212,2019년 10월 11일 09시,금요일,대구광역시 수성구 신매동,경상사고,0,0,3,0,차대차 - 추돌,안전운전불이행,건조,맑음,단일로 - 기타,화물,남,63세,상해없음,승용,남,31세,경상
2019101100100213,2019년 10월 11일 09시,금요일,대구광역시 달서구 대천동,경상사고,0,0,2,0,차대차 - 측면충돌,교차로운행방법위반,건조,맑음,교차로 - 교차로안,승용,여,50세,경상,승용,여,38세,경상
2019101100100246,2019년 10월 11일 10시,금요일,대구광역시 서구 내당동,경상사고,0,0,1,0,차대사람 - 차도통행중,안전운전불이행,건조,맑음,단일로 - 기타,승용,여,29세,상해없음,보행자,남,58세,경상
2019101100100283,2019년 10월 11일 11시,금요일,대구광역시 달서구 월성동,경상사고,0,0,1,0,차대차 - 측면충돌,중앙선침범,건조,맑음,교차로 - 교차로부근,승용,남,29세,상해없음,승용,남,55세,경상
2019101100100284,2019년 10월 11일 11시,금요일,대구광역시 달서구 상인동,중상사고,0,1,0,0,차대사람 - 횡단중,보행자보호의무위반,건조,맑음,교차로 - 교차로횡단보도내,승용,여,46세,상해없음,보행자,남,85세,중상
2019101100100312,2019년 10월 11일 12시,금요일,대구광역시 북구 칠성동1가,중상사고,0,1,0,0,차량단독 - 기타,안전운전불이행,건조,맑음,단일로 - 기타,이륜,남,61세,중상,,,,
2019101100100313,2019년 10월 11일 12시,금요일,대구광역시 서구 비산동,경상사고,0,0,1,0,차대차 - 측면충돌,안전운전불이행,건조,맑음,교차로 - 교차로횡단보도내,화물,남,43세,상해없음,자전거,남,53세,경상
2019101100100314,2019년 10월 11일 12시,금요일,대구광역시 북구 읍내동,중상사고,0,1,0,0,차대차 - 측면충돌,안전운전불이행,건조,맑음,단일로 - 기타,화물,남,26세,상해없음,이륜,남,86세,중상
2019101100100346,2019년 10월 11일 13시,금요일,대구광역시 달서구 진천동,중상사고,0,1,0,0,차대차 - 측면충돌,교차로운행방법위반,건조,맑음,교차로 - 교차로안,자전거,남,81세,중상,승용,남,70세,상해없음
2019101100100347,2019년 10월 11일 13시,금요일,대구광역시 서구 비산동,경상사고,0,0,1,0,차대차 - 측면충돌,안전거리미확보,건조,맑음,단일로 - 기타,화물,남,56세,상해없음,승용,남,50세,경상
2019101100100373,2019년 10월 11일 14시,금요일,대구광역시 남구 대명동,부상신고사고,0,0,0,1,차대사람 - 보도통행중,안전운전불이행,건조,맑음,단일로 - 기타,승용,남,61세,상해없음,보행자,남,42세,부상신고
2019101100100374,2019년 10월 11일 14시,금요일,대구광역시 달성군 가창면,경상사고,0,0,1,0,차대차 - 측면충돌,안전운전불이행,건조,맑음,기타 - 기타,승용,남,65세,상해없음,승용,남,62세,경상
2019101100100375,2019년 10월 11일 14시,금요일,대구광역시 달성군 다사읍,중상사고,0,1,0,0,차대차 - 측면충돌,신호위반,건조,맑음,교차로 - 교차로안,승용,남,56세,상해없음,승용,남,36세,중상
2019101100100376,2019년 10월 11일 14시,금요일,대구광역시 달성군 현풍읍,중상사고,0,1,1,0,차대차 - 후진중충돌,안전운전불이행,건조,맑음,교차로 - 교차로안,화물,남,61세,상해없음,승용,여,31세,중상
2019101100100377,2019년 10월 11일 14시,금요일,대구광역시 북구 칠성동2가,중상사고,0,1,5,0,차대사람 - 기타,안전운전불이행,건조,맑음,단일로 - 기타,승용,남,75세,상해없음,보행자,여,37세,경상
2019101100100378,2019년 10월 11일 14시,금요일,대구광역시 중구 대신동,경상사고,0,0,2,0,차대차 - 기타,안전운전불이행,건조,맑음,단일로 - 기타,이륜,남,20세,경상,승용,여,51세,상해없음
2019101100100417,2019년 10월 11일 15시,금요일,대구광역시 달서구 상인동,경상사고,0,0,1,0,차대차 - 측면충돌,안전운전불이행,건조,맑음,단일로 - 기타,승용,남,26세,상해없음,이륜,남,60세,경상
2019101100100418,2019년 10월 11일 15시,금요일,대구광역시 서구 원대동2가,경상사고,0,0,1,0,차대차 - 기타,안전거리미확보,건조,맑음,교차로 - 교차로부근,기타불명,기타불명,미분류,기타불명,승용,여,57세,상해없음
2019101100100419,2019년 10월 11일 15시,금요일,대구광역시 중구 태평로3가,경상사고,0,0,2,0,차대차 - 추돌,안전운전불이행,건조,맑음,교차로 - 교차로부근,승용,남,63세,기타불명,승용,남,34세,경상
2019101100100420,2019년 10월 11일 15시,금요일,대구광역시 중구 태평로2가,중상사고,0,1,0,0,차대사람 - 기타,안전운전불이행,건조,맑음,교차로 - 교차로부근,승용,남,35세,상해없음,보행자,여,72세,중상
2019101100100421,2019년 10월 11일 15시,금요일,대구광역시 달서구 이곡동,경상사고,0,0,1,0,차대차 - 측면충돌,안전운전불이행,건조,맑음,단일로 - 기타,자전거,남,8세,경상,승용,여,43세,기타불명
2019101100100422,2019년 10월 11일 15시,금요일,대구광역시 달서구 장기동,경상사고,0,0,1,0,차대차 - 측면충돌,차로위반,건조,맑음,단일로 - 기타,특수,남,58세,기타불명,승용,남,25세,경상
2019101100100476,2019년 10월 11일 16시,금요일,대구광역시 남구 대명동,중상사고,0,1,0,0,차대사람 - 횡단중,신호위반,건조,맑음,단일로 - 기타,승용,여,61세,상해없음,보행자,여,51세,중상
2019101100100477,2019년 10월 11일 16시,금요일,대구광역시 동구 각산동,경상사고,0,0,1,0,차대차 - 기타,안전운전불이행,건조,맑음,단일로 - 기타,승용,여,68세,상해없음,승합,남,30세,상해없음
2019101100100478,2019년 10월 11일 16시,금요일,대구광역시 동구 신천동,경상사고,0,0,1,0,차대차 - 기타,기타,건조,맑음,기타 - 기타,승용,남,28세,상해없음,승용,여,34세,상해없음
2019101100100479,2019년 10월 11일 16시,금요일,대구광역시 서구 비산동,경상사고,0,0,1,0,차대차 - 측면충돌,안전운전불이행,건조,맑음,단일로 - 기타,자전거,남,76세,경상,화물,남,50세,상해없음
2019101100100480,2019년 10월 11일 16시,금요일,대구광역시 서구 비산동,경상사고,0,0,1,0,차대사람 - 기타,안전운전불이행,건조,맑음,교차로 - 교차로안,승용,남,30세,상해없음,보행자,남,24세,경상
2019101100100481,2019년 10월 11일 16시,금요일,대구광역시 서구 비산동,경상사고,0,0,1,0,차대차 - 측면충돌,교차로운행방법위반,건조,맑음,교차로 - 교차로안,승용,남,72세,상해없음,이륜,남,61세,경상
2019101100100482,2019년 10월 11일 16시,금요일,대구광역시 서구 이현동,중상사고,0,1,0,0,차대차 - 측면충돌,안전운전불이행,건조,맑음,단일로 - 기타,승용,남,59세,상해없음,자전거,남,31세,중상
2019101100100483,2019년 10월 11일 16시,금요일,대구광역시 달서구 용산동,경상사고,0,0,1,0,차대차 - 추돌,안전운전불이행,건조,맑음,단일로 - 기타,화물,남,53세,상해없음,승용,여,35세,경상
2019101100100536,2019년 10월 11일 17시,금요일,대구광역시 남구 대명동,경상사고,0,0,2,0,차대차 - 측면충돌,교차로운행방법위반,건조,맑음,교차로 - 교차로안,승용,남,58세,상해없음,승용,남,30세,경상
2019101100100537,2019년 10월 11일 17시,금요일,대구광역시 수성구 지산동,경상사고,0,0,1,1,차대차 - 측면충돌,안전운전불이행,건조,맑음,단일로 - 기타,승용,여,55세,부상신고,승용,여,50세,경상
2019101100100538,2019년 10월 11일 17시,금요일,대구광역시 달서구 대곡동,경상사고,0,0,1,0,차대사람 - 기타,안전운전불이행,건조,맑음,단일로 - 기타,승용,여,61세,상해없음,보행자,남,23세,경상
2019101100100539,2019년 10월 11일 17시,금요일,대구광역시 달서구 감삼동,부상신고사고,0,0,0,5,차대차 - 측면충돌,안전운전불이행,건조,맑음,교차로 - 교차로안,승용,남,18세,부상신고,승용,여,71세,부상신고
2019101100100595,2019년 10월 11일 18시,금요일,대구광역시 남구 이천동,경상사고,0,0,3,1,차대차 - 측면충돌,안전거리미확보,건조,맑음,단일로 - 기타,승용,남,74세,부상신고,승용,여,45세,경상
2019101100100596,2019년 10월 11일 18시,금요일,대구광역시 남구 대명동,경상사고,0,0,1,0,차대차 - 측면충돌,차로위반,건조,맑음,단일로 - 기타,승용,남,32세,상해없음,승용,여,51세,경상
2019101100100597,2019년 10월 11일 18시,금요일,대구광역시 달서구 월암동,경상사고,0,0,1,1,차대차 - 측면충돌,직진우회전진행방해,건조,맑음,교차로 - 교차로안,승용,남,60세,부상신고,화물,남,63세,경상
2019101100100598,2019년 10월 11일 18시,금요일,대구광역시 달성군 유가읍,경상사고,0,0,1,1,차대차 - 정면충돌,안전운전불이행,건조,맑음,교차로 - 교차로안,승용,남,29세,부상신고,승용,남,55세,경상
2019101100100599,2019년 10월 11일 18시,금요일,대구광역시 달서구 장기동,경상사고,0,0,1,0,차대차 - 정면충돌,안전운전불이행,건조,맑음,단일로 - 기타,이륜,남,20세,기타불명,승용,남,35세,경상
2019101100100600,2019년 10월 11일 18시,금요일,대구광역시 달서구 신당동,부상신고사고,0,0,0,1,차대차 - 측면충돌,안전운전불이행,건조,맑음,단일로 - 기타,개인형이동수단(PM),남,29세,부상신고,승용,남,42세,상해없음
2019101100100601,2019년 10월 11일 18시,금요일,대구광역시 북구 동천동,경상사고,0,0,1,0,차대사람 - 횡단중,보행자보호의무위반,건조,맑음,교차로 - 교차로횡단보도내,승용,남,57세,상해없음,보행자,남,7세,경상
2019101100100657,2019년 10월 11일 19시,금요일,대구광역시 동구 부동,경상사고,0,0,4,0,차대차 - 측면충돌,안전운전불이행,건조,맑음,단일로 - 기타,승용,남,62세,경상,승용,여,37세,경상
2019101100100664,2019년 10월 11일 19시,금요일,대구광역시 남구 대명동,경상사고,0,0,2,0,차대사람 - 차도통행중,안전운전불이행,건조,맑음,단일로 - 기타,승용,여,34세,상해없음,보행자,여,25세,경상
2019101100100665,2019년 10월 11일 19시,금요일,대구광역시 달서구 대천동,부상신고사고,0,0,0,1,차대차 - 측면충돌,안전거리미확보,건조,맑음,교차로 - 교차로부근,승용,남,58세,상해없음,승용,여,46세,부상신고
2019101100100666,2019년 10월 11일 19시,금요일,대구광역시 달서구 장기동,경상사고,0,0,1,0,차대차 - 측면충돌,안전운전불이행,건조,맑음,단일로 - 기타,승용,남,66세,상해없음,승용,남,49세,경상
2019101100100707,2019년 10월 11일 20시,금요일,대구광역시 남구 대명동,경상사고,0,0,1,0,차대차 - 측면충돌,신호위반,건조,맑음,교차로 - 교차로안,승용,여,67세,상해없음,승용,여,29세,경상
2019101100100708,2019년 10월 11일 20시,금요일,대구광역시 수성구 두산동,경상사고,0,0,4,0,차대차 - 추돌,안전운전불이행,건조,맑음,교차로 - 교차로안,승용,남,60세,상해없음,승용,남,25세,경상
2019101100100709,2019년 10월 11일 20시,금요일,대구광역시 중구 동인동1가,중상사고,0,1,1,0,차대차 - 측면충돌,신호위반,건조,맑음,교차로 - 교차로안,이륜,남,39세,중상,승용,남,62세,경상
2019101100100710,2019년 10월 11일 20시,금요일,대구광역시 달서구 죽전동,중상사고,0,1,0,0,차대사람 - 횡단중,보행자보호의무위반,건조,맑음,단일로 - 기타,승용,남,46세,상해없음,보행자,남,61세,중상
2019101100100738,2019년 10월 11일 21시,금요일,대구광역시 수성구 범어동,중상사고,0,2,0,0,차대차 - 정면충돌,안전운전불이행,건조,맑음,교차로 - 교차로안,이륜,남,32세,중상,이륜,남,17세,중상
2019101100100774,2019년 10월 11일 22시,금요일,대구광역시 동구 검사동,경상사고,0,0,1,0,차대차 - 측면충돌,안전운전불이행,건조,맑음,단일로 - 기타,승용,남,37세,상해없음,승용,여,64세,경상
2019101100100775,2019년 10월 11일 22시,금요일,대구광역시 수성구 수성동2가,경상사고,0,0,1,0,차대차 - 기타,안전운전불이행,건조,맑음,단일로 - 기타,이륜,남,36세,경상,승용,남,36세,상해없음
2019101100100776,2019년 10월 11일 22시,금요일,대구광역시 달서구 상인동,부상신고사고,0,0,0,1,차대사람 - 기타,안전운전불이행,건조,맑음,단일로 - 기타,승용,남,25세,상해없음,보행자,남,23세,부상신고
2019101100100777,2019년 10월 11일 22시,금요일,대구광역시 달서구 두류동,중상사고,0,1,1,0,차대차 - 측면충돌,안전운전불이행,건조,맑음,기타 - 기타,승용,남,59세,상해없음,승용,남,21세,경상
2019101100100801,2019년 10월 11일 23시,금요일,대구광역시 북구 구암동,경상사고,0,0,1,0,차대차 - 측면충돌,안전운전불이행,건조,맑음,단일로 - 기타,승용,여,64세,상해없음,이륜,남,21세,경상
2019101200100059,2019년 10월 12일 01시,토요일,대구광역시 달서구 송현동,경상사고,0,0,1,0,차대차 - 측면충돌,안전운전불이행,건조,맑음,교차로 - 교차로안,승용,남,56세,상해없음,승용,여,60세,경상
2019101200100070,2019년 10월 12일 02시,토요일,대구광역시 달성군 옥포읍,부상신고사고,0,0,0,2,차량단독 - 전도전복 - 전도,안전운전불이행,건조,맑음,단일로 - 기타,이륜,남,21세,부상신고,,,,
2019101200100071,2019년 10월 12일 02시,토요일,대구광역시 북구 서변동,중상사고,0,1,0,0,차량단독 - 기타,안전운전불이행,건조,맑음,단일로 - 기타,이륜,남,18세,중상,,,,
2019101200100103,2019년 10월 12일 05시,토요일,대구광역시 수성구 지산동,경상사고,0,0,1,0,차대차 - 측면충돌,안전운전불이행,건조,맑음,교차로 - 교차로안,승용,여,56세,상해없음,승용,남,56세,경상
2019101200100104,2019년 10월 12일 05시,토요일,대구광역시 중구 동인동3가,경상사고,0,0,3,0,차대차 - 기타,안전운전불이행,건조,맑음,단일로 - 교량,승용,남,42세,상해없음,승용,남,55세,경상
2019101200100114,2019년 10월 12일 06시,토요일,대구광역시 동구 금강동,중상사고,0,1,0,0,차대차 - 측면충돌,교차로운행방법위반,건조,맑음,교차로 - 교차로안,화물,남,70세,상해없음,승용,남,70세,중상
2019101200100115,2019년 10월 12일 06시,토요일,대구광역시 달서구 상인동,경상사고,0,0,1,0,차대차 - 측면충돌,안전운전불이행,건조,맑음,단일로 - 기타,승용,남,36세,상해없음,자전거,남,79세,경상
2019101200100153,2019년 10월 12일 08시,토요일,대구광역시 북구 읍내동,중상사고,0,1,0,0,차대차 - 측면충돌,차로위반,건조,맑음,단일로 - 기타,승용,남,72세,상해없음,이륜,남,38세,중상
2019101200100193,2019년 10월 12일 09시,토요일,대구광역시 동구 각산동,중상사고,0,1,2,0,차대차 - 측면충돌,직진우회전진행방해,건조,맑음,교차로 - 교차로안,승용,남,43세,경상,승용,남,47세,경상
2019101200100194,2019년 10월 12일 09시,토요일,대구광역시 달서구 본리동,경상사고,0,0,1,0,차대차 - 추돌,안전거리미확보,건조,맑음,단일로 - 기타,승용,여,47세,상해없음,승용,남,23세,경상
2019101200100236,2019년 10월 12일 10시,토요일,대구광역시 남구 대명동,중상사고,0,1,0,0,차대사람 - 차도통행중,안전운전불이행,건조,맑음,단일로 - 기타,승용,남,58세,상해없음,보행자,남,56세,중상
2019101200100237,2019년 10월 12일 10시,토요일,대구광역시 북구 침산동,경상사고,0,0,2,0,차대차 - 측면충돌,안전거리미확보,건조,맑음,단일로 - 기타,승용,여,35세,상해없음,승용,여,43세,경상
2019101200100276,2019년 10월 12일 11시,토요일,대구광역시 동구 신암동,중상사고,0,2,0,0,차대차 - 추돌,안전운전불이행,건조,맑음,단일로 - 기타,승용,남,29세,상해없음,승용,남,52세,중상
2019101200100323,2019년 10월 12일 12시,토요일,대구광역시 남구 봉덕동,경상사고,0,0,1,0,차대차 - 추돌,안전운전불이행,건조,맑음,단일로 - 기타,승용,남,19세,상해없음,승용,여,37세,경상
2019101200100324,2019년 10월 12일 12시,토요일,대구광역시 동구 방촌동,경상사고,0,0,1,0,차대차 - 기타,차로위반,건조,맑음,단일로 - 기타,승용,여,53세,상해없음,승합,남,52세,상해없음
2019101200100325,2019년 10월 12일 12시,토요일,대구광역시 수성구 만촌동,경상사고,0,0,2,0,차대차 - 측면충돌,안전거리미확보,건조,맑음,교차로 - 교차로부근,승용,여,23세,상해없음,승용,남,78세,경상
2019101200100326,2019년 10월 12일 12시,토요일,대구광역시 수성구 범어동,경상사고,0,0,2,0,차대차 - 측면충돌,안전운전불이행,건조,맑음,단일로 - 기타,승합,여,67세,상해없음,승용,남,22세,경상
2019101200100327,2019년 10월 12일 12시,토요일,대구광역시 달서구 상인동,중상사고,0,1,2,0,차량단독 - 전도전복 - 전도,안전운전불이행,건조,맑음,단일로 - 기타,승용,남,15세,경상,,,,
2019101200100328,2019년 10월 12일 12시,토요일,대구광역시 달성군 현풍읍,경상사고,0,0,1,0,차대차 - 기타,안전운전불이행,건조,맑음,단일로 - 기타,기타불명,기타불명,미분류,기타불명,자전거,남,28세,경상
2019101200100329,2019년 10월 12일 12시,토요일,대구광역시 북구 침산동,중상사고,0,1,0,0,차대사람 - 횡단중,안전운전불이행,건조,맑음,교차로 - 교차로안,승용,여,49세,상해없음,보행자,남,71세,중상
2019101200100330,2019년 10월 12일 12시,토요일,대구광역시 북구 태전동,경상사고,0,0,1,0,차대차 - 추돌,안전운전불이행,건조,맑음,단일로 - 기타,화물,남,60세,상해없음,승용,여,54세,경상
2019101200100376,2019년 10월 12일 13시,토요일,대구광역시 남구 봉덕동,경상사고,0,0,5,0,차대차 - 추돌,안전운전불이행,건조,맑음,단일로 - 기타,승용,남,19세,상해없음,승용,남,62세,경상
2019101200100377,2019년 10월 12일 13시,토요일,대구광역시 달서구 감삼동,경상사고,0,0,3,0,차대차 - 측면충돌,안전운전불이행,건조,맑음,단일로 - 기타,승용,여,46세,경상,승용,여,32세,경상
2019101200100422,2019년 10월 12일 14시,토요일,대구광역시 동구 방촌동,중상사고,0,1,0,0,차대사람 - 기타,안전운전불이행,건조,맑음,단일로 - 기타,승용,남,55세,상해없음,보행자,여,84세,중상
2019101200100423,2019년 10월 12일 14시,토요일,대구광역시 달서구 월성동,부상신고사고,0,0,0,1,차대차 - 추돌,안전거리미확보,건조,맑음,단일로 - 기타,이륜,남,33세,부상신고,승용,남,45세,상해없음
2019101200100478,2019년 10월 12일 15시,토요일,대구광역시 서구 원대동1가,중상사고,0,1,0,0,차대차 - 측면충돌,중앙선침범,건조,맑음,단일로 - 기타,승용,여,44세,상해없음,자전거,남,75세,중상
2019101200100479,2019년 10월 12일 15시,토요일,대구광역시 중구 동인동1가,중상사고,0,1,0,0,차대차 - 측면충돌,차로위반,건조,맑음,교차로 - 교차로부근,이륜,남,63세,중상,승용,남,71세,상해없음
2019101200100535,2019년 10월 12일 16시,토요일,대구광역시 남구 이천동,중상사고,0,1,1,0,차대차 - 측면충돌,안전운전불이행,건조,맑음,교차로 - 교차로안,이륜,남,34세,중상,이륜,남,28세,경상
2019101200100536,2019년 10월 12일 16시,토요일,대구광역시 동구 신천동,경상사고,0,0,2,0,차대차 - 측면충돌,안전운전불이행,건조,맑음,교차로 - 교차로횡단보도내,승용,남,62세,경상,승용,여,59세,경상
2019101200100537,2019년 10월 12일 16시,토요일,대구광역시 서구 평리동,부상신고사고,0,0,0,1,차대차 - 측면충돌,안전운전불이행,건조,맑음,교차로 - 교차로안,이륜,남,44세,부상신고,승용,남,33세,상해없음
2019101200100538,2019년 10월 12일 16시,토요일,대구광역시 달서구 감삼동,경상사고,0,0,1,0,차대차 - 기타,안전거리미확보,건조,맑음,교차로 - 교차로부근,승용,남,19세,상해없음,승용,여,42세,경상
2019101200100572,2019년 10월 12일 17시,토요일,대구광역시 수성구 지산동,중상사고,0,1,0,0,차대차 - 추돌,안전운전불이행,건조,맑음,단일로 - 기타,승용,여,42세,상해없음,승용,남,42세,중상
2019101200100573,2019년 10월 12일 17시,토요일,대구광역시 달서구 송현동,부상신고사고,0,0,0,1,차대차 - 추돌,안전운전불이행,건조,맑음,단일로 - 기타,자전거,남,13세,부상신고,기타불명,기타불명,미분류,기타불명
2019101200100574,2019년 10월 12일 17시,토요일,대구광역시 달성군 화원읍,경상사고,0,0,1,0,차대차 - 기타,안전운전불이행,건조,맑음,교차로 - 교차로횡단보도내,승용,여,59세,상해없음,자전거,여,80세,경상
2019101200100575,2019년 10월 12일 17시,토요일,대구광역시 북구 동천동,중상사고,0,1,0,0,차대차 - 측면충돌,신호위반,건조,맑음,교차로 - 교차로안,원동기,남,18세,상해없음,화물,여,69세,상해없음
2019101200100615,2019년 10월 12일 18시,토요일,대구광역시 동구 신천동,중상사고,0,1,0,0,차대사람 - 기타,안전운전불이행,건조,맑음,교차로 - 교차로안,승용,여,42세,상해없음,보행자,여,71세,중상
2019101200100616,2019년 10월 12일 18시,토요일,대구광역시 동구 용계동,경상사고,0,0,2,0,차대차 - 측면충돌,안전거리미확보,건조,맑음,단일로 - 기타,화물,남,51세,상해없음,승용,남,59세,경상
2019101200100617,2019년 10월 12일 18시,토요일,대구광역시 중구 동성로2가,경상사고,0,0,1,0,차대사람 - 기타,안전운전불이행,건조,맑음,단일로 - 기타,승용,남,25세,상해없음,보행자,여,19세,경상