사고번호,사고일시,요일,시군구,사고내용,사망자수,중상자수,경상자수,부상신고자수,사고유형,법규위반,노면상태,기상상태,도로형태,가해운전자 차종,가해운전자 성별,가해운전자 연령,가해운전자 상해정도,피해운전자 차종,피해운전자 성별,피해운전자 연령,피해운전자 상해정도
2019101200100618,2019년 10월 12일 18시,토요일,대구광역시 북구 태전동,경상사고,0,0,1,0,차대차 - 측면충돌,교차로운행방법위반,건조,맑음,단일로 - 기타,승용,남,20세,상해없음,이륜,남,23세,경상
2019101200100657,2019년 10월 12일 19시,토요일,대구광역시 달서구 상인동,경상사고,0,0,1,0,차대차 - 측면충돌,안전운전불이행,건조,맑음,단일로 - 기타,승용,남,57세,상해없음,승용,남,31세,경상
2019101200100658,2019년 10월 12일 19시,토요일,대구광역시 중구 대신동,경상사고,0,0,1,1,차대차 - 측면충돌,안전운전불이행,건조,맑음,단일로 - 기타,승용,여,32세,상해없음,이륜,남,17세,경상
2019101200100697,2019년 10월 12일 20시,토요일,대구광역시 북구 동변동,경상사고,0,0,1,0,차대차 - 기타,안전운전불이행,건조,맑음,단일로 - 기타,승용,여,49세,상해없음,승용,여,39세,상해없음
2019101200100737,2019년 10월 12일 21시,토요일,대구광역시 남구 대명동,경상사고,0,0,1,0,차대차 - 측면충돌,신호위반,건조,흐림,교차로 - 교차로부근,승용,여,53세,상해없음,승용,남,56세,경상
2019101200100738,2019년 10월 12일 21시,토요일,대구광역시 북구 동천동,경상사고,0,0,3,0,차대차 - 추돌,안전운전불이행,건조,맑음,교차로 - 교차로부근,승용,남,29세,상해없음,승용,남,32세,경상
2019101200100780,2019년 10월 12일 23시,토요일,대구광역시 수성구 만촌동,경상사고,0,0,2,0,차대차 - 기타,중앙선침범,건조,맑음,단일로 - 기타,이륜,남,29세,경상,승용,남,47세,경상
2019101300100026,2019년 10월 13일 00시,일요일,대구광역시 수성구 지산동,경상사고,0,0,2,0,차대차 - 측면충돌,중앙선침범,건조,맑음,단일로 - 기타,승용,남,46세,상해없음,승용,여,48세,경상
2019101300100027,2019년 10월 13일 00시,일요일,대구광역시 수성구 중동,경상사고,0,0,1,0,차대사람 - 횡단중,안전운전불이행,건조,맑음,단일로 - 기타,승용,남,25세,상해없음,보행자,남,26세,경상
2019101300100028,2019년 10월 13일 00시,일요일,대구광역시 달서구 진천동,중상사고,0,1,0,0,차대사람 - 횡단중,안전운전불이행,건조,맑음,교차로 - 교차로횡단보도내,승용,남,28세,상해없음,보행자,남,32세,중상
2019101300100051,2019년 10월 13일 02시,일요일,대구광역시 달서구 두류동,중상사고,0,1,0,0,차대사람 - 차도통행중,안전운전불이행,건조,맑음,단일로 - 기타,승용,남,35세,상해없음,보행자,남,30세,중상
2019101300100070,2019년 10월 13일 04시,일요일,대구광역시 남구 봉덕동,경상사고,0,0,1,0,차대차 - 기타,직진우회전진행방해,건조,맑음,교차로 - 교차로안,승용,남,54세,상해없음,승용,남,33세,경상
2019101300100106,2019년 10월 13일 07시,일요일,대구광역시 북구 노원동2가,부상신고사고,0,0,0,1,차대차 - 기타,불법유턴,건조,맑음,단일로 - 기타,자전거,남,76세,부상신고,승용,여,28세,상해없음
2019101300100113,2019년 10월 13일 08시,일요일,대구광역시 달성군 화원읍,경상사고,0,0,1,0,차대차 - 추돌,안전운전불이행,건조,맑음,교차로 - 교차로안,화물,남,72세,상해없음,화물,남,63세,경상
2019101300100133,2019년 10월 13일 09시,일요일,대구광역시 남구 봉덕동,부상신고사고,0,0,0,1,차대차 - 기타,안전운전불이행,건조,맑음,교차로 - 교차로안,승용,남,75세,상해없음,승용,남,62세,상해없음
2019101300100134,2019년 10월 13일 09시,일요일,대구광역시 수성구 범어동,경상사고,0,0,1,0,차대차 - 기타,안전운전불이행,건조,맑음,기타 - 기타,승용,남,49세,상해없음,승용,여,43세,경상
2019101300100158,2019년 10월 13일 10시,일요일,대구광역시 남구 대명동,경상사고,0,0,1,0,차대차 - 기타,안전운전불이행,건조,맑음,교차로 - 교차로안,이륜,남,70세,경상,화물,남,65세,상해없음
2019101300100203,2019년 10월 13일 12시,일요일,대구광역시 서구 내당동,경상사고,0,0,1,0,차대차 - 측면충돌,불법유턴,건조,맑음,교차로 - 교차로안,승용,남,65세,상해없음,이륜,남,33세,경상
2019101300100229,2019년 10월 13일 13시,일요일,대구광역시 동구 방촌동,부상신고사고,0,0,0,1,차대차 - 측면충돌,안전운전불이행,건조,맑음,단일로 - 기타,이륜,남,20세,상해없음,승용,남,50세,상해없음
2019101300100230,2019년 10월 13일 13시,일요일,대구광역시 달성군 화원읍,경상사고,0,0,2,0,차대차 - 추돌,안전운전불이행,건조,맑음,교차로 - 교차로부근,승용,남,22세,경상,승용,남,30세,경상
2019101300100274,2019년 10월 13일 14시,일요일,대구광역시 남구 이천동,경상사고,0,0,1,0,차대차 - 측면충돌,안전운전불이행,건조,맑음,교차로 - 교차로부근,승용,남,61세,상해없음,자전거,남,83세,경상
2019101300100275,2019년 10월 13일 14시,일요일,대구광역시 수성구 만촌동,경상사고,0,0,1,0,차대차 - 기타,안전운전불이행,건조,맑음,교차로 - 교차로안,승용,남,46세,상해없음,이륜,남,21세,경상
2019101300100311,2019년 10월 13일 15시,일요일,대구광역시 달서구 본동,중상사고,0,1,0,0,차대차 - 기타,직진우회전진행방해,건조,맑음,교차로 - 교차로안,이륜,남,53세,중상,승용,남,60세,상해없음
2019101300100336,2019년 10월 13일 16시,일요일,대구광역시 동구 율하동,경상사고,0,0,1,0,차대차 - 측면충돌,안전운전불이행,건조,맑음,단일로 - 기타,승용,남,27세,상해없음,자전거,여,12세,경상
2019101300100337,2019년 10월 13일 16시,일요일,대구광역시 동구 신암동,경상사고,0,0,5,0,차대차 - 기타,안전운전불이행,건조,맑음,단일로 - 기타,승용,남,42세,상해없음,승용,남,38세,경상
2019101300100338,2019년 10월 13일 16시,일요일,대구광역시 달성군 현풍읍,중상사고,0,1,0,0,차대차 - 측면충돌,중앙선침범,건조,맑음,교차로 - 교차로부근,승용,남,48세,상해없음,승용,여,42세,중상
2019101300100339,2019년 10월 13일 16시,일요일,대구광역시 달서구 죽전동,경상사고,0,0,2,0,차대차 - 추돌,안전운전불이행,건조,맑음,교차로 - 교차로부근,이륜,남,36세,경상,승용,남,18세,기타불명
2019101300100410,2019년 10월 13일 18시,일요일,대구광역시 동구 율하동,중상사고,0,1,0,0,차대사람 - 횡단중,신호위반,건조,맑음,교차로 - 교차로횡단보도내,이륜,남,20세,상해없음,보행자,여,63세,중상
2019101300100411,2019년 10월 13일 18시,일요일,대구광역시 수성구 두산동,중상사고,0,1,0,0,차대사람 - 기타,안전운전불이행,건조,맑음,교차로 - 교차로안,승용,여,55세,상해없음,보행자,남,44세,중상
2019101300100412,2019년 10월 13일 18시,일요일,대구광역시 달서구 장기동,경상사고,0,0,4,0,차대차 - 측면충돌,안전거리미확보,건조,맑음,단일로 - 기타,승용,여,64세,경상,승용,남,41세,경상
2019101300100446,2019년 10월 13일 19시,일요일,대구광역시 동구 신암동,중상사고,0,1,0,0,차대사람 - 기타,안전운전불이행,건조,맑음,교차로 - 교차로횡단보도내,승용,여,57세,상해없음,보행자,남,62세,중상
2019101300100447,2019년 10월 13일 19시,일요일,대구광역시 동구 효목동,부상신고사고,0,0,0,1,차대사람 - 기타,안전운전불이행,건조,맑음,단일로 - 기타,승용,남,66세,상해없음,보행자,남,63세,부상신고
2019101300100448,2019년 10월 13일 19시,일요일,대구광역시 동구 신천동,경상사고,0,0,3,0,차량단독 - 공작물충돌,안전운전불이행,건조,맑음,단일로 - 기타,승용,남,52세,상해없음,,,,
2019101300100449,2019년 10월 13일 19시,일요일,대구광역시 달서구 월성동,경상사고,0,0,1,0,차대차 - 추돌,안전거리미확보,건조,맑음,단일로 - 기타,이륜,남,26세,상해없음,승용,남,58세,경상
2019101300100477,2019년 10월 13일 20시,일요일,대구광역시 동구 서호동,경상사고,0,0,1,0,차대차 - 측면충돌,안전운전불이행,건조,맑음,단일로 - 기타,승용,남,59세,상해없음,이륜,남,29세,경상
2019101300100478,2019년 10월 13일 20시,일요일,대구광역시 동구 지묘동,경상사고,0,0,1,0,차대차 - 측면충돌,안전운전불이행,건조,맑음,교차로 - 교차로부근,기타불명,기타불명,미분류,기타불명,승용,여,59세,경상
2019101300100479,2019년 10월 13일 20시,일요일,대구광역시 중구 향촌동,중상사고,0,1,0,0,차대사람 - 길가장자리구역통행중,안전운전불이행,건조,맑음,단일로 - 기타,승용,남,60세,상해없음,보행자,남,60세,중상
2019101300100480,2019년 10월 13일 20시,일요일,대구광역시 달서구 본리동,경상사고,0,0,3,0,차대차 - 측면충돌,안전운전불이행,건조,맑음,교차로 - 교차로부근,승용,남,66세,상해없음,승용,남,57세,경상
2019101300100499,2019년 10월 13일 21시,일요일,대구광역시 중구 대신동,경상사고,0,0,1,0,차대차 - 측면충돌,안전운전불이행,건조,맑음,단일로 - 기타,기타불명,기타불명,미분류,기타불명,승용,남,63세,상해없음
2019101300100500,2019년 10월 13일 21시,일요일,대구광역시 달서구 이곡동,경상사고,0,0,4,0,차대차 - 측면충돌,안전운전불이행,건조,맑음,단일로 - 기타,승용,남,19세,경상,승용,여,26세,상해없음
2019101300100517,2019년 10월 13일 22시,일요일,대구광역시 남구 대명동,중상사고,0,1,0,0,차대차 - 측면충돌,안전거리미확보,건조,맑음,단일로 - 기타,승용,여,21세,상해없음,자전거,남,53세,중상
2019101300100518,2019년 10월 13일 22시,일요일,대구광역시 북구 복현동,경상사고,0,0,1,0,차대차 - 측면충돌,직진우회전진행방해,건조,맑음,교차로 - 교차로안,이륜,남,36세,경상,승용,남,55세,상해없음
2019101300100531,2019년 10월 13일 23시,일요일,대구광역시 동구 효목동,경상사고,0,0,3,1,차대차 - 기타,안전운전불이행,건조,맑음,교차로 - 교차로부근,승용,남,28세,경상,승용,남,44세,경상
2019101300100532,2019년 10월 13일 23시,일요일,대구광역시 북구 읍내동,경상사고,0,0,2,0,차대차 - 측면충돌,안전거리미확보,건조,맑음,교차로 - 교차로부근,승용,남,29세,상해없음,승용,여,26세,경상
2019101400100041,2019년 10월 14일 02시,월요일,대구광역시 달서구 상인동,경상사고,0,0,1,0,차대차 - 측면충돌,안전운전불이행,건조,맑음,단일로 - 기타,승용,남,29세,상해없음,이륜,남,47세,경상
2019101400100044,2019년 10월 14일 03시,월요일,대구광역시 달서구 송현동,경상사고,0,0,1,0,차대차 - 측면충돌,교차로운행방법위반,건조,맑음,교차로 - 교차로안,승용,남,26세,상해없음,승용,여,45세,경상
2019101400100049,2019년 10월 14일 04시,월요일,대구광역시 동구 신암동,중상사고,0,1,0,0,차량단독 - 기타,안전운전불이행,건조,맑음,단일로 - 기타,이륜,남,25세,중상,,,,
2019101400100050,2019년 10월 14일 04시,월요일,대구광역시 서구 중리동,사망사고,1,0,0,0,차량단독 - 공작물충돌,기타,건조,맑음,단일로 - 기타,화물,남,63세,사망,,,,
2019101400100076,2019년 10월 14일 06시,월요일,대구광역시 달성군 화원읍,중상사고,0,1,0,0,차대사람 - 횡단중,보행자보호의무위반,건조,맑음,교차로 - 교차로횡단보도내,이륜,남,60세,상해없음,보행자,남,70세,중상
2019101400100077,2019년 10월 14일 06시,월요일,대구광역시 북구 대현동,중상사고,0,1,0,0,차대사람 - 횡단중,안전운전불이행,건조,맑음,교차로 - 교차로안,승용,남,53세,상해없음,보행자,남,70세,중상
2019101400100098,2019년 10월 14일 07시,월요일,대구광역시 남구 대명동,중상사고,0,1,0,0,차량단독 - 공작물충돌,안전운전불이행,건조,맑음,단일로 - 기타,승용,남,28세,중상,,,,
2019101400100099,2019년 10월 14일 07시,월요일,대구광역시 수성구 범어동,경상사고,0,0,1,0,차대차 - 기타,안전거리미확보,건조,맑음,단일로 - 기타,승용,남,51세,상해없음,승용,남,30세,경상
2019101400100100,2019년 10월 14일 07시,월요일,대구광역시 달서구 갈산동,경상사고,0,0,2,0,차대차 - 측면충돌,차로위반,건조,맑음,교차로 - 교차로부근,승용,남,64세,경상,승용,남,55세,경상
2019101400100101,2019년 10월 14일 07시,월요일,대구광역시 북구 산격동,경상사고,0,0,1,0,차대차 - 측면충돌,교차로운행방법위반,건조,맑음,교차로 - 교차로안,승용,여,48세,상해없음,승용,남,58세,경상
2019101400100144,2019년 10월 14일 08시,월요일,대구광역시 동구 동호동,부상신고사고,0,0,0,1,차대차 - 측면충돌,안전거리미확보,건조,맑음,교차로 - 교차로안,승용,남,73세,상해없음,승용,남,27세,부상신고
2019101400100145,2019년 10월 14일 08시,월요일,대구광역시 서구 비산동,경상사고,0,0,1,0,차대사람 - 횡단중,보행자보호의무위반,건조,맑음,단일로 - 기타,승용,남,53세,상해없음,보행자,남,22세,경상
2019101400100146,2019년 10월 14일 08시,월요일,대구광역시 달서구 성당동,경상사고,0,0,1,0,차대차 - 측면충돌,차로위반,건조,맑음,기타 - 기타,승용,여,28세,상해없음,승용,남,57세,경상
2019101400100186,2019년 10월 14일 09시,월요일,대구광역시 동구 신암동,경상사고,0,0,1,0,차대차 - 측면충돌,안전거리미확보,건조,맑음,교차로 - 교차로안,자전거,남,76세,경상,승용,남,45세,상해없음
2019101400100187,2019년 10월 14일 09시,월요일,대구광역시 수성구 황금동,경상사고,0,0,1,0,차대차 - 측면충돌,안전운전불이행,건조,맑음,교차로 - 교차로부근,승용,남,54세,상해없음,승합,남,42세,경상
2019101400100188,2019년 10월 14일 09시,월요일,대구광역시 북구 매천동,중상사고,0,1,0,0,차대차 - 측면충돌,안전운전불이행,건조,맑음,단일로 - 기타,화물,남,56세,상해없음,승용,여,56세,중상
2019101400100189,2019년 10월 14일 09시,월요일,대구광역시 북구 구암동,경상사고,0,0,1,0,차대사람 - 기타,안전운전불이행,건조,맑음,주차장 - 주차장,승용,남,75세,상해없음,보행자,여,68세,경상
2019101400100265,2019년 10월 14일 11시,월요일,대구광역시 중구 달성동,경상사고,0,0,1,0,차대차 - 측면충돌,불법유턴,건조,맑음,교차로 - 교차로부근,승용,남,59세,상해없음,승용,남,57세,경상
2019101400100303,2019년 10월 14일 12시,월요일,대구광역시 남구 대명동,중상사고,0,1,1,0,차대차 - 측면충돌,신호위반,건조,맑음,단일로 - 기타,이륜,남,20세,중상,승용,남,50세,경상
2019101400100304,2019년 10월 14일 12시,월요일,대구광역시 달서구 송현동,중상사고,0,1,0,0,차대사람 - 기타,안전운전불이행,건조,맑음,교차로 - 교차로부근,건설기계,남,42세,상해없음,보행자,여,80세,중상
2019101400100305,2019년 10월 14일 12시,월요일,대구광역시 달서구 월성동,경상사고,0,0,2,1,차대차 - 측면충돌,안전거리미확보,건조,맑음,단일로 - 기타,승용,남,72세,부상신고,승용,남,20세,경상
2019101400100306,2019년 10월 14일 12시,월요일,대구광역시 북구 읍내동,중상사고,0,1,0,0,차대차 - 측면충돌,신호위반,건조,맑음,교차로 - 교차로안,이륜,남,39세,상해없음,자전거,여,50세,중상
2019101400100346,2019년 10월 14일 13시,월요일,대구광역시 달서구 상인동,경상사고,0,0,1,0,차대사람 - 차도통행중,안전운전불이행,건조,맑음,교차로 - 교차로부근,기타불명,기타불명,미분류,기타불명,보행자,여,26세,경상
2019101400100347,2019년 10월 14일 13시,월요일,대구광역시 서구 중리동,중상사고,0,1,0,0,차대차 - 측면충돌,안전운전불이행,건조,맑음,교차로 - 교차로안,승용,남,55세,상해없음,이륜,남,66세,중상
2019101400100348,2019년 10월 14일 13시,월요일,대구광역시 달서구 성당동,중상사고,0,1,0,0,차대차 - 측면충돌,안전운전불이행,건조,맑음,교차로 - 교차로횡단보도내,이륜,남,76세,중상,화물,남,56세,상해없음
2019101400100349,2019년 10월 14일 13시,월요일,대구광역시 북구 구암동,경상사고,0,0,3,0,차대차 - 측면충돌,안전운전불이행,건조,맑음,교차로 - 교차로안,화물,남,65세,상해없음,승용,남,20세,경상
2019101400100384,2019년 10월 14일 14시,월요일,대구광역시 남구 대명동,경상사고,0,0,4,0,차대차 - 추돌,안전운전불이행,건조,맑음,단일로 - 기타,승용,여,52세,상해없음,승용,남,40세,경상
2019101400100385,2019년 10월 14일 14시,월요일,대구광역시 달서구 송현동,중상사고,0,2,0,0,차대차 - 기타,중앙선침범,건조,맑음,단일로 - 기타,승용,남,42세,상해없음,이륜,남,39세,중상
2019101400100386,2019년 10월 14일 14시,월요일,대구광역시 달서구 신당동,경상사고,0,0,2,0,차대차 - 측면충돌,안전운전불이행,건조,맑음,기타 - 기타,승용,남,56세,경상,승합,남,38세,경상
2019101400100422,2019년 10월 14일 15시,월요일,대구광역시 수성구 시지동,경상사고,0,0,1,0,차대차 - 기타,안전거리미확보,건조,맑음,단일로 - 기타,승용,남,71세,상해없음,승용,남,60세,경상
2019101400100423,2019년 10월 14일 15시,월요일,대구광역시 달서구 감삼동,중상사고,0,1,1,0,차대차 - 추돌,안전운전불이행,건조,맑음,교차로 - 교차로부근,승용,여,39세,상해없음,승용,남,72세,중상
2019101400100474,2019년 10월 14일 16시,월요일,대구광역시 남구 봉덕동,중상사고,0,1,1,0,차대차 - 기타,안전운전불이행,건조,맑음,교차로 - 교차로안,승용,남,82세,상해없음,승용,남,59세,경상
2019101400100475,2019년 10월 14일 16시,월요일,대구광역시 남구 이천동,중상사고,0,1,0,0,차대차 - 측면충돌,신호위반,건조,맑음,교차로 - 교차로부근,승용,여,61세,상해없음,원동기,남,57세,중상
2019101400100476,2019년 10월 14일 16시,월요일,대구광역시 달서구 상인동,경상사고,0,0,1,0,차대차 - 기타,안전거리미확보,건조,맑음,단일로 - 기타,승용,남,29세,상해없음,이륜,여,54세,경상
2019101400100529,2019년 10월 14일 17시,월요일,대구광역시 북구 노원동1가,경상사고,0,0,2,0,차대차 - 측면충돌,불법유턴,건조,맑음,교차로 - 교차로안,이륜,남,25세,상해없음,승용,남,43세,경상
2019101400100530,2019년 10월 14일 17시,월요일,대구광역시 서구 비산동,중상사고,0,1,0,0,차대차 - 측면충돌,안전운전불이행,건조,맑음,교차로 - 교차로부근,승용,남,77세,상해없음,이륜,남,33세,중상
2019101400100531,2019년 10월 14일 17시,월요일,대구광역시 북구 사수동,경상사고,0,0,1,0,차대차 - 기타,안전운전불이행,건조,맑음,교차로 - 교차로안,이륜,남,72세,경상,화물,남,45세,상해없음
2019101400100600,2019년 10월 14일 18시,월요일,대구광역시 남구 대명동,경상사고,0,0,4,0,차대차 - 추돌,안전운전불이행,건조,맑음,교차로 - 교차로부근,승용,여,48세,상해없음,승용,남,71세,경상
2019101400100601,2019년 10월 14일 18시,월요일,대구광역시 동구 방촌동,중상사고,0,1,0,0,차대차 - 측면충돌,신호위반,건조,맑음,교차로 - 교차로횡단보도내,승용,여,70세,상해없음,자전거,남,13세,중상
2019101400100602,2019년 10월 14일 18시,월요일,대구광역시 동구 동호동,경상사고,0,0,2,0,차대차 - 측면충돌,차로위반,건조,맑음,단일로 - 기타,건설기계,남,64세,상해없음,승용,남,33세,경상
2019101400100603,2019년 10월 14일 18시,월요일,대구광역시 수성구 만촌동,경상사고,0,0,1,0,차대차 - 추돌,안전운전불이행,건조,맑음,기타 - 기타,승용,남,27세,상해없음,승용,남,61세,경상
2019101400100604,2019년 10월 14일 18시,월요일,대구광역시 서구 내당동,경상사고,0,0,1,0,차대차 - 기타,안전운전불이행,건조,맑음,교차로 - 교차로부근,승용,남,49세,상해없음,이륜,남,40세,경상
2019101400100605,2019년 10월 14일 18시,월요일,대구광역시 서구 내당동,경상사고,0,0,2,0,차대차 - 측면충돌,안전운전불이행,건조,맑음,교차로 - 교차로부근,승용,여,42세,경상,승용,여,49세,경상
2019101400100606,2019년 10월 14일 18시,월요일,대구광역시 달서구 본리동,경상사고,0,0,2,0,차대차 - 측면충돌,안전운전불이행,건조,맑음,단일로 - 기타,승용,남,44세,상해없음,이륜,남,24세,경상
2019101400100648,2019년 10월 14일 19시,월요일,대구광역시 달서구 대천동,경상사고,0,0,1,0,차대차 - 후진중충돌,안전운전불이행,건조,맑음,교차로 - 교차로부근,승용,남,28세,상해없음,이륜,남,38세,경상
2019101400100649,2019년 10월 14일 19시,월요일,대구광역시 북구 침산동,경상사고,0,0,1,0,차대사람 - 길가장자리구역통행중,보행자보호의무위반,건조,맑음,교차로 - 교차로안,이륜,남,62세,상해없음,보행자,남,4세,경상
2019101400100650,2019년 10월 14일 19시,월요일,대구광역시 북구 산격동,경상사고,0,0,1,0,차대차 - 기타,안전운전불이행,건조,맑음,교차로 - 교차로부근,이륜,남,24세,경상,승용,여,31세,상해없음
2019101400100651,2019년 10월 14일 19시,월요일,대구광역시 서구 상리동,경상사고,0,0,2,0,차대차 - 측면충돌,안전거리미확보,건조,맑음,단일로 - 고가도로위,화물,남,45세,상해없음,승용,여,52세,경상
2019101400100652,2019년 10월 14일 19시,월요일,대구광역시 서구 평리동,경상사고,0,0,2,0,차대차 - 측면충돌,안전거리미확보,건조,맑음,기타 - 기타,승용,남,63세,기타불명,이륜,남,17세,경상
2019101400100653,2019년 10월 14일 19시,월요일,대구광역시 중구 대봉동,부상신고사고,0,0,0,1,차대차 - 기타,안전운전불이행,건조,맑음,기타 - 기타,자전거,남,55세,상해없음,자전거,남,59세,부상신고
2019101400100693,2019년 10월 14일 20시,월요일,대구광역시 수성구 연호동,경상사고,0,0,1,0,차대차 - 측면충돌,교차로운행방법위반,건조,맑음,교차로 - 교차로안,승용,남,54세,상해없음,승용,여,40세,경상
2019101400100694,2019년 10월 14일 20시,월요일,대구광역시 서구 내당동,경상사고,0,0,1,0,차대사람 - 횡단중,안전운전불이행,건조,맑음,단일로 - 기타,승용,여,60세,상해없음,보행자,여,50세,경상
2019101400100695,2019년 10월 14일 20시,월요일,대구광역시 달서구 용산동,경상사고,0,0,3,0,차대차 - 기타,안전운전불이행,건조,맑음,단일로 - 기타,승용,남,23세,경상,승용,남,45세,상해없음
2019101400100722,2019년 10월 14일 21시,월요일,대구광역시 수성구 신매동,경상사고,0,0,1,0,차대차 - 기타,신호위반,건조,맑음,교차로 - 교차로안,이륜,남,19세,상해없음,승용,여,47세,경상
2019101400100723,2019년 10월 14일 21시,월요일,대구광역시 달서구 상인동,중상사고,0,1,0,0,차대차 - 측면충돌,안전거리미확보,건조,맑음,단일로 - 기타,승용,남,51세,상해없음,이륜,남,29세,중상
2019101400100724,2019년 10월 14일 21시,월요일,대구광역시 달서구 상인동,경상사고,0,0,1,0,차대사람 - 기타,안전운전불이행,건조,맑음,단일로 - 기타,이륜,남,47세,상해없음,보행자,남,27세,경상
2019101400100758,2019년 10월 14일 23시,월요일,대구광역시 서구 내당동,경상사고,0,0,2,0,차대차 - 추돌,안전운전불이행,건조,맑음,교차로 - 교차로부근,승용,남,40세,상해없음,승용,남,56세,경상
2019101500100044,2019년 10월 15일 01시,화요일,대구광역시 수성구 두산동,경상사고,0,0,1,0,차대차 - 측면충돌,안전운전불이행,건조,맑음,단일로 - 기타,승용,남,35세,상해없음,승용,남,34세,경상
2019101500100070,2019년 10월 15일 05시,화요일,대구광역시 수성구 두산동,경상사고,0,0,2,0,차대차 - 추돌,안전운전불이행,건조,맑음,교차로 - 교차로부근,승용,여,21세,상해없음,승용,남,64세,경상
2019101500100088,2019년 10월 15일 06시,화요일,대구광역시 달서구 감삼동,부상신고사고,0,0,0,2,차대차 - 기타,안전운전불이행,건조,맑음,기타 - 기타,이륜,남,19세,부상신고,자전거,남,57세,부상신고
2019101500100150,2019년 10월 15일 08시,화요일,대구광역시 남구 대명동,경상사고,0,0,2,0,차대차 - 측면충돌,직진우회전진행방해,건조,맑음,교차로 - 교차로안,승용,여,35세,상해없음,승용,여,43세,경상
2019101500100151,2019년 10월 15일 08시,화요일,대구광역시 수성구 파동,경상사고,0,0,1,0,차대차 - 측면충돌,안전운전불이행,건조,맑음,교차로 - 교차로횡단보도내,승용,여,37세,경상,승용,남,48세,상해없음
2019101500100198,2019년 10월 15일 09시,화요일,대구광역시 북구 산격동,경상사고,0,0,1,0,차대차 - 측면충돌,안전운전불이행,건조,맑음,교차로 - 교차로횡단보도내,화물,남,53세,기타불명,승용,남,29세,경상
2019101500100243,2019년 10월 15일 10시,화요일,대구광역시 동구 신천동,경상사고,0,0,1,0,차대차 - 추돌,안전운전불이행,건조,맑음,단일로 - 기타,승용,남,32세,상해없음,승용,남,27세,경상
2019101500100244,2019년 10월 15일 10시,화요일,대구광역시 중구 대봉동,경상사고,0,0,1,1,차대차 - 추돌,안전거리미확보,건조,맑음,단일로 - 기타,승용,남,77세,부상신고,승용,여,39세,경상
2019101500100284,2019년 10월 15일 11시,화요일,대구광역시 달서구 대천동,경상사고,0,0,2,0,차대차 - 추돌,안전운전불이행,건조,맑음,단일로 - 기타,승용,남,62세,상해없음,이륜,남,17세,경상
2019101500100285,2019년 10월 15일 11시,화요일,대구광역시 서구 내당동,경상사고,0,0,1,0,차대차 - 기타,교차로운행방법위반,건조,맑음,교차로 - 교차로부근,화물,남,51세,상해없음,승합,남,43세,상해없음
2019101500100331,2019년 10월 15일 12시,화요일,대구광역시 수성구 만촌동,중상사고,0,1,0,0,차대차 - 측면충돌,안전운전불이행,건조,맑음,교차로 - 교차로부근,승용,남,43세,상해없음,이륜,남,42세,중상
2019101500100332,2019년 10월 15일 12시,화요일,대구광역시 달서구 진천동,부상신고사고,0,0,0,1,차대사람 - 기타,안전운전불이행,건조,맑음,단일로 - 기타,승용,여,46세,상해없음,보행자,남,23세,부상신고
2019101500100333,2019년 10월 15일 12시,화요일,대구광역시 달서구 신당동,경상사고,0,0,1,0,차대차 - 측면충돌,신호위반,건조,맑음,단일로 - 기타,이륜,남,23세,상해없음,승용,여,61세,경상
2019101500100369,2019년 10월 15일 13시,화요일,대구광역시 남구 대명동,경상사고,0,0,2,0,차대사람 - 횡단중,안전운전불이행,건조,맑음,단일로 - 기타,이륜,남,18세,상해없음,보행자,남,16세,경상
2019101500100370,2019년 10월 15일 13시,화요일,대구광역시 달서구 월성동,중상사고,0,1,0,0,차대사람 - 횡단중,보행자보호의무위반,건조,맑음,교차로 - 교차로부근,승용,남,50세,상해없음,보행자,여,58세,중상
2019101500100371,2019년 10월 15일 13시,화요일,대구광역시 북구 복현동,경상사고,0,0,1,0,차대차 - 측면충돌,교차로운행방법위반,건조,맑음,교차로 - 교차로안,승용,여,29세,상해없음,승용,남,27세,경상
2019101500100372,2019년 10월 15일 13시,화요일,대구광역시 북구 태전동,경상사고,0,0,1,0,차대차 - 추돌,안전운전불이행,건조,맑음,교차로 - 교차로부근,승용,여,43세,상해없음,승용,남,44세,경상
2019101500100399,2019년 10월 15일 14시,화요일,대구광역시 수성구 만촌동,경상사고,0,0,1,0,차대사람 - 횡단중,보행자보호의무위반,건조,맑음,단일로 - 기타,승용,여,48세,상해없음,보행자,남,21세,경상
2019101500100400,2019년 10월 15일 14시,화요일,대구광역시 서구 비산동,부상신고사고,0,0,0,1,차대사람 - 보도통행중,안전운전불이행,건조,맑음,단일로 - 기타,기타불명,기타불명,미분류,기타불명,보행자,여,63세,부상신고
2019101500100448,2019년 10월 15일 15시,화요일,대구광역시 달서구 성당동,경상사고,0,0,1,0,차대사람 - 차도통행중,안전운전불이행,건조,맑음,단일로 - 기타,승용,남,64세,상해없음,보행자,여,72세,경상
2019101500100493,2019년 10월 15일 16시,화요일,대구광역시 동구 각산동,부상신고사고,0,0,0,1,차대차 - 기타,교차로운행방법위반,건조,맑음,교차로 - 교차로횡단보도내,기타불명,기타불명,미분류,기타불명,자전거,남,7세,부상신고