사고번호,사고일시,요일,시군구,사고내용,사망자수,중상자수,경상자수,부상신고자수,사고유형,법규위반,노면상태,기상상태,도로형태,가해운전자 차종,가해운전자 성별,가해운전자 연령,가해운전자 상해정도,피해운전자 차종,피해운전자 성별,피해운전자 연령,피해운전자 상해정도
2019101500100494,2019년 10월 15일 16시,화요일,대구광역시 북구 산격동,경상사고,0,0,1,0,차대차 - 측면충돌,안전거리미확보,건조,맑음,단일로 - 기타,승용,남,26세,상해없음,승용,남,48세,경상
2019101500100543,2019년 10월 15일 17시,화요일,대구광역시 북구 침산동,경상사고,0,0,2,0,차대차 - 측면충돌,안전거리미확보,건조,맑음,단일로 - 기타,승용,남,58세,상해없음,승용,남,24세,경상
2019101500100544,2019년 10월 15일 17시,화요일,대구광역시 달서구 신당동,경상사고,0,0,1,1,차대차 - 측면충돌,안전운전불이행,건조,맑음,교차로 - 교차로안,승용,남,59세,상해없음,이륜,남,21세,부상신고
2019101500100601,2019년 10월 15일 18시,화요일,대구광역시 수성구 지산동,경상사고,0,0,1,0,차대차 - 후진중충돌,안전운전불이행,건조,맑음,기타 - 기타,승용,여,50세,상해없음,승용,남,23세,경상
2019101500100602,2019년 10월 15일 18시,화요일,대구광역시 달서구 송현동,경상사고,0,0,1,0,차대차 - 측면충돌,안전운전불이행,건조,맑음,교차로 - 교차로안,승용,여,35세,상해없음,자전거,남,23세,경상
2019101500100603,2019년 10월 15일 18시,화요일,대구광역시 달서구 진천동,경상사고,0,0,1,0,차대차 - 측면충돌,안전운전불이행,건조,맑음,단일로 - 기타,화물,남,63세,상해없음,승용,남,35세,경상
2019101500100604,2019년 10월 15일 18시,화요일,대구광역시 달성군 다사읍,경상사고,0,0,2,0,차대사람 - 기타,안전운전불이행,건조,맑음,단일로 - 기타,승용,여,29세,상해없음,보행자,여,33세,경상
2019101500100605,2019년 10월 15일 18시,화요일,대구광역시 달서구 용산동,경상사고,0,0,1,0,차대차 - 기타,차로위반,건조,맑음,기타 - 기타,승용,여,52세,상해없음,승합,남,51세,상해없음
2019101500100606,2019년 10월 15일 18시,화요일,대구광역시 달서구 감삼동,경상사고,0,0,1,0,차대차 - 기타,교차로운행방법위반,건조,맑음,교차로 - 교차로안,승용,여,53세,상해없음,승용,남,33세,경상
2019101500100648,2019년 10월 15일 19시,화요일,대구광역시 수성구 만촌동,경상사고,0,0,2,0,차대차 - 후진중충돌,안전운전불이행,건조,맑음,단일로 - 기타,승합,남,28세,상해없음,승용,여,28세,경상
2019101500100649,2019년 10월 15일 19시,화요일,대구광역시 수성구 수성동1가,경상사고,0,0,1,0,차대차 - 측면충돌,안전거리미확보,건조,맑음,단일로 - 기타,승용,남,46세,상해없음,승용,남,49세,경상
2019101500100650,2019년 10월 15일 19시,화요일,대구광역시 북구 서변동,경상사고,0,0,1,0,차대차 - 기타,안전운전불이행,건조,맑음,단일로 - 기타,승용,여,41세,상해없음,이륜,남,51세,경상
2019101500100688,2019년 10월 15일 20시,화요일,대구광역시 남구 대명동,경상사고,0,0,1,0,차대차 - 측면충돌,안전거리미확보,건조,맑음,단일로 - 기타,승용,여,60세,상해없음,승용,남,57세,경상
2019101500100689,2019년 10월 15일 20시,화요일,대구광역시 달성군 화원읍,중상사고,0,1,0,0,차대사람 - 기타,안전운전불이행,건조,맑음,교차로 - 교차로부근,화물,남,55세,상해없음,보행자,여,55세,중상
2019101500100742,2019년 10월 15일 22시,화요일,대구광역시 중구 북성로1가,중상사고,0,1,0,0,차대사람 - 기타,안전운전불이행,건조,맑음,단일로 - 기타,이륜,남,27세,상해없음,보행자,여,65세,중상
2019101500100743,2019년 10월 15일 22시,화요일,대구광역시 달서구 신당동,경상사고,0,0,1,0,차대차 - 기타,신호위반,젖음/습기,비,교차로 - 교차로안,이륜,남,37세,상해없음,승용,남,27세,경상
2019101500100754,2019년 10월 15일 23시,화요일,대구광역시 수성구 만촌동,경상사고,0,0,2,0,차대차 - 기타,신호위반,건조,맑음,교차로 - 교차로안,승용,남,22세,상해없음,승용,남,63세,경상
2019101500100755,2019년 10월 15일 23시,화요일,대구광역시 서구 내당동,경상사고,0,0,3,0,차대차 - 측면충돌,교차로운행방법위반,건조,맑음,교차로 - 교차로부근,승용,여,29세,상해없음,승용,남,21세,상해없음
2019101600100045,2019년 10월 16일 00시,수요일,대구광역시 달성군 옥포읍,경상사고,0,0,1,0,차대차 - 추돌,안전운전불이행,건조,맑음,교차로 - 교차로부근,승용,여,23세,상해없음,승용,남,27세,경상
2019101600100067,2019년 10월 16일 04시,수요일,대구광역시 달서구 상인동,중상사고,0,1,0,0,차대차 - 측면충돌,불법유턴,건조,맑음,단일로 - 기타,자전거,여,52세,중상,승용,남,40세,상해없음
2019101600100080,2019년 10월 16일 05시,수요일,대구광역시 동구 신기동,경상사고,0,0,1,0,차대사람 - 횡단중,안전운전불이행,건조,맑음,단일로 - 기타,승용,남,69세,상해없음,보행자,남,77세,경상
2019101600100089,2019년 10월 16일 06시,수요일,대구광역시 수성구 상동,중상사고,0,1,0,0,차대차 - 기타,안전운전불이행,건조,맑음,기타 - 기타,승용,남,55세,상해없음,자전거,남,76세,중상
2019101600100090,2019년 10월 16일 06시,수요일,대구광역시 달성군 유가읍,경상사고,0,0,2,0,차대차 - 추돌,안전운전불이행,건조,맑음,기타 - 기타,승용,남,41세,상해없음,승용,남,35세,경상
2019101600100119,2019년 10월 16일 07시,수요일,대구광역시 달성군 논공읍,중상사고,0,1,0,0,차대차 - 기타,안전운전불이행,건조,맑음,교차로 - 교차로부근,승용,남,59세,상해없음,승용,남,56세,중상
2019101600100120,2019년 10월 16일 07시,수요일,대구광역시 북구 칠성동2가,경상사고,0,0,2,0,차대차 - 추돌,안전운전불이행,건조,맑음,단일로 - 기타,화물,남,59세,상해없음,승용,여,33세,경상
2019101600100121,2019년 10월 16일 07시,수요일,대구광역시 서구 비산동,경상사고,0,0,1,0,차대차 - 측면충돌,직진우회전진행방해,건조,맑음,교차로 - 교차로안,승용,여,63세,상해없음,이륜,남,46세,경상
2019101600100122,2019년 10월 16일 07시,수요일,대구광역시 달서구 용산동,중상사고,0,1,2,0,차대차 - 정면충돌,직진우회전진행방해,건조,맑음,교차로 - 교차로안,화물,남,37세,경상,화물,남,59세,중상
2019101600100123,2019년 10월 16일 07시,수요일,대구광역시 북구 국우동,중상사고,0,1,0,0,차대차 - 측면충돌,안전운전불이행,건조,맑음,교차로 - 교차로횡단보도내,자전거,남,56세,중상,승용,남,46세,상해없음
2019101600100172,2019년 10월 16일 08시,수요일,대구광역시 동구 금강동,중상사고,0,1,0,0,차대차 - 측면충돌,교차로운행방법위반,건조,맑음,단일로 - 기타,화물,남,61세,상해없음,자전거,남,55세,중상
2019101600100173,2019년 10월 16일 08시,수요일,대구광역시 동구 효목동,경상사고,0,0,2,0,차대차 - 기타,안전운전불이행,건조,맑음,단일로 - 기타,화물,남,64세,상해없음,승용,남,33세,기타불명
2019101600100174,2019년 10월 16일 08시,수요일,대구광역시 달서구 호산동,경상사고,0,0,1,1,차대차 - 기타,신호위반,건조,맑음,교차로 - 교차로안,승용,여,54세,부상신고,승용,남,43세,경상
2019101600100218,2019년 10월 16일 09시,수요일,대구광역시 동구 신천동,경상사고,0,0,1,0,차대차 - 측면충돌,안전거리미확보,건조,맑음,단일로 - 기타,승용,남,26세,상해없음,화물,남,36세,경상
2019101600100219,2019년 10월 16일 09시,수요일,대구광역시 수성구 지산동,경상사고,0,0,1,0,차대사람 - 횡단중,보행자보호의무위반,건조,맑음,교차로 - 교차로횡단보도내,승용,남,60세,상해없음,보행자,여,40세,경상
2019101600100220,2019년 10월 16일 09시,수요일,대구광역시 달서구 월성동,중상사고,0,1,0,0,차대차 - 추돌,안전거리미확보,건조,맑음,교차로 - 교차로안,화물,남,45세,상해없음,승용,여,55세,중상
2019101600100221,2019년 10월 16일 09시,수요일,대구광역시 북구 칠성동1가,경상사고,0,0,1,0,차대차 - 후진중충돌,안전운전불이행,건조,맑음,단일로 - 기타,승용,남,71세,상해없음,승용,여,23세,경상
2019101600100259,2019년 10월 16일 10시,수요일,대구광역시 달서구 월성동,경상사고,0,0,1,0,차대차 - 추돌,안전운전불이행,건조,맑음,단일로 - 기타,승용,남,33세,상해없음,승용,남,54세,경상
2019101600100290,2019년 10월 16일 11시,수요일,대구광역시 동구 입석동,경상사고,0,0,1,0,차대사람 - 횡단중,보행자보호의무위반,건조,맑음,교차로 - 교차로횡단보도내,승용,남,73세,상해없음,보행자,남,88세,경상
2019101600100291,2019년 10월 16일 11시,수요일,대구광역시 수성구 가천동,경상사고,0,0,3,0,차대차 - 추돌,안전운전불이행,건조,맑음,단일로 - 기타,승용,여,61세,상해없음,승용,남,52세,경상
2019101600100292,2019년 10월 16일 11시,수요일,대구광역시 서구 내당동,부상신고사고,0,0,0,1,차대차 - 측면충돌,안전운전불이행,건조,맑음,기타 - 기타,이륜,남,62세,부상신고,건설기계,남,61세,상해없음
2019101600100293,2019년 10월 16일 11시,수요일,대구광역시 달서구 용산동,경상사고,0,0,5,0,차대차 - 측면충돌,안전운전불이행,건조,맑음,단일로 - 기타,승용,남,67세,상해없음,승용,여,43세,경상
2019101600100325,2019년 10월 16일 12시,수요일,대구광역시 수성구 황금동,경상사고,0,0,1,1,차대차 - 측면충돌,교차로운행방법위반,건조,맑음,교차로 - 교차로안,승용,남,58세,부상신고,승용,남,35세,경상
2019101600100326,2019년 10월 16일 12시,수요일,대구광역시 달성군 유가읍,중상사고,0,1,0,0,차대차 - 기타,안전거리미확보,건조,맑음,단일로 - 기타,승용,여,39세,상해없음,승용,여,60세,중상
2019101600100327,2019년 10월 16일 12시,수요일,대구광역시 북구 산격동,경상사고,0,0,1,0,차대차 - 기타,안전운전불이행,건조,맑음,단일로 - 기타,승용,여,31세,상해없음,이륜,남,42세,경상
2019101600100374,2019년 10월 16일 13시,수요일,대구광역시 남구 봉덕동,중상사고,0,1,0,0,차대사람 - 기타,안전운전불이행,건조,맑음,교차로 - 교차로부근,승용,남,78세,상해없음,보행자,여,79세,중상
2019101600100375,2019년 10월 16일 13시,수요일,대구광역시 수성구 지산동,경상사고,0,0,1,0,차대차 - 후진중충돌,안전운전불이행,건조,맑음,기타 - 기타,승용,여,64세,상해없음,승용,남,28세,경상
2019101600100376,2019년 10월 16일 13시,수요일,대구광역시 수성구 수성동2가,경상사고,0,0,3,0,차대차 - 측면충돌,안전거리미확보,건조,맑음,단일로 - 기타,승용,남,22세,경상,승용,남,45세,경상
2019101600100410,2019년 10월 16일 14시,수요일,대구광역시 동구 동호동,경상사고,0,0,1,0,차대사람 - 기타,안전운전불이행,건조,맑음,단일로 - 기타,승용,남,39세,상해없음,보행자,여,29세,경상
2019101600100411,2019년 10월 16일 14시,수요일,대구광역시 서구 비산동,경상사고,0,0,1,0,차대사람 - 기타,기타,건조,맑음,기타 - 기타,화물,남,47세,상해없음,보행자,여,90세 이상,경상
2019101600100412,2019년 10월 16일 14시,수요일,대구광역시 달서구 용산동,경상사고,0,0,1,0,차대차 - 측면충돌,안전거리미확보,건조,맑음,단일로 - 기타,승용,남,68세,상해없음,승용,여,55세,경상
2019101600100445,2019년 10월 16일 15시,수요일,대구광역시 달성군 옥포읍,경상사고,0,0,5,0,차대차 - 추돌,안전운전불이행,건조,맑음,단일로 - 기타,화물,남,52세,상해없음,승용,남,53세,경상
2019101600100449,2019년 10월 16일 15시,수요일,대구광역시 동구 신암동,경상사고,0,0,1,0,차대사람 - 횡단중,안전운전불이행,건조,맑음,단일로 - 기타,승용,남,55세,상해없음,보행자,여,66세,경상
2019101600100450,2019년 10월 16일 15시,수요일,대구광역시 수성구 황금동,부상신고사고,0,0,0,1,차대차 - 정면충돌,안전운전불이행,건조,맑음,교차로 - 교차로부근,자전거,남,50세,부상신고,승용,여,46세,상해없음
2019101600100451,2019년 10월 16일 15시,수요일,대구광역시 수성구 범어동,경상사고,0,0,1,0,차대차 - 기타,신호위반,건조,맑음,교차로 - 교차로안,승용,남,58세,상해없음,이륜,남,23세,경상
2019101600100490,2019년 10월 16일 16시,수요일,대구광역시 동구 방촌동,부상신고사고,0,0,0,1,차대차 - 측면충돌,안전운전불이행,건조,맑음,교차로 - 교차로안,이륜,남,18세,부상신고,승용,남,72세,상해없음
2019101600100491,2019년 10월 16일 16시,수요일,대구광역시 북구 관음동,경상사고,0,0,2,1,차대차 - 측면충돌,교차로운행방법위반,건조,맑음,교차로 - 교차로안,승용,여,35세,부상신고,원동기,남,24세,경상
2019101600100539,2019년 10월 16일 17시,수요일,대구광역시 북구 대현동,경상사고,0,0,1,0,차대사람 - 길가장자리구역통행중,안전운전불이행,건조,맑음,단일로 - 기타,승용,여,48세,상해없음,보행자,남,22세,경상
2019101600100540,2019년 10월 16일 17시,수요일,대구광역시 달서구 이곡동,부상신고사고,0,0,0,1,차대차 - 측면충돌,안전운전불이행,건조,맑음,교차로 - 교차로부근,이륜,남,75세,부상신고,승용,남,42세,상해없음
2019101600100594,2019년 10월 16일 18시,수요일,대구광역시 남구 봉덕동,중상사고,0,1,0,0,차대차 - 추돌,안전운전불이행,건조,맑음,교차로 - 교차로안,승용,여,33세,상해없음,원동기,남,47세,중상
2019101600100595,2019년 10월 16일 18시,수요일,대구광역시 동구 신천동,중상사고,0,1,1,0,차대차 - 추돌,안전운전불이행,건조,맑음,단일로 - 기타,승용,남,24세,상해없음,승용,남,50세,중상
2019101600100596,2019년 10월 16일 18시,수요일,대구광역시 동구 신암동,경상사고,0,0,1,0,차대사람 - 기타,안전운전불이행,건조,맑음,교차로 - 교차로안,승용,여,59세,상해없음,보행자,여,62세,경상
2019101600100597,2019년 10월 16일 18시,수요일,대구광역시 동구 방촌동,중상사고,0,1,0,0,차대사람 - 기타,교차로운행방법위반,건조,맑음,교차로 - 교차로안,승용,남,53세,상해없음,보행자,여,79세,중상
2019101600100598,2019년 10월 16일 18시,수요일,대구광역시 달서구 두류동,경상사고,0,0,1,0,차대사람 - 보도통행중,기타,건조,맑음,기타 - 기타,승용,여,63세,상해없음,보행자,남,44세,경상
2019101600100599,2019년 10월 16일 18시,수요일,대구광역시 달서구 이곡동,경상사고,0,0,2,0,차대차 - 추돌,안전운전불이행,건조,맑음,단일로 - 기타,승용,남,56세,상해없음,승용,남,33세,경상
2019101600100600,2019년 10월 16일 18시,수요일,대구광역시 북구 태전동,경상사고,0,0,1,0,차대차 - 측면충돌,안전운전불이행,건조,맑음,교차로 - 교차로부근,원동기,남,19세,경상,승용,여,62세,상해없음
2019101600100634,2019년 10월 16일 19시,수요일,대구광역시 수성구 황금동,부상신고사고,0,0,0,1,차대사람 - 기타,안전운전불이행,건조,맑음,단일로 - 기타,승용,남,48세,상해없음,보행자,여,24세,부상신고
2019101600100635,2019년 10월 16일 19시,수요일,대구광역시 수성구 지산동,경상사고,0,0,1,0,차대차 - 측면충돌,안전운전불이행,건조,맑음,단일로 - 기타,승용,남,25세,상해없음,승용,남,31세,경상
2019101600100636,2019년 10월 16일 19시,수요일,대구광역시 달서구 대천동,경상사고,0,0,3,0,차대차 - 추돌,안전운전불이행,건조,맑음,단일로 - 기타,승용,남,56세,상해없음,승용,여,52세,경상
2019101600100637,2019년 10월 16일 19시,수요일,대구광역시 달서구 월성동,경상사고,0,0,4,0,차대차 - 측면충돌,안전거리미확보,건조,맑음,단일로 - 기타,화물,남,48세,상해없음,승용,남,19세,경상
2019101600100675,2019년 10월 16일 20시,수요일,대구광역시 동구 검사동,경상사고,0,0,1,0,차대차 - 측면충돌,안전운전불이행,건조,맑음,단일로 - 기타,이륜,남,18세,경상,승용,남,59세,상해없음
2019101700100041,2019년 10월 17일 01시,목요일,대구광역시 동구 불로동,경상사고,0,0,1,1,차대차 - 추돌,안전운전불이행,건조,맑음,단일로 - 기타,승용,남,30세,부상신고,승용,남,45세,경상
2019101700100042,2019년 10월 17일 01시,목요일,대구광역시 중구 남산동,중상사고,0,1,0,0,차대차 - 측면충돌,신호위반,건조,맑음,교차로 - 교차로안,승용,남,58세,상해없음,자전거,여,34세,중상
2019101700100057,2019년 10월 17일 02시,목요일,대구광역시 달서구 두류동,중상사고,0,1,1,0,차대차 - 기타,안전운전불이행,건조,맑음,단일로 - 기타,승용,여,43세,상해없음,승용,남,52세,기타불명
2019101700100062,2019년 10월 17일 03시,목요일,대구광역시 수성구 만촌동,경상사고,0,0,2,0,차량단독 - 공작물충돌,안전운전불이행,건조,맑음,교차로 - 교차로부근,이륜,남,17세,경상,,,,
2019101700100194,2019년 10월 17일 09시,목요일,대구광역시 수성구 만촌동,경상사고,0,0,1,0,차대차 - 측면충돌,안전운전불이행,건조,맑음,교차로 - 교차로부근,승용,남,49세,상해없음,승용,남,25세,경상
2019101700100195,2019년 10월 17일 09시,목요일,대구광역시 북구 침산동,중상사고,0,1,0,0,차대차 - 측면충돌,직진우회전진행방해,건조,맑음,교차로 - 교차로안,승용,남,52세,상해없음,원동기,남,61세,중상
2019101700100196,2019년 10월 17일 09시,목요일,대구광역시 서구 비산동,경상사고,0,0,1,0,차대차 - 측면충돌,안전운전불이행,건조,맑음,교차로 - 교차로안,승용,여,51세,상해없음,자전거,남,59세,경상
2019101700100197,2019년 10월 17일 09시,목요일,대구광역시 서구 평리동,중상사고,0,1,0,0,차대차 - 측면충돌,안전운전불이행,건조,맑음,교차로 - 교차로부근,승용,남,26세,상해없음,이륜,남,50세,중상
2019101700100235,2019년 10월 17일 10시,목요일,대구광역시 동구 신기동,경상사고,0,0,1,0,차대사람 - 횡단중,보행자보호의무위반,건조,맑음,단일로 - 기타,승합,남,65세,상해없음,보행자,여,60세,경상
2019101700100236,2019년 10월 17일 10시,목요일,대구광역시 북구 읍내동,중상사고,0,1,0,0,차대사람 - 횡단중,안전운전불이행,건조,맑음,단일로 - 기타,화물,남,53세,상해없음,보행자,여,68세,중상
2019101700100266,2019년 10월 17일 11시,목요일,대구광역시 달서구 이곡동,경상사고,0,0,2,0,차대차 - 기타,중앙선침범,건조,맑음,단일로 - 기타,이륜,남,44세,경상,이륜,남,28세,경상
2019101700100295,2019년 10월 17일 12시,목요일,대구광역시 수성구 중동,경상사고,0,0,2,0,차대차 - 추돌,안전운전불이행,건조,맑음,교차로 - 교차로부근,승용,남,22세,상해없음,승용,남,57세,경상
2019101700100296,2019년 10월 17일 12시,목요일,대구광역시 달서구 장기동,경상사고,0,0,2,0,차대차 - 기타,안전운전불이행,건조,맑음,기타 - 기타,승용,여,66세,상해없음,승용,여,27세,경상
2019101700100297,2019년 10월 17일 12시,목요일,대구광역시 북구 읍내동,경상사고,0,0,1,0,차대차 - 측면충돌,안전운전불이행,건조,맑음,교차로 - 교차로횡단보도내,이륜,남,47세,경상,승용,여,48세,상해없음
2019101700100338,2019년 10월 17일 13시,목요일,대구광역시 달서구 두류동,경상사고,0,0,1,0,차대사람 - 기타,안전운전불이행,건조,맑음,단일로 - 기타,승용,남,30세,상해없음,보행자,남,39세,경상
2019101700100363,2019년 10월 17일 14시,목요일,대구광역시 동구 신천동,중상사고,0,1,1,0,차대차 - 기타,직진우회전진행방해,건조,맑음,교차로 - 교차로안,승용,여,27세,상해없음,이륜,남,51세,경상
2019101700100364,2019년 10월 17일 14시,목요일,대구광역시 서구 평리동,중상사고,0,1,0,0,차대차 - 측면충돌,안전거리미확보,건조,맑음,단일로 - 기타,승용,여,30세,상해없음,이륜,남,59세,중상
2019101700100402,2019년 10월 17일 15시,목요일,대구광역시 수성구 범어동,경상사고,0,0,1,0,차대차 - 기타,안전거리미확보,건조,맑음,교차로 - 교차로부근,승용,남,50세,상해없음,승합,남,64세,상해없음
2019101700100403,2019년 10월 17일 15시,목요일,대구광역시 달서구 진천동,경상사고,0,0,1,0,차대사람 - 차도통행중,안전운전불이행,건조,맑음,단일로 - 기타,승용,여,59세,상해없음,보행자,남,23세,경상
2019101700100404,2019년 10월 17일 15시,목요일,대구광역시 달성군 유가읍,경상사고,0,0,2,0,차대차 - 추돌,중앙선침범,건조,맑음,단일로 - 기타,화물,남,34세,상해없음,승용,남,33세,경상
2019101700100443,2019년 10월 17일 16시,목요일,대구광역시 수성구 매호동,중상사고,0,1,0,0,차대사람 - 횡단중,보행자보호의무위반,건조,맑음,기타 - 기타,승용,여,58세,상해없음,보행자,여,10세,중상
2019101700100483,2019년 10월 17일 17시,목요일,대구광역시 남구 이천동,경상사고,0,0,2,0,차대차 - 측면충돌,안전운전불이행,건조,맑음,단일로 - 지하차도(도로)내,승용,남,46세,상해없음,승용,남,43세,경상
2019101700100484,2019년 10월 17일 17시,목요일,대구광역시 달서구 두류동,경상사고,0,0,1,0,차대차 - 기타,안전운전불이행,건조,맑음,단일로 - 기타,화물,남,43세,상해없음,자전거,남,78세,경상
2019101700100485,2019년 10월 17일 17시,목요일,대구광역시 달서구 두류동,경상사고,0,0,2,0,차대차 - 기타,직진우회전진행방해,건조,맑음,교차로 - 교차로안,화물,남,57세,경상,승용,남,59세,경상
2019101700100486,2019년 10월 17일 17시,목요일,대구광역시 북구 관음동,경상사고,0,0,1,0,차대차 - 측면충돌,안전운전불이행,건조,맑음,교차로 - 교차로안,승용,남,59세,상해없음,승용,남,42세,경상
2019101700100548,2019년 10월 17일 18시,목요일,대구광역시 동구 신천동,경상사고,0,0,1,0,차대차 - 측면충돌,안전거리미확보,건조,맑음,단일로 - 기타,승용,남,47세,상해없음,승용,여,52세,경상
2019101700100549,2019년 10월 17일 18시,목요일,대구광역시 동구 신서동,경상사고,0,0,1,0,차대차 - 추돌,안전운전불이행,건조,맑음,단일로 - 기타,승용,여,47세,상해없음,승용,남,35세,경상
2019101700100550,2019년 10월 17일 18시,목요일,대구광역시 수성구 노변동,경상사고,0,0,1,0,차대차 - 측면충돌,안전운전불이행,건조,맑음,단일로 - 기타,승용,남,48세,상해없음,이륜,남,20세,경상
2019101700100551,2019년 10월 17일 18시,목요일,대구광역시 수성구 신매동,경상사고,0,0,2,0,차대차 - 후진중충돌,안전운전불이행,건조,맑음,단일로 - 기타,승용,여,56세,기타불명,승용,남,51세,경상
2019101700100552,2019년 10월 17일 18시,목요일,대구광역시 수성구 지산동,경상사고,0,0,2,0,차대차 - 측면충돌,교차로운행방법위반,건조,맑음,교차로 - 교차로안,승용,여,38세,경상,승용,남,23세,경상
2019101700100553,2019년 10월 17일 18시,목요일,대구광역시 달서구 상인동,경상사고,0,0,1,0,차대차 - 측면충돌,교차로운행방법위반,건조,맑음,교차로 - 교차로안,승용,남,64세,상해없음,이륜,남,25세,경상
2019101700100554,2019년 10월 17일 18시,목요일,대구광역시 서구 원대동1가,중상사고,0,1,0,0,차대차 - 측면충돌,안전운전불이행,건조,맑음,단일로 - 기타,이륜,남,64세,중상,승용,남,63세,상해없음
2019101700100599,2019년 10월 17일 19시,목요일,대구광역시 서구 중리동,경상사고,0,0,1,0,차대차 - 추돌,교차로운행방법위반,건조,맑음,교차로 - 교차로안,원동기,남,59세,경상,승용,남,69세,상해없음
2019101700100632,2019년 10월 17일 20시,목요일,대구광역시 달서구 진천동,경상사고,0,0,1,0,차대차 - 측면충돌,안전운전불이행,건조,맑음,교차로 - 교차로부근,이륜,남,26세,상해없음,이륜,남,39세,경상
2019101700100658,2019년 10월 17일 21시,목요일,대구광역시 수성구 중동,경상사고,0,0,1,0,차대차 - 측면충돌,교차로운행방법위반,건조,맑음,교차로 - 교차로안,화물,남,54세,상해없음,이륜,남,22세,경상
2019101700100671,2019년 10월 17일 22시,목요일,대구광역시 서구 비산동,중상사고,0,1,0,0,차대차 - 기타,중앙선침범,건조,맑음,교차로 - 교차로횡단보도내,이륜,남,19세,중상,승합,남,56세,상해없음
2019101800100064,2019년 10월 18일 02시,금요일,대구광역시 달서구 이곡동,사망사고,1,0,0,0,차량단독 - 공작물충돌,안전운전불이행,건조,맑음,단일로 - 기타,이륜,남,37세,사망,,,,
2019101800100065,2019년 10월 18일 02시,금요일,대구광역시 달서구 죽전동,경상사고,0,0,2,0,차량단독 - 기타,안전운전불이행,건조,맑음,교차로 - 교차로안,승용,남,59세,상해없음,,,,
2019101800100079,2019년 10월 18일 04시,금요일,대구광역시 북구 고성동2가,경상사고,0,0,1,0,차대차 - 측면충돌,신호위반,건조,맑음,교차로 - 교차로안,화물,남,64세,상해없음,승용,남,62세,경상
2019101800100104,2019년 10월 18일 06시,금요일,대구광역시 동구 불로동,중상사고,0,1,0,0,차대차 - 측면충돌,안전운전불이행,건조,맑음,단일로 - 기타,화물,남,45세,상해없음,자전거,남,25세,중상
2019101800100105,2019년 10월 18일 06시,금요일,대구광역시 수성구 범물동,경상사고,0,0,1,0,차대사람 - 기타,안전운전불이행,건조,맑음,주차장 - 주차장,승합,남,67세,상해없음,보행자,남,57세,경상
2019101800100106,2019년 10월 18일 06시,금요일,대구광역시 달성군 다사읍,경상사고,0,0,1,0,차대차 - 기타,안전운전불이행,건조,맑음,교차로 - 교차로안,승용,여,57세,상해없음,자전거,남,74세,경상
2019101800100231,2019년 10월 18일 09시,금요일,대구광역시 서구 내당동,경상사고,0,0,1,1,차대차 - 측면충돌,안전운전불이행,젖음/습기,비,교차로 - 교차로안,이륜,남,59세,부상신고,승용,남,32세,경상
2019101800100265,2019년 10월 18일 10시,금요일,대구광역시 수성구 범어동,부상신고사고,0,0,0,1,차대차 - 후진중충돌,안전운전불이행,건조,맑음,교차로 - 교차로안,승용,남,45세,상해없음,승용,남,28세,부상신고
2019101800100294,2019년 10월 18일 11시,금요일,대구광역시 동구 신암동,중상사고,0,1,0,0,차대차 - 측면충돌,안전거리미확보,건조,맑음,단일로 - 기타,승용,남,35세,상해없음,승용,남,48세,중상
2019101800100295,2019년 10월 18일 11시,금요일,대구광역시 북구 태전동,경상사고,0,0,1,0,차대차 - 기타,불법유턴,젖음/습기,비,단일로 - 기타,승용,여,41세,상해없음,이륜,남,24세,경상
2019101800100331,2019년 10월 18일 12시,금요일,대구광역시 남구 대명동,경상사고,0,0,1,0,차대차 - 추돌,안전운전불이행,젖음/습기,비,단일로 - 기타,승용,여,36세,상해없음,승용,남,50세,경상
2019101800100332,2019년 10월 18일 12시,금요일,대구광역시 달성군 다사읍,중상사고,0,1,0,0,차대차 - 기타,신호위반,건조,맑음,교차로 - 교차로안,승용,남,49세,상해없음,화물,남,56세,중상
2019101800100333,2019년 10월 18일 12시,금요일,대구광역시 중구 남산동,경상사고,0,0,4,0,차대차 - 측면충돌,안전운전불이행,젖음/습기,비,교차로 - 교차로안,승용,남,20세,경상,승용,남,72세,상해없음
2019101800100334,2019년 10월 18일 12시,금요일,대구광역시 달서구 감삼동,경상사고,0,0,1,0,차대사람 - 기타,안전운전불이행,건조,맑음,기타 - 기타,이륜,남,82세,상해없음,보행자,여,51세,경상
2019101800100335,2019년 10월 18일 12시,금요일,대구광역시 달서구 장기동,사망사고,1,0,0,0,차대차 - 측면충돌,안전운전불이행,젖음/습기,비,기타 - 기타,승용,남,40세,상해없음,승용,여,24세,사망
2019101800100375,2019년 10월 18일 13시,금요일,대구광역시 수성구 매호동,중상사고,0,1,0,0,차량단독 - 공작물충돌,안전운전불이행,젖음/습기,비,단일로 - 기타,승용,여,53세,중상,,,,
2019101800100414,2019년 10월 18일 14시,금요일,대구광역시 동구 방촌동,경상사고,0,0,1,0,차대차 - 측면충돌,안전운전불이행,젖음/습기,비,교차로 - 교차로안,승용,남,80세,상해없음,승용,남,45세,경상