사고번호,사고일시,요일,시군구,사고내용,사망자수,중상자수,경상자수,부상신고자수,사고유형,법규위반,노면상태,기상상태,도로형태,가해운전자 차종,가해운전자 성별,가해운전자 연령,가해운전자 상해정도,피해운전자 차종,피해운전자 성별,피해운전자 연령,피해운전자 상해정도
2019101800100415,2019년 10월 18일 14시,금요일,대구광역시 달서구 송현동,경상사고,0,0,1,2,차대차 - 추돌,안전운전불이행,젖음/습기,흐림,단일로 - 기타,승용,남,60세,상해없음,화물,남,37세,부상신고
2019101800100416,2019년 10월 18일 14시,금요일,대구광역시 달성군 논공읍,경상사고,0,0,1,0,차대차 - 기타,중앙선침범,젖음/습기,비,교차로 - 교차로부근,화물,남,60세,상해없음,화물,남,44세,경상
2019101800100417,2019년 10월 18일 14시,금요일,대구광역시 서구 비산동,부상신고사고,0,0,0,1,차대사람 - 횡단중,보행자보호의무위반,젖음/습기,비,교차로 - 교차로횡단보도내,기타불명,기타불명,미분류,기타불명,보행자,남,16세,부상신고
2019101800100454,2019년 10월 18일 15시,금요일,대구광역시 수성구 수성동2가,중상사고,0,2,0,0,차대차 - 측면충돌,안전거리미확보,건조,맑음,단일로 - 기타,승용,남,33세,중상,화물,남,48세,상해없음
2019101800100455,2019년 10월 18일 15시,금요일,대구광역시 수성구 수성동4가,경상사고,0,0,4,0,차대차 - 측면충돌,안전거리미확보,젖음/습기,흐림,단일로 - 기타,승용,여,70세,경상,승용,남,25세,경상
2019101800100456,2019년 10월 18일 15시,금요일,대구광역시 달성군 화원읍,경상사고,0,0,1,0,차대차 - 정면충돌,안전운전불이행,젖음/습기,맑음,교차로 - 교차로안,승용,남,61세,경상,승합,남,67세,상해없음
2019101800100457,2019년 10월 18일 15시,금요일,대구광역시 서구 내당동,중상사고,0,2,1,0,차대차 - 측면충돌,안전거리미확보,건조,맑음,단일로 - 기타,승용,남,35세,상해없음,승용,남,21세,상해없음
2019101800100458,2019년 10월 18일 15시,금요일,대구광역시 북구 동천동,경상사고,0,0,1,0,차대차 - 측면충돌,안전운전불이행,젖음/습기,비,단일로 - 기타,화물,남,48세,상해없음,이륜,남,23세,경상
2019101800100459,2019년 10월 18일 15시,금요일,대구광역시 북구 관음동,중상사고,0,1,0,0,차대사람 - 기타,보행자보호의무위반,젖음/습기,비,단일로 - 기타,이륜,남,25세,상해없음,보행자,여,8세,중상
2019101800100500,2019년 10월 18일 16시,금요일,대구광역시 달서구 유천동,경상사고,0,0,2,0,차대차 - 측면충돌,안전운전불이행,건조,맑음,단일로 - 기타,승용,여,65세,상해없음,승용,남,31세,경상
2019101800100501,2019년 10월 18일 16시,금요일,대구광역시 달서구 죽전동,경상사고,0,0,1,0,차대차 - 측면충돌,안전운전불이행,젖음/습기,비,교차로 - 교차로부근,승용,여,61세,상해없음,승용,남,31세,경상
2019101800100541,2019년 10월 18일 17시,금요일,대구광역시 동구 신서동,중상사고,0,1,0,0,차대사람 - 횡단중,안전운전불이행,건조,맑음,단일로 - 기타,승용,남,36세,상해없음,보행자,여,78세,중상
2019101800100542,2019년 10월 18일 17시,금요일,대구광역시 달성군 옥포읍,경상사고,0,0,1,0,차대차 - 측면충돌,안전운전불이행,건조,맑음,교차로 - 교차로부근,화물,남,64세,상해없음,승용,여,56세,경상
2019101800100543,2019년 10월 18일 17시,금요일,대구광역시 달성군 유가읍,경상사고,0,0,1,0,차대차 - 기타,교차로운행방법위반,건조,맑음,교차로 - 교차로횡단보도내,승용,남,33세,기타불명,승용,여,59세,경상
2019101800100637,2019년 10월 18일 18시,금요일,대구광역시 동구 각산동,경상사고,0,0,4,0,차대차 - 측면충돌,직진우회전진행방해,건조,맑음,교차로 - 교차로안,승용,남,68세,상해없음,승용,남,44세,경상
2019101800100638,2019년 10월 18일 18시,금요일,대구광역시 동구 신천동,부상신고사고,0,0,0,2,차대차 - 측면충돌,안전운전불이행,건조,맑음,교차로 - 교차로부근,승용,남,70세,상해없음,승용,여,37세,부상신고
2019101800100639,2019년 10월 18일 18시,금요일,대구광역시 동구 신천동,경상사고,0,0,1,0,차대차 - 추돌,안전운전불이행,건조,맑음,단일로 - 기타,승용,남,30세,상해없음,승용,여,68세,경상
2019101800100640,2019년 10월 18일 18시,금요일,대구광역시 동구 용계동,경상사고,0,0,1,0,차대차 - 측면충돌,안전운전불이행,건조,맑음,단일로 - 기타,승합,남,69세,상해없음,승용,여,57세,경상
2019101800100641,2019년 10월 18일 18시,금요일,대구광역시 수성구 중동,경상사고,0,0,1,0,차대차 - 측면충돌,안전운전불이행,건조,맑음,교차로 - 교차로안,이륜,남,33세,경상,승용,남,37세,상해없음
2019101800100642,2019년 10월 18일 18시,금요일,대구광역시 달서구 유천동,중상사고,0,1,0,0,차대사람 - 횡단중,안전운전불이행,건조,맑음,교차로 - 교차로횡단보도내,승합,남,47세,상해없음,보행자,여,53세,중상
2019101800100643,2019년 10월 18일 18시,금요일,대구광역시 달서구 도원동,경상사고,0,0,1,0,차대차 - 기타,안전운전불이행,건조,맑음,단일로 - 기타,이륜,남,37세,경상,승합,남,34세,상해없음
2019101800100644,2019년 10월 18일 18시,금요일,대구광역시 달서구 본리동,경상사고,0,0,1,0,차대차 - 기타,교차로운행방법위반,젖음/습기,비,교차로 - 교차로안,승용,여,24세,상해없음,이륜,남,39세,경상
2019101800100645,2019년 10월 18일 18시,금요일,대구광역시 북구 동천동,경상사고,0,0,1,0,차대차 - 후진중충돌,불법유턴,건조,맑음,단일로 - 기타,승용,남,22세,상해없음,이륜,남,18세,경상
2019101800100705,2019년 10월 18일 19시,금요일,대구광역시 달서구 용산동,중상사고,0,1,0,0,차대사람 - 차도통행중,안전운전불이행,건조,흐림,단일로 - 기타,승용,남,28세,상해없음,보행자,남,47세,중상
2019101800100752,2019년 10월 18일 20시,금요일,대구광역시 달성군 옥포읍,경상사고,0,0,2,0,차대차 - 추돌,안전운전불이행,젖음/습기,비,단일로 - 기타,화물,여,63세,상해없음,기타불명,기타불명,미분류,기타불명
2019101800100753,2019년 10월 18일 20시,금요일,대구광역시 달성군 다사읍,중상사고,0,1,0,0,차대차 - 기타,안전운전불이행,서리/결빙,비,교차로 - 교차로부근,원동기,남,46세,중상,화물,남,64세,상해없음
2019101800100754,2019년 10월 18일 20시,금요일,대구광역시 북구 침산동,경상사고,0,0,2,0,차대차 - 측면충돌,안전거리미확보,젖음/습기,비,단일로 - 기타,승용,남,63세,상해없음,승용,남,31세,경상
2019101800100788,2019년 10월 18일 21시,금요일,대구광역시 달서구 진천동,중상사고,0,1,0,0,차대사람 - 횡단중,안전운전불이행,젖음/습기,흐림,교차로 - 교차로부근,승용,남,42세,상해없음,보행자,남,29세,중상
2019101800100789,2019년 10월 18일 21시,금요일,대구광역시 달서구 감삼동,부상신고사고,0,0,0,1,차대차 - 기타,안전운전불이행,건조,맑음,단일로 - 기타,이륜,남,25세,부상신고,기타불명,기타불명,미분류,기타불명
2019101800100829,2019년 10월 18일 22시,금요일,대구광역시 달서구 성당동,경상사고,0,0,1,0,차대차 - 측면충돌,신호위반,젖음/습기,비,교차로 - 교차로부근,이륜,남,36세,경상,승용,남,38세,상해없음
2019101800100852,2019년 10월 18일 23시,금요일,대구광역시 수성구 두산동,경상사고,0,0,1,0,차대차 - 측면충돌,차로위반,건조,맑음,교차로 - 교차로안,승용,남,19세,상해없음,승용,남,60세,경상
2019101900100059,2019년 10월 19일 01시,토요일,대구광역시 달서구 본리동,중상사고,0,1,0,0,차대사람 - 기타,안전운전불이행,건조,맑음,교차로 - 교차로횡단보도내,승용,남,27세,상해없음,보행자,남,39세,중상
2019101900100129,2019년 10월 19일 06시,토요일,대구광역시 남구 봉덕동,경상사고,0,0,1,0,차대사람 - 기타,신호위반,건조,맑음,교차로 - 교차로횡단보도내,승용,남,80세,상해없음,보행자,남,72세,경상
2019101900100152,2019년 10월 19일 07시,토요일,대구광역시 북구 침산동,경상사고,0,0,2,0,차대차 - 측면충돌,신호위반,건조,맑음,교차로 - 교차로안,승용,남,36세,경상,화물,남,33세,경상
2019101900100153,2019년 10월 19일 07시,토요일,대구광역시 서구 비산동,중상사고,0,1,0,0,차대사람 - 보도통행중,안전운전불이행,건조,맑음,단일로 - 지하차도(도로)내,자전거,남,70세,기타불명,보행자,여,71세,중상
2019101900100173,2019년 10월 19일 08시,토요일,대구광역시 남구 봉덕동,중상사고,0,1,0,0,차대차 - 측면충돌,불법유턴,건조,맑음,단일로 - 기타,승용,여,50세,기타불명,이륜,남,38세,중상
2019101900100174,2019년 10월 19일 08시,토요일,대구광역시 남구 봉덕동,경상사고,0,0,1,0,차대차 - 측면충돌,신호위반,건조,맑음,교차로 - 교차로부근,승용,여,30세,상해없음,승용,남,55세,경상
2019101900100194,2019년 10월 19일 09시,토요일,대구광역시 동구 서호동,경상사고,0,0,1,0,차대차 - 측면충돌,안전운전불이행,건조,맑음,교차로 - 교차로안,화물,남,70세,상해없음,자전거,남,11세,경상
2019101900100224,2019년 10월 19일 10시,토요일,대구광역시 북구 금호동,경상사고,0,0,2,0,차대차 - 기타,기타,건조,맑음,단일로 - 기타,화물,남,65세,상해없음,승용,남,37세,경상
2019101900100229,2019년 10월 19일 10시,토요일,대구광역시 수성구 중동,경상사고,0,0,1,0,차대차 - 측면충돌,안전거리미확보,건조,맑음,단일로 - 기타,승용,여,49세,상해없음,승용,남,67세,경상
2019101900100230,2019년 10월 19일 10시,토요일,대구광역시 달서구 월성동,경상사고,0,0,1,0,차대차 - 측면충돌,교차로운행방법위반,건조,맑음,교차로 - 교차로안,승용,여,47세,상해없음,승용,남,55세,경상
2019101900100231,2019년 10월 19일 10시,토요일,대구광역시 북구 동천동,중상사고,0,1,0,0,차대사람 - 횡단중,안전운전불이행,건조,맑음,단일로 - 기타,승용,남,41세,상해없음,보행자,여,6세,중상
2019101900100232,2019년 10월 19일 10시,토요일,대구광역시 북구 읍내동,경상사고,0,0,2,0,차대차 - 측면충돌,교차로운행방법위반,건조,맑음,교차로 - 교차로안,승용,여,54세,경상,승용,남,50세,경상
2019101900100266,2019년 10월 19일 11시,토요일,대구광역시 수성구 연호동,경상사고,0,0,2,1,차대차 - 측면충돌,신호위반,건조,맑음,교차로 - 교차로안,승용,남,42세,부상신고,승용,남,31세,경상
2019101900100267,2019년 10월 19일 11시,토요일,대구광역시 서구 평리동,중상사고,0,1,1,0,차대사람 - 기타,안전운전불이행,건조,맑음,단일로 - 기타,이륜,남,57세,상해없음,보행자,여,33세,경상
2019101900100268,2019년 10월 19일 11시,토요일,대구광역시 중구 덕산동,부상신고사고,0,0,0,1,차대사람 - 기타,안전운전불이행,건조,맑음,단일로 - 기타,기타불명,기타불명,미분류,기타불명,보행자,남,79세,부상신고
2019101900100303,2019년 10월 19일 12시,토요일,대구광역시 동구 신암동,경상사고,0,0,1,0,차대사람 - 기타,기타,건조,맑음,단일로 - 기타,승용,남,47세,상해없음,보행자,여,72세,경상
2019101900100304,2019년 10월 19일 12시,토요일,대구광역시 달서구 도원동,중상사고,0,1,0,0,차대차 - 기타,불법유턴,건조,맑음,단일로 - 기타,승용,남,42세,상해없음,원동기,남,72세,중상
2019101900100305,2019년 10월 19일 12시,토요일,대구광역시 달성군 화원읍,경상사고,0,0,2,0,차대차 - 기타,안전운전불이행,건조,맑음,교차로 - 교차로안,화물,남,43세,상해없음,화물,남,61세,경상
2019101900100342,2019년 10월 19일 13시,토요일,대구광역시 동구 신암동,경상사고,0,0,1,0,차대차 - 측면충돌,안전운전불이행,건조,맑음,단일로 - 기타,승용,여,27세,상해없음,화물,남,37세,경상
2019101900100343,2019년 10월 19일 13시,토요일,대구광역시 서구 비산동,부상신고사고,0,0,0,1,차대차 - 기타,안전운전불이행,건조,맑음,단일로 - 기타,자전거,남,16세,부상신고,승용,여,59세,상해없음
2019101900100344,2019년 10월 19일 13시,토요일,대구광역시 달서구 감삼동,경상사고,0,0,1,0,차대차 - 후진중충돌,안전운전불이행,건조,맑음,단일로 - 기타,승용,남,52세,상해없음,승용,남,26세,상해없음
2019101900100376,2019년 10월 19일 14시,토요일,대구광역시 남구 이천동,경상사고,0,0,1,0,차대차 - 측면충돌,안전운전불이행,건조,맑음,단일로 - 기타,승용,남,43세,상해없음,자전거,남,65세,경상
2019101900100377,2019년 10월 19일 14시,토요일,대구광역시 북구 산격동,경상사고,0,0,1,0,차대차 - 기타,안전운전불이행,건조,맑음,단일로 - 기타,자전거,남,71세,경상,자전거,남,55세,상해없음
2019101900100419,2019년 10월 19일 15시,토요일,대구광역시 중구 동인동3가,중상사고,0,1,4,0,차대차 - 추돌,안전운전불이행,건조,맑음,단일로 - 기타,승용,남,50세,상해없음,승용,남,39세,경상
2019101900100420,2019년 10월 19일 15시,토요일,대구광역시 달서구 두류동,경상사고,0,0,3,0,차대차 - 측면충돌,기타,건조,맑음,단일로 - 기타,승용,여,64세,상해없음,이륜,여,60세,경상
2019101900100469,2019년 10월 19일 16시,토요일,대구광역시 수성구 매호동,경상사고,0,0,1,0,차대사람 - 기타,안전운전불이행,건조,맑음,단일로 - 기타,승용,남,60세,상해없음,보행자,남,48세,경상
2019101900100516,2019년 10월 19일 17시,토요일,대구광역시 수성구 만촌동,경상사고,0,0,1,0,차대차 - 측면충돌,안전운전불이행,건조,맑음,교차로 - 교차로부근,승용,여,53세,상해없음,자전거,남,15세,경상
2019101900100564,2019년 10월 19일 18시,토요일,대구광역시 달서구 진천동,경상사고,0,0,1,0,차대차 - 측면충돌,직진우회전진행방해,건조,맑음,교차로 - 교차로안,이륜,남,20세,상해없음,이륜,남,31세,경상
2019101900100565,2019년 10월 19일 18시,토요일,대구광역시 북구 대현동,경상사고,0,0,1,0,차대차 - 추돌,안전운전불이행,건조,맑음,단일로 - 기타,승용,남,26세,상해없음,승용,여,59세,경상
2019101900100566,2019년 10월 19일 18시,토요일,대구광역시 중구 남산동,경상사고,0,0,1,0,차대차 - 측면충돌,직진우회전진행방해,건조,맑음,교차로 - 교차로안,승용,남,45세,상해없음,이륜,남,34세,경상
2019101900100605,2019년 10월 19일 19시,토요일,대구광역시 수성구 수성동1가,경상사고,0,0,1,0,차대사람 - 기타,안전운전불이행,건조,맑음,교차로 - 교차로부근,승용,남,78세,상해없음,보행자,남,35세,경상
2019101900100606,2019년 10월 19일 19시,토요일,대구광역시 수성구 만촌동,경상사고,0,0,1,0,차대차 - 측면충돌,안전운전불이행,건조,맑음,교차로 - 교차로부근,승합,남,58세,상해없음,승용,남,36세,경상
2019101900100607,2019년 10월 19일 19시,토요일,대구광역시 서구 평리동,경상사고,0,0,1,0,차량단독 - 기타,기타,건조,맑음,단일로 - 기타,승합,남,45세,상해없음,,,,
2019101900100608,2019년 10월 19일 19시,토요일,대구광역시 서구 비산동,경상사고,0,0,1,0,차대차 - 측면충돌,안전운전불이행,건조,맑음,단일로 - 기타,승용,남,55세,상해없음,자전거,남,62세,경상
2019101900100609,2019년 10월 19일 19시,토요일,대구광역시 서구 내당동,경상사고,0,0,1,0,차대차 - 측면충돌,안전운전불이행,건조,맑음,단일로 - 기타,이륜,남,23세,상해없음,승용,여,23세,상해없음
2019101900100637,2019년 10월 19일 20시,토요일,대구광역시 달서구 진천동,경상사고,0,0,2,0,차대차 - 측면충돌,안전운전불이행,건조,맑음,단일로 - 기타,승용,여,36세,상해없음,승용,여,61세,경상
2019101900100638,2019년 10월 19일 20시,토요일,대구광역시 북구 칠성동1가,경상사고,0,0,2,0,차대차 - 측면충돌,교차로운행방법위반,건조,맑음,교차로 - 교차로부근,화물,남,39세,상해없음,승용,남,60세,경상
2019101900100639,2019년 10월 19일 20시,토요일,대구광역시 달서구 이곡동,경상사고,0,0,1,0,차대차 - 측면충돌,안전거리미확보,건조,맑음,단일로 - 기타,승용,남,46세,상해없음,이륜,남,26세,경상
2019101900100663,2019년 10월 19일 21시,토요일,대구광역시 동구 신암동,중상사고,0,1,0,0,차대사람 - 횡단중,보행자보호의무위반,건조,맑음,교차로 - 교차로부근,승용,남,64세,상해없음,보행자,남,55세,중상
2019101900100664,2019년 10월 19일 21시,토요일,대구광역시 수성구 상동,중상사고,0,1,0,0,차대사람 - 기타,안전운전불이행,건조,맑음,단일로 - 기타,승용,남,45세,상해없음,보행자,남,54세,중상
2019101900100665,2019년 10월 19일 21시,토요일,대구광역시 중구 대봉동,경상사고,0,0,1,0,차대차 - 측면충돌,차로위반,건조,맑음,단일로 - 기타,승용,남,20세,상해없음,승용,여,43세,경상
2019101900100695,2019년 10월 19일 22시,토요일,대구광역시 수성구 만촌동,경상사고,0,0,1,0,차대사람 - 횡단중,보행자보호의무위반,건조,맑음,교차로 - 교차로횡단보도내,승용,여,46세,상해없음,보행자,남,19세,경상
2019101900100696,2019년 10월 19일 22시,토요일,대구광역시 중구 삼덕동1가,경상사고,0,0,1,0,차대사람 - 기타,안전운전불이행,건조,맑음,단일로 - 기타,승용,여,20세,상해없음,보행자,남,27세,경상
2019102000100043,2019년 10월 20일 00시,일요일,대구광역시 중구 대봉동,중상사고,0,1,2,0,차대차 - 기타,신호위반,건조,맑음,교차로 - 교차로안,승용,남,26세,상해없음,승용,남,59세,중상
2019102000100044,2019년 10월 20일 00시,일요일,대구광역시 북구 국우동,경상사고,0,0,1,0,차대사람 - 차도통행중,안전운전불이행,건조,맑음,단일로 - 기타,승용,남,40세,상해없음,보행자,남,46세,경상
2019102000100052,2019년 10월 20일 01시,일요일,대구광역시 남구 봉덕동,중상사고,0,1,0,0,차대차 - 측면충돌,교차로운행방법위반,건조,맑음,교차로 - 교차로부근,승용,남,41세,상해없음,승용,남,57세,중상
2019102000100065,2019년 10월 20일 02시,일요일,대구광역시 달서구 감삼동,중상사고,0,1,0,0,차대차 - 추돌,안전운전불이행,건조,맑음,교차로 - 교차로부근,승용,남,39세,상해없음,승용,남,46세,중상
2019102000100081,2019년 10월 20일 04시,일요일,대구광역시 서구 내당동,중상사고,0,1,0,0,차대차 - 측면충돌,신호위반,건조,맑음,단일로 - 기타,이륜,남,28세,상해없음,원동기,남,27세,중상
2019102000100082,2019년 10월 20일 04시,일요일,대구광역시 달서구 용산동,중상사고,0,1,0,0,차량단독 - 기타,중앙선침범,건조,맑음,기타 - 기타,이륜,남,25세,상해없음,,,,
2019102000100091,2019년 10월 20일 05시,일요일,대구광역시 동구 동호동,중상사고,0,1,0,0,차대차 - 측면충돌,안전운전불이행,건조,맑음,단일로 - 교량,승용,남,47세,상해없음,승용,남,52세,중상
2019102000100104,2019년 10월 20일 06시,일요일,대구광역시 달서구 도원동,경상사고,0,0,1,0,차대차 - 측면충돌,안전거리미확보,건조,맑음,교차로 - 교차로안,화물,남,73세,상해없음,승용,남,31세,경상
2019102000100110,2019년 10월 20일 07시,일요일,대구광역시 수성구 만촌동,경상사고,0,0,1,0,차대차 - 추돌,안전운전불이행,건조,맑음,교차로 - 교차로부근,화물,남,57세,상해없음,승용,남,69세,경상
2019102000100138,2019년 10월 20일 09시,일요일,대구광역시 동구 방촌동,경상사고,0,0,7,1,차대차 - 측면충돌,교차로운행방법위반,건조,맑음,교차로 - 교차로안,승용,남,50세,상해없음,승합,남,43세,경상
2019102000100160,2019년 10월 20일 10시,일요일,대구광역시 북구 태전동,경상사고,0,0,2,0,차대차 - 기타,안전운전불이행,건조,맑음,단일로 - 기타,승합,남,43세,경상,승용,남,34세,경상
2019102000100189,2019년 10월 20일 11시,일요일,대구광역시 달성군 현풍읍,경상사고,0,0,1,0,차대차 - 추돌,안전운전불이행,건조,맑음,단일로 - 기타,승합,남,48세,상해없음,승용,여,27세,경상
2019102000100190,2019년 10월 20일 11시,일요일,대구광역시 북구 관음동,부상신고사고,0,0,0,1,차대차 - 측면충돌,교차로운행방법위반,건조,맑음,교차로 - 교차로안,자전거,여,57세,부상신고,승용,남,59세,상해없음
2019102000100262,2019년 10월 20일 13시,일요일,대구광역시 동구 신암동,중상사고,0,1,0,0,차대차 - 측면충돌,기타,건조,맑음,단일로 - 기타,승용,여,62세,상해없음,자전거,남,11세,중상
2019102000100290,2019년 10월 20일 14시,일요일,대구광역시 서구 상리동,경상사고,0,0,2,0,차대차 - 기타,안전운전불이행,건조,맑음,단일로 - 기타,승용,여,61세,상해없음,승용,남,39세,경상
2019102000100294,2019년 10월 20일 14시,일요일,대구광역시 수성구 황금동,부상신고사고,0,0,0,1,차대차 - 추돌,안전운전불이행,건조,맑음,단일로 - 기타,이륜,남,39세,부상신고,승용,여,49세,기타불명
2019102000100295,2019년 10월 20일 14시,일요일,대구광역시 수성구 수성동3가,중상사고,0,1,0,0,차대차 - 측면충돌,차로위반,건조,맑음,단일로 - 기타,승용,여,35세,상해없음,이륜,남,34세,중상
2019102000100296,2019년 10월 20일 14시,일요일,대구광역시 중구 대봉동,경상사고,0,0,1,0,차대차 - 측면충돌,신호위반,건조,맑음,단일로 - 기타,승용,남,62세,상해없음,이륜,남,27세,경상
2019102000100297,2019년 10월 20일 14시,일요일,대구광역시 북구 읍내동,경상사고,0,0,5,0,차대차 - 기타,안전운전불이행,건조,맑음,단일로 - 기타,승용,여,42세,상해없음,승용,여,30세,경상
2019102000100330,2019년 10월 20일 15시,일요일,대구광역시 동구 신암동,경상사고,0,0,3,0,차대차 - 기타,안전거리미확보,건조,맑음,단일로 - 기타,원동기,남,34세,경상,승용,여,65세,경상
2019102000100331,2019년 10월 20일 15시,일요일,대구광역시 달성군 다사읍,경상사고,0,0,1,0,차대차 - 기타,안전운전불이행,건조,맑음,기타 - 기타,승용,남,48세,상해없음,자전거,남,55세,경상
2019102000100332,2019년 10월 20일 15시,일요일,대구광역시 서구 내당동,중상사고,0,1,0,0,차대차 - 측면충돌,신호위반,건조,맑음,단일로 - 기타,승용,남,52세,상해없음,이륜,남,24세,중상
2019102000100359,2019년 10월 20일 16시,일요일,대구광역시 북구 금호동,경상사고,0,0,4,1,차대차 - 추돌,안전운전불이행,건조,맑음,단일로 - 기타,승용,남,42세,상해없음,승용,여,44세,경상
2019102000100362,2019년 10월 20일 16시,일요일,대구광역시 달서구 대곡동,경상사고,0,0,1,0,차대차 - 측면충돌,안전거리미확보,건조,맑음,교차로 - 교차로부근,승용,여,27세,상해없음,승용,여,26세,경상
2019102000100363,2019년 10월 20일 16시,일요일,대구광역시 중구 남산동,경상사고,0,0,1,0,차대차 - 추돌,안전운전불이행,건조,맑음,단일로 - 기타,승용,남,23세,상해없음,승용,남,31세,상해없음
2019102000100401,2019년 10월 20일 17시,일요일,대구광역시 수성구 두산동,중상사고,0,1,0,0,차대차 - 측면충돌,안전운전불이행,건조,맑음,단일로 - 기타,승용,남,62세,상해없음,이륜,남,23세,중상
2019102000100440,2019년 10월 20일 18시,일요일,대구광역시 동구 신암동,경상사고,0,0,2,0,차대차 - 측면충돌,교차로운행방법위반,건조,맑음,교차로 - 교차로안,승용,남,57세,상해없음,승용,남,20세,경상
2019102000100441,2019년 10월 20일 18시,일요일,대구광역시 서구 평리동,경상사고,0,0,1,0,차대차 - 측면충돌,신호위반,건조,맑음,교차로 - 교차로안,이륜,남,16세,경상,승용,남,64세,상해없음
2019102000100475,2019년 10월 20일 19시,일요일,대구광역시 수성구 황금동,중상사고,0,1,0,1,차대차 - 측면충돌,신호위반,건조,맑음,교차로 - 교차로안,승용,여,67세,부상신고,승용,남,50세,중상
2019102000100476,2019년 10월 20일 19시,일요일,대구광역시 달서구 월성동,경상사고,0,0,5,0,차대차 - 추돌,안전운전불이행,건조,맑음,단일로 - 기타,승용,남,18세,상해없음,승용,남,32세,경상
2019102000100527,2019년 10월 20일 21시,일요일,대구광역시 동구 동호동,경상사고,0,0,2,1,차대차 - 측면충돌,안전거리미확보,건조,맑음,단일로 - 교량,승용,남,39세,부상신고,승용,남,35세,경상
2019102000100547,2019년 10월 20일 22시,일요일,대구광역시 남구 대명동,경상사고,0,0,1,0,차량단독 - 공작물충돌,안전운전불이행,건조,맑음,단일로 - 기타,승용,남,55세,상해없음,,,,
2019102000100561,2019년 10월 20일 23시,일요일,대구광역시 수성구 만촌동,경상사고,0,0,1,0,차대차 - 정면충돌,신호위반,건조,맑음,교차로 - 교차로안,승용,여,51세,상해없음,승용,남,30세,경상
2019102000100562,2019년 10월 20일 23시,일요일,대구광역시 달서구 감삼동,경상사고,0,0,4,1,차대차 - 정면충돌,안전운전불이행,건조,맑음,단일로 - 기타,승용,남,59세,기타불명,승용,여,37세,부상신고
2019102100100037,2019년 10월 21일 02시,월요일,대구광역시 동구 신암동,중상사고,0,1,0,0,차대사람 - 횡단중,안전운전불이행,건조,맑음,단일로 - 기타,승용,남,31세,상해없음,보행자,남,60세,중상
2019102100100062,2019년 10월 21일 05시,월요일,대구광역시 서구 평리동,경상사고,0,0,1,0,차대사람 - 기타,안전운전불이행,건조,맑음,교차로 - 교차로부근,화물,남,52세,상해없음,보행자,여,50세,경상
2019102100100099,2019년 10월 21일 07시,월요일,대구광역시 서구 상리동,경상사고,0,0,1,0,차대차 - 기타,안전운전불이행,건조,맑음,단일로 - 기타,승합,남,59세,상해없음,승용,남,42세,경상
2019102100100149,2019년 10월 21일 08시,월요일,대구광역시 수성구 범어동,중상사고,0,1,1,0,차대사람 - 차도통행중,안전운전불이행,건조,맑음,단일로 - 기타,승용,남,50세,상해없음,보행자,여,65세,중상
2019102100100192,2019년 10월 21일 09시,월요일,대구광역시 남구 대명동,경상사고,0,0,1,0,차대차 - 추돌,안전운전불이행,건조,맑음,교차로 - 교차로부근,승용,남,59세,상해없음,승용,여,41세,경상
2019102100100193,2019년 10월 21일 09시,월요일,대구광역시 수성구 지산동,중상사고,0,1,0,0,차대차 - 측면충돌,안전운전불이행,건조,맑음,기타 - 기타,자전거,남,58세,중상,승용,여,59세,상해없음
2019102100100194,2019년 10월 21일 09시,월요일,대구광역시 달서구 대곡동,중상사고,0,1,1,0,차대차 - 기타,안전거리미확보,건조,맑음,단일로 - 기타,승용,여,56세,경상,승용,남,55세,중상
2019102100100195,2019년 10월 21일 09시,월요일,대구광역시 서구 평리동,중상사고,0,1,0,0,차대사람 - 기타,안전운전불이행,건조,맑음,교차로 - 교차로횡단보도내,승용,남,56세,상해없음,보행자,여,65세,상해없음
2019102100100278,2019년 10월 21일 11시,월요일,대구광역시 남구 대명동,중상사고,0,1,0,0,차대사람 - 기타,안전운전불이행,건조,맑음,단일로 - 기타,자전거,남,19세,상해없음,보행자,남,56세,중상
2019102100100279,2019년 10월 21일 11시,월요일,대구광역시 남구 대명동,경상사고,0,0,1,0,차대차 - 후진중충돌,안전운전불이행,건조,맑음,교차로 - 교차로부근,승용,여,76세,상해없음,승용,여,59세,경상
2019102100100280,2019년 10월 21일 11시,월요일,대구광역시 수성구 두산동,부상신고사고,0,0,0,1,차대차 - 측면충돌,안전운전불이행,건조,맑음,단일로 - 기타,자전거,남,39세,부상신고,승용,남,47세,상해없음
2019102100100325,2019년 10월 21일 12시,월요일,대구광역시 수성구 수성동1가,중상사고,0,1,0,0,차대차 - 기타,안전운전불이행,건조,맑음,교차로 - 교차로횡단보도내,승용,여,63세,상해없음,자전거,여,55세,중상
2019102100100326,2019년 10월 21일 12시,월요일,대구광역시 북구 복현동,중상사고,0,1,0,0,차대사람 - 보도통행중,기타,건조,맑음,단일로 - 기타,자전거,남,19세,상해없음,보행자,여,25세,중상
2019102100100366,2019년 10월 21일 13시,월요일,대구광역시 남구 봉덕동,경상사고,0,0,1,0,차대차 - 측면충돌,안전운전불이행,건조,맑음,교차로 - 교차로안,승용,남,61세,상해없음,이륜,남,22세,경상