사고번호,사고일시,요일,시군구,사고내용,사망자수,중상자수,경상자수,부상신고자수,사고유형,법규위반,노면상태,기상상태,도로형태,가해운전자 차종,가해운전자 성별,가해운전자 연령,가해운전자 상해정도,피해운전자 차종,피해운전자 성별,피해운전자 연령,피해운전자 상해정도
2019102100100367,2019년 10월 21일 13시,월요일,대구광역시 중구 남산동,경상사고,0,0,1,0,차대차 - 측면충돌,차로위반,건조,맑음,단일로 - 기타,승용,여,61세,경상,승용,남,64세,상해없음
2019102100100368,2019년 10월 21일 13시,월요일,대구광역시 수성구 수성동2가,중상사고,0,1,2,0,차대차 - 기타,안전운전불이행,건조,맑음,단일로 - 기타,승용,남,24세,상해없음,승용,남,66세,중상
2019102100100369,2019년 10월 21일 13시,월요일,대구광역시 달서구 두류동,중상사고,0,1,0,0,차대사람 - 기타,기타,건조,맑음,기타 - 기타,승용,남,40세,상해없음,보행자,여,43세,중상
2019102100100450,2019년 10월 21일 15시,월요일,대구광역시 동구 각산동,경상사고,0,0,1,0,차대차 - 측면충돌,신호위반,건조,맑음,교차로 - 교차로안,승용,여,59세,상해없음,승용,남,24세,경상
2019102100100494,2019년 10월 21일 16시,월요일,대구광역시 동구 효목동,중상사고,0,1,0,0,차대차 - 기타,안전운전불이행,건조,맑음,교차로 - 교차로횡단보도내,자전거,남,72세,중상,승용,남,38세,상해없음
2019102100100495,2019년 10월 21일 16시,월요일,대구광역시 달서구 본동,부상신고사고,0,0,0,2,차대차 - 측면충돌,안전거리미확보,건조,맑음,교차로 - 교차로부근,승용,남,54세,상해없음,승용,남,19세,부상신고
2019102100100540,2019년 10월 21일 17시,월요일,대구광역시 남구 대명동,경상사고,0,0,1,0,차대사람 - 길가장자리구역통행중,안전운전불이행,건조,맑음,교차로 - 교차로부근,승용,여,52세,상해없음,보행자,남,6세,경상
2019102100100598,2019년 10월 21일 18시,월요일,대구광역시 동구 율암동,경상사고,0,0,1,0,차대차 - 기타,안전운전불이행,건조,맑음,단일로 - 기타,승용,여,32세,상해없음,건설기계,남,34세,기타불명
2019102100100599,2019년 10월 21일 18시,월요일,대구광역시 북구 칠성동2가,부상신고사고,0,0,0,1,차대차 - 후진중충돌,안전운전불이행,건조,맑음,기타 - 기타,이륜,남,23세,부상신고,화물,남,69세,상해없음
2019102100100600,2019년 10월 21일 18시,월요일,대구광역시 서구 평리동,경상사고,0,0,1,0,차대차 - 추돌,안전거리미확보,건조,맑음,교차로 - 교차로부근,승용,여,23세,상해없음,승용,남,45세,경상
2019102100100642,2019년 10월 21일 19시,월요일,대구광역시 동구 효목동,경상사고,0,0,2,0,차대차 - 측면충돌,신호위반,건조,맑음,교차로 - 교차로안,승용,여,49세,상해없음,승용,남,57세,경상
2019102100100664,2019년 10월 21일 20시,월요일,대구광역시 수성구 황금동,경상사고,0,0,1,0,차대차 - 측면충돌,교차로운행방법위반,건조,맑음,교차로 - 교차로안,승용,남,52세,상해없음,승용,남,28세,경상
2019102100100665,2019년 10월 21일 20시,월요일,대구광역시 달서구 이곡동,경상사고,0,0,1,0,차대사람 - 횡단중,보행자보호의무위반,건조,맑음,교차로 - 교차로부근,승용,여,59세,상해없음,보행자,여,50세,경상
2019102100100666,2019년 10월 21일 20시,월요일,대구광역시 달서구 이곡동,부상신고사고,0,0,0,1,차대차 - 측면충돌,안전거리미확보,건조,맑음,단일로 - 기타,화물,남,59세,상해없음,승용,남,23세,상해없음
2019102100100667,2019년 10월 21일 20시,월요일,대구광역시 달서구 신당동,중상사고,0,1,0,0,차대차 - 추돌,안전운전불이행,건조,맑음,교차로 - 교차로부근,승용,남,62세,상해없음,승합,남,47세,상해없음
2019102100100730,2019년 10월 21일 23시,월요일,대구광역시 동구 율하동,경상사고,0,0,2,0,차대차 - 측면충돌,안전운전불이행,건조,맑음,교차로 - 교차로안,승용,여,63세,상해없음,승용,남,62세,경상
2019102100100731,2019년 10월 21일 23시,월요일,대구광역시 북구 동천동,경상사고,0,0,1,0,차대차 - 측면충돌,안전운전불이행,건조,맑음,단일로 - 기타,승용,남,56세,상해없음,이륜,남,18세,경상
2019102200100031,2019년 10월 22일 00시,화요일,대구광역시 남구 이천동,중상사고,0,1,1,0,차대차 - 추돌,안전운전불이행,건조,맑음,교차로 - 교차로부근,승용,남,33세,상해없음,승용,남,64세,경상
2019102200100032,2019년 10월 22일 00시,화요일,대구광역시 동구 신천동,부상신고사고,0,0,0,1,차대차 - 측면충돌,안전운전불이행,건조,맑음,교차로 - 교차로횡단보도내,기타불명,기타불명,미분류,기타불명,자전거,남,40세,부상신고
2019102200100033,2019년 10월 22일 00시,화요일,대구광역시 달서구 이곡동,중상사고,0,2,0,0,차대차 - 기타,직진우회전진행방해,건조,맑음,교차로 - 교차로안,승용,여,53세,상해없음,승용,남,55세,중상
2019102200100049,2019년 10월 22일 02시,화요일,대구광역시 서구 평리동,경상사고,0,0,2,0,차대차 - 측면충돌,안전운전불이행,건조,맑음,단일로 - 기타,승용,남,66세,경상,승용,남,39세,경상
2019102200100060,2019년 10월 22일 04시,화요일,대구광역시 서구 내당동,중상사고,0,1,0,0,차대차 - 측면충돌,안전운전불이행,건조,맑음,단일로 - 기타,승용,여,63세,상해없음,자전거,여,63세,중상
2019102200100087,2019년 10월 22일 06시,화요일,대구광역시 남구 대명동,중상사고,0,1,0,0,차대사람 - 횡단중,신호위반,건조,맑음,단일로 - 기타,승용,남,51세,상해없음,보행자,남,61세,중상
2019102200100088,2019년 10월 22일 06시,화요일,대구광역시 수성구 두산동,중상사고,0,1,0,0,차대사람 - 횡단중,안전운전불이행,건조,맑음,교차로 - 교차로횡단보도내,승용,남,30세,상해없음,보행자,남,52세,중상
2019102200100121,2019년 10월 22일 07시,화요일,대구광역시 중구 대봉동,중상사고,0,1,0,0,차량단독 - 공작물충돌,안전운전불이행,건조,맑음,단일로 - 기타,승용,남,62세,상해없음,,,,
2019102200100172,2019년 10월 22일 08시,화요일,대구광역시 동구 신평동,경상사고,0,0,1,0,차대사람 - 차도통행중,안전운전불이행,건조,맑음,단일로 - 기타,승용,여,72세,상해없음,보행자,남,16세,경상
2019102200100173,2019년 10월 22일 08시,화요일,대구광역시 북구 동천동,중상사고,0,1,0,0,차대사람 - 기타,안전운전불이행,건조,맑음,교차로 - 교차로안,승합,남,67세,상해없음,보행자,여,16세,중상
2019102200100207,2019년 10월 22일 09시,화요일,대구광역시 수성구 신매동,경상사고,0,0,3,0,차대차 - 기타,직진우회전진행방해,건조,맑음,교차로 - 교차로안,승용,남,60세,경상,승용,여,33세,경상
2019102200100208,2019년 10월 22일 09시,화요일,대구광역시 수성구 수성동4가,경상사고,0,0,1,0,차대차 - 측면충돌,안전운전불이행,건조,맑음,기타 - 기타,승용,여,27세,상해없음,이륜,남,34세,경상
2019102200100240,2019년 10월 22일 10시,화요일,대구광역시 서구 비산동,부상신고사고,0,0,0,2,차대차 - 측면충돌,안전운전불이행,건조,맑음,단일로 - 기타,이륜,남,37세,부상신고,승용,남,65세,부상신고
2019102200100269,2019년 10월 22일 11시,화요일,대구광역시 북구 읍내동,부상신고사고,0,0,0,1,차대차 - 기타,안전운전불이행,건조,맑음,단일로 - 기타,이륜,남,22세,부상신고,이륜,남,36세,상해없음
2019102200100299,2019년 10월 22일 12시,화요일,대구광역시 수성구 연호동,경상사고,0,0,1,0,차대차 - 측면충돌,안전운전불이행,건조,맑음,단일로 - 기타,승용,여,39세,상해없음,화물,남,35세,경상
2019102200100300,2019년 10월 22일 12시,화요일,대구광역시 수성구 고모동,경상사고,0,0,2,0,차대차 - 정면충돌,차로위반,건조,맑음,단일로 - 기타,승용,여,49세,경상,승용,여,49세,경상
2019102200100301,2019년 10월 22일 12시,화요일,대구광역시 달서구 송현동,경상사고,0,0,2,0,차대차 - 측면충돌,교차로운행방법위반,건조,맑음,교차로 - 교차로안,승용,남,65세,경상,승용,여,67세,경상
2019102200100373,2019년 10월 22일 14시,화요일,대구광역시 동구 동호동,중상사고,0,1,0,0,차대차 - 측면충돌,신호위반,건조,맑음,교차로 - 교차로안,승용,남,72세,상해없음,승용,남,53세,중상
2019102200100374,2019년 10월 22일 14시,화요일,대구광역시 수성구 상동,경상사고,0,0,1,0,차대차 - 측면충돌,안전거리미확보,건조,맑음,교차로 - 교차로안,승용,여,65세,상해없음,승용,남,54세,경상
2019102200100375,2019년 10월 22일 14시,화요일,대구광역시 서구 내당동,경상사고,0,0,1,0,차대차 - 추돌,안전운전불이행,건조,맑음,교차로 - 교차로부근,승용,남,67세,상해없음,승용,여,26세,경상
2019102200100459,2019년 10월 22일 16시,화요일,대구광역시 남구 봉덕동,경상사고,0,0,1,0,차대차 - 측면충돌,교차로운행방법위반,건조,맑음,교차로 - 교차로안,승용,남,65세,상해없음,이륜,남,26세,경상
2019102200100460,2019년 10월 22일 16시,화요일,대구광역시 중구 동인동1가,경상사고,0,0,2,0,차대차 - 기타,차로위반,건조,맑음,단일로 - 기타,승용,남,35세,상해없음,승용,남,21세,경상
2019102200100498,2019년 10월 22일 17시,화요일,대구광역시 북구 고성동3가,경상사고,0,0,1,0,차대차 - 정면충돌,신호위반,건조,맑음,기타 - 기타,승용,여,53세,상해없음,자전거,남,41세,경상
2019102200100561,2019년 10월 22일 18시,화요일,대구광역시 남구 대명동,경상사고,0,0,3,0,차대차 - 후진중충돌,안전운전불이행,건조,맑음,교차로 - 교차로안,승용,남,36세,상해없음,승용,여,34세,경상
2019102200100562,2019년 10월 22일 18시,화요일,대구광역시 수성구 욱수동,경상사고,0,0,1,0,차대차 - 추돌,안전운전불이행,건조,맑음,단일로 - 기타,승용,여,36세,기타불명,승용,남,60세,경상
2019102200100563,2019년 10월 22일 18시,화요일,대구광역시 달서구 본동,중상사고,0,1,0,5,차대차 - 측면충돌,교차로운행방법위반,건조,맑음,교차로 - 교차로부근,화물,남,42세,중상,승용,남,18세,부상신고
2019102200100633,2019년 10월 22일 19시,화요일,대구광역시 남구 봉덕동,경상사고,0,0,2,0,차대차 - 측면충돌,안전운전불이행,건조,맑음,단일로 - 지하차도(도로)내,화물,남,43세,상해없음,승용,여,28세,경상
2019102200100634,2019년 10월 22일 19시,화요일,대구광역시 남구 이천동,경상사고,0,0,1,0,차대차 - 측면충돌,안전운전불이행,건조,맑음,단일로 - 지하차도(도로)내,승용,남,51세,상해없음,승용,여,34세,경상
2019102200100635,2019년 10월 22일 19시,화요일,대구광역시 서구 내당동,경상사고,0,0,1,0,차대차 - 측면충돌,중앙선침범,건조,맑음,단일로 - 기타,자전거,여,71세,경상,승용,남,29세,상해없음
2019102200100636,2019년 10월 22일 19시,화요일,대구광역시 달서구 성당동,중상사고,0,1,0,0,차대차 - 측면충돌,안전운전불이행,건조,맑음,기타 - 기타,기타불명,기타불명,미분류,기타불명,자전거,남,84세,중상
2019102200100673,2019년 10월 22일 20시,화요일,대구광역시 동구 신천동,경상사고,0,0,1,0,차대사람 - 기타,안전운전불이행,건조,맑음,단일로 - 기타,승용,남,64세,상해없음,보행자,남,45세,경상
2019102200100674,2019년 10월 22일 20시,화요일,대구광역시 달서구 호산동,경상사고,0,0,1,0,차대차 - 기타,안전운전불이행,건조,맑음,교차로 - 교차로부근,이륜,남,30세,상해없음,자전거,남,25세,경상
2019102200100675,2019년 10월 22일 20시,화요일,대구광역시 달서구 감삼동,경상사고,0,0,1,0,차대차 - 기타,안전운전불이행,건조,맑음,단일로 - 기타,이륜,남,33세,경상,승용,여,26세,상해없음
2019102200100700,2019년 10월 22일 21시,화요일,대구광역시 달서구 두류동,중상사고,0,1,1,0,차대차 - 추돌,안전운전불이행,건조,맑음,단일로 - 기타,승용,남,38세,상해없음,승용,여,31세,경상
2019102200100722,2019년 10월 22일 22시,화요일,대구광역시 동구 율하동,경상사고,0,0,1,0,차대차 - 측면충돌,신호위반,건조,맑음,교차로 - 교차로안,승용,남,65세,상해없음,승용,남,37세,경상
2019102200100737,2019년 10월 22일 23시,화요일,대구광역시 수성구 황금동,경상사고,0,0,2,0,차대차 - 측면충돌,안전운전불이행,건조,맑음,기타 - 기타,승용,남,29세,상해없음,승용,남,18세,상해없음
2019102200100738,2019년 10월 22일 23시,화요일,대구광역시 수성구 황금동,경상사고,0,0,1,0,차대사람 - 기타,안전운전불이행,건조,맑음,단일로 - 기타,승용,남,46세,상해없음,보행자,남,24세,경상
2019102300100056,2019년 10월 23일 01시,수요일,대구광역시 중구 태평로1가,부상신고사고,0,0,0,1,차대차 - 추돌,안전운전불이행,건조,맑음,단일로 - 기타,승용,남,54세,상해없음,승용,남,59세,부상신고
2019102300100065,2019년 10월 23일 03시,수요일,대구광역시 수성구 두산동,경상사고,0,0,1,0,차대차 - 측면충돌,안전운전불이행,건조,맑음,단일로 - 터널,승용,남,23세,상해없음,이륜,남,28세,경상
2019102300100076,2019년 10월 23일 05시,수요일,대구광역시 달서구 성당동,중상사고,0,1,0,0,차대사람 - 횡단중,안전운전불이행,건조,맑음,기타 - 기타,기타불명,기타불명,미분류,기타불명,보행자,여,79세,중상
2019102300100090,2019년 10월 23일 06시,수요일,대구광역시 동구 신천동,부상신고사고,0,0,0,1,차량단독 - 공작물충돌,안전운전불이행,건조,맑음,교차로 - 교차로부근,이륜,남,46세,부상신고,,,,
2019102300100118,2019년 10월 23일 07시,수요일,대구광역시 달서구 감삼동,경상사고,0,0,1,0,차대차 - 측면충돌,안전운전불이행,건조,맑음,단일로 - 기타,승용,남,59세,상해없음,승용,남,61세,경상
2019102300100156,2019년 10월 23일 08시,수요일,대구광역시 북구 대현동,중상사고,0,1,1,0,차대차 - 기타,안전운전불이행,건조,맑음,단일로 - 기타,이륜,남,74세,중상,승용,남,50세,경상
2019102300100185,2019년 10월 23일 09시,수요일,대구광역시 북구 금호동,경상사고,0,0,1,0,차대차 - 기타,안전거리미확보,건조,맑음,단일로 - 기타,승용,남,53세,상해없음,승합,남,60세,경상
2019102300100187,2019년 10월 23일 09시,수요일,대구광역시 북구 침산동,중상사고,0,1,0,0,차대차 - 측면충돌,안전운전불이행,건조,맑음,단일로 - 기타,이륜,남,79세,중상,승합,남,56세,상해없음
2019102300100214,2019년 10월 23일 10시,수요일,대구광역시 달서구 진천동,경상사고,0,0,3,0,차대차 - 측면충돌,교차로운행방법위반,건조,맑음,교차로 - 교차로안,승용,남,66세,경상,승용,남,62세,경상
2019102300100215,2019년 10월 23일 10시,수요일,대구광역시 북구 노원동3가,중상사고,0,1,0,0,차대차 - 후진중충돌,안전운전불이행,건조,맑음,단일로 - 기타,화물,남,53세,상해없음,이륜,남,48세,중상
2019102300100249,2019년 10월 23일 11시,수요일,대구광역시 수성구 수성동2가,경상사고,0,0,1,0,차대사람 - 횡단중,안전운전불이행,건조,맑음,단일로 - 기타,자전거,여,52세,기타불명,보행자,남,59세,경상
2019102300100279,2019년 10월 23일 12시,수요일,대구광역시 북구 노원동3가,중상사고,0,1,0,0,차대차 - 측면충돌,안전운전불이행,건조,맑음,교차로 - 교차로횡단보도내,승용,남,52세,상해없음,자전거,남,38세,중상
2019102300100307,2019년 10월 23일 13시,수요일,대구광역시 동구 중대동,경상사고,0,0,1,0,차량단독 - 공작물충돌,안전운전불이행,건조,맑음,단일로 - 기타,승용,여,67세,경상,,,,
2019102300100337,2019년 10월 23일 14시,수요일,대구광역시 북구 노원동1가,중상사고,0,1,0,0,차량단독 - 기타,기타,건조,맑음,교차로 - 교차로부근,승용,남,73세,상해없음,,,,
2019102300100338,2019년 10월 23일 14시,수요일,대구광역시 북구 산격동,경상사고,0,0,1,0,차대차 - 추돌,직진우회전진행방해,건조,맑음,교차로 - 교차로안,승용,남,55세,상해없음,승용,남,39세,경상
2019102300100339,2019년 10월 23일 14시,수요일,대구광역시 서구 내당동,경상사고,0,0,1,0,차대차 - 측면충돌,안전거리미확보,건조,맑음,단일로 - 기타,승용,남,40세,상해없음,화물,남,57세,경상
2019102300100340,2019년 10월 23일 14시,수요일,대구광역시 북구 학정동,경상사고,0,0,1,0,차대사람 - 기타,안전운전불이행,건조,맑음,교차로 - 교차로안,승용,여,49세,상해없음,보행자,여,84세,경상
2019102300100378,2019년 10월 23일 15시,수요일,대구광역시 수성구 범어동,중상사고,0,2,0,0,차대차 - 기타,안전운전불이행,건조,맑음,단일로 - 기타,승용,여,60세,상해없음,승용,남,38세,중상
2019102300100416,2019년 10월 23일 16시,수요일,대구광역시 남구 대명동,경상사고,0,0,1,0,차대차 - 추돌,안전거리미확보,건조,맑음,교차로 - 교차로부근,승용,남,18세,상해없음,승용,남,62세,경상
2019102300100417,2019년 10월 23일 16시,수요일,대구광역시 수성구 범물동,경상사고,0,0,1,0,차대차 - 추돌,안전운전불이행,건조,맑음,단일로 - 기타,승용,남,21세,상해없음,승용,남,55세,경상
2019102300100418,2019년 10월 23일 16시,수요일,대구광역시 달서구 송현동,경상사고,0,0,1,0,차대차 - 측면충돌,교차로운행방법위반,건조,맑음,교차로 - 교차로안,승용,여,44세,상해없음,승용,남,34세,경상
2019102300100460,2019년 10월 23일 17시,수요일,대구광역시 수성구 만촌동,중상사고,0,1,0,0,차대차 - 측면충돌,안전운전불이행,건조,맑음,단일로 - 기타,승용,남,55세,상해없음,이륜,남,42세,중상
2019102300100461,2019년 10월 23일 17시,수요일,대구광역시 북구 침산동,중상사고,0,1,0,0,차대차 - 측면충돌,안전거리미확보,건조,맑음,교차로 - 교차로안,승용,남,56세,상해없음,원동기,남,40세,중상
2019102300100524,2019년 10월 23일 18시,수요일,대구광역시 서구 비산동,경상사고,0,0,3,0,차대차 - 측면충돌,안전거리미확보,건조,맑음,단일로 - 기타,화물,남,60세,상해없음,승용,남,45세,경상
2019102300100525,2019년 10월 23일 18시,수요일,대구광역시 북구 읍내동,경상사고,0,0,2,0,차대차 - 측면충돌,안전운전불이행,건조,맑음,단일로 - 지하차도(도로)내,이륜,남,19세,경상,화물,남,55세,경상
2019102300100573,2019년 10월 23일 19시,수요일,대구광역시 남구 봉덕동,경상사고,0,0,1,0,차대차 - 기타,기타,건조,맑음,교차로 - 교차로부근,기타불명,기타불명,미분류,기타불명,승용,여,48세,경상
2019102300100574,2019년 10월 23일 19시,수요일,대구광역시 동구 용계동,경상사고,0,0,1,1,차대차 - 추돌,안전거리미확보,건조,맑음,단일로 - 기타,이륜,남,16세,부상신고,승용,남,53세,경상
2019102300100575,2019년 10월 23일 19시,수요일,대구광역시 수성구 만촌동,경상사고,0,0,1,1,차대차 - 측면충돌,교차로운행방법위반,건조,맑음,교차로 - 교차로횡단보도내,승용,여,50세,부상신고,승용,남,57세,경상
2019102300100603,2019년 10월 23일 20시,수요일,대구광역시 동구 신서동,중상사고,0,1,0,0,차대차 - 기타,안전운전불이행,건조,맑음,교차로 - 교차로부근,기타불명,기타불명,미분류,기타불명,이륜,남,37세,중상
2019102300100634,2019년 10월 23일 21시,수요일,대구광역시 남구 대명동,경상사고,0,0,4,0,차대차 - 측면충돌,직진우회전진행방해,건조,맑음,교차로 - 교차로안,승용,여,58세,상해없음,승용,남,64세,경상
2019102300100635,2019년 10월 23일 21시,수요일,대구광역시 동구 신천동,경상사고,0,0,3,0,차대차 - 측면충돌,안전거리미확보,건조,맑음,단일로 - 기타,승용,여,29세,상해없음,승용,남,21세,경상
2019102300100636,2019년 10월 23일 21시,수요일,대구광역시 달서구 감삼동,중상사고,0,1,1,0,차대차 - 추돌,안전운전불이행,건조,맑음,교차로 - 교차로부근,승용,여,72세,상해없음,승용,여,54세,중상
2019102300100652,2019년 10월 23일 22시,수요일,대구광역시 동구 신암동,중상사고,0,1,0,0,차대사람 - 횡단중,안전운전불이행,건조,맑음,단일로 - 기타,승용,여,64세,상해없음,보행자,남,60세,중상
2019102300100653,2019년 10월 23일 22시,수요일,대구광역시 서구 내당동,경상사고,0,0,2,0,차대차 - 측면충돌,차로위반,건조,맑음,단일로 - 기타,승용,남,47세,상해없음,승용,남,48세,경상
2019102300100678,2019년 10월 23일 23시,수요일,대구광역시 북구 서변동,경상사고,0,0,2,0,차대차 - 측면충돌,안전운전불이행,건조,맑음,교차로 - 교차로안,승용,여,50세,기타불명,승용,여,58세,경상
2019102400100035,2019년 10월 24일 00시,목요일,대구광역시 수성구 범어동,중상사고,0,1,1,0,차대차 - 기타,안전운전불이행,건조,맑음,단일로 - 기타,승용,남,41세,상해없음,승용,남,61세,중상
2019102400100046,2019년 10월 24일 01시,목요일,대구광역시 달성군 옥포읍,경상사고,0,0,1,0,차대차 - 추돌,안전운전불이행,건조,맑음,교차로 - 교차로부근,승용,남,41세,상해없음,승용,여,32세,경상
2019102400100063,2019년 10월 24일 04시,목요일,대구광역시 달성군 화원읍,경상사고,0,0,1,0,차대차 - 기타,신호위반,건조,흐림,교차로 - 교차로안,승용,남,48세,상해없음,승용,여,45세,경상
2019102400100090,2019년 10월 24일 06시,목요일,대구광역시 동구 신암동,중상사고,0,1,0,0,차대차 - 기타,안전운전불이행,건조,맑음,단일로 - 기타,승용,남,50세,상해없음,승합,남,59세,상해없음
2019102400100117,2019년 10월 24일 07시,목요일,대구광역시 북구 산격동,중상사고,0,1,0,0,차대차 - 측면충돌,안전운전불이행,건조,맑음,단일로 - 기타,기타불명,기타불명,미분류,기타불명,자전거,남,56세,중상
2019102400100160,2019년 10월 24일 08시,목요일,대구광역시 달서구 이곡동,경상사고,0,0,1,0,차대차 - 후진중충돌,안전운전불이행,건조,맑음,단일로 - 기타,승용,남,46세,상해없음,승용,남,34세,경상
2019102400100229,2019년 10월 24일 10시,목요일,대구광역시 동구 각산동,경상사고,0,0,1,0,차대차 - 기타,안전거리미확보,건조,맑음,단일로 - 기타,승용,남,36세,상해없음,승용,남,39세,경상
2019102400100230,2019년 10월 24일 10시,목요일,대구광역시 중구 동산동,경상사고,0,0,1,0,차대차 - 측면충돌,안전운전불이행,건조,맑음,단일로 - 기타,이륜,남,54세,상해없음,승용,여,28세,경상
2019102400100231,2019년 10월 24일 10시,목요일,대구광역시 중구 동산동,경상사고,0,0,1,0,차대차 - 측면충돌,안전거리미확보,건조,맑음,단일로 - 기타,승용,남,70세,상해없음,승용,여,29세,경상
2019102400100340,2019년 10월 24일 13시,목요일,대구광역시 북구 칠성동2가,경상사고,0,0,1,0,차대차 - 측면충돌,안전거리미확보,건조,맑음,단일로 - 기타,승용,남,24세,상해없음,승용,여,39세,경상
2019102400100341,2019년 10월 24일 13시,목요일,대구광역시 서구 평리동,경상사고,0,0,1,0,차대차 - 측면충돌,안전거리미확보,건조,맑음,단일로 - 기타,승용,남,67세,상해없음,이륜,남,37세,경상
2019102400100406,2019년 10월 24일 15시,목요일,대구광역시 달서구 두류동,경상사고,0,0,1,0,차대사람 - 차도통행중,안전운전불이행,건조,맑음,교차로 - 교차로안,화물,남,36세,상해없음,보행자,남,7세,경상
2019102400100456,2019년 10월 24일 16시,목요일,대구광역시 수성구 시지동,경상사고,0,0,1,0,차대차 - 추돌,안전운전불이행,건조,맑음,단일로 - 기타,승용,여,54세,기타불명,승용,여,50세,기타불명
2019102400100457,2019년 10월 24일 16시,목요일,대구광역시 서구 비산동,부상신고사고,0,0,0,1,차대차 - 기타,안전운전불이행,건조,맑음,교차로 - 교차로부근,이륜,남,66세,부상신고,승용,남,37세,상해없음
2019102400100458,2019년 10월 24일 16시,목요일,대구광역시 서구 비산동,경상사고,0,0,1,0,차대차 - 후진중충돌,안전운전불이행,건조,맑음,교차로 - 교차로부근,승용,남,86세,상해없음,승용,여,28세,경상
2019102400100459,2019년 10월 24일 16시,목요일,대구광역시 남구 대명동,부상신고사고,0,0,0,1,차대사람 - 기타,기타,건조,맑음,단일로 - 기타,승합,남,53세,상해없음,보행자,여,69세,부상신고
2019102400100500,2019년 10월 24일 17시,목요일,대구광역시 동구 용계동,경상사고,0,0,3,0,차대차 - 기타,안전거리미확보,건조,맑음,단일로 - 교량,승용,여,24세,상해없음,승용,남,35세,경상
2019102400100501,2019년 10월 24일 17시,목요일,대구광역시 수성구 지산동,경상사고,0,0,1,0,차대차 - 측면충돌,안전운전불이행,건조,맑음,단일로 - 기타,승용,여,45세,상해없음,승용,남,59세,경상
2019102400100502,2019년 10월 24일 17시,목요일,대구광역시 수성구 지산동,경상사고,0,0,1,0,차대차 - 후진중충돌,안전운전불이행,건조,맑음,교차로 - 교차로부근,승용,남,57세,상해없음,승용,여,45세,경상
2019102400100503,2019년 10월 24일 17시,목요일,대구광역시 북구 산격동,경상사고,0,0,1,0,차대차 - 측면충돌,신호위반,건조,맑음,교차로 - 교차로안,이륜,남,16세,상해없음,승용,여,49세,경상
2019102400100504,2019년 10월 24일 17시,목요일,대구광역시 북구 노원동2가,부상신고사고,0,0,0,1,차대차 - 측면충돌,안전운전불이행,건조,맑음,교차로 - 교차로안,자전거,여,57세,부상신고,승용,여,64세,상해없음
2019102400100505,2019년 10월 24일 17시,목요일,대구광역시 서구 평리동,경상사고,0,0,1,0,차대사람 - 횡단중,안전운전불이행,건조,맑음,교차로 - 교차로부근,승합,남,40세,상해없음,보행자,남,61세,경상
2019102400100506,2019년 10월 24일 17시,목요일,대구광역시 북구 동변동,중상사고,0,1,0,0,차대사람 - 기타,기타,건조,맑음,단일로 - 기타,승합,여,63세,상해없음,보행자,남,7세,중상
2019102400100574,2019년 10월 24일 18시,목요일,대구광역시 남구 대명동,경상사고,0,0,1,0,차대차 - 측면충돌,차로위반,건조,맑음,단일로 - 기타,승용,여,45세,상해없음,원동기,남,17세,경상
2019102400100575,2019년 10월 24일 18시,목요일,대구광역시 남구 대명동,부상신고사고,0,0,0,1,차대차 - 측면충돌,안전운전불이행,건조,맑음,단일로 - 기타,승용,남,51세,부상신고,승용,남,28세,기타불명
2019102400100576,2019년 10월 24일 18시,목요일,대구광역시 수성구 시지동,경상사고,0,0,1,0,차대차 - 측면충돌,직진우회전진행방해,건조,맑음,교차로 - 교차로안,승용,여,40세,상해없음,승용,여,39세,경상
2019102400100577,2019년 10월 24일 18시,목요일,대구광역시 수성구 범어동,경상사고,0,0,1,0,차대사람 - 길가장자리구역통행중,안전운전불이행,건조,맑음,교차로 - 교차로부근,승용,남,40세,기타불명,보행자,여,31세,경상
2019102400100578,2019년 10월 24일 18시,목요일,대구광역시 달서구 대곡동,경상사고,0,0,1,0,차대차 - 후진중충돌,안전운전불이행,건조,맑음,단일로 - 기타,승용,여,37세,상해없음,승용,여,28세,경상
2019102400100579,2019년 10월 24일 18시,목요일,대구광역시 서구 비산동,중상사고,0,1,0,0,차대차 - 기타,중앙선침범,건조,맑음,기타 - 기타,자전거,남,64세,중상,승용,남,44세,상해없음
2019102400100580,2019년 10월 24일 18시,목요일,대구광역시 달서구 성당동,경상사고,0,0,1,0,차대차 - 기타,안전운전불이행,건조,맑음,단일로 - 기타,승용,여,46세,상해없음,자전거,여,64세,경상
2019102400100629,2019년 10월 24일 19시,목요일,대구광역시 동구 율하동,경상사고,0,0,1,0,차대차 - 측면충돌,안전운전불이행,건조,맑음,기타 - 기타,기타불명,기타불명,미분류,기타불명,자전거,여,28세,경상
2019102400100630,2019년 10월 24일 19시,목요일,대구광역시 동구 효목동,경상사고,0,0,4,1,차대차 - 측면충돌,교차로운행방법위반,건조,맑음,교차로 - 교차로부근,승용,남,18세,경상,승용,남,32세,경상
2019102400100631,2019년 10월 24일 19시,목요일,대구광역시 북구 침산동,중상사고,0,1,0,0,차대차 - 측면충돌,신호위반,건조,맑음,교차로 - 교차로부근,승용,남,44세,상해없음,자전거,남,52세,중상