사고번호,사고일시,요일,시군구,사고내용,사망자수,중상자수,경상자수,부상신고자수,사고유형,법규위반,노면상태,기상상태,도로형태,가해운전자 차종,가해운전자 성별,가해운전자 연령,가해운전자 상해정도,피해운전자 차종,피해운전자 성별,피해운전자 연령,피해운전자 상해정도
2019103000100297,2019년 10월 30일 11시,수요일,대구광역시 북구 침산동,중상사고,0,1,2,1,차대차 - 측면충돌,신호위반,건조,맑음,교차로 - 교차로안,승용,여,33세,부상신고,승용,남,52세,경상
2019103000100298,2019년 10월 30일 11시,수요일,대구광역시 달서구 신당동,중상사고,0,1,1,0,차대차 - 정면충돌,신호위반,건조,맑음,교차로 - 교차로안,이륜,남,58세,중상,승용,남,61세,경상
2019103000100299,2019년 10월 30일 11시,수요일,대구광역시 달서구 신당동,부상신고사고,0,0,0,1,차대사람 - 기타,교차로운행방법위반,건조,맑음,교차로 - 교차로안,화물,남,66세,상해없음,보행자,남,56세,부상신고
2019103000100331,2019년 10월 30일 12시,수요일,대구광역시 달서구 월암동,중상사고,0,1,4,0,차대차 - 측면충돌,직진우회전진행방해,건조,맑음,교차로 - 교차로안,승용,여,39세,경상,승용,남,72세,경상
2019103000100332,2019년 10월 30일 12시,수요일,대구광역시 서구 내당동,경상사고,0,0,3,0,차대차 - 측면충돌,안전운전불이행,건조,맑음,단일로 - 기타,건설기계,남,47세,상해없음,승용,남,76세,경상
2019103000100373,2019년 10월 30일 13시,수요일,대구광역시 달서구 송현동,경상사고,0,0,1,0,차대차 - 측면충돌,안전운전불이행,건조,맑음,교차로 - 교차로부근,승용,남,59세,상해없음,이륜,남,24세,경상
2019103000100374,2019년 10월 30일 13시,수요일,대구광역시 달서구 상인동,중상사고,0,1,0,1,차대차 - 측면충돌,안전운전불이행,건조,맑음,단일로 - 기타,이륜,남,18세,부상신고,승용,여,64세,중상
2019103000100415,2019년 10월 30일 14시,수요일,대구광역시 달성군 화원읍,중상사고,0,1,0,0,차대차 - 기타,안전운전불이행,건조,맑음,기타 - 기타,승용,남,39세,상해없음,이륜,남,49세,중상
2019103000100416,2019년 10월 30일 14시,수요일,대구광역시 달성군 현풍읍,중상사고,0,1,0,0,차대사람 - 기타,안전운전불이행,건조,맑음,교차로 - 교차로횡단보도내,화물,남,53세,상해없음,보행자,여,56세,중상
2019103000100417,2019년 10월 30일 14시,수요일,대구광역시 달서구 신당동,경상사고,0,0,4,0,차대차 - 측면충돌,안전운전불이행,건조,맑음,교차로 - 교차로안,승용,남,76세,상해없음,승용,여,37세,경상
2019103000100516,2019년 10월 30일 16시,수요일,대구광역시 동구 지묘동,경상사고,0,0,1,0,차대차 - 측면충돌,안전거리미확보,건조,맑음,단일로 - 기타,승용,남,64세,상해없음,승용,남,56세,경상
2019103000100517,2019년 10월 30일 16시,수요일,대구광역시 서구 평리동,경상사고,0,0,1,0,차대차 - 측면충돌,불법유턴,건조,맑음,교차로 - 교차로부근,화물,남,61세,기타불명,자전거,남,75세,경상
2019103000100518,2019년 10월 30일 16시,수요일,대구광역시 서구 비산동,경상사고,0,0,1,0,차대사람 - 보도통행중,보행자보호의무위반,건조,맑음,단일로 - 기타,자전거,남,68세,상해없음,보행자,남,60세,경상
2019103000100569,2019년 10월 30일 17시,수요일,대구광역시 남구 봉덕동,경상사고,0,0,2,0,차대차 - 측면충돌,차로위반,건조,맑음,교차로 - 교차로안,화물,남,50세,상해없음,승용,남,23세,경상
2019103000100570,2019년 10월 30일 17시,수요일,대구광역시 달서구 감삼동,중상사고,0,1,0,0,차대차 - 측면충돌,기타,건조,맑음,단일로 - 기타,승용,남,67세,상해없음,이륜,남,34세,중상
2019103000100637,2019년 10월 30일 18시,수요일,대구광역시 동구 동호동,부상신고사고,0,0,0,1,차대차 - 기타,직진우회전진행방해,건조,맑음,교차로 - 교차로안,이륜,남,25세,부상신고,승용,남,56세,상해없음
2019103000100638,2019년 10월 30일 18시,수요일,대구광역시 동구 율하동,경상사고,0,0,1,0,차대차 - 측면충돌,교차로운행방법위반,건조,맑음,교차로 - 교차로안,승용,여,40세,상해없음,승용,남,26세,경상
2019103000100639,2019년 10월 30일 18시,수요일,대구광역시 수성구 범어동,경상사고,0,0,2,0,차대차 - 측면충돌,안전운전불이행,건조,맑음,교차로 - 교차로안,승용,남,49세,상해없음,승용,남,50세,경상
2019103000100695,2019년 10월 30일 19시,수요일,대구광역시 동구 송정동,중상사고,0,1,1,0,차대차 - 기타,안전운전불이행,건조,맑음,단일로 - 기타,승합,남,62세,상해없음,승용,남,71세,중상
2019103000100696,2019년 10월 30일 19시,수요일,대구광역시 달서구 대천동,중상사고,0,1,0,0,차대사람 - 횡단중,안전운전불이행,건조,맑음,교차로 - 교차로횡단보도내,승용,남,39세,상해없음,보행자,여,75세,중상
2019103000100731,2019년 10월 30일 20시,수요일,대구광역시 중구 수동,부상신고사고,0,0,0,1,차대차 - 측면충돌,안전운전불이행,건조,맑음,단일로 - 기타,자전거,남,66세,부상신고,승용,여,48세,상해없음
2019103000100732,2019년 10월 30일 20시,수요일,대구광역시 달서구 이곡동,경상사고,0,0,1,0,차대차 - 기타,신호위반,건조,맑음,교차로 - 교차로안,승합,남,34세,상해없음,승용,남,57세,경상
2019103000100764,2019년 10월 30일 21시,수요일,대구광역시 달서구 유천동,경상사고,0,0,1,0,차대차 - 정면충돌,신호위반,건조,맑음,교차로 - 교차로안,자전거,남,14세,경상,승용,남,39세,상해없음
2019103000100765,2019년 10월 30일 21시,수요일,대구광역시 달서구 본리동,경상사고,0,0,1,0,차대차 - 추돌,안전거리미확보,건조,맑음,교차로 - 교차로부근,승합,남,59세,상해없음,승용,여,58세,경상
2019103000100808,2019년 10월 30일 23시,수요일,대구광역시 달서구 대천동,경상사고,0,0,3,0,차대차 - 추돌,안전운전불이행,건조,맑음,단일로 - 기타,승용,남,32세,상해없음,승용,남,18세,경상
2019103100100051,2019년 10월 31일 02시,목요일,대구광역시 서구 내당동,중상사고,0,1,0,0,차대차 - 측면충돌,과속,건조,맑음,교차로 - 교차로안,이륜,남,16세,상해없음,승용,남,65세,상해없음
2019103100100146,2019년 10월 31일 08시,목요일,대구광역시 북구 산격동,경상사고,0,0,1,0,차대차 - 측면충돌,불법유턴,건조,맑음,단일로 - 기타,자전거,남,71세,경상,승용,여,49세,상해없음
2019103100100147,2019년 10월 31일 08시,목요일,대구광역시 서구 비산동,부상신고사고,0,0,0,1,차대사람 - 길가장자리구역통행중,안전운전불이행,건조,맑음,단일로 - 기타,승용,남,49세,상해없음,보행자,여,59세,부상신고
2019103100100148,2019년 10월 31일 08시,목요일,대구광역시 서구 내당동,경상사고,0,0,1,0,차대차 - 측면충돌,안전운전불이행,건조,맑음,단일로 - 기타,승용,남,69세,상해없음,승용,남,53세,상해없음
2019103100100193,2019년 10월 31일 09시,목요일,대구광역시 동구 신천동,경상사고,0,0,1,0,차대사람 - 기타,안전운전불이행,건조,맑음,기타 - 기타,승용,남,26세,상해없음,보행자,남,58세,경상
2019103100100194,2019년 10월 31일 09시,목요일,대구광역시 수성구 지산동,경상사고,0,0,1,1,차대차 - 측면충돌,안전운전불이행,건조,맑음,단일로 - 기타,자전거,남,71세,부상신고,승용,여,54세,경상
2019103100100195,2019년 10월 31일 09시,목요일,대구광역시 북구 대현동,경상사고,0,0,1,0,차대차 - 측면충돌,안전거리미확보,건조,맑음,단일로 - 기타,화물,남,47세,상해없음,화물,남,25세,경상
2019103100100230,2019년 10월 31일 10시,목요일,대구광역시 수성구 황금동,중상사고,0,1,1,1,차량단독 - 기타,안전운전불이행,건조,맑음,단일로 - 기타,승합,남,63세,상해없음,,,,
2019103100100231,2019년 10월 31일 10시,목요일,대구광역시 북구 노원동1가,중상사고,0,1,1,0,차대차 - 측면충돌,신호위반,건조,맑음,교차로 - 교차로안,승용,남,58세,상해없음,화물,남,77세,경상
2019103100100261,2019년 10월 31일 11시,목요일,대구광역시 동구 효목동,중상사고,0,1,1,0,차대차 - 측면충돌,중앙선침범,건조,맑음,단일로 - 기타,승용,여,43세,상해없음,승용,남,53세,경상
2019103100100262,2019년 10월 31일 11시,목요일,대구광역시 서구 이현동,경상사고,0,0,1,0,차대차 - 측면충돌,안전거리미확보,건조,맑음,교차로 - 교차로부근,화물,남,54세,상해없음,화물,남,35세,경상
2019103100100263,2019년 10월 31일 11시,목요일,대구광역시 달서구 본리동,경상사고,0,0,2,0,차대차 - 정면충돌,안전운전불이행,건조,맑음,단일로 - 기타,승용,남,69세,상해없음,승용,남,31세,경상
2019103100100305,2019년 10월 31일 12시,목요일,대구광역시 동구 신암동,경상사고,0,0,1,0,차대차 - 기타,안전거리미확보,건조,맑음,단일로 - 기타,화물,남,23세,상해없음,승용,남,47세,경상
2019103100100306,2019년 10월 31일 12시,목요일,대구광역시 달서구 본동,경상사고,0,0,2,0,차대차 - 추돌,안전운전불이행,건조,맑음,단일로 - 기타,승용,남,23세,상해없음,승용,남,22세,경상
2019103100100307,2019년 10월 31일 12시,목요일,대구광역시 달성군 다사읍,경상사고,0,0,4,1,차대차 - 측면충돌,교차로운행방법위반,건조,맑음,교차로 - 교차로안,승용,남,38세,부상신고,승용,남,50세,경상
2019103100100308,2019년 10월 31일 12시,목요일,대구광역시 북구 침산동,경상사고,0,0,1,0,차대차 - 추돌,안전거리미확보,건조,맑음,단일로 - 기타,이륜,남,43세,경상,승용,남,55세,상해없음
2019103100100341,2019년 10월 31일 13시,목요일,대구광역시 남구 대명동,경상사고,0,0,1,0,차대사람 - 기타,안전운전불이행,건조,맑음,단일로 - 기타,승용,여,34세,상해없음,보행자,여,57세,경상
2019103100100342,2019년 10월 31일 13시,목요일,대구광역시 수성구 범물동,중상사고,0,1,0,0,차대사람 - 횡단중,안전운전불이행,건조,맑음,단일로 - 기타,승용,남,53세,상해없음,보행자,여,72세,중상
2019103100100343,2019년 10월 31일 13시,목요일,대구광역시 수성구 범어동,경상사고,0,0,1,0,차대차 - 추돌,안전운전불이행,건조,맑음,주차장 - 주차장,승용,남,54세,상해없음,승용,남,79세,경상
2019103100100344,2019년 10월 31일 13시,목요일,대구광역시 중구 달성동,경상사고,0,0,1,0,차대사람 - 기타,안전운전불이행,건조,맑음,단일로 - 기타,이륜,남,67세,상해없음,보행자,여,52세,경상
2019103100100376,2019년 10월 31일 14시,목요일,대구광역시 남구 이천동,경상사고,0,0,1,0,차대차 - 측면충돌,안전운전불이행,건조,맑음,단일로 - 기타,화물,남,62세,상해없음,이륜,남,29세,경상
2019103100100377,2019년 10월 31일 14시,목요일,대구광역시 북구 노원동2가,경상사고,0,0,1,0,차대차 - 기타,안전운전불이행,건조,맑음,교차로 - 교차로안,이륜,남,53세,경상,승용,남,45세,상해없음
2019103100100378,2019년 10월 31일 14시,목요일,대구광역시 북구 복현동,경상사고,0,0,1,0,차대차 - 기타,안전운전불이행,건조,맑음,교차로 - 교차로부근,이륜,남,38세,경상,승용,남,72세,기타불명
2019103100100414,2019년 10월 31일 15시,목요일,대구광역시 달서구 대곡동,경상사고,0,0,1,0,차대차 - 측면충돌,안전거리미확보,건조,맑음,단일로 - 기타,승용,남,76세,상해없음,승용,남,45세,경상
2019103100100463,2019년 10월 31일 16시,목요일,대구광역시 남구 대명동,경상사고,0,0,2,0,차대차 - 기타,신호위반,건조,맑음,단일로 - 기타,승용,남,37세,상해없음,이륜,남,17세,경상
2019103100100464,2019년 10월 31일 16시,목요일,대구광역시 달서구 월암동,경상사고,0,0,1,1,차대차 - 측면충돌,직진우회전진행방해,건조,맑음,교차로 - 교차로안,승용,남,70세,부상신고,화물,남,67세,상해없음
2019103100100520,2019년 10월 31일 17시,목요일,대구광역시 동구 신천동,경상사고,0,0,2,0,차대차 - 측면충돌,교차로운행방법위반,건조,맑음,교차로 - 교차로안,승용,남,23세,상해없음,이륜,남,19세,경상
2019103100100521,2019년 10월 31일 17시,목요일,대구광역시 달서구 죽전동,경상사고,0,0,1,0,차대차 - 정면충돌,안전운전불이행,건조,맑음,단일로 - 기타,승용,여,51세,상해없음,자전거,남,68세,경상
2019103100100584,2019년 10월 31일 18시,목요일,대구광역시 달성군 현풍읍,경상사고,0,0,3,0,차대차 - 기타,교차로운행방법위반,건조,맑음,교차로 - 교차로부근,승용,남,78세,경상,승용,남,25세,경상
2019103100100585,2019년 10월 31일 18시,목요일,대구광역시 달성군 구지면,경상사고,0,0,1,0,차대차 - 측면충돌,안전운전불이행,건조,맑음,단일로 - 기타,승용,남,74세,상해없음,화물,남,35세,경상
2019103100100586,2019년 10월 31일 18시,목요일,대구광역시 중구 대봉동,부상신고사고,0,0,0,1,차대사람 - 차도통행중,안전운전불이행,건조,맑음,단일로 - 기타,승용,남,29세,상해없음,보행자,여,52세,부상신고
2019103100100587,2019년 10월 31일 18시,목요일,대구광역시 달서구 용산동,경상사고,0,0,1,0,차대차 - 측면충돌,안전운전불이행,건조,맑음,교차로 - 교차로안,승용,남,48세,상해없음,자전거,여,11세,경상
2019103100100622,2019년 10월 31일 19시,목요일,대구광역시 동구 신천동,경상사고,0,0,1,0,차대차 - 측면충돌,안전운전불이행,건조,맑음,단일로 - 기타,승용,여,54세,상해없음,원동기,남,23세,경상
2019103100100623,2019년 10월 31일 19시,목요일,대구광역시 동구 율하동,경상사고,0,0,1,0,차대차 - 기타,안전거리미확보,건조,맑음,단일로 - 기타,승합,남,70세,상해없음,이륜,남,26세,경상
2019103100100624,2019년 10월 31일 19시,목요일,대구광역시 동구 신암동,경상사고,0,0,1,0,차대차 - 추돌,안전거리미확보,건조,맑음,단일로 - 기타,승용,여,28세,상해없음,승용,여,53세,경상
2019103100100625,2019년 10월 31일 19시,목요일,대구광역시 수성구 범어동,중상사고,0,1,0,0,차대차 - 기타,교차로운행방법위반,건조,맑음,교차로 - 교차로안,승용,여,48세,상해없음,자전거,남,72세,중상
2019103100100626,2019년 10월 31일 19시,목요일,대구광역시 달서구 상인동,경상사고,0,0,1,0,차대차 - 측면충돌,교차로운행방법위반,건조,맑음,교차로 - 교차로부근,승용,남,38세,상해없음,승용,여,63세,경상
2019103100100627,2019년 10월 31일 19시,목요일,대구광역시 달성군 유가읍,부상신고사고,0,0,0,1,차대사람 - 기타,안전운전불이행,건조,맑음,교차로 - 교차로횡단보도내,이륜,남,26세,상해없음,보행자,남,47세,부상신고
2019103100100628,2019년 10월 31일 19시,목요일,대구광역시 북구 동천동,중상사고,0,1,0,0,차대차 - 측면충돌,안전운전불이행,건조,맑음,교차로 - 교차로횡단보도내,승용,남,54세,상해없음,자전거,남,47세,중상
2019103100100696,2019년 10월 31일 21시,목요일,대구광역시 북구 구암동,경상사고,0,0,1,0,차대차 - 측면충돌,안전운전불이행,건조,맑음,단일로 - 기타,이륜,남,16세,상해없음,승용,여,51세,경상
2019103100100722,2019년 10월 31일 22시,목요일,대구광역시 달서구 상인동,경상사고,0,0,2,0,차대차 - 추돌,안전운전불이행,건조,맑음,단일로 - 기타,승용,남,58세,상해없음,승용,남,34세,경상
2019103100100747,2019년 10월 31일 23시,목요일,대구광역시 달서구 상인동,중상사고,0,1,0,0,차대차 - 정면충돌,신호위반,건조,맑음,교차로 - 교차로안,승용,남,60세,상해없음,이륜,남,33세,중상
2019110100100044,2019년 11월 1일 00시,금요일,대구광역시 동구 신암동,경상사고,0,0,1,0,차대차 - 기타,안전운전불이행,건조,맑음,기타 - 기타,기타불명,기타불명,미분류,기타불명,승용,남,51세,상해없음
2019110100100045,2019년 11월 1일 00시,금요일,대구광역시 달서구 진천동,경상사고,0,0,1,0,차대차 - 기타,교차로운행방법위반,건조,맑음,단일로 - 기타,승용,남,43세,상해없음,개인형이동수단(PM),남,34세,경상
2019110100100060,2019년 11월 1일 01시,금요일,대구광역시 동구 효목동,경상사고,0,0,5,0,차대차 - 추돌,안전거리미확보,건조,맑음,단일로 - 기타,승용,남,58세,상해없음,승용,남,66세,경상
2019110100100061,2019년 11월 1일 01시,금요일,대구광역시 북구 동천동,사망사고,1,0,0,0,차대차 - 측면충돌,신호위반,건조,맑음,교차로 - 교차로안,승용,남,38세,기타불명,이륜,남,20세,사망
2019110100100068,2019년 11월 1일 02시,금요일,대구광역시 수성구 두산동,중상사고,0,1,0,0,차대차 - 측면충돌,안전운전불이행,건조,맑음,단일로 - 기타,이륜,남,24세,기타불명,자전거,여,30세,중상
2019110100100076,2019년 11월 1일 04시,금요일,대구광역시 서구 내당동,경상사고,0,0,1,0,차대차 - 정면충돌,안전운전불이행,건조,맑음,단일로 - 기타,승용,남,37세,상해없음,승용,남,26세,경상
2019110100100091,2019년 11월 1일 05시,금요일,대구광역시 수성구 두산동,경상사고,0,0,1,0,차대차 - 측면충돌,중앙선침범,건조,맑음,단일로 - 기타,이륜,남,77세,상해없음,승용,남,31세,경상
2019110100100107,2019년 11월 1일 06시,금요일,대구광역시 남구 이천동,중상사고,0,1,0,0,차대사람 - 횡단중,신호위반,건조,맑음,교차로 - 교차로횡단보도내,승용,남,66세,상해없음,보행자,여,76세,중상
2019110100100108,2019년 11월 1일 06시,금요일,대구광역시 동구 율하동,부상신고사고,0,0,0,1,차대사람 - 보도통행중,안전운전불이행,건조,맑음,단일로 - 기타,승용,남,43세,상해없음,보행자,여,19세,부상신고
2019110100100109,2019년 11월 1일 06시,금요일,대구광역시 달서구 두류동,중상사고,0,1,1,0,차대차 - 정면충돌,신호위반,건조,맑음,교차로 - 교차로안,승용,남,47세,경상,승용,여,59세,중상
2019110100100137,2019년 11월 1일 07시,금요일,대구광역시 달서구 용산동,경상사고,0,0,4,0,차대차 - 측면충돌,차로위반,건조,맑음,교차로 - 교차로부근,승용,남,54세,경상,승용,남,49세,경상
2019110100100187,2019년 11월 1일 08시,금요일,대구광역시 동구 봉무동,경상사고,0,0,2,0,차대차 - 추돌,안전거리미확보,건조,맑음,단일로 - 기타,승용,여,55세,상해없음,승용,남,41세,경상
2019110100100188,2019년 11월 1일 08시,금요일,대구광역시 달서구 송현동,경상사고,0,0,2,0,차대차 - 측면충돌,교차로운행방법위반,건조,맑음,교차로 - 교차로안,승용,여,53세,상해없음,승용,여,36세,경상
2019110100100189,2019년 11월 1일 08시,금요일,대구광역시 달성군 논공읍,경상사고,0,0,1,0,차대차 - 기타,안전운전불이행,건조,맑음,단일로 - 기타,화물,남,37세,상해없음,화물,남,52세,경상
2019110100100190,2019년 11월 1일 08시,금요일,대구광역시 중구 대신동,경상사고,0,0,1,0,차대차 - 측면충돌,안전운전불이행,건조,맑음,단일로 - 기타,이륜,남,30세,상해없음,화물,남,71세,경상
2019110100100240,2019년 11월 1일 09시,금요일,대구광역시 동구 효목동,경상사고,0,0,1,1,차대차 - 측면충돌,안전거리미확보,건조,맑음,단일로 - 기타,건설기계,남,39세,부상신고,승용,남,48세,경상
2019110100100241,2019년 11월 1일 09시,금요일,대구광역시 서구 내당동,경상사고,0,0,3,0,차대차 - 측면충돌,안전운전불이행,건조,맑음,단일로 - 기타,승용,여,61세,상해없음,승합,남,57세,경상
2019110100100242,2019년 11월 1일 09시,금요일,대구광역시 서구 이현동,중상사고,0,1,0,0,차대사람 - 기타,안전운전불이행,건조,맑음,단일로 - 기타,승용,여,48세,상해없음,보행자,남,64세,중상
2019110100100263,2019년 11월 1일 10시,금요일,대구광역시 달성군 다사읍,중상사고,0,1,0,0,차대차 - 기타,안전운전불이행,건조,맑음,교차로 - 교차로안,승용,남,56세,상해없음,승용,여,63세,중상
2019110100100306,2019년 11월 1일 11시,금요일,대구광역시 남구 대명동,경상사고,0,0,1,0,차대차 - 측면충돌,직진우회전진행방해,건조,맑음,교차로 - 교차로부근,이륜,남,28세,상해없음,승용,남,61세,경상
2019110100100307,2019년 11월 1일 11시,금요일,대구광역시 북구 태전동,경상사고,0,0,1,0,차량단독 - 기타,과속,건조,맑음,교차로 - 교차로부근,승용,남,52세,상해없음,,,,
2019110100100347,2019년 11월 1일 12시,금요일,대구광역시 동구 신암동,경상사고,0,0,1,0,차대사람 - 기타,안전운전불이행,건조,맑음,기타 - 기타,화물,남,64세,상해없음,보행자,여,86세,경상
2019110100100348,2019년 11월 1일 12시,금요일,대구광역시 달성군 화원읍,경상사고,0,0,1,0,차대차 - 기타,안전거리미확보,건조,맑음,단일로 - 기타,화물,남,45세,상해없음,화물,여,60세,경상
2019110100100349,2019년 11월 1일 12시,금요일,대구광역시 중구 남산동,중상사고,0,1,0,1,차대차 - 측면충돌,안전운전불이행,건조,맑음,교차로 - 교차로부근,이륜,남,54세,부상신고,이륜,남,60세,중상
2019110100100350,2019년 11월 1일 12시,금요일,대구광역시 달서구 본리동,경상사고,0,0,1,0,차대차 - 추돌,안전운전불이행,건조,맑음,단일로 - 기타,승용,여,60세,상해없음,승용,남,45세,경상
2019110100100380,2019년 11월 1일 13시,금요일,대구광역시 달성군 논공읍,사망사고,1,1,0,0,차대차 - 추돌,안전운전불이행,건조,맑음,단일로 - 기타,화물,남,61세,상해없음,승용,남,70세,중상
2019110100100384,2019년 11월 1일 13시,금요일,대구광역시 달서구 본리동,경상사고,0,0,4,0,차대차 - 측면충돌,교차로운행방법위반,건조,맑음,교차로 - 교차로부근,승용,남,56세,경상,승용,남,22세,경상
2019110100100385,2019년 11월 1일 13시,금요일,대구광역시 북구 노원동1가,중상사고,0,1,0,0,차대사람 - 횡단중,안전운전불이행,건조,맑음,교차로 - 교차로횡단보도내,승용,여,30세,상해없음,보행자,여,47세,중상
2019110100100386,2019년 11월 1일 13시,금요일,대구광역시 중구 삼덕동1가,중상사고,0,1,0,0,차대차 - 측면충돌,안전운전불이행,건조,맑음,교차로 - 교차로횡단보도내,승용,여,57세,상해없음,자전거,여,66세,중상
2019110100100429,2019년 11월 1일 14시,금요일,대구광역시 북구 고성동2가,부상신고사고,0,0,0,1,차대차 - 측면충돌,안전거리미확보,건조,맑음,교차로 - 교차로안,이륜,남,25세,부상신고,특수,남,40세,상해없음
2019110100100430,2019년 11월 1일 14시,금요일,대구광역시 북구 대현동,경상사고,0,0,2,5,차대차 - 측면충돌,안전운전불이행,건조,맑음,교차로 - 교차로부근,승용,여,45세,경상,승용,남,19세,경상
2019110100100507,2019년 11월 1일 16시,금요일,대구광역시 북구 복현동,경상사고,0,0,1,0,차대차 - 기타,안전운전불이행,건조,맑음,교차로 - 교차로안,화물,남,36세,상해없음,화물,남,22세,상해없음
2019110100100508,2019년 11월 1일 16시,금요일,대구광역시 북구 복현동,경상사고,0,0,1,0,차대차 - 추돌,안전운전불이행,건조,맑음,교차로 - 교차로횡단보도내,건설기계,남,29세,상해없음,승용,여,53세,경상
2019110100100509,2019년 11월 1일 16시,금요일,대구광역시 달서구 두류동,경상사고,0,0,2,0,차대차 - 기타,교차로운행방법위반,건조,맑음,교차로 - 교차로부근,승용,남,64세,상해없음,자전거,남,26세,경상
2019110100100557,2019년 11월 1일 17시,금요일,대구광역시 달서구 신당동,경상사고,0,0,1,0,차대차 - 기타,안전운전불이행,건조,맑음,단일로 - 기타,개인형이동수단(PM),남,21세,경상,승용,남,66세,상해없음
2019110100100622,2019년 11월 1일 18시,금요일,대구광역시 동구 신천동,경상사고,0,0,1,0,차대차 - 측면충돌,안전운전불이행,건조,맑음,교차로 - 교차로부근,승용,남,60세,상해없음,승용,남,29세,경상
2019110100100623,2019년 11월 1일 18시,금요일,대구광역시 동구 불로동,부상신고사고,0,0,0,1,차대차 - 측면충돌,안전운전불이행,건조,맑음,교차로 - 교차로횡단보도내,승용,여,45세,상해없음,자전거,남,73세,부상신고
2019110100100624,2019년 11월 1일 18시,금요일,대구광역시 수성구 중동,경상사고,0,0,2,0,차대차 - 추돌,안전운전불이행,건조,맑음,교차로 - 교차로부근,승용,남,25세,상해없음,승용,남,47세,경상
2019110100100625,2019년 11월 1일 18시,금요일,대구광역시 수성구 만촌동,중상사고,0,2,1,0,차대차 - 기타,안전운전불이행,건조,맑음,교차로 - 교차로안,승용,여,74세,중상,승용,여,48세,경상
2019110100100626,2019년 11월 1일 18시,금요일,대구광역시 달성군 화원읍,경상사고,0,0,1,0,차대차 - 추돌,안전운전불이행,건조,맑음,단일로 - 기타,승용,남,35세,상해없음,이륜,남,32세,경상
2019110100100684,2019년 11월 1일 19시,금요일,대구광역시 남구 봉덕동,경상사고,0,0,1,0,차대차 - 측면충돌,안전운전불이행,건조,맑음,단일로 - 기타,승용,남,45세,상해없음,승합,남,30세,경상
2019110100100685,2019년 11월 1일 19시,금요일,대구광역시 남구 이천동,경상사고,0,0,1,0,차대사람 - 횡단중,보행자보호의무위반,건조,맑음,단일로 - 기타,승용,남,41세,상해없음,보행자,남,44세,경상
2019110100100686,2019년 11월 1일 19시,금요일,대구광역시 동구 방촌동,경상사고,0,0,1,0,차량단독 - 기타,안전운전불이행,건조,맑음,단일로 - 기타,승용,남,51세,상해없음,,,,
2019110100100687,2019년 11월 1일 19시,금요일,대구광역시 달성군 화원읍,경상사고,0,0,1,0,차대차 - 측면충돌,안전운전불이행,건조,맑음,단일로 - 기타,승용,남,27세,상해없음,승용,남,49세,경상
2019110100100688,2019년 11월 1일 19시,금요일,대구광역시 북구 칠성동2가,부상신고사고,0,0,0,1,차대차 - 정면충돌,신호위반,건조,맑음,교차로 - 교차로부근,이륜,남,18세,부상신고,승용,여,55세,상해없음
2019110100100724,2019년 11월 1일 20시,금요일,대구광역시 서구 상리동,경상사고,0,0,2,0,차대차 - 기타,안전운전불이행,건조,맑음,단일로 - 기타,승용,남,34세,상해없음,승용,남,32세,경상
2019110100100727,2019년 11월 1일 20시,금요일,대구광역시 수성구 중동,경상사고,0,0,3,0,차대차 - 기타,안전운전불이행,건조,맑음,단일로 - 기타,승용,남,45세,상해없음,승용,남,43세,경상
2019110100100752,2019년 11월 1일 21시,금요일,대구광역시 북구 산격동,중상사고,0,1,0,0,차대사람 - 기타,안전운전불이행,건조,맑음,교차로 - 교차로부근,승합,남,38세,상해없음,보행자,여,52세,중상
2019110100100780,2019년 11월 1일 22시,금요일,대구광역시 수성구 수성동4가,경상사고,0,0,2,0,차대차 - 측면충돌,안전거리미확보,건조,맑음,단일로 - 기타,승용,남,43세,상해없음,승용,남,68세,경상
2019110100100781,2019년 11월 1일 22시,금요일,대구광역시 달성군 구지면,경상사고,0,0,1,0,차대차 - 기타,신호위반,건조,맑음,교차로 - 교차로안,승용,남,45세,상해없음,승용,남,35세,경상
2019110100100782,2019년 11월 1일 22시,금요일,대구광역시 중구 삼덕동1가,경상사고,0,0,2,0,차대차 - 측면충돌,안전거리미확보,건조,맑음,단일로 - 기타,승용,남,51세,경상,승용,남,55세,경상
2019110100100802,2019년 11월 1일 23시,금요일,대구광역시 서구 비산동,경상사고,0,0,3,0,차대차 - 추돌,안전운전불이행,건조,맑음,교차로 - 교차로안,승용,남,26세,상해없음,승용,남,24세,경상
2019110200100051,2019년 11월 2일 01시,토요일,대구광역시 북구 노원동3가,경상사고,0,0,1,0,차대차 - 측면충돌,불법유턴,건조,맑음,교차로 - 교차로부근,승용,남,56세,상해없음,승용,남,32세,경상
2019110200100052,2019년 11월 2일 01시,토요일,대구광역시 서구 원대동3가,중상사고,0,1,1,0,차대차 - 추돌,안전운전불이행,건조,맑음,단일로 - 기타,이륜,남,24세,중상,승용,남,29세,경상
2019110200100053,2019년 11월 2일 01시,토요일,대구광역시 달서구 감삼동,경상사고,0,0,5,0,차대차 - 측면충돌,안전운전불이행,건조,맑음,단일로 - 기타,승용,남,40세,경상,승용,여,31세,경상