사고번호,사고일시,요일,시군구,사고내용,사망자수,중상자수,경상자수,부상신고자수,사고유형,법규위반,노면상태,기상상태,도로형태,가해운전자 차종,가해운전자 성별,가해운전자 연령,가해운전자 상해정도,피해운전자 차종,피해운전자 성별,피해운전자 연령,피해운전자 상해정도
2019110200100074,2019년 11월 2일 03시,토요일,대구광역시 북구 금호동,중상사고,0,1,2,0,차대차 - 측면충돌,안전운전불이행,건조,맑음,단일로 - 기타,승용,남,45세,중상,화물,남,55세,경상
2019110200100104,2019년 11월 2일 05시,토요일,대구광역시 달서구 본리동,경상사고,0,0,1,0,차대차 - 추돌,안전거리미확보,건조,맑음,단일로 - 기타,화물,남,43세,상해없음,승용,남,57세,경상
2019110200100105,2019년 11월 2일 05시,토요일,대구광역시 달서구 신당동,중상사고,0,1,0,0,차대차 - 측면충돌,안전운전불이행,건조,맑음,단일로 - 기타,승용,남,24세,상해없음,승용,남,67세,중상
2019110200100122,2019년 11월 2일 06시,토요일,대구광역시 달서구 월암동,부상신고사고,0,0,0,1,차대차 - 측면충돌,직진우회전진행방해,건조,맑음,교차로 - 교차로안,승용,남,49세,상해없음,승용,남,61세,부상신고
2019110200100123,2019년 11월 2일 06시,토요일,대구광역시 북구 침산동,경상사고,0,0,2,0,차대차 - 추돌,안전운전불이행,건조,맑음,단일로 - 기타,화물,남,71세,경상,건설기계,남,63세,경상
2019110200100163,2019년 11월 2일 08시,토요일,대구광역시 동구 사복동,중상사고,0,1,0,0,차대차 - 기타,신호위반,건조,맑음,교차로 - 교차로횡단보도내,승합,남,54세,상해없음,자전거,여,66세,중상
2019110200100196,2019년 11월 2일 09시,토요일,대구광역시 수성구 가천동,경상사고,0,0,2,0,차대차 - 측면충돌,안전운전불이행,건조,맑음,단일로 - 기타,승용,여,58세,상해없음,승용,여,44세,경상
2019110200100197,2019년 11월 2일 09시,토요일,대구광역시 달서구 진천동,경상사고,0,0,1,0,차대차 - 측면충돌,안전운전불이행,건조,맑음,교차로 - 교차로안,승합,남,70세,상해없음,자전거,여,64세,경상
2019110200100238,2019년 11월 2일 10시,토요일,대구광역시 동구 각산동,경상사고,0,0,1,0,차대차 - 측면충돌,신호위반,건조,맑음,교차로 - 교차로안,승용,남,33세,상해없음,승용,여,55세,경상
2019110200100239,2019년 11월 2일 10시,토요일,대구광역시 달서구 감삼동,중상사고,0,2,0,0,차대차 - 기타,안전운전불이행,건조,맑음,단일로 - 기타,건설기계,남,54세,상해없음,승용,여,61세,중상
2019110200100287,2019년 11월 2일 11시,토요일,대구광역시 동구 신서동,경상사고,0,0,1,0,차대차 - 측면충돌,안전운전불이행,건조,맑음,단일로 - 기타,승용,남,61세,상해없음,승용,여,42세,경상
2019110200100288,2019년 11월 2일 11시,토요일,대구광역시 동구 신암동,경상사고,0,0,1,0,차대차 - 측면충돌,안전운전불이행,건조,맑음,교차로 - 교차로부근,승용,남,29세,상해없음,화물,남,70세,상해없음
2019110200100289,2019년 11월 2일 11시,토요일,대구광역시 수성구 만촌동,중상사고,0,1,4,0,차대차 - 추돌,안전거리미확보,건조,맑음,단일로 - 기타,승용,남,38세,상해없음,승용,남,36세,중상
2019110200100290,2019년 11월 2일 11시,토요일,대구광역시 수성구 범물동,경상사고,0,0,3,1,차대차 - 측면충돌,직진우회전진행방해,건조,맑음,교차로 - 교차로안,승용,여,63세,부상신고,승용,남,56세,경상
2019110200100291,2019년 11월 2일 11시,토요일,대구광역시 달서구 월성동,경상사고,0,0,2,0,차대차 - 측면충돌,안전거리미확보,건조,맑음,교차로 - 교차로부근,승용,여,47세,상해없음,승용,남,30세,경상
2019110200100292,2019년 11월 2일 11시,토요일,대구광역시 서구 내당동,경상사고,0,0,2,0,차대차 - 측면충돌,안전거리미확보,건조,맑음,단일로 - 기타,승용,남,60세,경상,승용,남,68세,경상
2019110200100331,2019년 11월 2일 12시,토요일,대구광역시 남구 대명동,경상사고,0,0,2,0,차대차 - 기타,안전운전불이행,건조,맑음,단일로 - 기타,이륜,남,58세,경상,승용,남,64세,경상
2019110200100332,2019년 11월 2일 12시,토요일,대구광역시 서구 중리동,경상사고,0,0,1,0,차대차 - 기타,직진우회전진행방해,건조,맑음,교차로 - 교차로안,승용,남,53세,상해없음,이륜,남,19세,경상
2019110200100333,2019년 11월 2일 12시,토요일,대구광역시 서구 내당동,경상사고,0,0,4,0,차대차 - 추돌,중앙선침범,건조,맑음,교차로 - 교차로부근,승용,남,33세,경상,승용,남,63세,경상
2019110200100334,2019년 11월 2일 12시,토요일,대구광역시 중구 동산동,경상사고,0,0,2,0,차대차 - 추돌,안전운전불이행,건조,맑음,단일로 - 기타,승용,남,67세,상해없음,승용,여,39세,경상
2019110200100335,2019년 11월 2일 12시,토요일,대구광역시 달서구 죽전동,중상사고,0,1,1,0,차대차 - 측면충돌,교차로운행방법위반,건조,맑음,교차로 - 교차로안,이륜,남,22세,경상,이륜,남,64세,중상
2019110200100370,2019년 11월 2일 13시,토요일,대구광역시 수성구 범어동,중상사고,0,5,0,0,차대차 - 측면충돌,신호위반,건조,맑음,교차로 - 교차로안,화물,남,60세,상해없음,승용,여,41세,중상
2019110200100371,2019년 11월 2일 13시,토요일,대구광역시 달성군 다사읍,경상사고,0,0,1,0,차대차 - 측면충돌,안전운전불이행,건조,맑음,교차로 - 교차로안,이륜,여,38세,상해없음,승용,여,41세,경상
2019110200100408,2019년 11월 2일 14시,토요일,대구광역시 서구 평리동,중상사고,0,1,0,0,차대차 - 정면충돌,안전운전불이행,건조,맑음,단일로 - 기타,승용,남,39세,상해없음,이륜,여,53세,중상
2019110200100409,2019년 11월 2일 14시,토요일,대구광역시 중구 삼덕동3가,경상사고,0,0,1,0,차대사람 - 기타,안전운전불이행,건조,맑음,교차로 - 교차로안,승용,남,27세,상해없음,보행자,남,8세,경상
2019110200100410,2019년 11월 2일 14시,토요일,대구광역시 달서구 장기동,경상사고,0,0,1,1,차대차 - 기타,직진우회전진행방해,건조,맑음,교차로 - 교차로안,승용,남,32세,부상신고,승용,남,40세,경상
2019110200100452,2019년 11월 2일 15시,토요일,대구광역시 서구 비산동,경상사고,0,0,3,0,차대차 - 추돌,안전거리미확보,건조,맑음,단일로 - 기타,승용,남,30세,상해없음,승용,여,58세,경상
2019110200100490,2019년 11월 2일 16시,토요일,대구광역시 수성구 신매동,부상신고사고,0,0,0,1,차대차 - 측면충돌,직진우회전진행방해,건조,맑음,교차로 - 교차로안,이륜,남,16세,부상신고,승용,남,54세,상해없음
2019110200100491,2019년 11월 2일 16시,토요일,대구광역시 달서구 상인동,부상신고사고,0,0,0,1,차량단독 - 기타,안전운전불이행,건조,맑음,단일로 - 기타,승합,남,53세,상해없음,,,,
2019110200100492,2019년 11월 2일 16시,토요일,대구광역시 서구 원대동3가,중상사고,0,1,0,0,차대사람 - 기타,안전운전불이행,건조,맑음,단일로 - 기타,승합,남,53세,상해없음,보행자,여,49세,중상
2019110200100536,2019년 11월 2일 17시,토요일,대구광역시 남구 대명동,경상사고,0,0,1,0,차대차 - 후진중충돌,안전운전불이행,건조,맑음,단일로 - 기타,화물,남,55세,상해없음,이륜,남,27세,경상
2019110200100537,2019년 11월 2일 17시,토요일,대구광역시 수성구 만촌동,경상사고,0,0,1,0,차대사람 - 보도통행중,기타,건조,맑음,단일로 - 기타,승용,여,55세,상해없음,보행자,남,62세,경상
2019110200100538,2019년 11월 2일 17시,토요일,대구광역시 북구 고성동3가,경상사고,0,0,1,0,차대차 - 측면충돌,신호위반,건조,맑음,교차로 - 교차로안,승용,여,48세,상해없음,승용,여,34세,경상
2019110200100593,2019년 11월 2일 18시,토요일,대구광역시 달성군 다사읍,경상사고,0,0,2,0,차대차 - 추돌,안전운전불이행,건조,맑음,단일로 - 기타,화물,남,44세,상해없음,승용,남,69세,경상
2019110200100594,2019년 11월 2일 18시,토요일,대구광역시 북구 복현동,중상사고,0,1,0,0,차대사람 - 기타,기타,건조,맑음,단일로 - 기타,기타불명,기타불명,미분류,기타불명,보행자,남,54세,중상
2019110200100595,2019년 11월 2일 18시,토요일,대구광역시 서구 중리동,경상사고,0,0,3,0,차대차 - 측면충돌,안전거리미확보,건조,맑음,단일로 - 기타,승용,여,52세,상해없음,승용,남,52세,경상
2019110200100596,2019년 11월 2일 18시,토요일,대구광역시 달서구 본리동,경상사고,0,0,1,1,차대차 - 측면충돌,안전운전불이행,건조,맑음,교차로 - 교차로횡단보도내,이륜,남,43세,부상신고,자전거,남,14세,경상
2019110200100597,2019년 11월 2일 18시,토요일,대구광역시 남구 대명동,중상사고,0,1,0,0,차대사람 - 차도통행중,안전운전불이행,건조,맑음,단일로 - 기타,승용,여,26세,상해없음,보행자,남,55세,중상
2019110200100637,2019년 11월 2일 19시,토요일,대구광역시 수성구 만촌동,중상사고,0,1,1,0,차대차 - 측면충돌,안전운전불이행,건조,맑음,단일로 - 기타,승용,남,40세,기타불명,승용,여,45세,중상
2019110200100638,2019년 11월 2일 19시,토요일,대구광역시 달서구 상인동,중상사고,0,1,0,0,차대차 - 측면충돌,안전운전불이행,건조,맑음,단일로 - 기타,승용,남,58세,상해없음,이륜,여,46세,중상
2019110200100639,2019년 11월 2일 19시,토요일,대구광역시 달성군 다사읍,경상사고,0,0,1,0,차대차 - 기타,안전운전불이행,건조,맑음,주차장 - 주차장,승용,여,45세,상해없음,승용,남,28세,경상
2019110200100640,2019년 11월 2일 19시,토요일,대구광역시 서구 내당동,경상사고,0,0,2,0,차대차 - 측면충돌,안전운전불이행,건조,맑음,교차로 - 교차로부근,승용,남,77세,상해없음,승용,남,31세,경상
2019110200100641,2019년 11월 2일 19시,토요일,대구광역시 달서구 장기동,경상사고,0,0,2,0,차대차 - 측면충돌,안전거리미확보,건조,맑음,단일로 - 기타,화물,남,60세,경상,승용,남,63세,경상
2019110200100642,2019년 11월 2일 19시,토요일,대구광역시 달서구 이곡동,부상신고사고,0,0,0,1,차대차 - 측면충돌,안전운전불이행,건조,맑음,단일로 - 기타,자전거,남,11세,부상신고,승용,남,44세,상해없음
2019110200100677,2019년 11월 2일 20시,토요일,대구광역시 달서구 이곡동,중상사고,0,1,0,0,차대차 - 측면충돌,안전운전불이행,건조,맑음,단일로 - 기타,기타불명,기타불명,미분류,기타불명,이륜,남,23세,중상
2019110200100678,2019년 11월 2일 20시,토요일,대구광역시 북구 금호동,경상사고,0,0,1,0,차대차 - 측면충돌,안전거리미확보,건조,맑음,단일로 - 기타,승용,남,61세,상해없음,승용,남,63세,경상
2019110200100737,2019년 11월 2일 22시,토요일,대구광역시 달서구 두류동,경상사고,0,0,1,0,차대사람 - 기타,안전운전불이행,건조,맑음,단일로 - 기타,승용,남,25세,상해없음,보행자,남,20세,경상
2019110300100112,2019년 11월 3일 07시,일요일,대구광역시 남구 대명동,경상사고,0,0,2,0,차대차 - 측면충돌,교차로운행방법위반,건조,맑음,교차로 - 교차로안,승용,여,19세,경상,승용,남,36세,경상
2019110300100113,2019년 11월 3일 07시,일요일,대구광역시 서구 평리동,경상사고,0,0,1,2,차대차 - 측면충돌,안전운전불이행,건조,맑음,단일로 - 기타,화물,여,53세,부상신고,승용,여,36세,경상
2019110300100166,2019년 11월 3일 10시,일요일,대구광역시 달성군 구지면,경상사고,0,0,2,0,차대차 - 측면충돌,신호위반,건조,기타,교차로 - 교차로부근,화물,남,40세,경상,승용,남,32세,경상
2019110300100167,2019년 11월 3일 10시,일요일,대구광역시 북구 칠성동2가,경상사고,0,0,1,0,차대차 - 추돌,안전운전불이행,건조,맑음,단일로 - 기타,승용,남,61세,상해없음,승용,여,23세,경상
2019110300100189,2019년 11월 3일 11시,일요일,대구광역시 북구 관음동,중상사고,0,1,0,0,차대차 - 기타,안전운전불이행,건조,맑음,단일로 - 기타,승용,남,70세,상해없음,승합,남,62세,상해없음
2019110300100223,2019년 11월 3일 12시,일요일,대구광역시 동구 용수동,중상사고,0,1,3,0,차대차 - 추돌,안전운전불이행,건조,맑음,단일로 - 기타,승용,남,62세,상해없음,승용,남,42세,경상
2019110300100224,2019년 11월 3일 12시,일요일,대구광역시 북구 산격동,경상사고,0,0,1,0,차대차 - 기타,안전거리미확보,건조,맑음,단일로 - 기타,승용,남,33세,상해없음,승용,여,41세,경상
2019110300100247,2019년 11월 3일 13시,일요일,대구광역시 동구 율암동,경상사고,0,0,5,0,차대차 - 측면충돌,안전운전불이행,건조,맑음,교차로 - 교차로안,승용,여,48세,경상,승용,여,31세,경상
2019110300100248,2019년 11월 3일 13시,일요일,대구광역시 수성구 매호동,중상사고,0,1,0,0,차대차 - 측면충돌,안전운전불이행,건조,맑음,교차로 - 교차로안,화물,남,41세,상해없음,자전거,남,68세,중상
2019110300100249,2019년 11월 3일 13시,일요일,대구광역시 달서구 용산동,중상사고,0,1,6,0,차대차 - 추돌,안전거리미확보,건조,맑음,단일로 - 기타,승용,남,49세,상해없음,승용,남,55세,경상
2019110300100250,2019년 11월 3일 13시,일요일,대구광역시 북구 매천동,경상사고,0,0,1,0,차대차 - 측면충돌,안전운전불이행,건조,맑음,단일로 - 기타,승용,남,58세,상해없음,특수,남,57세,경상
2019110300100320,2019년 11월 3일 15시,일요일,대구광역시 동구 신기동,중상사고,0,1,0,0,차대차 - 측면충돌,교차로운행방법위반,건조,맑음,교차로 - 교차로안,승용,남,64세,상해없음,이륜,남,45세,중상
2019110300100321,2019년 11월 3일 15시,일요일,대구광역시 수성구 매호동,경상사고,0,0,2,0,차대차 - 정면충돌,교차로운행방법위반,건조,맑음,교차로 - 교차로안,승용,남,64세,상해없음,승용,남,34세,경상
2019110300100322,2019년 11월 3일 15시,일요일,대구광역시 수성구 사월동,경상사고,0,0,2,0,차대차 - 측면충돌,안전운전불이행,건조,맑음,기타 - 기타,승용,남,62세,상해없음,승용,남,19세,경상
2019110300100323,2019년 11월 3일 15시,일요일,대구광역시 달서구 도원동,경상사고,0,0,2,0,차대차 - 측면충돌,기타,건조,맑음,단일로 - 기타,이륜,남,61세,상해없음,승용,여,25세,경상
2019110300100352,2019년 11월 3일 16시,일요일,대구광역시 북구 관음동,경상사고,0,0,3,0,차대차 - 기타,안전운전불이행,건조,맑음,단일로 - 기타,화물,남,71세,상해없음,승용,여,44세,경상
2019110300100384,2019년 11월 3일 17시,일요일,대구광역시 북구 태전동,경상사고,0,0,1,0,차대차 - 후진중충돌,안전운전불이행,건조,맑음,교차로 - 교차로안,승용,남,55세,기타불명,이륜,남,42세,경상
2019110300100429,2019년 11월 3일 18시,일요일,대구광역시 동구 신암동,경상사고,0,0,1,0,차대차 - 추돌,안전운전불이행,건조,맑음,단일로 - 기타,승용,남,37세,상해없음,승용,여,61세,경상
2019110300100430,2019년 11월 3일 18시,일요일,대구광역시 수성구 지산동,부상신고사고,0,0,0,1,차대차 - 기타,안전운전불이행,건조,맑음,교차로 - 교차로안,기타불명,기타불명,미분류,기타불명,이륜,남,38세,부상신고
2019110300100431,2019년 11월 3일 18시,일요일,대구광역시 달성군 다사읍,경상사고,0,0,1,0,차대차 - 추돌,신호위반,건조,맑음,단일로 - 기타,이륜,남,35세,경상,승용,여,44세,상해없음
2019110300100464,2019년 11월 3일 19시,일요일,대구광역시 남구 대명동,중상사고,0,2,1,1,차대차 - 측면충돌,교차로운행방법위반,건조,맑음,교차로 - 교차로안,이륜,남,58세,부상신고,승용,남,54세,중상
2019110300100465,2019년 11월 3일 19시,일요일,대구광역시 달서구 신당동,경상사고,0,0,3,0,차대차 - 기타,신호위반,건조,맑음,교차로 - 교차로안,승용,여,44세,상해없음,승용,여,31세,경상
2019110300100486,2019년 11월 3일 20시,일요일,대구광역시 남구 대명동,경상사고,0,0,1,0,차대차 - 추돌,안전운전불이행,건조,맑음,교차로 - 교차로안,승용,남,67세,상해없음,원동기,남,37세,경상
2019110300100487,2019년 11월 3일 20시,일요일,대구광역시 달서구 장동,경상사고,0,0,2,0,차대차 - 측면충돌,안전거리미확보,건조,맑음,단일로 - 기타,승용,남,26세,상해없음,승용,남,66세,경상
2019110300100488,2019년 11월 3일 20시,일요일,대구광역시 중구 남성로,중상사고,0,1,0,1,차대사람 - 기타,안전운전불이행,건조,맑음,단일로 - 기타,승용,남,68세,상해없음,보행자,남,63세,중상
2019110300100507,2019년 11월 3일 21시,일요일,대구광역시 서구 비산동,경상사고,0,0,1,0,차대차 - 측면충돌,안전운전불이행,건조,맑음,단일로 - 기타,화물,남,55세,상해없음,승용,여,60세,경상
2019110300100525,2019년 11월 3일 22시,일요일,대구광역시 동구 신암동,경상사고,0,0,3,0,차대차 - 측면충돌,신호위반,건조,맑음,교차로 - 교차로안,승용,남,27세,상해없음,승용,남,71세,경상
2019110300100543,2019년 11월 3일 23시,일요일,대구광역시 수성구 만촌동,경상사고,0,0,2,0,차대차 - 추돌,안전거리미확보,건조,맑음,단일로 - 기타,승용,여,25세,상해없음,승용,남,59세,경상
2019110400100040,2019년 11월 4일 01시,월요일,대구광역시 중구 동인동3가,경상사고,0,0,1,0,차대차 - 기타,안전운전불이행,건조,맑음,교차로 - 교차로안,기타불명,기타불명,미분류,기타불명,화물,남,45세,경상
2019110400100041,2019년 11월 4일 01시,월요일,대구광역시 수성구 범어동,부상신고사고,0,0,0,1,차대차 - 측면충돌,신호위반,건조,맑음,교차로 - 교차로안,이륜,남,20세,부상신고,승용,남,61세,상해없음
2019110400100042,2019년 11월 4일 01시,월요일,대구광역시 달서구 죽전동,경상사고,0,0,1,0,차량단독 - 기타,안전운전불이행,건조,맑음,교차로 - 교차로안,승용,남,61세,상해없음,,,,
2019110400100051,2019년 11월 4일 02시,월요일,대구광역시 서구 중리동,경상사고,0,0,3,0,차대차 - 측면충돌,직진우회전진행방해,건조,맑음,교차로 - 교차로안,승용,남,31세,상해없음,승용,남,56세,경상
2019110400100074,2019년 11월 4일 05시,월요일,대구광역시 달서구 송현동,경상사고,0,0,1,0,차대사람 - 횡단중,신호위반,건조,맑음,단일로 - 기타,이륜,남,24세,상해없음,보행자,여,76세,경상
2019110400100091,2019년 11월 4일 06시,월요일,대구광역시 서구 내당동,경상사고,0,0,2,0,차대차 - 추돌,안전운전불이행,건조,맑음,교차로 - 교차로부근,승용,남,27세,상해없음,건설기계,남,28세,경상
2019110400100118,2019년 11월 4일 07시,월요일,대구광역시 동구 용계동,중상사고,0,1,1,0,차대차 - 기타,직진우회전진행방해,건조,맑음,교차로 - 교차로안,화물,남,63세,경상,화물,남,56세,중상
2019110400100119,2019년 11월 4일 07시,월요일,대구광역시 달성군 유가읍,중상사고,0,1,0,0,차대차 - 추돌,안전운전불이행,건조,맑음,주차장 - 주차장,승용,남,27세,중상,승합,남,40세,기타불명
2019110400100120,2019년 11월 4일 07시,월요일,대구광역시 북구 노원동2가,경상사고,0,0,1,0,차대차 - 측면충돌,안전거리미확보,건조,맑음,단일로 - 기타,승용,여,46세,상해없음,승용,여,38세,경상
2019110400100172,2019년 11월 4일 08시,월요일,대구광역시 수성구 범물동,경상사고,0,0,2,0,차대차 - 측면충돌,안전운전불이행,건조,맑음,교차로 - 교차로안,승용,여,45세,상해없음,승용,남,56세,경상
2019110400100173,2019년 11월 4일 08시,월요일,대구광역시 북구 산격동,경상사고,0,0,1,0,차대차 - 측면충돌,안전거리미확보,건조,맑음,단일로 - 기타,승용,여,58세,상해없음,승용,남,35세,경상
2019110400100174,2019년 11월 4일 08시,월요일,대구광역시 서구 중리동,경상사고,0,0,1,1,차대차 - 기타,직진우회전진행방해,건조,맑음,교차로 - 교차로안,승용,여,35세,부상신고,승용,여,27세,경상
2019110400100175,2019년 11월 4일 08시,월요일,대구광역시 서구 내당동,경상사고,0,0,1,0,차대차 - 측면충돌,안전운전불이행,건조,맑음,단일로 - 기타,화물,남,53세,상해없음,승용,남,43세,경상
2019110400100224,2019년 11월 4일 09시,월요일,대구광역시 동구 신암동,경상사고,0,0,1,0,차대차 - 측면충돌,신호위반,건조,맑음,교차로 - 교차로안,승용,남,39세,상해없음,승용,남,72세,경상
2019110400100225,2019년 11월 4일 09시,월요일,대구광역시 북구 산격동,경상사고,0,0,2,0,차대차 - 측면충돌,안전운전불이행,건조,맑음,교차로 - 교차로안,승용,여,59세,상해없음,승용,남,26세,경상
2019110400100256,2019년 11월 4일 10시,월요일,대구광역시 달서구 대천동,경상사고,0,0,1,0,차대차 - 측면충돌,차로위반,건조,맑음,단일로 - 기타,승용,남,24세,상해없음,승용,남,32세,경상
2019110400100257,2019년 11월 4일 10시,월요일,대구광역시 중구 덕산동,경상사고,0,0,2,1,차대차 - 추돌,안전운전불이행,건조,맑음,단일로 - 기타,승용,남,72세,부상신고,승용,여,55세,경상
2019110400100258,2019년 11월 4일 10시,월요일,대구광역시 중구 동인동1가,경상사고,0,0,1,0,차대차 - 측면충돌,안전거리미확보,건조,맑음,단일로 - 기타,승합,남,56세,상해없음,승용,남,41세,경상
2019110400100289,2019년 11월 4일 11시,월요일,대구광역시 수성구 두산동,경상사고,0,0,4,0,차대차 - 측면충돌,안전운전불이행,건조,맑음,단일로 - 기타,화물,남,33세,상해없음,승용,남,47세,경상
2019110400100290,2019년 11월 4일 11시,월요일,대구광역시 북구 동호동,중상사고,0,2,2,1,차대차 - 추돌,안전거리미확보,건조,맑음,단일로 - 기타,건설기계,남,32세,부상신고,승용,남,72세,경상
2019110400100332,2019년 11월 4일 12시,월요일,대구광역시 남구 대명동,경상사고,0,0,1,0,차대사람 - 기타,안전운전불이행,건조,맑음,단일로 - 기타,승용,남,22세,상해없음,보행자,남,41세,경상
2019110400100333,2019년 11월 4일 12시,월요일,대구광역시 동구 신서동,중상사고,0,1,1,0,차대차 - 추돌,안전운전불이행,건조,맑음,단일로 - 기타,이륜,남,51세,중상,승용,남,28세,경상
2019110400100334,2019년 11월 4일 12시,월요일,대구광역시 북구 복현동,경상사고,0,0,1,0,차대차 - 측면충돌,안전운전불이행,건조,맑음,단일로 - 기타,기타불명,기타불명,미분류,기타불명,승용,여,45세,경상
2019110400100376,2019년 11월 4일 13시,월요일,대구광역시 수성구 수성동2가,경상사고,0,0,1,0,차대차 - 측면충돌,안전운전불이행,건조,맑음,단일로 - 기타,승용,여,58세,기타불명,자전거,여,55세,경상
2019110400100377,2019년 11월 4일 13시,월요일,대구광역시 수성구 만촌동,경상사고,0,0,3,0,차대차 - 측면충돌,안전운전불이행,건조,맑음,교차로 - 교차로부근,승용,남,70세,경상,승용,여,59세,경상
2019110400100378,2019년 11월 4일 13시,월요일,대구광역시 달서구 대곡동,경상사고,0,0,1,0,차대차 - 측면충돌,안전운전불이행,건조,맑음,단일로 - 기타,승용,남,64세,상해없음,자전거,남,90세 이상,경상
2019110400100379,2019년 11월 4일 13시,월요일,대구광역시 북구 태전동,중상사고,0,1,1,0,차대차 - 측면충돌,신호위반,건조,맑음,기타 - 기타,이륜,남,38세,중상,승용,여,45세,경상
2019110400100380,2019년 11월 4일 13시,월요일,대구광역시 북구 사수동,경상사고,0,0,1,0,차대차 - 측면충돌,안전운전불이행,건조,맑음,단일로 - 기타,승용,남,26세,상해없음,승용,여,40세,경상
2019110400100419,2019년 11월 4일 14시,월요일,대구광역시 달서구 대천동,경상사고,0,0,1,0,차대차 - 기타,안전거리미확보,건조,맑음,단일로 - 기타,승용,여,44세,상해없음,승용,남,22세,경상
2019110400100468,2019년 11월 4일 15시,월요일,대구광역시 북구 동변동,경상사고,0,0,4,0,차대차 - 측면충돌,안전운전불이행,건조,맑음,단일로 - 기타,승합,남,48세,상해없음,승용,남,46세,상해없음
2019110400100473,2019년 11월 4일 15시,월요일,대구광역시 달성군 화원읍,사망사고,1,0,1,0,차대차 - 추돌,안전운전불이행,건조,맑음,교차로 - 교차로부근,화물,남,58세,사망,화물,남,52세,경상
2019110400100474,2019년 11월 4일 15시,월요일,대구광역시 북구 침산동,경상사고,0,0,1,0,차대차 - 측면충돌,신호위반,건조,맑음,단일로 - 지하차도(도로)내,화물,남,48세,상해없음,승용,남,23세,경상
2019110400100475,2019년 11월 4일 15시,월요일,대구광역시 서구 비산동,경상사고,0,0,7,1,차량단독 - 전도전복 - 전도,안전운전불이행,건조,맑음,교차로 - 교차로안,승합,남,24세,부상신고,,,,
2019110400100476,2019년 11월 4일 15시,월요일,대구광역시 서구 비산동,중상사고,0,1,0,1,차대사람 - 차도통행중,안전운전불이행,건조,맑음,단일로 - 기타,이륜,남,29세,부상신고,보행자,남,62세,중상
2019110400100522,2019년 11월 4일 16시,월요일,대구광역시 남구 이천동,중상사고,0,1,2,0,차대차 - 측면충돌,직진우회전진행방해,건조,맑음,교차로 - 교차로안,승용,여,63세,중상,화물,남,54세,경상
2019110400100523,2019년 11월 4일 16시,월요일,대구광역시 남구 대명동,사망사고,1,0,0,0,차대사람 - 차도통행중,직진우회전진행방해,건조,맑음,교차로 - 교차로안,승용,남,68세,상해없음,보행자,여,79세,사망
2019110400100524,2019년 11월 4일 16시,월요일,대구광역시 북구 태전동,경상사고,0,0,1,0,차대차 - 기타,안전거리미확보,건조,맑음,단일로 - 기타,승용,남,62세,상해없음,승용,남,25세,경상
2019110400100567,2019년 11월 4일 17시,월요일,대구광역시 수성구 매호동,경상사고,0,0,1,0,차대차 - 기타,기타,건조,맑음,교차로 - 교차로안,승용,남,50세,상해없음,자전거,남,11세,경상
2019110400100568,2019년 11월 4일 17시,월요일,대구광역시 수성구 상동,경상사고,0,0,2,0,차대차 - 측면충돌,교차로운행방법위반,건조,맑음,교차로 - 교차로안,승용,남,69세,경상,승용,여,60세,경상
2019110400100569,2019년 11월 4일 17시,월요일,대구광역시 달성군 유가읍,부상신고사고,0,0,0,1,차대차 - 추돌,안전운전불이행,건조,맑음,교차로 - 교차로부근,이륜,남,36세,상해없음,승용,여,55세,부상신고
2019110400100570,2019년 11월 4일 17시,월요일,대구광역시 달성군 화원읍,경상사고,0,0,1,0,차대차 - 기타,기타,건조,맑음,단일로 - 기타,기타불명,기타불명,미분류,기타불명,자전거,남,12세,경상
2019110400100571,2019년 11월 4일 17시,월요일,대구광역시 중구 대신동,사망사고,1,0,0,0,차대차 - 측면충돌,신호위반,건조,맑음,교차로 - 교차로안,자전거,남,72세,사망,승용,남,56세,상해없음
2019110400100572,2019년 11월 4일 17시,월요일,대구광역시 중구 동산동,경상사고,0,0,2,0,차대차 - 측면충돌,안전운전불이행,건조,맑음,단일로 - 기타,화물,남,49세,경상,이륜,남,58세,경상
2019110400100629,2019년 11월 4일 18시,월요일,대구광역시 남구 대명동,경상사고,0,0,1,0,차대차 - 기타,신호위반,건조,맑음,교차로 - 교차로부근,승용,남,23세,상해없음,승용,남,33세,경상
2019110400100630,2019년 11월 4일 18시,월요일,대구광역시 수성구 만촌동,경상사고,0,0,1,0,차대차 - 추돌,안전거리미확보,건조,맑음,단일로 - 기타,승용,여,57세,상해없음,승용,여,47세,경상
2019110400100631,2019년 11월 4일 18시,월요일,대구광역시 북구 침산동,중상사고,0,1,0,0,차대차 - 측면충돌,교차로운행방법위반,건조,맑음,교차로 - 교차로안,승용,여,33세,상해없음,자전거,남,70세,중상
2019110400100632,2019년 11월 4일 18시,월요일,대구광역시 북구 침산동,경상사고,0,0,1,0,차대사람 - 횡단중,보행자보호의무위반,건조,맑음,교차로 - 교차로횡단보도내,승용,남,70세,상해없음,보행자,남,32세,경상
2019110400100633,2019년 11월 4일 18시,월요일,대구광역시 북구 동천동,부상신고사고,0,0,0,1,차대차 - 측면충돌,안전거리미확보,건조,맑음,교차로 - 교차로부근,승용,남,25세,기타불명,이륜,남,17세,부상신고
2019110400100675,2019년 11월 4일 19시,월요일,대구광역시 달서구 월성동,경상사고,0,0,1,0,차대차 - 기타,안전운전불이행,건조,맑음,단일로 - 기타,승용,여,35세,상해없음,승용,여,53세,경상