사고번호,사고일시,요일,시군구,사고내용,사망자수,중상자수,경상자수,부상신고자수,사고유형,법규위반,노면상태,기상상태,도로형태,가해운전자 차종,가해운전자 성별,가해운전자 연령,가해운전자 상해정도,피해운전자 차종,피해운전자 성별,피해운전자 연령,피해운전자 상해정도
2019110400100678,2019년 11월 4일 19시,월요일,대구광역시 수성구 수성동1가,중상사고,0,1,0,0,차대차 - 추돌,안전운전불이행,건조,맑음,단일로 - 기타,승용,남,41세,상해없음,승용,여,39세,중상
2019110400100679,2019년 11월 4일 19시,월요일,대구광역시 달서구 감삼동,중상사고,0,1,2,0,차대차 - 기타,안전운전불이행,건조,맑음,교차로 - 교차로안,이륜,남,19세,경상,승용,남,48세,경상
2019110400100680,2019년 11월 4일 19시,월요일,대구광역시 달서구 감삼동,경상사고,0,0,1,0,차대차 - 측면충돌,안전거리미확보,건조,맑음,단일로 - 기타,승용,남,25세,상해없음,이륜,남,39세,경상
2019110400100681,2019년 11월 4일 19시,월요일,대구광역시 북구 태전동,중상사고,0,1,0,0,차대사람 - 기타,과속,건조,맑음,단일로 - 기타,승합,남,53세,상해없음,보행자,여,75세,중상
2019110400100712,2019년 11월 4일 20시,월요일,대구광역시 동구 신암동,경상사고,0,0,1,0,차대차 - 정면충돌,안전운전불이행,건조,맑음,단일로 - 기타,화물,남,57세,상해없음,승용,여,60세,경상
2019110400100744,2019년 11월 4일 21시,월요일,대구광역시 남구 대명동,경상사고,0,0,1,0,차대사람 - 기타,안전운전불이행,건조,맑음,단일로 - 기타,승용,남,66세,상해없음,보행자,여,49세,경상
2019110400100745,2019년 11월 4일 21시,월요일,대구광역시 달서구 상인동,경상사고,0,0,1,0,차대사람 - 횡단중,신호위반,건조,맑음,단일로 - 기타,이륜,남,16세,상해없음,보행자,남,25세,경상
2019110400100746,2019년 11월 4일 21시,월요일,대구광역시 북구 구암동,경상사고,0,0,4,0,차대차 - 측면충돌,교차로운행방법위반,건조,맑음,교차로 - 교차로안,승용,남,30세,경상,이륜,남,44세,경상
2019110400100767,2019년 11월 4일 22시,월요일,대구광역시 서구 비산동,부상신고사고,0,0,0,1,차대차 - 측면충돌,안전거리미확보,건조,맑음,단일로 - 기타,이륜,남,55세,부상신고,승용,여,46세,상해없음
2019110400100791,2019년 11월 4일 23시,월요일,대구광역시 동구 신암동,중상사고,0,1,0,0,차량단독 - 기타,안전운전불이행,건조,맑음,단일로 - 기타,이륜,남,16세,상해없음,,,,
2019110500100036,2019년 11월 5일 00시,화요일,대구광역시 달서구 본동,경상사고,0,0,1,0,차대사람 - 길가장자리구역통행중,안전운전불이행,건조,맑음,단일로 - 기타,승용,남,44세,상해없음,보행자,남,19세,경상
2019110500100044,2019년 11월 5일 01시,화요일,대구광역시 동구 불로동,중상사고,0,3,0,0,차대차 - 추돌,안전운전불이행,건조,맑음,단일로 - 기타,화물,남,41세,중상,화물,남,24세,중상
2019110500100045,2019년 11월 5일 01시,화요일,대구광역시 동구 불로동,사망사고,1,1,2,0,차대차 - 추돌,안전운전불이행,건조,맑음,단일로 - 기타,화물,남,42세,경상,화물,남,40세,사망
2019110500100121,2019년 11월 5일 07시,화요일,대구광역시 수성구 두산동,경상사고,0,0,5,0,차대차 - 기타,직진우회전진행방해,건조,맑음,교차로 - 교차로안,승용,여,53세,경상,승용,남,60세,경상
2019110500100175,2019년 11월 5일 08시,화요일,대구광역시 남구 대명동,경상사고,0,0,1,0,차대차 - 측면충돌,신호위반,건조,맑음,교차로 - 교차로횡단보도내,승용,여,58세,상해없음,자전거,남,34세,경상
2019110500100176,2019년 11월 5일 08시,화요일,대구광역시 동구 불로동,중상사고,0,1,0,0,차대사람 - 차도통행중,안전운전불이행,건조,맑음,기타 - 기타,승용,여,51세,상해없음,보행자,여,11세,중상
2019110500100177,2019년 11월 5일 08시,화요일,대구광역시 수성구 범어동,경상사고,0,0,2,0,차대사람 - 기타,신호위반,건조,맑음,교차로 - 교차로횡단보도내,승용,남,64세,상해없음,보행자,남,7세,경상
2019110500100178,2019년 11월 5일 08시,화요일,대구광역시 달서구 진천동,경상사고,0,0,1,0,차대사람 - 횡단중,안전운전불이행,건조,맑음,단일로 - 기타,자전거,여,49세,상해없음,보행자,여,43세,경상
2019110500100179,2019년 11월 5일 08시,화요일,대구광역시 달서구 감삼동,경상사고,0,0,1,0,차대차 - 측면충돌,안전운전불이행,건조,맑음,단일로 - 기타,승용,여,46세,상해없음,자전거,남,73세,경상
2019110500100221,2019년 11월 5일 09시,화요일,대구광역시 수성구 황금동,경상사고,0,0,1,0,차대사람 - 횡단중,안전운전불이행,건조,맑음,교차로 - 교차로부근,승용,남,46세,상해없음,보행자,남,63세,경상
2019110500100222,2019년 11월 5일 09시,화요일,대구광역시 달성군 다사읍,경상사고,0,0,1,0,차대차 - 추돌,안전운전불이행,건조,맑음,단일로 - 기타,화물,남,67세,상해없음,화물,남,53세,경상
2019110500100261,2019년 11월 5일 10시,화요일,대구광역시 중구 대봉동,경상사고,0,0,1,0,차대차 - 측면충돌,안전운전불이행,건조,맑음,단일로 - 기타,건설기계,남,52세,상해없음,승용,남,64세,경상
2019110500100262,2019년 11월 5일 10시,화요일,대구광역시 달서구 감삼동,경상사고,0,0,1,0,차대차 - 측면충돌,신호위반,건조,맑음,단일로 - 기타,승용,여,61세,상해없음,자전거,여,35세,경상
2019110500100297,2019년 11월 5일 11시,화요일,대구광역시 동구 용계동,경상사고,0,0,3,0,차대차 - 기타,안전운전불이행,건조,맑음,교차로 - 교차로안,승용,여,63세,경상,승용,여,50세,경상
2019110500100332,2019년 11월 5일 12시,화요일,대구광역시 서구 중리동,중상사고,0,1,0,0,차대사람 - 길가장자리구역통행중,안전운전불이행,건조,맑음,단일로 - 기타,승용,남,51세,상해없음,보행자,여,57세,중상
2019110500100368,2019년 11월 5일 13시,화요일,대구광역시 달서구 진천동,경상사고,0,0,2,0,차대차 - 정면충돌,직진우회전진행방해,건조,맑음,교차로 - 교차로안,승용,여,31세,경상,승용,남,71세,경상
2019110500100369,2019년 11월 5일 13시,화요일,대구광역시 북구 읍내동,경상사고,0,0,1,0,차대차 - 측면충돌,안전운전불이행,건조,맑음,단일로 - 기타,승용,여,52세,상해없음,이륜,남,26세,경상
2019110500100420,2019년 11월 5일 14시,화요일,대구광역시 동구 신암동,사망사고,1,0,0,0,차대사람 - 차도통행중,안전운전불이행,건조,맑음,단일로 - 기타,건설기계,남,48세,상해없음,보행자,남,84세,사망
2019110500100421,2019년 11월 5일 14시,화요일,대구광역시 달성군 구지면,경상사고,0,0,2,0,차대차 - 기타,교차로운행방법위반,건조,맑음,교차로 - 교차로안,화물,남,64세,상해없음,승용,남,28세,경상
2019110500100491,2019년 11월 5일 16시,화요일,대구광역시 동구 율하동,경상사고,0,0,2,0,차대차 - 기타,안전운전불이행,건조,맑음,단일로 - 기타,건설기계,여,52세,상해없음,승용,남,39세,경상
2019110500100492,2019년 11월 5일 16시,화요일,대구광역시 수성구 범어동,경상사고,0,0,1,0,차대사람 - 횡단중,보행자보호의무위반,건조,맑음,교차로 - 교차로횡단보도내,승용,남,66세,상해없음,보행자,여,7세,경상
2019110500100493,2019년 11월 5일 16시,화요일,대구광역시 달서구 상인동,부상신고사고,0,0,0,2,차대차 - 측면충돌,교차로운행방법위반,건조,맑음,교차로 - 교차로안,승용,여,51세,상해없음,이륜,남,18세,부상신고
2019110500100494,2019년 11월 5일 16시,화요일,대구광역시 달서구 감삼동,경상사고,0,0,1,0,차대사람 - 기타,기타,건조,맑음,기타 - 기타,자전거,남,12세,기타불명,보행자,여,61세,경상
2019110500100550,2019년 11월 5일 17시,화요일,대구광역시 동구 신천동,경상사고,0,0,4,0,차대차 - 측면충돌,안전거리미확보,건조,맑음,단일로 - 기타,승용,남,72세,상해없음,승용,남,21세,경상
2019110500100551,2019년 11월 5일 17시,화요일,대구광역시 수성구 범어동,경상사고,0,0,2,0,차대차 - 측면충돌,안전거리미확보,건조,맑음,단일로 - 기타,승용,여,38세,상해없음,승용,남,68세,경상
2019110500100614,2019년 11월 5일 18시,화요일,대구광역시 북구 노원동3가,경상사고,0,0,1,0,차대차 - 추돌,안전거리미확보,건조,맑음,단일로 - 기타,승용,남,54세,상해없음,승용,남,35세,경상
2019110500100615,2019년 11월 5일 18시,화요일,대구광역시 북구 동천동,경상사고,0,0,3,0,차대차 - 측면충돌,안전운전불이행,건조,맑음,교차로 - 교차로안,승용,남,65세,상해없음,이륜,남,23세,경상
2019110500100652,2019년 11월 5일 19시,화요일,대구광역시 남구 대명동,중상사고,0,1,0,0,차대사람 - 차도통행중,안전운전불이행,건조,맑음,교차로 - 교차로안,승용,남,25세,상해없음,보행자,여,46세,중상
2019110500100653,2019년 11월 5일 19시,화요일,대구광역시 수성구 파동,경상사고,0,0,1,0,차대차 - 측면충돌,안전운전불이행,건조,맑음,단일로 - 기타,자전거,남,34세,경상,승용,남,55세,상해없음
2019110500100654,2019년 11월 5일 19시,화요일,대구광역시 서구 원대동3가,중상사고,0,1,0,0,차대사람 - 기타,기타,건조,맑음,단일로 - 기타,승합,남,52세,상해없음,보행자,여,80세,중상
2019110500100678,2019년 11월 5일 20시,화요일,대구광역시 달서구 본리동,경상사고,0,0,3,0,차대차 - 정면충돌,신호위반,건조,맑음,교차로 - 교차로안,이륜,남,17세,경상,승용,여,40세,경상
2019110500100736,2019년 11월 5일 22시,화요일,대구광역시 달서구 도원동,경상사고,0,0,1,0,차대차 - 측면충돌,안전운전불이행,건조,맑음,교차로 - 교차로안,승용,남,68세,상해없음,승용,남,64세,경상
2019110500100754,2019년 11월 5일 23시,화요일,대구광역시 달서구 본리동,경상사고,0,0,1,0,차대사람 - 차도통행중,안전운전불이행,건조,맑음,교차로 - 교차로안,승용,남,47세,상해없음,보행자,남,42세,경상
2019110600100039,2019년 11월 6일 00시,수요일,대구광역시 달서구 신당동,경상사고,0,0,2,0,차대차 - 추돌,안전운전불이행,건조,맑음,단일로 - 기타,승용,남,34세,상해없음,승용,남,47세,경상
2019110600100056,2019년 11월 6일 02시,수요일,대구광역시 동구 숙천동,중상사고,0,2,0,0,차대차 - 기타,안전운전불이행,건조,맑음,교차로 - 교차로부근,승용,남,29세,중상,승용,남,46세,상해없음
2019110600100070,2019년 11월 6일 05시,수요일,대구광역시 달서구 호산동,중상사고,0,1,1,0,차대차 - 측면충돌,안전거리미확보,건조,맑음,단일로 - 기타,화물,남,66세,경상,승용,남,32세,중상
2019110600100118,2019년 11월 6일 07시,수요일,대구광역시 달서구 성당동,부상신고사고,0,0,0,1,차대차 - 기타,안전운전불이행,건조,맑음,단일로 - 기타,승용,여,50세,상해없음,자전거,남,16세,부상신고
2019110600100154,2019년 11월 6일 08시,수요일,대구광역시 달서구 도원동,경상사고,0,0,1,0,차대차 - 기타,중앙선침범,건조,맑음,단일로 - 기타,승용,남,76세,상해없음,승용,여,38세,경상
2019110600100155,2019년 11월 6일 08시,수요일,대구광역시 달서구 신당동,경상사고,0,0,3,0,차대차 - 기타,안전거리미확보,건조,맑음,단일로 - 기타,승용,여,43세,경상,승용,남,39세,경상
2019110600100193,2019년 11월 6일 09시,수요일,대구광역시 북구 침산동,경상사고,0,0,1,0,차대차 - 측면충돌,안전거리미확보,건조,맑음,단일로 - 기타,승용,남,80세,상해없음,화물,남,25세,경상
2019110600100236,2019년 11월 6일 10시,수요일,대구광역시 동구 불로동,경상사고,0,0,2,0,차대차 - 기타,안전거리미확보,건조,맑음,교차로 - 교차로부근,화물,남,71세,상해없음,화물,남,58세,경상
2019110600100237,2019년 11월 6일 10시,수요일,대구광역시 서구 비산동,중상사고,0,1,0,0,차대사람 - 기타,신호위반,건조,맑음,단일로 - 기타,승용,남,45세,상해없음,보행자,남,86세,중상
2019110600100279,2019년 11월 6일 11시,수요일,대구광역시 수성구 연호동,경상사고,0,0,1,0,차대차 - 기타,안전운전불이행,건조,맑음,단일로 - 기타,승용,여,24세,상해없음,화물,남,67세,경상
2019110600100280,2019년 11월 6일 11시,수요일,대구광역시 북구 동천동,경상사고,0,0,1,0,차대차 - 측면충돌,교차로운행방법위반,건조,맑음,교차로 - 교차로안,승용,여,57세,기타불명,승용,남,40세,경상
2019110600100311,2019년 11월 6일 12시,수요일,대구광역시 달서구 신당동,경상사고,0,0,2,0,차대차 - 추돌,안전운전불이행,건조,맑음,교차로 - 교차로부근,화물,남,39세,상해없음,승용,남,56세,경상
2019110600100336,2019년 11월 6일 13시,수요일,대구광역시 북구 산격동,중상사고,0,1,1,0,차대차 - 추돌,안전운전불이행,건조,맑음,단일로 - 기타,승용,남,66세,상해없음,화물,남,60세,경상
2019110600100337,2019년 11월 6일 13시,수요일,대구광역시 남구 대명동,경상사고,0,0,3,0,차대차 - 측면충돌,차로위반,건조,맑음,단일로 - 기타,승용,남,18세,상해없음,승용,여,49세,경상
2019110600100338,2019년 11월 6일 13시,수요일,대구광역시 달서구 용산동,중상사고,0,1,3,0,차대차 - 추돌,안전운전불이행,건조,맑음,단일로 - 기타,화물,남,25세,경상,승용,남,63세,경상
2019110600100376,2019년 11월 6일 14시,수요일,대구광역시 남구 봉덕동,중상사고,0,1,0,0,차대차 - 측면충돌,안전운전불이행,건조,맑음,단일로 - 기타,승용,남,62세,상해없음,승용,남,65세,상해없음
2019110600100377,2019년 11월 6일 14시,수요일,대구광역시 동구 효목동,경상사고,0,0,1,0,차대차 - 기타,기타,건조,맑음,교차로 - 교차로부근,승용,여,57세,상해없음,자전거,남,86세,경상
2019110600100378,2019년 11월 6일 14시,수요일,대구광역시 수성구 두산동,경상사고,0,0,1,0,차대차 - 측면충돌,신호위반,건조,맑음,교차로 - 교차로부근,화물,남,39세,상해없음,승용,여,39세,경상
2019110600100379,2019년 11월 6일 14시,수요일,대구광역시 서구 평리동,경상사고,0,0,1,0,차대차 - 측면충돌,안전운전불이행,건조,맑음,단일로 - 기타,승용,여,23세,상해없음,이륜,남,26세,경상
2019110600100380,2019년 11월 6일 14시,수요일,대구광역시 달서구 두류동,경상사고,0,0,1,0,차대사람 - 기타,안전운전불이행,건조,맑음,단일로 - 기타,자전거,기타불명,미분류,기타불명,보행자,여,9세,경상
2019110600100416,2019년 11월 6일 15시,수요일,대구광역시 동구 방촌동,부상신고사고,0,0,0,1,차대차 - 추돌,안전운전불이행,건조,맑음,교차로 - 교차로부근,승용,남,48세,상해없음,화물,남,24세,부상신고
2019110600100417,2019년 11월 6일 15시,수요일,대구광역시 북구 노원동3가,경상사고,0,0,2,0,차대차 - 추돌,안전운전불이행,건조,맑음,교차로 - 교차로부근,승용,남,51세,상해없음,승용,남,56세,경상
2019110600100418,2019년 11월 6일 15시,수요일,대구광역시 달서구 두류동,경상사고,0,0,1,0,차대차 - 추돌,안전운전불이행,건조,맑음,단일로 - 기타,승용,남,61세,상해없음,자전거,남,62세,경상
2019110600100419,2019년 11월 6일 15시,수요일,대구광역시 달서구 성당동,경상사고,0,0,1,0,차대차 - 기타,안전운전불이행,건조,맑음,단일로 - 기타,자전거,남,17세,경상,승용,여,33세,상해없음
2019110600100463,2019년 11월 6일 16시,수요일,대구광역시 중구 남산동,경상사고,0,0,1,0,차대차 - 기타,안전운전불이행,건조,맑음,단일로 - 기타,승용,남,59세,상해없음,이륜,남,68세,경상
2019110600100464,2019년 11월 6일 16시,수요일,대구광역시 동구 신천동,경상사고,0,0,1,0,차대차 - 기타,교차로운행방법위반,건조,맑음,교차로 - 교차로부근,화물,여,42세,경상,승용,남,45세,상해없음
2019110600100465,2019년 11월 6일 16시,수요일,대구광역시 달서구 송현동,경상사고,0,0,1,0,차대사람 - 기타,안전운전불이행,건조,맑음,단일로 - 기타,승용,남,70세,상해없음,보행자,여,18세,경상
2019110600100466,2019년 11월 6일 16시,수요일,대구광역시 달성군 다사읍,경상사고,0,0,2,0,차대차 - 추돌,차로위반,건조,맑음,교차로 - 교차로부근,승용,여,48세,경상,승용,남,25세,경상
2019110600100467,2019년 11월 6일 16시,수요일,대구광역시 달서구 두류동,경상사고,0,0,1,0,차대사람 - 보도통행중,보행자보호의무위반,건조,맑음,교차로 - 교차로횡단보도내,이륜,남,48세,상해없음,보행자,여,64세,경상
2019110600100522,2019년 11월 6일 17시,수요일,대구광역시 동구 신서동,중상사고,0,1,7,0,차대차 - 측면충돌,신호위반,건조,맑음,교차로 - 교차로안,화물,남,48세,상해없음,승합,남,71세,경상
2019110600100523,2019년 11월 6일 17시,수요일,대구광역시 동구 효목동,경상사고,0,0,1,0,차대차 - 후진중충돌,안전운전불이행,건조,맑음,단일로 - 기타,승용,남,49세,상해없음,승용,남,32세,경상
2019110600100524,2019년 11월 6일 17시,수요일,대구광역시 달서구 송현동,중상사고,0,2,6,2,차대차 - 기타,신호위반,건조,맑음,교차로 - 교차로안,승합,남,58세,상해없음,승합,남,51세,상해없음
2019110600100525,2019년 11월 6일 17시,수요일,대구광역시 달성군 다사읍,부상신고사고,0,0,0,2,차대차 - 추돌,안전운전불이행,건조,맑음,단일로 - 기타,승용,남,43세,부상신고,승합,남,59세,부상신고
2019110600100595,2019년 11월 6일 18시,수요일,대구광역시 남구 봉덕동,경상사고,0,0,1,0,차대차 - 추돌,안전운전불이행,건조,맑음,교차로 - 교차로부근,승용,남,40세,상해없음,이륜,남,29세,경상
2019110600100596,2019년 11월 6일 18시,수요일,대구광역시 수성구 황금동,경상사고,0,0,1,0,차대차 - 정면충돌,안전운전불이행,건조,맑음,단일로 - 기타,이륜,남,29세,상해없음,승용,남,29세,경상
2019110600100597,2019년 11월 6일 18시,수요일,대구광역시 수성구 수성동1가,부상신고사고,0,0,0,1,차대차 - 측면충돌,신호위반,건조,맑음,교차로 - 교차로안,이륜,남,28세,부상신고,승용,남,26세,상해없음
2019110600100598,2019년 11월 6일 18시,수요일,대구광역시 달성군 화원읍,경상사고,0,0,1,0,차대차 - 기타,안전거리미확보,건조,맑음,교차로 - 교차로부근,화물,남,51세,상해없음,승용,남,33세,경상
2019110600100599,2019년 11월 6일 18시,수요일,대구광역시 북구 노원동1가,부상신고사고,0,0,0,1,차대사람 - 기타,안전운전불이행,건조,맑음,기타 - 기타,승합,남,54세,기타불명,보행자,여,53세,부상신고
2019110600100600,2019년 11월 6일 18시,수요일,대구광역시 서구 평리동,중상사고,0,1,0,0,차량단독 - 기타,안전운전불이행,건조,맑음,단일로 - 기타,승합,남,46세,상해없음,,,,
2019110600100640,2019년 11월 6일 19시,수요일,대구광역시 수성구 지산동,경상사고,0,0,1,0,차대차 - 측면충돌,안전운전불이행,건조,맑음,단일로 - 기타,승용,남,66세,상해없음,기타불명,남,82세,경상
2019110600100641,2019년 11월 6일 19시,수요일,대구광역시 북구 노원동3가,중상사고,0,1,0,0,차대사람 - 횡단중,안전운전불이행,건조,맑음,교차로 - 교차로안,승합,남,48세,상해없음,보행자,여,76세,중상
2019110600100675,2019년 11월 6일 20시,수요일,대구광역시 동구 신천동,경상사고,0,0,1,0,차대차 - 측면충돌,안전운전불이행,건조,맑음,기타 - 기타,승용,남,51세,상해없음,승용,남,63세,경상
2019110600100701,2019년 11월 6일 21시,수요일,대구광역시 남구 대명동,경상사고,0,0,3,0,차대차 - 측면충돌,안전운전불이행,건조,맑음,단일로 - 기타,승합,남,47세,상해없음,승합,남,32세,경상
2019110600100702,2019년 11월 6일 21시,수요일,대구광역시 달서구 진천동,중상사고,0,2,0,0,차대차 - 측면충돌,신호위반,건조,맑음,교차로 - 교차로안,원동기,남,29세,중상,원동기,남,49세,중상
2019110600100703,2019년 11월 6일 21시,수요일,대구광역시 달서구 신당동,경상사고,0,0,1,0,차대차 - 측면충돌,안전운전불이행,건조,맑음,교차로 - 교차로부근,승용,여,39세,상해없음,자전거,남,19세,경상
2019110600100704,2019년 11월 6일 21시,수요일,대구광역시 북구 태전동,경상사고,0,0,1,0,차대차 - 측면충돌,안전운전불이행,건조,맑음,교차로 - 교차로부근,승용,여,58세,상해없음,원동기,남,19세,경상
2019110600100741,2019년 11월 6일 23시,수요일,대구광역시 남구 봉덕동,경상사고,0,0,1,0,차대차 - 측면충돌,중앙선침범,건조,맑음,단일로 - 기타,기타불명,기타불명,미분류,기타불명,승용,남,39세,경상
2019110600100742,2019년 11월 6일 23시,수요일,대구광역시 수성구 범어동,경상사고,0,0,1,0,차대차 - 측면충돌,안전운전불이행,건조,맑음,단일로 - 기타,승용,남,59세,상해없음,자전거,여,19세,경상
2019110700100032,2019년 11월 7일 00시,목요일,대구광역시 달서구 월성동,경상사고,0,0,2,0,차대차 - 기타,안전운전불이행,건조,맑음,교차로 - 교차로부근,승용,남,34세,상해없음,승용,여,24세,경상
2019110700100033,2019년 11월 7일 00시,목요일,대구광역시 달서구 두류동,중상사고,0,2,0,0,차대차 - 측면충돌,안전운전불이행,건조,맑음,단일로 - 기타,승용,여,27세,중상,승용,남,28세,중상
2019110700100042,2019년 11월 7일 01시,목요일,대구광역시 동구 신천동,경상사고,0,0,1,0,차대차 - 기타,안전운전불이행,건조,맑음,단일로 - 기타,승용,남,32세,상해없음,승용,남,27세,경상
2019110700100043,2019년 11월 7일 01시,목요일,대구광역시 수성구 황금동,중상사고,0,1,1,0,차대차 - 추돌,신호위반,건조,맑음,교차로 - 교차로안,승용,남,30세,기타불명,승용,남,36세,중상
2019110700100048,2019년 11월 7일 02시,목요일,대구광역시 수성구 황금동,경상사고,0,0,4,0,차대차 - 추돌,안전운전불이행,건조,맑음,교차로 - 교차로부근,승용,여,30세,상해없음,승용,남,61세,경상
2019110700100088,2019년 11월 7일 06시,목요일,대구광역시 북구 고성동2가,사망사고,1,0,0,0,차대사람 - 차도통행중,안전운전불이행,건조,맑음,단일로 - 기타,승용,남,66세,상해없음,보행자,여,75세,사망
2019110700100167,2019년 11월 7일 08시,목요일,대구광역시 동구 신천동,경상사고,0,0,1,0,차대차 - 추돌,안전거리미확보,건조,맑음,단일로 - 기타,승용,남,49세,상해없음,승용,여,61세,경상
2019110700100203,2019년 11월 7일 09시,목요일,대구광역시 서구 이현동,경상사고,0,0,1,0,차대차 - 측면충돌,안전거리미확보,건조,맑음,단일로 - 기타,승용,남,78세,상해없음,특수,남,49세,경상
2019110700100242,2019년 11월 7일 10시,목요일,대구광역시 수성구 수성동1가,경상사고,0,0,1,0,차대차 - 기타,안전거리미확보,건조,맑음,단일로 - 기타,화물,남,41세,상해없음,승용,여,62세,경상
2019110700100277,2019년 11월 7일 11시,목요일,대구광역시 달서구 상인동,경상사고,0,0,2,0,차대차 - 추돌,안전거리미확보,건조,맑음,단일로 - 기타,승용,여,67세,상해없음,승용,여,59세,경상
2019110700100278,2019년 11월 7일 11시,목요일,대구광역시 달성군 화원읍,중상사고,0,1,0,0,차대차 - 측면충돌,안전운전불이행,건조,맑음,기타 - 기타,자전거,여,60세,중상,승용,남,71세,상해없음
2019110700100313,2019년 11월 7일 12시,목요일,대구광역시 수성구 신매동,경상사고,0,0,1,0,차대차 - 기타,안전거리미확보,건조,맑음,단일로 - 기타,승용,여,47세,상해없음,승합,남,56세,상해없음
2019110700100355,2019년 11월 7일 13시,목요일,대구광역시 달서구 상인동,경상사고,0,0,1,0,차대사람 - 기타,기타,건조,맑음,교차로 - 교차로부근,승합,남,51세,상해없음,보행자,여,37세,경상
2019110700100356,2019년 11월 7일 13시,목요일,대구광역시 달서구 두류동,경상사고,0,0,5,0,차대차 - 측면충돌,안전거리미확보,건조,맑음,단일로 - 기타,승용,남,65세,상해없음,승용,여,75세,경상
2019110700100357,2019년 11월 7일 13시,목요일,대구광역시 중구 대신동,경상사고,0,0,2,0,차대차 - 측면충돌,교차로운행방법위반,건조,맑음,교차로 - 교차로부근,승용,여,53세,상해없음,이륜,남,17세,경상
2019110700100358,2019년 11월 7일 13시,목요일,대구광역시 달서구 감삼동,경상사고,0,0,1,0,차대사람 - 기타,기타,건조,맑음,단일로 - 기타,승용,남,64세,상해없음,보행자,남,45세,경상
2019110700100398,2019년 11월 7일 14시,목요일,대구광역시 수성구 황금동,경상사고,0,0,1,0,차대차 - 기타,안전거리미확보,건조,맑음,교차로 - 교차로안,승용,남,30세,상해없음,승용,여,40세,경상
2019110700100399,2019년 11월 7일 14시,목요일,대구광역시 중구 봉산동,부상신고사고,0,0,0,1,차대차 - 측면충돌,안전거리미확보,건조,맑음,단일로 - 기타,승용,남,75세,상해없음,승용,남,37세,부상신고
2019110700100480,2019년 11월 7일 16시,목요일,대구광역시 동구 백안동,경상사고,0,0,2,0,차대차 - 추돌,안전거리미확보,건조,맑음,단일로 - 기타,승합,남,71세,상해없음,승용,여,55세,경상
2019110700100481,2019년 11월 7일 16시,목요일,대구광역시 동구 효목동,경상사고,0,0,1,0,차대차 - 측면충돌,안전운전불이행,건조,맑음,단일로 - 기타,화물,남,50세,상해없음,승용,남,57세,경상
2019110700100482,2019년 11월 7일 16시,목요일,대구광역시 수성구 신매동,경상사고,0,0,1,0,차대차 - 측면충돌,안전운전불이행,건조,맑음,교차로 - 교차로부근,승용,여,43세,상해없음,승용,남,29세,경상
2019110700100483,2019년 11월 7일 16시,목요일,대구광역시 달성군 현풍읍,경상사고,0,0,3,0,차대차 - 추돌,안전운전불이행,건조,맑음,단일로 - 기타,승용,여,62세,상해없음,화물,남,62세,경상
2019110700100484,2019년 11월 7일 16시,목요일,대구광역시 중구 대신동,경상사고,0,0,2,1,차대차 - 측면충돌,신호위반,건조,맑음,교차로 - 교차로부근,이륜,남,41세,부상신고,승용,남,27세,경상
2019110700100485,2019년 11월 7일 16시,목요일,대구광역시 북구 읍내동,중상사고,0,1,0,0,차대차 - 기타,안전운전불이행,건조,맑음,단일로 - 기타,이륜,남,26세,중상,화물,남,51세,상해없음
2019110700100522,2019년 11월 7일 17시,목요일,대구광역시 동구 효목동,경상사고,0,0,2,0,차대차 - 후진중충돌,중앙선침범,건조,맑음,단일로 - 기타,승용,남,50세,경상,승용,여,31세,경상
2019110700100523,2019년 11월 7일 17시,목요일,대구광역시 달서구 대곡동,경상사고,0,0,2,0,차대차 - 측면충돌,안전거리미확보,건조,맑음,단일로 - 기타,승용,남,68세,상해없음,이륜,남,27세,경상
2019110700100524,2019년 11월 7일 17시,목요일,대구광역시 달성군 논공읍,중상사고,0,1,0,0,차대차 - 추돌,안전운전불이행,건조,맑음,단일로 - 기타,승용,여,40세,상해없음,자전거,남,30세,중상
2019110700100525,2019년 11월 7일 17시,목요일,대구광역시 북구 복현동,부상신고사고,0,0,0,1,차대차 - 측면충돌,안전운전불이행,건조,맑음,단일로 - 기타,이륜,남,16세,부상신고,화물,남,40세,상해없음
2019110700100526,2019년 11월 7일 17시,목요일,대구광역시 중구 계산동2가,경상사고,0,0,1,0,차대차 - 추돌,안전운전불이행,건조,맑음,교차로 - 교차로부근,승용,남,42세,상해없음,승용,남,39세,경상
2019110700100527,2019년 11월 7일 17시,목요일,대구광역시 중구 동인동3가,경상사고,0,0,1,0,차대차 - 추돌,안전운전불이행,건조,맑음,단일로 - 기타,승용,여,55세,상해없음,승용,남,39세,경상
2019110700100528,2019년 11월 7일 17시,목요일,대구광역시 북구 태전동,경상사고,0,0,1,0,차대차 - 기타,안전거리미확보,건조,맑음,단일로 - 기타,승용,여,25세,상해없음,승용,여,25세,경상
2019110700100529,2019년 11월 7일 17시,목요일,대구광역시 북구 구암동,경상사고,0,0,1,0,차대차 - 추돌,안전운전불이행,건조,맑음,단일로 - 기타,승용,남,21세,상해없음,승용,남,24세,경상
2019110700100588,2019년 11월 7일 18시,목요일,대구광역시 북구 서변동,경상사고,0,0,1,0,차대차 - 기타,안전운전불이행,건조,맑음,단일로 - 기타,승용,남,46세,상해없음,승용,남,59세,경상