사고번호,사고일시,요일,시군구,사고내용,사망자수,중상자수,경상자수,부상신고자수,사고유형,법규위반,노면상태,기상상태,도로형태,가해운전자 차종,가해운전자 성별,가해운전자 연령,가해운전자 상해정도,피해운전자 차종,피해운전자 성별,피해운전자 연령,피해운전자 상해정도
2019111000100375,2019년 11월 10일 17시,일요일,대구광역시 남구 봉덕동,중상사고,0,1,2,0,차대차 - 추돌,안전운전불이행,건조,맑음,단일로 - 기타,승용,남,64세,경상,승용,여,45세,중상
2019111000100376,2019년 11월 10일 17시,일요일,대구광역시 달성군 화원읍,중상사고,0,1,0,0,차대차 - 기타,안전거리미확보,건조,맑음,단일로 - 기타,승용,남,44세,상해없음,이륜,남,46세,중상
2019111000100495,2019년 11월 10일 19시,일요일,대구광역시 수성구 황금동,경상사고,0,0,1,0,차대차 - 측면충돌,안전운전불이행,건조,맑음,단일로 - 기타,승용,남,64세,상해없음,이륜,여,57세,경상
2019111000100496,2019년 11월 10일 19시,일요일,대구광역시 달서구 본동,경상사고,0,0,1,0,차대차 - 측면충돌,교차로운행방법위반,건조,맑음,교차로 - 교차로안,승용,남,69세,상해없음,이륜,남,48세,경상
2019111000100497,2019년 11월 10일 19시,일요일,대구광역시 북구 동천동,경상사고,0,0,1,0,차대차 - 기타,안전운전불이행,건조,맑음,단일로 - 기타,이륜,남,18세,기타불명,승용,여,41세,경상
2019111000100591,2019년 11월 10일 21시,일요일,대구광역시 달서구 대곡동,중상사고,0,2,1,0,차량단독 - 기타,안전운전불이행,젖음/습기,비,단일로 - 기타,승용,남,66세,경상,,,,
2019111000100592,2019년 11월 10일 21시,일요일,대구광역시 북구 동천동,경상사고,0,0,1,0,차대사람 - 기타,안전운전불이행,젖음/습기,흐림,교차로 - 교차로안,승합,남,50세,상해없음,보행자,남,42세,경상
2019111000100624,2019년 11월 10일 22시,일요일,대구광역시 북구 복현동,경상사고,0,0,1,0,차대차 - 측면충돌,안전거리미확보,젖음/습기,비,단일로 - 기타,승용,남,61세,상해없음,이륜,남,25세,경상
2019111000100625,2019년 11월 10일 22시,일요일,대구광역시 달서구 죽전동,경상사고,0,0,2,0,차대차 - 측면충돌,안전거리미확보,젖음/습기,비,단일로 - 기타,승용,남,52세,상해없음,승용,남,28세,경상
2019111100100056,2019년 11월 11일 02시,월요일,대구광역시 동구 율하동,부상신고사고,0,0,0,1,차대차 - 측면충돌,직진우회전진행방해,건조,흐림,교차로 - 교차로안,이륜,남,22세,부상신고,승용,남,23세,상해없음
2019111100100099,2019년 11월 11일 06시,월요일,대구광역시 동구 신암동,경상사고,0,0,1,0,차량단독 - 전도전복 - 전도,안전운전불이행,건조,흐림,단일로 - 기타,화물,남,61세,상해없음,,,,
2019111100100180,2019년 11월 11일 08시,월요일,대구광역시 수성구 가천동,중상사고,0,1,0,0,차대차 - 기타,안전운전불이행,건조,맑음,단일로 - 기타,승용,여,31세,상해없음,승용,남,35세,중상
2019111100100181,2019년 11월 11일 08시,월요일,대구광역시 달서구 대천동,경상사고,0,0,1,0,차대차 - 추돌,안전거리미확보,건조,맑음,단일로 - 기타,승용,남,69세,상해없음,승용,여,39세,상해없음
2019111100100263,2019년 11월 11일 10시,월요일,대구광역시 수성구 범어동,중상사고,0,1,0,0,차대차 - 측면충돌,교차로운행방법위반,건조,맑음,교차로 - 교차로안,승용,남,63세,상해없음,이륜,남,60세,중상
2019111100100264,2019년 11월 11일 10시,월요일,대구광역시 수성구 수성동3가,경상사고,0,0,1,0,차대차 - 기타,안전운전불이행,건조,맑음,단일로 - 기타,승용,남,76세,상해없음,승용,여,25세,경상
2019111100100265,2019년 11월 11일 10시,월요일,대구광역시 달서구 성당동,경상사고,0,0,1,0,차대차 - 측면충돌,안전운전불이행,건조,맑음,기타 - 기타,화물,남,65세,상해없음,자전거,여,55세,경상
2019111100100301,2019년 11월 11일 11시,월요일,대구광역시 수성구 가천동,경상사고,0,0,1,0,차대차 - 기타,안전운전불이행,건조,맑음,단일로 - 터널,화물,남,41세,상해없음,승용,남,41세,경상
2019111100100302,2019년 11월 11일 11시,월요일,대구광역시 달서구 용산동,경상사고,0,0,1,0,차대사람 - 횡단중,보행자보호의무위반,건조,맑음,단일로 - 기타,승용,여,64세,상해없음,보행자,남,81세,경상
2019111100100340,2019년 11월 11일 12시,월요일,대구광역시 동구 신천동,경상사고,0,0,2,0,차대차 - 측면충돌,안전운전불이행,건조,맑음,단일로 - 기타,승용,남,70세,상해없음,화물,남,32세,경상
2019111100100382,2019년 11월 11일 13시,월요일,대구광역시 동구 신기동,경상사고,0,0,1,0,차대차 - 기타,직진우회전진행방해,건조,맑음,단일로 - 기타,승용,여,55세,상해없음,이륜,남,30세,경상
2019111100100383,2019년 11월 11일 13시,월요일,대구광역시 수성구 파동,부상신고사고,0,0,0,4,차대차 - 측면충돌,안전운전불이행,건조,맑음,교차로 - 교차로안,승용,남,57세,부상신고,승용,남,34세,부상신고
2019111100100384,2019년 11월 11일 13시,월요일,대구광역시 달성군 화원읍,경상사고,0,0,1,0,차대차 - 추돌,교차로운행방법위반,건조,맑음,교차로 - 교차로안,승합,여,44세,상해없음,승용,여,57세,경상
2019111100100385,2019년 11월 11일 13시,월요일,대구광역시 북구 동천동,중상사고,0,1,0,0,차대사람 - 기타,보행자보호의무위반,건조,맑음,단일로 - 기타,승용,남,42세,상해없음,보행자,남,78세,중상
2019111100100462,2019년 11월 11일 15시,월요일,대구광역시 달성군 현풍읍,경상사고,0,0,1,0,차대차 - 추돌,안전운전불이행,건조,맑음,단일로 - 기타,기타불명,기타불명,미분류,기타불명,자전거,남,14세,경상
2019111100100463,2019년 11월 11일 15시,월요일,대구광역시 달성군 가창면,경상사고,0,0,1,0,차대차 - 추돌,안전운전불이행,건조,맑음,단일로 - 기타,승용,남,75세,상해없음,승용,남,62세,경상
2019111100100505,2019년 11월 11일 16시,월요일,대구광역시 남구 대명동,경상사고,0,0,1,0,차대사람 - 차도통행중,안전운전불이행,건조,맑음,단일로 - 기타,화물,남,49세,상해없음,보행자,여,78세,경상
2019111100100506,2019년 11월 11일 16시,월요일,대구광역시 수성구 파동,중상사고,0,1,0,0,차대사람 - 기타,신호위반,건조,맑음,단일로 - 기타,승용,여,67세,상해없음,보행자,여,26세,중상
2019111100100507,2019년 11월 11일 16시,월요일,대구광역시 달성군 유가읍,경상사고,0,0,2,0,차대차 - 측면충돌,안전운전불이행,건조,맑음,단일로 - 기타,이륜,남,42세,경상,승용,여,39세,경상
2019111100100508,2019년 11월 11일 16시,월요일,대구광역시 중구 삼덕동2가,경상사고,0,0,2,0,차대차 - 추돌,안전운전불이행,건조,맑음,교차로 - 교차로부근,승용,남,24세,상해없음,승용,남,55세,상해없음
2019111100100509,2019년 11월 11일 16시,월요일,대구광역시 달서구 성당동,경상사고,0,0,1,0,차대사람 - 기타,안전운전불이행,건조,맑음,단일로 - 기타,승용,남,54세,상해없음,보행자,여,41세,경상
2019111100100559,2019년 11월 11일 17시,월요일,대구광역시 수성구 황금동,경상사고,0,0,1,0,차대사람 - 길가장자리구역통행중,안전운전불이행,건조,맑음,단일로 - 기타,승용,남,59세,상해없음,보행자,남,73세,경상
2019111100100560,2019년 11월 11일 17시,월요일,대구광역시 달성군 다사읍,중상사고,0,1,2,0,차대차 - 추돌,안전운전불이행,건조,맑음,교차로 - 교차로안,승용,여,44세,중상,승용,남,63세,경상
2019111100100610,2019년 11월 11일 18시,월요일,대구광역시 동구 신천동,경상사고,0,0,1,0,차대차 - 측면충돌,안전운전불이행,건조,맑음,교차로 - 교차로횡단보도내,승용,남,56세,상해없음,승용,남,30세,경상
2019111100100611,2019년 11월 11일 18시,월요일,대구광역시 달서구 월성동,경상사고,0,0,1,0,차대차 - 측면충돌,안전운전불이행,건조,맑음,단일로 - 기타,승용,여,55세,경상,화물,남,58세,상해없음
2019111100100612,2019년 11월 11일 18시,월요일,대구광역시 중구 봉산동,중상사고,0,1,0,0,차대차 - 기타,안전운전불이행,건조,맑음,교차로 - 교차로안,이륜,남,23세,상해없음,자전거,남,42세,중상
2019111100100613,2019년 11월 11일 18시,월요일,대구광역시 달서구 감삼동,중상사고,0,1,0,0,차대차 - 기타,신호위반,건조,맑음,기타 - 기타,승용,여,58세,상해없음,이륜,남,62세,중상
2019111100100614,2019년 11월 11일 18시,월요일,대구광역시 북구 동천동,중상사고,0,1,0,0,차대사람 - 기타,보행자보호의무위반,건조,맑음,단일로 - 기타,승용,여,59세,상해없음,보행자,남,47세,중상
2019111100100651,2019년 11월 11일 19시,월요일,대구광역시 동구 신기동,경상사고,0,0,2,0,차대차 - 측면충돌,교차로운행방법위반,건조,맑음,교차로 - 교차로부근,승용,남,63세,상해없음,승용,남,35세,경상
2019111100100652,2019년 11월 11일 19시,월요일,대구광역시 수성구 중동,경상사고,0,0,1,0,차대사람 - 횡단중,안전운전불이행,건조,맑음,기타 - 기타,승용,여,57세,상해없음,보행자,여,54세,경상
2019111100100653,2019년 11월 11일 19시,월요일,대구광역시 수성구 중동,부상신고사고,0,0,0,1,차대차 - 기타,안전운전불이행,건조,맑음,기타 - 기타,자전거,남,54세,부상신고,화물,남,40세,상해없음
2019111100100654,2019년 11월 11일 19시,월요일,대구광역시 달서구 유천동,경상사고,0,0,1,0,차대차 - 측면충돌,안전거리미확보,건조,맑음,단일로 - 기타,승용,남,25세,상해없음,이륜,남,22세,경상
2019111100100655,2019년 11월 11일 19시,월요일,대구광역시 서구 비산동,경상사고,0,0,3,1,차대차 - 측면충돌,안전거리미확보,건조,맑음,교차로 - 교차로안,승용,남,22세,상해없음,승용,여,58세,경상
2019111100100656,2019년 11월 11일 19시,월요일,대구광역시 중구 수창동,경상사고,0,0,1,0,차대차 - 추돌,안전운전불이행,건조,맑음,단일로 - 기타,승용,여,41세,상해없음,승용,남,54세,경상
2019111100100657,2019년 11월 11일 19시,월요일,대구광역시 북구 조야동,중상사고,0,1,0,0,차대차 - 추돌,교차로운행방법위반,건조,맑음,교차로 - 교차로안,승용,남,64세,상해없음,이륜,남,51세,중상
2019111100100684,2019년 11월 11일 20시,월요일,대구광역시 남구 봉덕동,경상사고,0,0,1,0,차대차 - 기타,교차로운행방법위반,건조,맑음,교차로 - 교차로안,이륜,남,39세,경상,승용,남,59세,상해없음
2019111100100685,2019년 11월 11일 20시,월요일,대구광역시 수성구 노변동,경상사고,0,0,1,0,차대차 - 측면충돌,교차로운행방법위반,건조,맑음,교차로 - 교차로안,승용,남,65세,상해없음,승용,남,28세,경상
2019111100100686,2019년 11월 11일 20시,월요일,대구광역시 달성군 다사읍,경상사고,0,0,1,0,차대차 - 추돌,안전운전불이행,건조,맑음,교차로 - 교차로부근,승용,여,46세,상해없음,승용,남,35세,경상
2019111100100687,2019년 11월 11일 20시,월요일,대구광역시 서구 내당동,부상신고사고,0,0,0,1,차대차 - 측면충돌,중앙선침범,건조,맑음,단일로 - 기타,자전거,남,21세,부상신고,승용,여,41세,상해없음
2019111100100721,2019년 11월 11일 21시,월요일,대구광역시 수성구 신매동,중상사고,0,1,0,0,차대차 - 측면충돌,신호위반,건조,맑음,교차로 - 교차로안,승용,여,56세,상해없음,이륜,남,52세,중상
2019111100100722,2019년 11월 11일 21시,월요일,대구광역시 달서구 본리동,경상사고,0,0,2,0,차대차 - 측면충돌,기타,건조,맑음,교차로 - 교차로부근,승용,남,61세,상해없음,이륜,남,18세,경상
2019111100100751,2019년 11월 11일 22시,월요일,대구광역시 달서구 죽전동,경상사고,0,0,1,0,차대차 - 측면충돌,중앙선침범,건조,맑음,교차로 - 교차로부근,이륜,남,16세,경상,승용,남,43세,상해없음
2019111200100043,2019년 11월 12일 01시,화요일,대구광역시 남구 봉덕동,중상사고,0,1,2,0,차대차 - 측면충돌,신호위반,건조,맑음,단일로 - 고가도로위,승용,남,71세,상해없음,승용,남,61세,경상
2019111200100044,2019년 11월 12일 01시,화요일,대구광역시 수성구 범어동,경상사고,0,0,1,0,차대차 - 측면충돌,안전운전불이행,건조,맑음,단일로 - 기타,승용,여,60세,상해없음,승용,여,34세,경상
2019111200100045,2019년 11월 12일 01시,화요일,대구광역시 수성구 상동,경상사고,0,0,1,0,차대차 - 측면충돌,안전운전불이행,건조,맑음,교차로 - 교차로부근,이륜,남,30세,경상,승용,남,61세,상해없음
2019111200100046,2019년 11월 12일 01시,화요일,대구광역시 달서구 진천동,경상사고,0,0,1,0,차대차 - 추돌,안전운전불이행,건조,맑음,교차로 - 교차로부근,승용,남,27세,상해없음,승용,여,27세,경상
2019111200100047,2019년 11월 12일 01시,화요일,대구광역시 달성군 다사읍,경상사고,0,0,1,0,차대차 - 추돌,안전운전불이행,건조,맑음,교차로 - 교차로부근,승용,남,22세,상해없음,승용,남,31세,경상
2019111200100062,2019년 11월 12일 04시,화요일,대구광역시 달서구 두류동,중상사고,0,1,0,0,차대차 - 기타,안전운전불이행,건조,맑음,단일로 - 기타,승용,남,65세,상해없음,이륜,남,68세,중상
2019111200100154,2019년 11월 12일 08시,화요일,대구광역시 북구 복현동,중상사고,0,1,0,0,차대차 - 정면충돌,안전운전불이행,건조,맑음,단일로 - 기타,자전거,남,25세,중상,승용,남,64세,상해없음
2019111200100193,2019년 11월 12일 09시,화요일,대구광역시 서구 내당동,중상사고,0,1,1,0,차대차 - 기타,안전운전불이행,건조,맑음,교차로 - 교차로안,승용,여,44세,상해없음,승용,여,61세,중상
2019111200100194,2019년 11월 12일 09시,화요일,대구광역시 서구 평리동,경상사고,0,0,1,0,차대차 - 측면충돌,안전거리미확보,건조,맑음,단일로 - 기타,승용,남,67세,상해없음,승용,여,27세,경상
2019111200100195,2019년 11월 12일 09시,화요일,대구광역시 북구 동변동,중상사고,0,1,1,0,차대차 - 기타,직진우회전진행방해,건조,맑음,교차로 - 교차로안,승용,여,54세,경상,승용,남,51세,상해없음
2019111200100196,2019년 11월 12일 09시,화요일,대구광역시 북구 동호동,경상사고,0,0,2,0,차대차 - 기타,직진우회전진행방해,건조,맑음,교차로 - 교차로안,승용,여,49세,경상,승용,남,57세,경상
2019111200100283,2019년 11월 12일 12시,화요일,대구광역시 동구 신천동,부상신고사고,0,0,0,1,차대사람 - 기타,안전운전불이행,건조,맑음,단일로 - 기타,기타불명,기타불명,미분류,기타불명,보행자,남,31세,부상신고
2019111200100284,2019년 11월 12일 12시,화요일,대구광역시 동구 검사동,중상사고,0,1,0,0,차대차 - 측면충돌,안전운전불이행,건조,맑음,교차로 - 교차로안,승용,여,76세,상해없음,승용,남,33세,중상
2019111200100312,2019년 11월 12일 13시,화요일,대구광역시 동구 신기동,중상사고,0,1,0,0,차대차 - 측면충돌,안전운전불이행,건조,맑음,단일로 - 기타,화물,남,52세,상해없음,자전거,남,74세,중상
2019111200100340,2019년 11월 12일 14시,화요일,대구광역시 남구 대명동,경상사고,0,0,2,0,차대차 - 측면충돌,직진우회전진행방해,건조,맑음,교차로 - 교차로안,승용,남,36세,경상,승용,남,48세,경상
2019111200100341,2019년 11월 12일 14시,화요일,대구광역시 달서구 송현동,경상사고,0,0,1,0,차대차 - 추돌,안전거리미확보,건조,맑음,교차로 - 교차로안,승용,여,54세,상해없음,승용,남,57세,경상
2019111200100342,2019년 11월 12일 14시,화요일,대구광역시 북구 복현동,경상사고,0,0,1,0,차대차 - 기타,안전운전불이행,건조,맑음,교차로 - 교차로부근,승용,남,69세,상해없음,승용,남,29세,경상
2019111200100343,2019년 11월 12일 14시,화요일,대구광역시 서구 내당동,경상사고,0,0,1,0,차대차 - 측면충돌,안전거리미확보,건조,맑음,교차로 - 교차로부근,승용,여,63세,상해없음,승용,남,28세,경상
2019111200100376,2019년 11월 12일 15시,화요일,대구광역시 달서구 월성동,중상사고,0,1,1,0,차대차 - 측면충돌,차로위반,건조,맑음,단일로 - 기타,승용,여,43세,경상,승용,여,30세,중상
2019111200100377,2019년 11월 12일 15시,화요일,대구광역시 달성군 다사읍,경상사고,0,0,2,0,차대차 - 기타,안전운전불이행,건조,맑음,단일로 - 기타,화물,남,36세,상해없음,승용,여,32세,경상
2019111200100378,2019년 11월 12일 15시,화요일,대구광역시 달성군 화원읍,경상사고,0,0,2,0,차대차 - 기타,안전운전불이행,건조,맑음,교차로 - 교차로안,승용,여,55세,상해없음,승용,남,21세,경상
2019111200100379,2019년 11월 12일 15시,화요일,대구광역시 달서구 감삼동,경상사고,0,0,1,0,차대차 - 측면충돌,안전운전불이행,건조,맑음,단일로 - 기타,화물,남,47세,상해없음,승용,남,39세,경상
2019111200100415,2019년 11월 12일 16시,화요일,대구광역시 동구 동호동,경상사고,0,0,1,0,차대차 - 측면충돌,교차로운행방법위반,건조,맑음,교차로 - 교차로안,승합,남,62세,상해없음,이륜,남,25세,경상
2019111200100416,2019년 11월 12일 16시,화요일,대구광역시 달서구 상인동,경상사고,0,0,1,0,차대차 - 후진중충돌,안전운전불이행,건조,맑음,기타 - 기타,승용,남,33세,상해없음,승용,남,33세,경상
2019111200100417,2019년 11월 12일 16시,화요일,대구광역시 북구 노원동3가,부상신고사고,0,0,0,1,차대차 - 추돌,안전운전불이행,건조,맑음,단일로 - 교량,이륜,남,51세,부상신고,화물,남,58세,상해없음
2019111200100464,2019년 11월 12일 17시,화요일,대구광역시 남구 봉덕동,경상사고,0,0,1,0,차대차 - 측면충돌,안전운전불이행,건조,맑음,단일로 - 기타,승용,남,73세,상해없음,승용,남,65세,경상
2019111200100465,2019년 11월 12일 17시,화요일,대구광역시 수성구 두산동,경상사고,0,0,1,0,차대사람 - 차도통행중,안전운전불이행,건조,맑음,단일로 - 기타,승용,남,68세,상해없음,보행자,여,49세,경상
2019111200100466,2019년 11월 12일 17시,화요일,대구광역시 달성군 화원읍,경상사고,0,0,1,0,차대차 - 기타,안전운전불이행,건조,맑음,단일로 - 기타,승용,여,51세,상해없음,자전거,여,72세,경상
2019111200100467,2019년 11월 12일 17시,화요일,대구광역시 북구 조야동,경상사고,0,0,2,0,차대차 - 추돌,안전운전불이행,건조,맑음,단일로 - 기타,승용,여,31세,상해없음,승용,남,54세,경상
2019111200100524,2019년 11월 12일 18시,화요일,대구광역시 수성구 범물동,경상사고,0,0,3,0,차대차 - 기타,신호위반,건조,맑음,교차로 - 교차로안,승용,남,27세,경상,승용,여,51세,경상
2019111200100525,2019년 11월 12일 18시,화요일,대구광역시 달서구 본동,부상신고사고,0,0,0,1,차대사람 - 횡단중,안전운전불이행,건조,맑음,단일로 - 기타,사륜오토바이(ATV),남,17세,부상신고,보행자,기타불명,미분류,기타불명
2019111200100526,2019년 11월 12일 18시,화요일,대구광역시 북구 칠성동2가,부상신고사고,0,0,0,1,차대차 - 기타,안전거리미확보,건조,맑음,단일로 - 기타,이륜,남,36세,상해없음,이륜,남,17세,부상신고
2019111200100527,2019년 11월 12일 18시,화요일,대구광역시 북구 침산동,중상사고,0,1,0,0,차대차 - 추돌,안전거리미확보,건조,맑음,단일로 - 기타,승용,남,39세,상해없음,승용,남,67세,중상
2019111200100565,2019년 11월 12일 19시,화요일,대구광역시 달서구 도원동,경상사고,0,0,1,0,차대사람 - 기타,안전운전불이행,건조,맑음,단일로 - 기타,승용,여,48세,상해없음,보행자,남,6세,경상
2019111200100566,2019년 11월 12일 19시,화요일,대구광역시 북구 칠성동2가,경상사고,0,0,1,0,차대차 - 추돌,안전운전불이행,건조,맑음,교차로 - 교차로안,승용,남,18세,상해없음,승용,여,59세,경상
2019111200100567,2019년 11월 12일 19시,화요일,대구광역시 달서구 죽전동,경상사고,0,0,2,0,차대차 - 측면충돌,안전거리미확보,건조,맑음,단일로 - 기타,승용,여,45세,상해없음,이륜,남,18세,경상
2019111200100568,2019년 11월 12일 19시,화요일,대구광역시 달서구 이곡동,경상사고,0,0,2,0,차대차 - 측면충돌,차로위반,건조,맑음,교차로 - 교차로부근,승용,남,30세,상해없음,이륜,남,20세,경상
2019111200100592,2019년 11월 12일 20시,화요일,대구광역시 달서구 상인동,경상사고,0,0,1,0,차대차 - 추돌,안전운전불이행,건조,맑음,단일로 - 기타,승용,남,66세,상해없음,승용,남,32세,경상
2019111200100593,2019년 11월 12일 20시,화요일,대구광역시 북구 산격동,중상사고,0,1,0,0,차대차 - 정면충돌,신호위반,건조,맑음,교차로 - 교차로부근,승용,여,35세,상해없음,이륜,남,31세,중상
2019111200100622,2019년 11월 12일 21시,화요일,대구광역시 남구 대명동,경상사고,0,0,1,0,차대차 - 측면충돌,안전운전불이행,건조,맑음,단일로 - 기타,승합,남,69세,상해없음,이륜,남,43세,경상
2019111200100623,2019년 11월 12일 21시,화요일,대구광역시 수성구 수성동1가,경상사고,0,0,1,0,차대차 - 추돌,안전운전불이행,건조,맑음,교차로 - 교차로부근,기타불명,기타불명,미분류,기타불명,승용,여,52세,경상
2019111200100624,2019년 11월 12일 21시,화요일,대구광역시 수성구 지산동,경상사고,0,0,1,1,차대차 - 측면충돌,안전운전불이행,건조,맑음,교차로 - 교차로안,이륜,남,18세,부상신고,승용,남,32세,상해없음
2019111200100625,2019년 11월 12일 21시,화요일,대구광역시 달서구 도원동,경상사고,0,0,1,0,차대차 - 측면충돌,신호위반,건조,맑음,교차로 - 교차로횡단보도내,자전거,여,56세,경상,승용,남,25세,상해없음
2019111300100072,2019년 11월 13일 05시,수요일,대구광역시 수성구 만촌동,중상사고,0,1,1,0,차대차 - 측면충돌,신호위반,건조,맑음,교차로 - 교차로안,승용,남,63세,상해없음,승용,남,49세,중상
2019111300100087,2019년 11월 13일 06시,수요일,대구광역시 달성군 옥포읍,경상사고,0,0,1,0,차대차 - 추돌,안전운전불이행,건조,맑음,단일로 - 기타,승용,여,56세,경상,승합,남,47세,상해없음
2019111300100090,2019년 11월 13일 06시,수요일,대구광역시 달서구 송현동,중상사고,0,1,1,0,차대차 - 추돌,안전운전불이행,건조,맑음,단일로 - 기타,승용,남,44세,상해없음,승용,남,59세,중상
2019111300100091,2019년 11월 13일 06시,수요일,대구광역시 달서구 송현동,경상사고,0,0,2,0,차대차 - 추돌,안전운전불이행,서리/결빙,맑음,단일로 - 기타,승용,남,39세,경상,승합,남,56세,상해없음
2019111300100112,2019년 11월 13일 07시,수요일,대구광역시 동구 신서동,부상신고사고,0,0,0,1,차대사람 - 기타,안전운전불이행,건조,맑음,단일로 - 기타,기타불명,기타불명,미분류,기타불명,보행자,남,67세,부상신고
2019111300100113,2019년 11월 13일 07시,수요일,대구광역시 달서구 송현동,경상사고,0,0,1,0,차대차 - 기타,안전운전불이행,건조,맑음,교차로 - 교차로부근,기타불명,기타불명,미분류,기타불명,자전거,남,79세,경상
2019111300100114,2019년 11월 13일 07시,수요일,대구광역시 달서구 도원동,경상사고,0,0,1,0,차량단독 - 기타,안전운전불이행,건조,맑음,단일로 - 기타,승용,남,77세,경상,,,,
2019111300100152,2019년 11월 13일 08시,수요일,대구광역시 달서구 대곡동,경상사고,0,0,1,0,차대차 - 측면충돌,차로위반,건조,맑음,교차로 - 교차로안,승용,남,48세,상해없음,승용,남,45세,경상
2019111300100153,2019년 11월 13일 08시,수요일,대구광역시 서구 비산동,경상사고,0,0,1,0,차대사람 - 기타,안전운전불이행,건조,맑음,교차로 - 교차로안,승용,여,63세,상해없음,보행자,여,27세,경상
2019111300100154,2019년 11월 13일 08시,수요일,대구광역시 달서구 장기동,중상사고,0,1,0,0,차대차 - 기타,안전거리미확보,건조,맑음,단일로 - 기타,승용,남,64세,상해없음,승용,남,67세,중상
2019111300100204,2019년 11월 13일 10시,수요일,대구광역시 중구 대신동,중상사고,0,1,0,0,차대사람 - 차도통행중,안전운전불이행,건조,맑음,단일로 - 기타,승용,여,63세,상해없음,보행자,남,61세,중상
2019111300100205,2019년 11월 13일 10시,수요일,대구광역시 달서구 이곡동,경상사고,0,0,1,1,차대차 - 기타,교차로운행방법위반,건조,맑음,교차로 - 교차로안,승용,남,53세,상해없음,승용,남,46세,경상
2019111300100206,2019년 11월 13일 10시,수요일,대구광역시 북구 학정동,중상사고,0,1,0,0,차량단독 - 기타,안전운전불이행,건조,맑음,교차로 - 교차로부근,승합,남,46세,상해없음,,,,
2019111300100240,2019년 11월 13일 11시,수요일,대구광역시 달성군 가창면,경상사고,0,0,1,0,차대차 - 기타,안전거리미확보,건조,맑음,단일로 - 기타,건설기계,남,65세,상해없음,승용,남,42세,경상
2019111300100241,2019년 11월 13일 11시,수요일,대구광역시 달성군 현풍읍,경상사고,0,0,1,0,차대차 - 기타,직진우회전진행방해,건조,맑음,교차로 - 교차로안,승합,남,35세,상해없음,이륜,남,77세,경상
2019111300100267,2019년 11월 13일 12시,수요일,대구광역시 수성구 수성동2가,중상사고,0,1,0,0,차대사람 - 횡단중,신호위반,건조,맑음,단일로 - 기타,승용,남,70세,상해없음,보행자,남,87세,중상
2019111300100268,2019년 11월 13일 12시,수요일,대구광역시 수성구 수성동1가,경상사고,0,0,1,0,차대차 - 기타,안전운전불이행,건조,맑음,단일로 - 기타,승용,남,46세,상해없음,승합,남,56세,기타불명
2019111300100302,2019년 11월 13일 13시,수요일,대구광역시 동구 불로동,중상사고,0,1,1,0,차대차 - 정면충돌,기타,건조,맑음,교차로 - 교차로안,이륜,남,77세,상해없음,이륜,남,23세,경상
2019111300100303,2019년 11월 13일 13시,수요일,대구광역시 북구 태전동,경상사고,0,0,1,0,차대차 - 기타,기타,건조,맑음,기타 - 기타,승용,남,73세,상해없음,승용,남,55세,상해없음
2019111300100327,2019년 11월 13일 14시,수요일,대구광역시 동구 신서동,경상사고,0,0,3,0,차대차 - 기타,직진우회전진행방해,건조,맑음,교차로 - 교차로안,승용,여,42세,경상,승용,남,26세,경상
2019111300100363,2019년 11월 13일 15시,수요일,대구광역시 남구 대명동,경상사고,0,0,1,2,차대차 - 측면충돌,안전거리미확보,건조,맑음,단일로 - 지하차도(도로)내,승용,여,38세,부상신고,승용,남,57세,경상
2019111300100364,2019년 11월 13일 15시,수요일,대구광역시 달서구 대천동,중상사고,0,1,1,0,차대차 - 측면충돌,교차로운행방법위반,건조,맑음,교차로 - 교차로안,승용,여,66세,중상,승용,남,47세,경상
2019111300100365,2019년 11월 13일 15시,수요일,대구광역시 달서구 상인동,경상사고,0,0,1,0,차대차 - 측면충돌,신호위반,건조,맑음,교차로 - 교차로안,승용,남,56세,상해없음,승용,여,38세,경상
2019111300100405,2019년 11월 13일 16시,수요일,대구광역시 남구 봉덕동,경상사고,0,0,2,0,차대차 - 측면충돌,교차로운행방법위반,건조,맑음,교차로 - 교차로안,승용,남,43세,상해없음,승용,남,19세,경상
2019111300100406,2019년 11월 13일 16시,수요일,대구광역시 달서구 도원동,부상신고사고,0,0,0,1,차량단독 - 공작물충돌,안전운전불이행,건조,맑음,단일로 - 기타,승용,남,62세,부상신고,,,,
2019111300100451,2019년 11월 13일 17시,수요일,대구광역시 중구 남산동,중상사고,0,1,0,0,차대차 - 추돌,안전운전불이행,건조,맑음,단일로 - 기타,승용,남,78세,상해없음,원동기,남,33세,중상
2019111300100452,2019년 11월 13일 17시,수요일,대구광역시 수성구 황금동,경상사고,0,0,2,0,차대차 - 측면충돌,신호위반,건조,맑음,교차로 - 교차로안,승용,남,58세,상해없음,승용,남,59세,경상
2019111300100453,2019년 11월 13일 17시,수요일,대구광역시 달서구 대천동,경상사고,0,0,1,0,차대차 - 측면충돌,안전운전불이행,건조,맑음,교차로 - 교차로안,화물,남,52세,상해없음,승용,남,21세,경상