사고번호,사고일시,요일,시군구,사고내용,사망자수,중상자수,경상자수,부상신고자수,사고유형,법규위반,노면상태,기상상태,도로형태,가해운전자 차종,가해운전자 성별,가해운전자 연령,가해운전자 상해정도,피해운전자 차종,피해운전자 성별,피해운전자 연령,피해운전자 상해정도
2019111300100454,2019년 11월 13일 17시,수요일,대구광역시 달서구 송현동,경상사고,0,0,1,0,차대차 - 측면충돌,안전운전불이행,건조,맑음,교차로 - 교차로안,승용,남,50세,상해없음,승용,남,52세,경상
2019111300100455,2019년 11월 13일 17시,수요일,대구광역시 달서구 월성동,경상사고,0,0,1,0,차대차 - 정면충돌,중앙선침범,건조,맑음,교차로 - 교차로안,승용,여,46세,상해없음,화물,남,31세,경상
2019111300100456,2019년 11월 13일 17시,수요일,대구광역시 북구 노원동2가,중상사고,0,1,0,0,차대차 - 측면충돌,교차로운행방법위반,건조,맑음,교차로 - 교차로안,승용,여,51세,상해없음,자전거,여,58세,중상
2019111300100457,2019년 11월 13일 17시,수요일,대구광역시 달서구 이곡동,중상사고,0,1,3,0,차대차 - 추돌,안전거리미확보,건조,맑음,교차로 - 교차로부근,승용,남,20세,상해없음,승용,남,53세,경상
2019111300100529,2019년 11월 13일 18시,수요일,대구광역시 동구 효목동,중상사고,0,1,1,0,차대차 - 측면충돌,신호위반,건조,맑음,교차로 - 교차로부근,이륜,남,30세,중상,승용,남,71세,경상
2019111300100530,2019년 11월 13일 18시,수요일,대구광역시 수성구 이천동,경상사고,0,0,1,0,차대차 - 추돌,안전거리미확보,건조,맑음,단일로 - 기타,승용,여,59세,상해없음,승용,여,29세,경상
2019111300100531,2019년 11월 13일 18시,수요일,대구광역시 북구 산격동,중상사고,0,1,0,0,차대차 - 추돌,안전운전불이행,건조,맑음,단일로 - 기타,이륜,남,35세,중상,승용,남,52세,상해없음
2019111300100532,2019년 11월 13일 18시,수요일,대구광역시 달서구 이곡동,경상사고,0,0,2,1,차대차 - 측면충돌,안전거리미확보,건조,맑음,교차로 - 교차로부근,승용,남,29세,부상신고,승용,남,64세,경상
2019111300100601,2019년 11월 13일 19시,수요일,대구광역시 수성구 만촌동,중상사고,0,1,0,0,차대차 - 추돌,안전거리미확보,건조,맑음,단일로 - 기타,승용,남,27세,상해없음,승용,남,52세,중상
2019111300100602,2019년 11월 13일 19시,수요일,대구광역시 수성구 사월동,중상사고,0,1,1,0,차대차 - 측면충돌,교차로운행방법위반,건조,맑음,단일로 - 기타,승용,여,28세,경상,승용,여,51세,중상
2019111300100603,2019년 11월 13일 19시,수요일,대구광역시 달서구 상인동,경상사고,0,0,1,0,차대차 - 추돌,안전운전불이행,건조,맑음,단일로 - 기타,승용,남,49세,상해없음,자전거,남,11세,경상
2019111300100604,2019년 11월 13일 19시,수요일,대구광역시 달서구 대천동,중상사고,0,1,0,1,차대차 - 측면충돌,안전운전불이행,건조,맑음,교차로 - 교차로부근,승용,남,39세,부상신고,화물,남,59세,중상
2019111300100605,2019년 11월 13일 19시,수요일,대구광역시 북구 복현동,중상사고,0,1,0,0,차대사람 - 횡단중,보행자보호의무위반,건조,맑음,교차로 - 교차로횡단보도내,승용,여,50세,상해없음,보행자,남,56세,중상
2019111300100606,2019년 11월 13일 19시,수요일,대구광역시 중구 삼덕동3가,경상사고,0,0,2,0,차대차 - 측면충돌,안전거리미확보,건조,맑음,단일로 - 기타,승용,남,65세,상해없음,승용,남,28세,경상
2019111300100607,2019년 11월 13일 19시,수요일,대구광역시 북구 구암동,중상사고,0,1,0,1,차대차 - 측면충돌,교차로운행방법위반,건조,맑음,교차로 - 교차로안,승용,여,39세,부상신고,승용,여,34세,중상
2019111300100657,2019년 11월 13일 20시,수요일,대구광역시 수성구 만촌동,경상사고,0,0,2,0,차대차 - 측면충돌,안전거리미확보,건조,맑음,교차로 - 교차로안,이륜,남,61세,경상,승용,남,52세,경상
2019111300100658,2019년 11월 13일 20시,수요일,대구광역시 달서구 월성동,중상사고,0,1,0,0,차대사람 - 횡단중,안전운전불이행,젖음/습기,비,단일로 - 기타,승용,남,82세,상해없음,보행자,여,77세,중상
2019111300100659,2019년 11월 13일 20시,수요일,대구광역시 달서구 송현동,부상신고사고,0,0,0,1,차대차 - 측면충돌,직진우회전진행방해,건조,맑음,교차로 - 교차로안,자전거,남,12세,부상신고,승용,남,27세,상해없음
2019111300100686,2019년 11월 13일 21시,수요일,대구광역시 달서구 대곡동,경상사고,0,0,1,0,차대차 - 기타,안전운전불이행,건조,맑음,교차로 - 교차로부근,기타불명,기타불명,미분류,기타불명,자전거,여,62세,경상
2019111300100687,2019년 11월 13일 21시,수요일,대구광역시 달서구 본동,경상사고,0,0,1,0,차대차 - 측면충돌,차로위반,건조,맑음,단일로 - 기타,승용,남,58세,상해없음,사륜오토바이(ATV),남,40세,경상
2019111300100712,2019년 11월 13일 22시,수요일,대구광역시 북구 노원동2가,중상사고,0,1,0,0,차대차 - 측면충돌,안전운전불이행,건조,맑음,단일로 - 기타,승용,여,60세,상해없음,자전거,남,49세,중상
2019111400100038,2019년 11월 14일 00시,목요일,대구광역시 달서구 송현동,경상사고,0,0,2,0,차대차 - 추돌,안전거리미확보,건조,맑음,단일로 - 기타,승용,남,24세,상해없음,승용,남,48세,경상
2019111400100056,2019년 11월 14일 03시,목요일,대구광역시 중구 삼덕동1가,중상사고,0,1,0,2,차대차 - 측면충돌,차로위반,건조,맑음,단일로 - 기타,승용,남,27세,상해없음,승용,남,30세,상해없음
2019111400100104,2019년 11월 14일 07시,목요일,대구광역시 수성구 연호동,중상사고,0,1,1,0,차대차 - 추돌,안전운전불이행,건조,맑음,교차로 - 교차로부근,승용,남,27세,상해없음,승용,여,48세,경상
2019111400100105,2019년 11월 14일 07시,목요일,대구광역시 북구 산격동,경상사고,0,0,1,0,차대차 - 측면충돌,안전거리미확보,건조,맑음,단일로 - 기타,승용,남,63세,상해없음,승용,여,55세,경상
2019111400100155,2019년 11월 14일 08시,목요일,대구광역시 동구 신천동,경상사고,0,0,1,0,차대차 - 기타,안전운전불이행,건조,맑음,단일로 - 기타,승용,여,57세,상해없음,원동기,남,26세,경상
2019111400100156,2019년 11월 14일 08시,목요일,대구광역시 수성구 사월동,경상사고,0,0,2,0,차대차 - 추돌,안전운전불이행,건조,맑음,단일로 - 기타,승용,남,25세,상해없음,승용,여,41세,경상
2019111400100157,2019년 11월 14일 08시,목요일,대구광역시 수성구 노변동,경상사고,0,0,3,0,차대차 - 측면충돌,안전운전불이행,건조,맑음,단일로 - 기타,화물,남,19세,경상,화물,남,42세,경상
2019111400100158,2019년 11월 14일 08시,목요일,대구광역시 달서구 상인동,경상사고,0,0,1,0,차대차 - 기타,안전운전불이행,건조,맑음,기타 - 기타,승용,남,53세,상해없음,자전거,남,37세,경상
2019111400100159,2019년 11월 14일 08시,목요일,대구광역시 북구 칠성동2가,부상신고사고,0,0,0,1,차대차 - 기타,안전운전불이행,건조,맑음,교차로 - 교차로안,이륜,여,53세,부상신고,승용,남,27세,상해없음
2019111400100160,2019년 11월 14일 08시,목요일,대구광역시 중구 남산동,경상사고,0,0,1,0,차대차 - 측면충돌,안전운전불이행,건조,맑음,교차로 - 교차로횡단보도내,자전거,남,70세,경상,승용,여,48세,상해없음
2019111400100207,2019년 11월 14일 09시,목요일,대구광역시 동구 신암동,경상사고,0,0,1,1,차대차 - 기타,직진우회전진행방해,건조,맑음,교차로 - 교차로안,화물,남,50세,부상신고,승용,여,55세,경상
2019111400100208,2019년 11월 14일 09시,목요일,대구광역시 수성구 두산동,중상사고,0,1,0,0,차대사람 - 기타,안전운전불이행,건조,맑음,교차로 - 교차로횡단보도내,승용,여,43세,상해없음,보행자,남,63세,중상
2019111400100209,2019년 11월 14일 09시,목요일,대구광역시 중구 동인동2가,중상사고,0,1,0,0,차대차 - 측면충돌,안전운전불이행,건조,맑음,교차로 - 교차로부근,승용,남,75세,상해없음,이륜,남,53세,중상
2019111400100247,2019년 11월 14일 10시,목요일,대구광역시 동구 신암동,경상사고,0,0,5,0,차대차 - 측면충돌,안전운전불이행,건조,맑음,단일로 - 기타,승용,남,38세,경상,승용,여,39세,경상
2019111400100248,2019년 11월 14일 10시,목요일,대구광역시 수성구 황금동,중상사고,0,1,0,0,차대차 - 측면충돌,안전운전불이행,건조,맑음,교차로 - 교차로횡단보도내,승용,여,49세,상해없음,자전거,여,64세,중상
2019111400100249,2019년 11월 14일 10시,목요일,대구광역시 달성군 화원읍,경상사고,0,0,1,0,차대차 - 측면충돌,안전운전불이행,건조,맑음,단일로 - 기타,화물,남,73세,상해없음,승합,여,31세,경상
2019111400100250,2019년 11월 14일 10시,목요일,대구광역시 북구 대현동,경상사고,0,0,1,0,차대차 - 기타,신호위반,건조,맑음,단일로 - 기타,승용,남,59세,상해없음,승용,여,29세,경상
2019111400100288,2019년 11월 14일 11시,목요일,대구광역시 수성구 만촌동,경상사고,0,0,1,0,차대차 - 측면충돌,안전운전불이행,건조,맑음,기타 - 기타,승용,남,25세,상해없음,자전거,남,68세,경상
2019111400100289,2019년 11월 14일 11시,목요일,대구광역시 수성구 범물동,경상사고,0,0,1,0,차대차 - 추돌,안전운전불이행,건조,맑음,단일로 - 기타,승용,여,40세,상해없음,승합,남,40세,경상
2019111400100290,2019년 11월 14일 11시,목요일,대구광역시 중구 서문로2가,경상사고,0,0,2,0,차대차 - 추돌,안전운전불이행,건조,맑음,교차로 - 교차로안,승용,남,23세,상해없음,승용,남,70세,경상
2019111400100324,2019년 11월 14일 12시,목요일,대구광역시 수성구 황금동,경상사고,0,0,1,0,차대차 - 측면충돌,안전운전불이행,건조,맑음,교차로 - 교차로부근,승용,남,76세,상해없음,승용,남,31세,경상
2019111400100325,2019년 11월 14일 12시,목요일,대구광역시 북구 노원동3가,경상사고,0,0,1,0,차대차 - 추돌,안전거리미확보,건조,맑음,단일로 - 기타,화물,남,27세,상해없음,화물,남,60세,경상
2019111400100368,2019년 11월 14일 13시,목요일,대구광역시 북구 산격동,중상사고,0,1,0,0,차대차 - 측면충돌,안전운전불이행,건조,맑음,교차로 - 교차로안,승합,남,46세,상해없음,승용,여,47세,중상
2019111400100412,2019년 11월 14일 14시,목요일,대구광역시 동구 율하동,중상사고,0,1,1,0,차대차 - 측면충돌,신호위반,건조,맑음,교차로 - 교차로안,이륜,남,21세,중상,승용,여,27세,경상
2019111400100413,2019년 11월 14일 14시,목요일,대구광역시 동구 율하동,경상사고,0,0,1,0,차대사람 - 횡단중,보행자보호의무위반,건조,맑음,교차로 - 교차로횡단보도내,이륜,남,40세,상해없음,보행자,여,11세,경상
2019111400100414,2019년 11월 14일 14시,목요일,대구광역시 북구 침산동,경상사고,0,0,1,0,차대차 - 측면충돌,안전거리미확보,건조,맑음,단일로 - 기타,원동기,남,61세,경상,승용,남,28세,상해없음
2019111400100415,2019년 11월 14일 14시,목요일,대구광역시 중구 대신동,경상사고,0,0,1,0,차대사람 - 차도통행중,안전운전불이행,건조,맑음,단일로 - 기타,기타불명,기타불명,미분류,기타불명,보행자,여,34세,경상
2019111400100446,2019년 11월 14일 15시,목요일,대구광역시 수성구 두산동,부상신고사고,0,0,0,1,차량단독 - 공작물충돌,안전운전불이행,건조,맑음,기타 - 기타,승용,남,57세,부상신고,,,,
2019111400100447,2019년 11월 14일 15시,목요일,대구광역시 달서구 월성동,중상사고,0,1,0,0,차대차 - 측면충돌,신호위반,건조,맑음,교차로 - 교차로안,승용,남,76세,상해없음,승용,여,68세,중상
2019111400100495,2019년 11월 14일 16시,목요일,대구광역시 남구 봉덕동,경상사고,0,0,1,0,차대차 - 측면충돌,안전운전불이행,건조,맑음,교차로 - 교차로부근,승용,남,66세,상해없음,승용,여,57세,경상
2019111400100496,2019년 11월 14일 16시,목요일,대구광역시 달서구 장동,중상사고,0,1,0,0,차대사람 - 횡단중,안전운전불이행,건조,맑음,단일로 - 기타,화물,남,42세,상해없음,보행자,남,65세,중상
2019111400100497,2019년 11월 14일 16시,목요일,대구광역시 달서구 송현동,경상사고,0,0,1,0,차대차 - 후진중충돌,안전운전불이행,건조,맑음,단일로 - 기타,화물,남,44세,상해없음,이륜,남,23세,경상
2019111400100498,2019년 11월 14일 16시,목요일,대구광역시 달서구 진천동,경상사고,0,0,2,0,차대차 - 측면충돌,안전거리미확보,건조,맑음,단일로 - 기타,승용,여,45세,상해없음,승용,여,42세,경상
2019111400100499,2019년 11월 14일 16시,목요일,대구광역시 북구 산격동,경상사고,0,0,1,0,차대사람 - 기타,안전운전불이행,건조,맑음,단일로 - 기타,승합,남,40세,상해없음,보행자,남,59세,경상
2019111400100500,2019년 11월 14일 16시,목요일,대구광역시 서구 평리동,경상사고,0,0,1,0,차대차 - 추돌,안전거리미확보,건조,맑음,교차로 - 교차로부근,화물,남,25세,상해없음,승용,여,39세,경상
2019111400100501,2019년 11월 14일 16시,목요일,대구광역시 서구 내당동,경상사고,0,0,3,0,차대차 - 측면충돌,신호위반,건조,맑음,교차로 - 교차로안,승합,남,61세,상해없음,화물,남,70세,경상
2019111400100561,2019년 11월 14일 17시,목요일,대구광역시 수성구 범어동,중상사고,0,1,0,0,차대차 - 측면충돌,안전거리미확보,건조,맑음,단일로 - 기타,승용,남,59세,상해없음,이륜,남,25세,중상
2019111400100562,2019년 11월 14일 17시,목요일,대구광역시 동구 효목동,경상사고,0,0,1,1,차대차 - 측면충돌,안전거리미확보,건조,맑음,단일로 - 기타,승용,여,39세,부상신고,승용,남,38세,상해없음
2019111400100563,2019년 11월 14일 17시,목요일,대구광역시 수성구 만촌동,경상사고,0,0,3,0,차대차 - 기타,안전운전불이행,건조,맑음,교차로 - 교차로부근,승용,남,53세,상해없음,승용,남,28세,경상
2019111400100564,2019년 11월 14일 17시,목요일,대구광역시 달서구 대천동,중상사고,0,1,0,0,차대사람 - 차도통행중,안전운전불이행,건조,맑음,교차로 - 교차로안,화물,남,54세,상해없음,보행자,남,57세,중상
2019111400100565,2019년 11월 14일 17시,목요일,대구광역시 서구 원대동1가,중상사고,0,1,0,0,차대차 - 측면충돌,신호위반,건조,맑음,교차로 - 교차로부근,이륜,남,43세,중상,승용,남,50세,상해없음
2019111400100628,2019년 11월 14일 18시,목요일,대구광역시 북구 구암동,경상사고,0,0,1,1,차대차 - 기타,안전운전불이행,건조,맑음,단일로 - 기타,이륜,남,21세,부상신고,승용,여,50세,경상
2019111400100677,2019년 11월 14일 19시,목요일,대구광역시 동구 신암동,경상사고,0,0,2,0,차대사람 - 기타,안전운전불이행,건조,맑음,교차로 - 교차로안,이륜,남,60세,상해없음,보행자,남,58세,경상
2019111400100678,2019년 11월 14일 19시,목요일,대구광역시 수성구 범어동,부상신고사고,0,0,0,2,차량단독 - 기타,안전운전불이행,건조,맑음,단일로 - 기타,승용,남,66세,상해없음,,,,
2019111400100679,2019년 11월 14일 19시,목요일,대구광역시 달서구 상인동,경상사고,0,0,1,1,차대차 - 측면충돌,직진우회전진행방해,건조,맑음,교차로 - 교차로안,승용,여,57세,부상신고,승용,여,65세,경상
2019111400100680,2019년 11월 14일 19시,목요일,대구광역시 달서구 감삼동,경상사고,0,0,3,0,차대차 - 측면충돌,교차로운행방법위반,건조,맑음,교차로 - 교차로안,승용,여,57세,상해없음,승용,남,20세,경상
2019111400100719,2019년 11월 14일 20시,목요일,대구광역시 동구 율하동,중상사고,0,1,0,0,차대차 - 측면충돌,신호위반,건조,맑음,교차로 - 교차로횡단보도내,승용,남,20세,상해없음,이륜,남,32세,중상
2019111400100741,2019년 11월 14일 21시,목요일,대구광역시 달성군 논공읍,사망사고,1,0,0,0,차대사람 - 기타,안전운전불이행,건조,맑음,단일로 - 기타,화물,남,60세,상해없음,보행자,남,54세,사망
2019111400100789,2019년 11월 14일 23시,목요일,대구광역시 달서구 상인동,부상신고사고,0,0,0,1,차대사람 - 차도통행중,안전운전불이행,건조,맑음,단일로 - 기타,승용,남,23세,상해없음,보행자,여,21세,부상신고
2019111400100790,2019년 11월 14일 23시,목요일,대구광역시 북구 구암동,부상신고사고,0,0,0,1,차대차 - 측면충돌,교차로운행방법위반,건조,맑음,교차로 - 교차로안,승용,남,48세,상해없음,원동기,남,19세,부상신고
2019111500100038,2019년 11월 15일 00시,금요일,대구광역시 동구 신암동,경상사고,0,0,3,0,차대차 - 측면충돌,안전운전불이행,건조,맑음,기타 - 기타,승용,남,56세,상해없음,승용,여,32세,경상
2019111500100064,2019년 11월 15일 04시,금요일,대구광역시 중구 삼덕동1가,경상사고,0,0,1,0,차대차 - 측면충돌,안전운전불이행,건조,맑음,교차로 - 교차로부근,승용,남,21세,상해없음,이륜,남,25세,경상
2019111500100072,2019년 11월 15일 05시,금요일,대구광역시 남구 이천동,부상신고사고,0,0,0,1,차대차 - 추돌,안전운전불이행,건조,맑음,단일로 - 기타,기타불명,기타불명,미분류,기타불명,승용,남,65세,부상신고
2019111500100174,2019년 11월 15일 08시,금요일,대구광역시 달서구 송현동,경상사고,0,0,1,0,차대차 - 측면충돌,안전거리미확보,건조,맑음,교차로 - 교차로횡단보도내,화물,남,69세,상해없음,승용,남,45세,경상
2019111500100175,2019년 11월 15일 08시,금요일,대구광역시 서구 평리동,경상사고,0,0,1,0,차대차 - 추돌,안전운전불이행,건조,맑음,단일로 - 기타,승용,남,32세,상해없음,승용,여,35세,경상
2019111500100176,2019년 11월 15일 08시,금요일,대구광역시 북구 읍내동,중상사고,0,1,0,0,차대차 - 기타,안전운전불이행,건조,맑음,단일로 - 기타,화물,남,54세,상해없음,기타불명,여,85세,중상
2019111500100228,2019년 11월 15일 09시,금요일,대구광역시 수성구 범어동,경상사고,0,0,1,0,차대사람 - 기타,안전운전불이행,건조,맑음,단일로 - 기타,화물,남,28세,상해없음,보행자,여,42세,경상
2019111500100229,2019년 11월 15일 09시,금요일,대구광역시 서구 평리동,경상사고,0,0,1,0,차대차 - 측면충돌,안전거리미확보,건조,맑음,교차로 - 교차로안,화물,남,58세,상해없음,승용,여,44세,경상
2019111500100273,2019년 11월 15일 10시,금요일,대구광역시 달서구 신당동,경상사고,0,0,2,0,차대차 - 기타,안전거리미확보,건조,맑음,단일로 - 기타,승용,남,61세,상해없음,승합,남,56세,상해없음
2019111500100321,2019년 11월 15일 11시,금요일,대구광역시 남구 대명동,경상사고,0,0,2,0,차대차 - 측면충돌,안전거리미확보,건조,맑음,단일로 - 기타,화물,남,75세,상해없음,화물,남,38세,경상
2019111500100322,2019년 11월 15일 11시,금요일,대구광역시 달서구 대곡동,경상사고,0,0,2,0,차대차 - 측면충돌,교차로운행방법위반,건조,맑음,교차로 - 교차로안,승용,남,76세,상해없음,화물,남,73세,경상
2019111500100369,2019년 11월 15일 12시,금요일,대구광역시 수성구 수성동2가,경상사고,0,0,1,0,차대차 - 기타,안전운전불이행,건조,맑음,기타 - 기타,이륜,남,55세,경상,승용,남,30세,상해없음
2019111500100370,2019년 11월 15일 12시,금요일,대구광역시 달서구 월성동,중상사고,0,1,0,0,차대사람 - 기타,안전운전불이행,건조,맑음,교차로 - 교차로부근,화물,남,45세,상해없음,보행자,여,41세,중상
2019111500100371,2019년 11월 15일 12시,금요일,대구광역시 달서구 두류동,경상사고,0,0,2,0,차대차 - 측면충돌,불법유턴,건조,맑음,교차로 - 교차로부근,이륜,남,26세,기타불명,승용,남,44세,경상
2019111500100372,2019년 11월 15일 12시,금요일,대구광역시 달서구 신당동,경상사고,0,0,1,0,차대차 - 추돌,안전운전불이행,건조,맑음,교차로 - 교차로안,승용,남,71세,상해없음,승용,여,40세,경상
2019111500100410,2019년 11월 15일 13시,금요일,대구광역시 수성구 신매동,경상사고,0,0,1,3,차량단독 - 기타,안전운전불이행,건조,맑음,단일로 - 기타,승합,남,54세,상해없음,,,,
2019111500100452,2019년 11월 15일 14시,금요일,대구광역시 남구 대명동,중상사고,0,1,0,0,차대사람 - 횡단중,안전운전불이행,건조,맑음,단일로 - 기타,승용,남,53세,상해없음,보행자,여,70세,중상
2019111500100453,2019년 11월 15일 14시,금요일,대구광역시 달성군 화원읍,중상사고,0,1,0,0,차대차 - 기타,기타,건조,맑음,교차로 - 교차로안,승용,여,27세,상해없음,자전거,남,12세,중상
2019111500100454,2019년 11월 15일 14시,금요일,대구광역시 중구 대봉동,중상사고,0,1,0,0,차대사람 - 차도통행중,안전운전불이행,건조,맑음,단일로 - 기타,승용,남,76세,상해없음,보행자,남,25세,중상
2019111500100495,2019년 11월 15일 15시,금요일,대구광역시 달성군 옥포읍,경상사고,0,0,1,0,차대차 - 기타,안전운전불이행,건조,맑음,단일로 - 기타,승용,여,65세,상해없음,승용,여,40세,경상
2019111500100496,2019년 11월 15일 15시,금요일,대구광역시 달서구 두류동,경상사고,0,0,1,0,차대차 - 추돌,안전운전불이행,건조,맑음,기타 - 기타,승용,남,35세,상해없음,승용,남,70세,상해없음
2019111500100535,2019년 11월 15일 16시,금요일,대구광역시 수성구 시지동,경상사고,0,0,1,0,차대차 - 추돌,불법유턴,건조,맑음,단일로 - 기타,승용,남,59세,상해없음,승용,여,43세,경상
2019111500100536,2019년 11월 15일 16시,금요일,대구광역시 달성군 화원읍,경상사고,0,0,1,0,차대차 - 기타,교차로운행방법위반,건조,맑음,교차로 - 교차로부근,승용,남,72세,기타불명,승합,남,50세,경상
2019111500100537,2019년 11월 15일 16시,금요일,대구광역시 북구 복현동,중상사고,0,1,0,0,차대사람 - 기타,안전운전불이행,건조,맑음,기타 - 기타,승용,여,64세,상해없음,보행자,여,77세,중상
2019111500100604,2019년 11월 15일 17시,금요일,대구광역시 달서구 본동,경상사고,0,0,2,0,차대차 - 후진중충돌,안전운전불이행,건조,맑음,단일로 - 기타,승용,남,73세,상해없음,승용,여,33세,경상
2019111500100680,2019년 11월 15일 18시,금요일,대구광역시 동구 각산동,경상사고,0,0,9,0,차대차 - 기타,안전운전불이행,건조,맑음,단일로 - 기타,승용,여,41세,상해없음,승용,여,59세,경상
2019111500100681,2019년 11월 15일 18시,금요일,대구광역시 동구 지저동,경상사고,0,0,1,0,차대차 - 측면충돌,안전거리미확보,건조,맑음,교차로 - 교차로안,승합,남,47세,상해없음,승용,남,28세,상해없음
2019111500100682,2019년 11월 15일 18시,금요일,대구광역시 수성구 범어동,중상사고,0,1,0,0,차대차 - 측면충돌,안전운전불이행,건조,맑음,단일로 - 기타,승용,남,72세,상해없음,이륜,남,34세,중상
2019111500100683,2019년 11월 15일 18시,금요일,대구광역시 수성구 만촌동,경상사고,0,0,1,0,차대차 - 측면충돌,안전거리미확보,건조,맑음,교차로 - 교차로부근,승용,여,45세,기타불명,승용,여,44세,경상
2019111500100684,2019년 11월 15일 18시,금요일,대구광역시 달서구 상인동,경상사고,0,0,1,0,차대차 - 측면충돌,안전운전불이행,건조,맑음,단일로 - 기타,승용,여,48세,상해없음,원동기,남,39세,경상
2019111500100685,2019년 11월 15일 18시,금요일,대구광역시 달서구 도원동,경상사고,0,0,1,0,차대차 - 측면충돌,안전거리미확보,건조,맑음,단일로 - 기타,승용,남,55세,상해없음,승용,남,68세,경상
2019111500100686,2019년 11월 15일 18시,금요일,대구광역시 북구 복현동,경상사고,0,0,1,0,차대차 - 측면충돌,안전거리미확보,건조,맑음,단일로 - 기타,승용,여,52세,상해없음,승용,남,54세,경상
2019111500100687,2019년 11월 15일 18시,금요일,대구광역시 북구 침산동,경상사고,0,0,1,0,차대차 - 측면충돌,안전운전불이행,건조,맑음,단일로 - 기타,승합,남,39세,기타불명,화물,남,53세,경상
2019111500100688,2019년 11월 15일 18시,금요일,대구광역시 북구 칠성동2가,경상사고,0,0,1,0,차대차 - 기타,안전거리미확보,건조,맑음,교차로 - 교차로부근,화물,남,67세,상해없음,승용,남,54세,경상
2019111500100689,2019년 11월 15일 18시,금요일,대구광역시 서구 비산동,경상사고,0,0,1,0,차대차 - 측면충돌,불법유턴,건조,맑음,교차로 - 교차로부근,승용,남,55세,상해없음,이륜,남,20세,경상
2019111500100690,2019년 11월 15일 18시,금요일,대구광역시 달서구 두류동,경상사고,0,0,1,0,차대차 - 기타,안전운전불이행,건조,맑음,단일로 - 기타,승용,여,33세,상해없음,승용,남,56세,경상
2019111500100691,2019년 11월 15일 18시,금요일,대구광역시 달서구 죽전동,중상사고,0,1,1,0,차대차 - 추돌,안전운전불이행,건조,맑음,기타 - 기타,승합,남,28세,상해없음,승용,여,24세,중상
2019111500100692,2019년 11월 15일 18시,금요일,대구광역시 북구 태전동,경상사고,0,0,1,0,차대차 - 기타,안전거리미확보,건조,맑음,단일로 - 기타,승용,남,49세,상해없음,이륜,남,19세,경상
2019111500100760,2019년 11월 15일 19시,금요일,대구광역시 북구 서변동,중상사고,0,1,2,0,차대차 - 측면충돌,안전운전불이행,건조,맑음,단일로 - 기타,건설기계,남,62세,상해없음,화물,남,64세,경상
2019111500100817,2019년 11월 15일 20시,금요일,대구광역시 수성구 수성동2가,경상사고,0,0,2,0,차대차 - 측면충돌,안전운전불이행,건조,맑음,교차로 - 교차로부근,승용,남,78세,상해없음,승용,남,26세,경상
2019111500100818,2019년 11월 15일 20시,금요일,대구광역시 북구 산격동,경상사고,0,0,2,0,차대차 - 측면충돌,안전거리미확보,건조,맑음,단일로 - 기타,승용,남,24세,상해없음,승용,남,48세,경상
2019111500100860,2019년 11월 15일 21시,금요일,대구광역시 수성구 수성동3가,경상사고,0,0,2,0,차대차 - 측면충돌,안전거리미확보,건조,맑음,단일로 - 기타,승용,남,60세,상해없음,승용,남,21세,경상
2019111500100861,2019년 11월 15일 21시,금요일,대구광역시 달서구 월성동,중상사고,0,1,2,0,차대차 - 측면충돌,차로위반,건조,맑음,단일로 - 기타,승용,남,29세,경상,이륜,남,25세,중상
2019111500100862,2019년 11월 15일 21시,금요일,대구광역시 서구 평리동,경상사고,0,0,1,1,차대차 - 추돌,안전운전불이행,건조,맑음,단일로 - 기타,승용,남,25세,상해없음,승용,남,36세,경상
2019111500100863,2019년 11월 15일 21시,금요일,대구광역시 중구 동인동1가,중상사고,0,1,0,0,차대사람 - 횡단중,안전운전불이행,건조,맑음,교차로 - 교차로안,이륜,남,30세,상해없음,보행자,남,34세,중상
2019111500100864,2019년 11월 15일 21시,금요일,대구광역시 달서구 감삼동,경상사고,0,0,2,0,차대차 - 측면충돌,안전거리미확보,건조,맑음,단일로 - 기타,승용,여,52세,상해없음,이륜,남,18세,경상
2019111500100894,2019년 11월 15일 22시,금요일,대구광역시 북구 검단동,경상사고,0,0,1,0,차대차 - 추돌,안전운전불이행,건조,맑음,단일로 - 기타,승용,남,35세,상해없음,승용,남,37세,경상
2019111500100898,2019년 11월 15일 22시,금요일,대구광역시 동구 용계동,경상사고,0,0,2,0,차대차 - 측면충돌,신호위반,건조,맑음,교차로 - 교차로안,승용,여,51세,상해없음,승용,남,53세,경상
2019111500100899,2019년 11월 15일 22시,금요일,대구광역시 수성구 황금동,경상사고,0,0,1,0,차대차 - 추돌,안전운전불이행,건조,맑음,단일로 - 기타,이륜,남,26세,경상,승용,남,43세,상해없음
2019111500100900,2019년 11월 15일 22시,금요일,대구광역시 수성구 지산동,중상사고,0,1,0,0,차대사람 - 횡단중,안전운전불이행,건조,맑음,단일로 - 기타,승용,여,26세,상해없음,보행자,남,64세,중상
2019111600100043,2019년 11월 16일 01시,토요일,대구광역시 수성구 시지동,중상사고,0,1,0,0,차대사람 - 기타,안전운전불이행,건조,맑음,단일로 - 기타,승용,여,51세,상해없음,보행자,여,20세,중상