사고번호,사고일시,요일,시군구,사고내용,사망자수,중상자수,경상자수,부상신고자수,사고유형,법규위반,노면상태,기상상태,도로형태,가해운전자 차종,가해운전자 성별,가해운전자 연령,가해운전자 상해정도,피해운전자 차종,피해운전자 성별,피해운전자 연령,피해운전자 상해정도
2019111600100044,2019년 11월 16일 01시,토요일,대구광역시 달성군 옥포읍,경상사고,0,0,1,0,차대사람 - 횡단중,안전운전불이행,건조,맑음,교차로 - 교차로안,승합,남,66세,상해없음,보행자,남,28세,경상
2019111600100045,2019년 11월 16일 01시,토요일,대구광역시 서구 내당동,경상사고,0,0,1,0,차량단독 - 기타,안전운전불이행,건조,맑음,단일로 - 기타,승용,남,60세,상해없음,,,,
2019111600100066,2019년 11월 16일 02시,토요일,대구광역시 달서구 월암동,중상사고,0,1,3,0,차대차 - 측면충돌,신호위반,건조,맑음,교차로 - 교차로안,승용,남,60세,중상,승용,남,27세,경상
2019111600100067,2019년 11월 16일 02시,토요일,대구광역시 서구 내당동,경상사고,0,0,3,0,차대차 - 추돌,안전운전불이행,건조,맑음,단일로 - 기타,이륜,남,17세,기타불명,승용,남,26세,경상
2019111600100108,2019년 11월 16일 06시,토요일,대구광역시 수성구 범물동,경상사고,0,0,1,0,차대차 - 측면충돌,직진우회전진행방해,건조,맑음,교차로 - 교차로안,승용,남,59세,기타불명,승용,남,29세,경상
2019111600100109,2019년 11월 16일 06시,토요일,대구광역시 달서구 진천동,경상사고,0,0,1,0,차대차 - 추돌,안전운전불이행,건조,맑음,단일로 - 기타,승용,남,35세,상해없음,화물,남,54세,상해없음
2019111600100110,2019년 11월 16일 06시,토요일,대구광역시 달성군 구지면,중상사고,0,1,0,0,차대사람 - 기타,기타,건조,맑음,기타 - 기타,승합,남,51세,상해없음,보행자,여,67세,중상
2019111600100111,2019년 11월 16일 06시,토요일,대구광역시 달성군 화원읍,경상사고,0,0,1,0,차대차 - 측면충돌,안전운전불이행,건조,맑음,단일로 - 기타,승용,여,53세,상해없음,승용,여,59세,경상
2019111600100137,2019년 11월 16일 07시,토요일,대구광역시 달서구 장동,경상사고,0,0,1,0,차대차 - 기타,안전운전불이행,건조,맑음,단일로 - 기타,기타불명,기타불명,미분류,기타불명,화물,남,45세,경상
2019111600100160,2019년 11월 16일 08시,토요일,대구광역시 남구 이천동,중상사고,0,1,0,0,차대사람 - 차도통행중,안전운전불이행,건조,맑음,단일로 - 기타,승용,여,61세,상해없음,보행자,남,77세,중상
2019111600100186,2019년 11월 16일 09시,토요일,대구광역시 남구 대명동,중상사고,0,1,1,1,차대차 - 측면충돌,직진우회전진행방해,건조,맑음,교차로 - 교차로안,승용,남,59세,부상신고,승용,남,76세,중상
2019111600100212,2019년 11월 16일 10시,토요일,대구광역시 동구 신기동,경상사고,0,0,1,0,차대차 - 기타,안전거리미확보,건조,맑음,교차로 - 교차로부근,화물,남,48세,상해없음,승합,남,53세,상해없음
2019111600100213,2019년 11월 16일 10시,토요일,대구광역시 수성구 시지동,경상사고,0,0,5,0,차대차 - 측면충돌,안전거리미확보,건조,맑음,단일로 - 기타,승용,남,38세,상해없음,승용,남,37세,경상
2019111600100214,2019년 11월 16일 10시,토요일,대구광역시 달서구 상인동,경상사고,0,0,1,0,차대사람 - 길가장자리구역통행중,안전운전불이행,건조,맑음,단일로 - 기타,기타불명,기타불명,미분류,기타불명,보행자,여,83세,경상
2019111600100259,2019년 11월 16일 11시,토요일,대구광역시 남구 대명동,경상사고,0,0,1,0,차대차 - 추돌,안전운전불이행,건조,맑음,단일로 - 기타,승용,남,55세,기타불명,승용,남,43세,경상
2019111600100260,2019년 11월 16일 11시,토요일,대구광역시 동구 방촌동,경상사고,0,0,1,0,차대차 - 측면충돌,안전운전불이행,건조,맑음,교차로 - 교차로안,이륜,남,22세,경상,승용,남,55세,상해없음
2019111600100261,2019년 11월 16일 11시,토요일,대구광역시 동구 방촌동,경상사고,0,0,2,0,차대차 - 측면충돌,안전거리미확보,건조,맑음,단일로 - 기타,승용,여,57세,경상,건설기계,남,48세,경상
2019111600100262,2019년 11월 16일 11시,토요일,대구광역시 수성구 범어동,경상사고,0,0,1,0,차대사람 - 기타,안전운전불이행,건조,맑음,단일로 - 기타,승용,남,63세,상해없음,보행자,남,19세,경상
2019111600100263,2019년 11월 16일 11시,토요일,대구광역시 달서구 진천동,부상신고사고,0,0,0,1,차량단독 - 기타,안전운전불이행,건조,맑음,단일로 - 기타,승용,남,70세,상해없음,,,,
2019111600100264,2019년 11월 16일 11시,토요일,대구광역시 달서구 월성동,경상사고,0,0,1,0,차대차 - 측면충돌,안전거리미확보,건조,맑음,단일로 - 기타,화물,남,64세,상해없음,승용,남,32세,경상
2019111600100294,2019년 11월 16일 12시,토요일,대구광역시 남구 대명동,부상신고사고,0,0,0,1,차대사람 - 보도통행중,안전운전불이행,건조,맑음,단일로 - 기타,승용,남,78세,상해없음,보행자,남,49세,부상신고
2019111600100295,2019년 11월 16일 12시,토요일,대구광역시 수성구 지산동,경상사고,0,0,1,0,차대차 - 추돌,안전거리미확보,건조,맑음,교차로 - 교차로부근,승용,여,46세,기타불명,승용,남,37세,경상
2019111600100296,2019년 11월 16일 12시,토요일,대구광역시 수성구 수성동1가,중상사고,0,1,3,0,차대차 - 측면충돌,신호위반,건조,맑음,교차로 - 교차로부근,승용,남,62세,경상,승용,여,47세,중상
2019111600100297,2019년 11월 16일 12시,토요일,대구광역시 달서구 상인동,중상사고,0,2,0,0,차대차 - 측면충돌,신호위반,건조,맑음,교차로 - 교차로횡단보도내,이륜,남,46세,중상,이륜,남,47세,중상
2019111600100298,2019년 11월 16일 12시,토요일,대구광역시 중구 대신동,중상사고,0,1,1,0,차대차 - 기타,안전운전불이행,건조,맑음,교차로 - 교차로부근,기타불명,기타불명,미분류,기타불명,화물,남,65세,상해없음
2019111600100349,2019년 11월 16일 13시,토요일,대구광역시 수성구 황금동,경상사고,0,0,3,0,차대차 - 측면충돌,안전거리미확보,건조,맑음,교차로 - 교차로부근,승용,여,45세,상해없음,승용,남,66세,경상
2019111600100350,2019년 11월 16일 13시,토요일,대구광역시 수성구 범어동,경상사고,0,0,3,0,차대차 - 기타,안전운전불이행,건조,맑음,교차로 - 교차로부근,승용,남,77세,상해없음,승합,남,64세,상해없음
2019111600100351,2019년 11월 16일 13시,토요일,대구광역시 수성구 두산동,부상신고사고,0,0,0,1,차대차 - 기타,기타,건조,맑음,단일로 - 기타,기타불명,기타불명,미분류,기타불명,자전거,여,64세,부상신고
2019111600100390,2019년 11월 16일 14시,토요일,대구광역시 북구 금호동,경상사고,0,0,2,0,차대차 - 기타,안전운전불이행,건조,맑음,단일로 - 기타,승용,여,33세,상해없음,승용,남,28세,경상
2019111600100393,2019년 11월 16일 14시,토요일,대구광역시 북구 읍내동,경상사고,0,0,3,0,차대차 - 추돌,안전운전불이행,건조,맑음,단일로 - 기타,승용,여,37세,상해없음,승용,남,41세,경상
2019111600100423,2019년 11월 16일 15시,토요일,대구광역시 동구 신암동,경상사고,0,0,3,1,차대차 - 기타,안전운전불이행,건조,맑음,단일로 - 기타,승용,남,57세,상해없음,승용,기타불명,미분류,기타불명
2019111600100424,2019년 11월 16일 15시,토요일,대구광역시 수성구 만촌동,경상사고,0,0,2,0,차대차 - 측면충돌,안전운전불이행,건조,맑음,단일로 - 기타,승용,여,55세,상해없음,승용,여,36세,경상
2019111600100425,2019년 11월 16일 15시,토요일,대구광역시 북구 동변동,경상사고,0,0,3,0,차대차 - 측면충돌,안전운전불이행,건조,맑음,교차로 - 교차로안,이륜,남,49세,경상,승용,남,79세,경상
2019111600100471,2019년 11월 16일 16시,토요일,대구광역시 동구 신암동,경상사고,0,0,1,0,차대차 - 측면충돌,안전운전불이행,건조,맑음,단일로 - 기타,자전거,남,63세,경상,화물,남,44세,상해없음
2019111600100507,2019년 11월 16일 17시,토요일,대구광역시 수성구 수성동2가,중상사고,0,1,0,1,차대차 - 측면충돌,신호위반,건조,맑음,교차로 - 교차로안,이륜,남,25세,부상신고,이륜,여,67세,중상
2019111600100508,2019년 11월 16일 17시,토요일,대구광역시 북구 관음동,중상사고,0,1,0,0,차대사람 - 기타,보행자보호의무위반,건조,맑음,단일로 - 기타,승용,남,48세,상해없음,보행자,여,68세,중상
2019111600100563,2019년 11월 16일 18시,토요일,대구광역시 남구 대명동,경상사고,0,0,1,0,차대차 - 측면충돌,안전운전불이행,건조,맑음,교차로 - 교차로부근,승용,여,46세,상해없음,이륜,남,20세,경상
2019111600100564,2019년 11월 16일 18시,토요일,대구광역시 달서구 대천동,경상사고,0,0,2,0,차대차 - 측면충돌,신호위반,건조,맑음,교차로 - 교차로안,이륜,남,21세,경상,승용,남,42세,경상
2019111600100565,2019년 11월 16일 18시,토요일,대구광역시 달서구 용산동,경상사고,0,0,1,0,차대사람 - 차도통행중,기타,건조,맑음,기타 - 기타,기타불명,기타불명,미분류,기타불명,보행자,남,13세,경상
2019111600100566,2019년 11월 16일 18시,토요일,대구광역시 북구 학정동,경상사고,0,0,1,0,차대차 - 측면충돌,교차로운행방법위반,건조,맑음,교차로 - 교차로안,승용,여,39세,상해없음,승용,남,26세,기타불명
2019111600100676,2019년 11월 16일 21시,토요일,대구광역시 수성구 황금동,경상사고,0,0,2,0,차대차 - 기타,안전운전불이행,건조,맑음,기타 - 기타,승용,남,75세,상해없음,승용,남,50세,경상
2019111600100677,2019년 11월 16일 21시,토요일,대구광역시 달서구 진천동,경상사고,0,0,1,0,차대차 - 측면충돌,안전운전불이행,건조,맑음,단일로 - 기타,승용,여,35세,상해없음,승용,남,66세,경상
2019111600100678,2019년 11월 16일 21시,토요일,대구광역시 서구 평리동,부상신고사고,0,0,0,1,차대차 - 측면충돌,안전운전불이행,건조,맑음,단일로 - 기타,자전거,남,57세,부상신고,승용,남,54세,상해없음
2019111600100679,2019년 11월 16일 21시,토요일,대구광역시 달서구 감삼동,경상사고,0,0,2,0,차대차 - 후진중충돌,안전운전불이행,건조,맑음,교차로 - 교차로부근,승용,남,46세,상해없음,승용,여,56세,경상
2019111600100680,2019년 11월 16일 21시,토요일,대구광역시 달서구 용산동,경상사고,0,0,1,0,차대차 - 정면충돌,안전운전불이행,건조,맑음,기타 - 기타,승용,남,55세,기타불명,승용,여,51세,경상
2019111600100681,2019년 11월 16일 21시,토요일,대구광역시 북구 구암동,경상사고,0,0,1,0,차대차 - 기타,안전운전불이행,건조,맑음,단일로 - 기타,승용,남,33세,상해없음,승용,남,32세,경상
2019111600100700,2019년 11월 16일 22시,토요일,대구광역시 달서구 신당동,경상사고,0,0,3,0,차대차 - 기타,안전거리미확보,건조,맑음,교차로 - 교차로부근,승용,여,51세,상해없음,승용,남,31세,경상
2019111600100721,2019년 11월 16일 23시,토요일,대구광역시 달서구 두류동,경상사고,0,0,1,0,차대사람 - 기타,안전운전불이행,건조,맑음,단일로 - 기타,승용,여,44세,상해없음,보행자,여,24세,경상
2019111600100722,2019년 11월 16일 23시,토요일,대구광역시 달서구 용산동,경상사고,0,0,2,0,차대차 - 추돌,안전운전불이행,건조,맑음,교차로 - 교차로부근,승용,남,54세,상해없음,승용,남,53세,경상
2019111700100065,2019년 11월 17일 01시,일요일,대구광역시 달서구 본동,경상사고,0,0,1,0,차대차 - 기타,안전거리미확보,건조,맑음,교차로 - 교차로부근,승용,남,46세,상해없음,승용,남,67세,경상
2019111700100101,2019년 11월 17일 05시,일요일,대구광역시 달서구 송현동,경상사고,0,0,2,0,차대차 - 측면충돌,안전운전불이행,건조,맑음,단일로 - 기타,승용,남,67세,상해없음,승용,남,66세,경상
2019111700100102,2019년 11월 17일 05시,일요일,대구광역시 중구 삼덕동2가,경상사고,0,0,2,0,차대차 - 후진중충돌,안전운전불이행,건조,맑음,교차로 - 교차로부근,승용,남,66세,상해없음,승용,남,27세,경상
2019111700100112,2019년 11월 17일 06시,일요일,대구광역시 수성구 사월동,경상사고,0,0,1,0,차대차 - 기타,안전운전불이행,건조,맑음,단일로 - 기타,화물,남,46세,상해없음,승용,남,39세,경상
2019111700100163,2019년 11월 17일 10시,일요일,대구광역시 동구 신천동,중상사고,0,1,0,0,차대사람 - 차도통행중,안전운전불이행,건조,맑음,단일로 - 기타,승용,여,66세,상해없음,보행자,여,78세,중상
2019111700100164,2019년 11월 17일 10시,일요일,대구광역시 중구 동인동2가,중상사고,0,1,0,0,차대차 - 측면충돌,안전운전불이행,건조,맑음,교차로 - 교차로부근,승용,남,19세,상해없음,이륜,남,16세,중상
2019111700100188,2019년 11월 17일 11시,일요일,대구광역시 동구 신천동,경상사고,0,0,1,0,차대차 - 측면충돌,불법유턴,건조,맑음,단일로 - 기타,승용,남,80세,상해없음,승용,남,65세,경상
2019111700100189,2019년 11월 17일 11시,일요일,대구광역시 수성구 만촌동,사망사고,1,4,9,0,차대차 - 정면충돌,안전운전불이행,건조,맑음,단일로 - 기타,승용,여,52세,상해없음,승용,남,73세,사망
2019111700100190,2019년 11월 17일 11시,일요일,대구광역시 서구 비산동,경상사고,0,0,1,0,차대사람 - 기타,기타,젖음/습기,흐림,단일로 - 기타,자전거,남,69세,기타불명,보행자,여,59세,경상
2019111700100213,2019년 11월 17일 12시,일요일,대구광역시 수성구 신매동,경상사고,0,0,1,0,차대차 - 측면충돌,신호위반,건조,맑음,교차로 - 교차로부근,승용,여,27세,상해없음,승용,남,27세,경상
2019111700100214,2019년 11월 17일 12시,일요일,대구광역시 달서구 본리동,경상사고,0,0,3,0,차대차 - 측면충돌,차로위반,건조,맑음,단일로 - 기타,화물,남,62세,상해없음,승용,남,40세,경상
2019111700100248,2019년 11월 17일 13시,일요일,대구광역시 달서구 죽전동,경상사고,0,0,1,0,차대차 - 기타,안전운전불이행,건조,맑음,단일로 - 기타,승용,남,57세,상해없음,원동기,남,69세,경상
2019111700100268,2019년 11월 17일 14시,일요일,대구광역시 달서구 월성동,경상사고,0,0,1,0,차대차 - 측면충돌,교차로운행방법위반,건조,맑음,교차로 - 교차로안,이륜,남,49세,경상,승용,여,46세,상해없음
2019111700100293,2019년 11월 17일 15시,일요일,대구광역시 달서구 대천동,경상사고,0,0,3,0,차대차 - 추돌,안전운전불이행,건조,맑음,단일로 - 기타,승용,남,53세,상해없음,승용,남,49세,경상
2019111700100365,2019년 11월 17일 17시,일요일,대구광역시 북구 산격동,경상사고,0,0,1,0,차대사람 - 횡단중,안전운전불이행,건조,맑음,단일로 - 기타,승용,남,25세,상해없음,보행자,남,17세,경상
2019111700100366,2019년 11월 17일 17시,일요일,대구광역시 중구 남산동,경상사고,0,0,2,0,차대사람 - 횡단중,안전운전불이행,건조,맑음,단일로 - 기타,승용,남,60세,상해없음,보행자,남,26세,경상
2019111700100486,2019년 11월 17일 19시,일요일,대구광역시 수성구 수성동1가,경상사고,0,0,2,0,차대차 - 측면충돌,교차로운행방법위반,건조,맑음,교차로 - 교차로안,승용,여,35세,상해없음,승용,여,53세,경상
2019111700100487,2019년 11월 17일 19시,일요일,대구광역시 달서구 용산동,부상신고사고,0,0,0,1,차대차 - 기타,신호위반,건조,맑음,교차로 - 교차로부근,이륜,남,54세,부상신고,승용,남,58세,상해없음
2019111700100488,2019년 11월 17일 19시,일요일,대구광역시 북구 서변동,경상사고,0,0,2,0,차대차 - 측면충돌,교차로운행방법위반,건조,맑음,교차로 - 교차로안,승용,남,32세,경상,승용,남,41세,상해없음
2019111700100530,2019년 11월 17일 20시,일요일,대구광역시 남구 대명동,부상신고사고,0,0,0,1,차대사람 - 기타,안전운전불이행,건조,맑음,단일로 - 기타,기타불명,기타불명,미분류,기타불명,보행자,남,63세,부상신고
2019111700100531,2019년 11월 17일 20시,일요일,대구광역시 달서구 월성동,경상사고,0,0,2,0,차대차 - 추돌,안전운전불이행,건조,맑음,단일로 - 기타,승용,남,55세,상해없음,승용,남,26세,경상
2019111700100532,2019년 11월 17일 20시,일요일,대구광역시 달서구 송현동,경상사고,0,0,1,0,차대사람 - 횡단중,보행자보호의무위반,건조,맑음,교차로 - 교차로횡단보도내,승용,여,65세,상해없음,보행자,남,44세,경상
2019111700100533,2019년 11월 17일 20시,일요일,대구광역시 중구 동인동2가,중상사고,0,1,0,0,차대사람 - 횡단중,보행자보호의무위반,건조,맑음,교차로 - 교차로부근,승합,여,72세,상해없음,보행자,여,61세,중상
2019111700100554,2019년 11월 17일 21시,일요일,대구광역시 수성구 상동,경상사고,0,0,1,0,차대차 - 기타,안전운전불이행,건조,맑음,단일로 - 기타,승용,남,56세,상해없음,자전거,남,16세,경상
2019111700100555,2019년 11월 17일 21시,일요일,대구광역시 북구 노원동2가,경상사고,0,0,1,0,차대차 - 측면충돌,안전거리미확보,건조,맑음,단일로 - 기타,승용,남,72세,기타불명,승용,남,25세,경상
2019111700100556,2019년 11월 17일 21시,일요일,대구광역시 중구 시장북로,경상사고,0,0,3,0,차대차 - 측면충돌,신호위반,건조,맑음,교차로 - 교차로안,승용,여,64세,상해없음,승용,남,35세,경상
2019111700100557,2019년 11월 17일 21시,일요일,대구광역시 달서구 본리동,경상사고,0,0,1,0,차대차 - 정면충돌,안전운전불이행,건조,맑음,교차로 - 교차로부근,승합,남,38세,상해없음,승용,여,47세,경상
2019111700100576,2019년 11월 17일 22시,일요일,대구광역시 동구 신암동,경상사고,0,0,1,0,차대차 - 추돌,안전운전불이행,건조,맑음,단일로 - 기타,승용,남,57세,상해없음,승용,남,44세,경상
2019111700100577,2019년 11월 17일 22시,일요일,대구광역시 수성구 범어동,경상사고,0,0,1,0,차대차 - 측면충돌,안전운전불이행,건조,맑음,교차로 - 교차로부근,승용,남,53세,상해없음,승용,여,34세,경상
2019111700100578,2019년 11월 17일 22시,일요일,대구광역시 달서구 월성동,부상신고사고,0,0,0,1,차대차 - 측면충돌,안전운전불이행,건조,맑음,단일로 - 기타,승용,남,36세,상해없음,이륜,남,19세,부상신고
2019111700100579,2019년 11월 17일 22시,일요일,대구광역시 북구 매천동,경상사고,0,0,2,0,차대차 - 측면충돌,안전거리미확보,건조,맑음,교차로 - 교차로부근,승용,여,50세,경상,승용,남,27세,상해없음
2019111800100038,2019년 11월 18일 00시,월요일,대구광역시 서구 평리동,경상사고,0,0,1,0,차대차 - 측면충돌,신호위반,젖음/습기,비,교차로 - 교차로부근,승용,남,47세,상해없음,승용,남,59세,경상
2019111800100067,2019년 11월 18일 04시,월요일,대구광역시 서구 이현동,경상사고,0,0,1,0,차대차 - 측면충돌,안전거리미확보,건조,맑음,단일로 - 기타,승용,남,62세,상해없음,화물,남,38세,경상
2019111800100078,2019년 11월 18일 05시,월요일,대구광역시 남구 이천동,중상사고,0,2,1,0,차대차 - 추돌,안전운전불이행,젖음/습기,비,단일로 - 지하차도(도로)내,화물,남,39세,경상,승용,남,70세,중상
2019111800100124,2019년 11월 18일 07시,월요일,대구광역시 북구 사수동,경상사고,0,0,3,0,차대차 - 추돌,안전거리미확보,건조,맑음,단일로 - 교량,화물,남,35세,상해없음,승용,여,61세,경상
2019111800100173,2019년 11월 18일 08시,월요일,대구광역시 동구 용계동,경상사고,0,0,1,0,차대차 - 측면충돌,차로위반,건조,맑음,단일로 - 기타,화물,남,68세,상해없음,승용,남,25세,경상
2019111800100174,2019년 11월 18일 08시,월요일,대구광역시 수성구 황금동,경상사고,0,0,2,0,차대차 - 측면충돌,안전운전불이행,건조,맑음,단일로 - 기타,승용,남,28세,상해없음,화물,남,28세,경상
2019111800100175,2019년 11월 18일 08시,월요일,대구광역시 달성군 화원읍,경상사고,0,0,1,0,차대차 - 측면충돌,신호위반,건조,맑음,교차로 - 교차로안,승용,여,49세,상해없음,승용,여,46세,경상
2019111800100176,2019년 11월 18일 08시,월요일,대구광역시 달성군 현풍읍,사망사고,1,0,0,0,차대사람 - 횡단중,과속,건조,맑음,교차로 - 교차로안,승용,여,65세,상해없음,보행자,남,81세,사망
2019111800100177,2019년 11월 18일 08시,월요일,대구광역시 북구 고성동2가,경상사고,0,0,1,0,차대차 - 측면충돌,안전운전불이행,건조,맑음,교차로 - 교차로부근,이륜,남,62세,상해없음,승용,여,43세,경상
2019111800100213,2019년 11월 18일 09시,월요일,대구광역시 동구 율하동,경상사고,0,0,1,0,차대차 - 기타,교차로운행방법위반,젖음/습기,비,교차로 - 교차로안,승용,남,37세,상해없음,이륜,남,58세,경상
2019111800100214,2019년 11월 18일 09시,월요일,대구광역시 달성군 현풍읍,중상사고,0,1,0,0,차대차 - 추돌,안전운전불이행,건조,맑음,단일로 - 기타,승합,남,31세,상해없음,승용,남,36세,중상
2019111800100215,2019년 11월 18일 09시,월요일,대구광역시 북구 노원동3가,중상사고,0,1,0,0,차대차 - 추돌,안전운전불이행,건조,맑음,단일로 - 교량,화물,남,46세,상해없음,이륜,남,72세,중상
2019111800100216,2019년 11월 18일 09시,월요일,대구광역시 달서구 신당동,부상신고사고,0,0,0,1,차대차 - 측면충돌,교차로운행방법위반,건조,맑음,교차로 - 교차로안,승용,여,51세,부상신고,승용,남,47세,상해없음
2019111800100217,2019년 11월 18일 09시,월요일,대구광역시 북구 읍내동,경상사고,0,0,2,0,차대차 - 측면충돌,교차로운행방법위반,건조,맑음,교차로 - 교차로안,승용,남,61세,상해없음,승용,남,79세,경상
2019111800100246,2019년 11월 18일 10시,월요일,대구광역시 수성구 수성동2가,경상사고,0,0,1,0,차대차 - 측면충돌,신호위반,건조,맑음,교차로 - 교차로안,승용,남,67세,상해없음,승용,여,29세,경상
2019111800100247,2019년 11월 18일 10시,월요일,대구광역시 달성군 화원읍,경상사고,0,0,1,0,차대차 - 기타,기타,건조,맑음,기타 - 기타,화물,남,51세,상해없음,승용,남,25세,경상
2019111800100275,2019년 11월 18일 11시,월요일,대구광역시 수성구 만촌동,경상사고,0,0,1,0,차대차 - 추돌,안전거리미확보,건조,맑음,교차로 - 교차로부근,건설기계,남,48세,상해없음,승용,남,63세,경상
2019111800100276,2019년 11월 18일 11시,월요일,대구광역시 달서구 감삼동,경상사고,0,0,1,0,차대차 - 기타,교차로운행방법위반,건조,맑음,교차로 - 교차로부근,승용,남,67세,상해없음,이륜,남,26세,경상
2019111800100308,2019년 11월 18일 12시,월요일,대구광역시 남구 봉덕동,중상사고,0,1,0,0,차대차 - 측면충돌,기타,건조,맑음,단일로 - 기타,승용,여,55세,상해없음,자전거,여,46세,중상
2019111800100309,2019년 11월 18일 12시,월요일,대구광역시 달서구 대곡동,경상사고,0,0,1,1,차대차 - 측면충돌,안전거리미확보,건조,맑음,단일로 - 기타,승용,남,64세,부상신고,이륜,남,27세,경상
2019111800100334,2019년 11월 18일 13시,월요일,대구광역시 중구 남산동,중상사고,0,1,0,1,차대사람 - 횡단중,보행자보호의무위반,건조,맑음,교차로 - 교차로부근,이륜,남,25세,부상신고,보행자,여,61세,중상
2019111800100379,2019년 11월 18일 14시,월요일,대구광역시 수성구 범물동,경상사고,0,0,2,0,차대차 - 측면충돌,신호위반,건조,맑음,교차로 - 교차로안,승용,여,50세,상해없음,승용,남,54세,경상
2019111800100380,2019년 11월 18일 14시,월요일,대구광역시 달성군 화원읍,경상사고,0,0,2,0,차대사람 - 횡단중,안전운전불이행,건조,맑음,단일로 - 기타,승용,여,65세,상해없음,보행자,여,9세,경상
2019111800100381,2019년 11월 18일 14시,월요일,대구광역시 북구 태전동,중상사고,0,1,0,0,차대차 - 측면충돌,안전운전불이행,건조,맑음,단일로 - 기타,승용,남,39세,기타불명,승용,남,58세,중상
2019111800100424,2019년 11월 18일 15시,월요일,대구광역시 동구 지저동,중상사고,0,1,2,1,차대차 - 추돌,신호위반,건조,맑음,교차로 - 교차로부근,승용,남,67세,상해없음,특수,남,30세,중상
2019111800100425,2019년 11월 18일 15시,월요일,대구광역시 달서구 송현동,경상사고,0,0,1,0,차대차 - 측면충돌,안전운전불이행,건조,맑음,단일로 - 기타,승용,남,57세,상해없음,승용,여,26세,경상
2019111800100426,2019년 11월 18일 15시,월요일,대구광역시 달서구 신당동,중상사고,0,1,1,0,차대차 - 정면충돌,신호위반,건조,맑음,교차로 - 교차로안,화물,남,66세,상해없음,이륜,남,23세,중상
2019111800100427,2019년 11월 18일 15시,월요일,대구광역시 달서구 이곡동,중상사고,0,1,0,0,차대차 - 기타,신호위반,건조,맑음,단일로 - 기타,승용,여,38세,상해없음,원동기,여,47세,중상
2019111800100457,2019년 11월 18일 16시,월요일,대구광역시 수성구 가천동,부상신고사고,0,0,0,1,차대차 - 측면충돌,교차로운행방법위반,건조,맑음,교차로 - 교차로안,승합,남,45세,부상신고,건설기계,남,52세,상해없음
2019111800100503,2019년 11월 18일 17시,월요일,대구광역시 남구 대명동,경상사고,0,0,1,0,차대차 - 측면충돌,안전거리미확보,건조,맑음,단일로 - 기타,승용,남,47세,상해없음,승용,남,27세,경상
2019111800100504,2019년 11월 18일 17시,월요일,대구광역시 서구 내당동,경상사고,0,0,1,0,차대차 - 측면충돌,안전거리미확보,건조,맑음,단일로 - 기타,승용,남,56세,상해없음,승용,여,44세,경상
2019111800100505,2019년 11월 18일 17시,월요일,대구광역시 달서구 본리동,경상사고,0,0,1,0,차대사람 - 기타,안전운전불이행,건조,맑음,기타 - 기타,승용,남,64세,상해없음,보행자,남,9세,경상
2019111800100506,2019년 11월 18일 17시,월요일,대구광역시 달서구 감삼동,부상신고사고,0,0,0,3,차대차 - 측면충돌,안전운전불이행,건조,맑음,교차로 - 교차로부근,승용,남,21세,부상신고,승용,남,51세,상해없음
2019111800100507,2019년 11월 18일 17시,월요일,대구광역시 북구 학정동,경상사고,0,0,1,0,차대차 - 기타,신호위반,건조,맑음,교차로 - 교차로부근,승용,여,55세,상해없음,승합,남,35세,경상
2019111800100575,2019년 11월 18일 18시,월요일,대구광역시 달서구 유천동,경상사고,0,0,3,0,차대차 - 측면충돌,안전거리미확보,건조,맑음,단일로 - 기타,승용,여,32세,경상,승용,남,50세,경상
2019111800100576,2019년 11월 18일 18시,월요일,대구광역시 달성군 유가읍,경상사고,0,0,1,0,차대차 - 기타,안전운전불이행,건조,맑음,기타 - 기타,화물,남,53세,상해없음,승용,여,37세,경상
2019111800100577,2019년 11월 18일 18시,월요일,대구광역시 달성군 구지면,경상사고,0,0,2,0,차대차 - 측면충돌,교차로운행방법위반,건조,맑음,교차로 - 교차로안,화물,남,56세,경상,승용,남,40세,경상
2019111800100578,2019년 11월 18일 18시,월요일,대구광역시 달서구 죽전동,경상사고,0,0,1,0,차대차 - 측면충돌,안전운전불이행,건조,맑음,단일로 - 기타,승용,여,31세,상해없음,승용,여,47세,경상
2019111800100579,2019년 11월 18일 18시,월요일,대구광역시 달서구 용산동,경상사고,0,0,2,0,차대차 - 기타,안전운전불이행,건조,맑음,단일로 - 기타,승용,남,29세,상해없음,승합,남,54세,경상
2019111800100674,2019년 11월 18일 21시,월요일,대구광역시 달성군 유가읍,경상사고,0,0,1,0,차대차 - 측면충돌,신호위반,건조,맑음,교차로 - 교차로안,승용,여,49세,상해없음,화물,남,59세,경상
2019111800100694,2019년 11월 18일 22시,월요일,대구광역시 남구 대명동,경상사고,0,0,1,0,차대차 - 측면충돌,안전운전불이행,건조,맑음,교차로 - 교차로부근,승용,남,58세,상해없음,승용,남,35세,경상
2019111800100695,2019년 11월 18일 22시,월요일,대구광역시 달서구 죽전동,중상사고,0,1,1,0,차대차 - 측면충돌,중앙선침범,건조,맑음,단일로 - 기타,승용,남,27세,상해없음,승용,남,63세,중상