사고번호,사고일시,요일,시군구,사고내용,사망자수,중상자수,경상자수,부상신고자수,사고유형,법규위반,노면상태,기상상태,도로형태,가해운전자 차종,가해운전자 성별,가해운전자 연령,가해운전자 상해정도,피해운전자 차종,피해운전자 성별,피해운전자 연령,피해운전자 상해정도
2019111800100712,2019년 11월 18일 23시,월요일,대구광역시 달서구 진천동,경상사고,0,0,1,0,차대차 - 측면충돌,안전거리미확보,건조,맑음,단일로 - 기타,승용,남,44세,상해없음,승용,남,59세,경상
2019111800100713,2019년 11월 18일 23시,월요일,대구광역시 중구 삼덕동2가,부상신고사고,0,0,0,1,차대사람 - 차도통행중,안전운전불이행,건조,맑음,단일로 - 기타,승용,남,64세,상해없음,보행자,여,30세,부상신고
2019111800100714,2019년 11월 18일 23시,월요일,대구광역시 달서구 이곡동,경상사고,0,0,1,0,차대차 - 측면충돌,차로위반,건조,맑음,기타 - 기타,승용,남,59세,기타불명,승용,남,34세,경상
2019111900100051,2019년 11월 19일 01시,화요일,대구광역시 동구 각산동,경상사고,0,0,2,0,차대차 - 측면충돌,안전거리미확보,건조,맑음,단일로 - 기타,승용,남,39세,상해없음,승용,남,51세,경상
2019111900100052,2019년 11월 19일 01시,화요일,대구광역시 수성구 황금동,경상사고,0,0,1,0,차대차 - 측면충돌,안전운전불이행,건조,맑음,단일로 - 기타,승용,남,34세,상해없음,승용,남,73세,경상
2019111900100080,2019년 11월 19일 05시,화요일,대구광역시 북구 산격동,경상사고,0,0,1,0,차대차 - 추돌,안전거리미확보,건조,맑음,단일로 - 기타,화물,남,44세,상해없음,승용,남,55세,경상
2019111900100125,2019년 11월 19일 07시,화요일,대구광역시 남구 봉덕동,부상신고사고,0,0,0,1,차량단독 - 공작물충돌,안전운전불이행,건조,맑음,단일로 - 기타,화물,남,68세,부상신고,,,,
2019111900100126,2019년 11월 19일 07시,화요일,대구광역시 동구 율하동,경상사고,0,0,2,0,차대차 - 추돌,안전운전불이행,건조,맑음,단일로 - 기타,승용,남,24세,상해없음,승용,남,42세,경상
2019111900100127,2019년 11월 19일 07시,화요일,대구광역시 수성구 범어동,중상사고,0,1,2,0,차대차 - 측면충돌,직진우회전진행방해,건조,맑음,교차로 - 교차로안,승용,남,37세,경상,승용,남,71세,경상
2019111900100128,2019년 11월 19일 07시,화요일,대구광역시 수성구 파동,경상사고,0,0,1,0,차대차 - 측면충돌,신호위반,건조,맑음,교차로 - 교차로안,승용,여,55세,상해없음,승용,남,53세,경상
2019111900100179,2019년 11월 19일 08시,화요일,대구광역시 북구 복현동,경상사고,0,0,1,0,차대사람 - 기타,안전운전불이행,건조,맑음,단일로 - 기타,승용,남,20세,상해없음,보행자,여,23세,경상
2019111900100180,2019년 11월 19일 08시,화요일,대구광역시 북구 침산동,경상사고,0,0,1,0,차대차 - 측면충돌,안전운전불이행,건조,맑음,교차로 - 교차로부근,승용,남,78세,상해없음,승용,남,26세,경상
2019111900100181,2019년 11월 19일 08시,화요일,대구광역시 북구 읍내동,부상신고사고,0,0,0,1,차대차 - 측면충돌,안전운전불이행,건조,맑음,교차로 - 교차로부근,자전거,남,81세,부상신고,승용,남,33세,상해없음
2019111900100218,2019년 11월 19일 09시,화요일,대구광역시 달서구 죽전동,경상사고,0,0,7,0,차대차 - 기타,안전거리미확보,건조,맑음,단일로 - 기타,승용,남,66세,경상,화물,남,48세,경상
2019111900100219,2019년 11월 19일 09시,화요일,대구광역시 북구 태전동,중상사고,0,1,0,0,차대사람 - 기타,보행자보호의무위반,건조,맑음,교차로 - 교차로횡단보도내,승용,여,26세,상해없음,보행자,여,79세,중상
2019111900100267,2019년 11월 19일 10시,화요일,대구광역시 남구 이천동,부상신고사고,0,0,0,1,차대차 - 측면충돌,안전운전불이행,건조,맑음,기타 - 기타,원동기,남,71세,상해없음,자전거,여,72세,부상신고
2019111900100268,2019년 11월 19일 10시,화요일,대구광역시 달서구 송현동,중상사고,0,1,0,0,차대차 - 측면충돌,안전운전불이행,건조,맑음,단일로 - 기타,승용,남,70세,상해없음,원동기,남,58세,중상
2019111900100269,2019년 11월 19일 10시,화요일,대구광역시 달서구 월성동,경상사고,0,0,4,0,차대차 - 측면충돌,안전운전불이행,건조,맑음,교차로 - 교차로부근,승용,남,19세,상해없음,승용,여,54세,경상
2019111900100310,2019년 11월 19일 11시,화요일,대구광역시 달성군 유가읍,부상신고사고,0,0,0,1,차대차 - 기타,안전운전불이행,건조,맑음,단일로 - 기타,기타불명,남,76세,부상신고,화물,남,56세,상해없음
2019111900100311,2019년 11월 19일 11시,화요일,대구광역시 달성군 현풍읍,부상신고사고,0,0,0,1,차대차 - 기타,안전운전불이행,건조,맑음,교차로 - 교차로안,이륜,남,29세,부상신고,승용,남,30세,상해없음
2019111900100312,2019년 11월 19일 11시,화요일,대구광역시 서구 중리동,중상사고,0,1,1,0,차대차 - 측면충돌,안전운전불이행,건조,맑음,단일로 - 기타,승용,여,54세,상해없음,승용,남,65세,경상
2019111900100350,2019년 11월 19일 12시,화요일,대구광역시 수성구 상동,경상사고,0,0,2,0,차대차 - 측면충돌,안전거리미확보,건조,맑음,교차로 - 교차로부근,승용,여,47세,경상,승용,여,29세,경상
2019111900100351,2019년 11월 19일 12시,화요일,대구광역시 북구 동천동,경상사고,0,0,1,0,차대차 - 기타,불법유턴,건조,맑음,단일로 - 기타,승용,여,57세,기타불명,이륜,남,38세,경상
2019111900100387,2019년 11월 19일 13시,화요일,대구광역시 중구 남산동,부상신고사고,0,0,0,1,차대사람 - 횡단중,신호위반,건조,맑음,기타 - 기타,승용,남,70세,상해없음,보행자,남,86세,부상신고
2019111900100388,2019년 11월 19일 13시,화요일,대구광역시 수성구 만촌동,중상사고,0,1,1,0,차대차 - 측면충돌,중앙선침범,건조,맑음,단일로 - 기타,승용,남,73세,상해없음,화물,남,26세,중상
2019111900100415,2019년 11월 19일 14시,화요일,대구광역시 동구 신천동,경상사고,0,0,1,0,차대차 - 측면충돌,안전거리미확보,건조,맑음,단일로 - 기타,승용,남,67세,상해없음,화물,남,42세,경상
2019111900100464,2019년 11월 19일 15시,화요일,대구광역시 수성구 이천동,경상사고,0,0,1,0,차대차 - 측면충돌,안전거리미확보,건조,맑음,단일로 - 기타,승용,남,55세,상해없음,이륜,남,26세,경상
2019111900100465,2019년 11월 19일 15시,화요일,대구광역시 달서구 월성동,중상사고,0,1,0,0,차대사람 - 횡단중,보행자보호의무위반,건조,맑음,교차로 - 교차로횡단보도내,특수,남,39세,상해없음,보행자,여,64세,중상
2019111900100466,2019년 11월 19일 15시,화요일,대구광역시 달서구 월성동,경상사고,0,0,1,0,차대차 - 측면충돌,중앙선침범,건조,맑음,단일로 - 기타,승용,남,50세,상해없음,화물,남,70세,경상
2019111900100467,2019년 11월 19일 15시,화요일,대구광역시 달서구 죽전동,경상사고,0,0,1,0,차대차 - 기타,직진우회전진행방해,건조,맑음,교차로 - 교차로부근,승용,남,25세,상해없음,승합,남,60세,상해없음
2019111900100502,2019년 11월 19일 16시,화요일,대구광역시 동구 방촌동,중상사고,0,1,0,0,차대사람 - 횡단중,안전운전불이행,건조,맑음,단일로 - 기타,화물,남,54세,상해없음,보행자,남,14세,중상
2019111900100503,2019년 11월 19일 16시,화요일,대구광역시 수성구 범어동,경상사고,0,0,1,0,차대차 - 측면충돌,안전운전불이행,건조,맑음,단일로 - 기타,승용,남,55세,상해없음,승용,여,58세,경상
2019111900100504,2019년 11월 19일 16시,화요일,대구광역시 수성구 범어동,경상사고,0,0,1,0,차대차 - 기타,신호위반,건조,맑음,교차로 - 교차로안,승용,남,50세,상해없음,승용,남,44세,경상
2019111900100505,2019년 11월 19일 16시,화요일,대구광역시 달서구 상인동,중상사고,0,1,0,0,차대차 - 추돌,안전운전불이행,건조,맑음,단일로 - 기타,이륜,남,49세,중상,승합,남,51세,상해없음
2019111900100540,2019년 11월 19일 17시,화요일,대구광역시 수성구 범어동,경상사고,0,0,2,0,차대차 - 측면충돌,안전운전불이행,건조,맑음,단일로 - 기타,이륜,남,20세,경상,승용,여,40세,경상
2019111900100541,2019년 11월 19일 17시,화요일,대구광역시 수성구 범물동,중상사고,0,1,0,0,차대차 - 측면충돌,교차로운행방법위반,건조,맑음,교차로 - 교차로안,승용,남,38세,상해없음,승용,여,37세,중상
2019111900100542,2019년 11월 19일 17시,화요일,대구광역시 달서구 대천동,경상사고,0,0,1,0,차대사람 - 횡단중,보행자보호의무위반,건조,맑음,교차로 - 교차로안,승용,남,51세,상해없음,보행자,여,37세,경상
2019111900100543,2019년 11월 19일 17시,화요일,대구광역시 북구 태전동,중상사고,0,1,1,0,차대차 - 측면충돌,안전거리미확보,건조,맑음,단일로 - 기타,이륜,남,57세,중상,승용,남,27세,경상
2019111900100544,2019년 11월 19일 17시,화요일,대구광역시 북구 구암동,경상사고,0,0,2,1,차대차 - 기타,교차로운행방법위반,건조,맑음,교차로 - 교차로안,승합,남,66세,부상신고,승용,여,42세,경상
2019111900100615,2019년 11월 19일 18시,화요일,대구광역시 동구 둔산동,중상사고,0,1,0,0,차대사람 - 길가장자리구역통행중,안전운전불이행,건조,맑음,단일로 - 기타,화물,남,58세,상해없음,보행자,남,67세,중상
2019111900100616,2019년 11월 19일 18시,화요일,대구광역시 달서구 본동,경상사고,0,0,1,0,차대차 - 측면충돌,안전거리미확보,건조,맑음,단일로 - 기타,승용,남,41세,상해없음,이륜,남,24세,경상
2019111900100617,2019년 11월 19일 18시,화요일,대구광역시 달성군 다사읍,중상사고,0,1,0,0,차대차 - 기타,안전운전불이행,건조,맑음,기타 - 기타,승용,남,60세,상해없음,승합,남,49세,상해없음
2019111900100618,2019년 11월 19일 18시,화요일,대구광역시 북구 산격동,경상사고,0,0,2,0,차대차 - 측면충돌,불법유턴,건조,맑음,교차로 - 교차로부근,승용,남,42세,경상,화물,남,60세,경상
2019111900100619,2019년 11월 19일 18시,화요일,대구광역시 서구 내당동,중상사고,0,1,3,0,차대차 - 추돌,안전거리미확보,건조,맑음,교차로 - 교차로횡단보도내,승용,여,30세,상해없음,승용,남,30세,경상
2019111900100666,2019년 11월 19일 19시,화요일,대구광역시 동구 지저동,부상신고사고,0,0,0,1,차대차 - 측면충돌,안전운전불이행,건조,맑음,단일로 - 기타,원동기,남,35세,부상신고,승용,남,69세,상해없음
2019111900100667,2019년 11월 19일 19시,화요일,대구광역시 수성구 황금동,중상사고,0,1,0,0,차대사람 - 횡단중,안전운전불이행,건조,맑음,교차로 - 교차로부근,승용,여,40세,상해없음,보행자,남,60세,중상
2019111900100668,2019년 11월 19일 19시,화요일,대구광역시 수성구 만촌동,경상사고,0,0,2,0,차대차 - 기타,안전운전불이행,건조,맑음,교차로 - 교차로안,승용,남,66세,상해없음,승용,남,43세,경상
2019111900100669,2019년 11월 19일 19시,화요일,대구광역시 달서구 상인동,중상사고,0,1,0,0,차대차 - 측면충돌,안전운전불이행,건조,맑음,교차로 - 교차로부근,승합,여,53세,상해없음,이륜,남,23세,중상
2019111900100670,2019년 11월 19일 19시,화요일,대구광역시 달서구 월성동,경상사고,0,0,1,0,차대사람 - 기타,보행자보호의무위반,건조,맑음,단일로 - 기타,승용,여,57세,상해없음,보행자,남,54세,경상
2019111900100704,2019년 11월 19일 20시,화요일,대구광역시 남구 대명동,경상사고,0,0,3,0,차대차 - 기타,안전운전불이행,건조,맑음,교차로 - 교차로안,이륜,남,17세,경상,승용,남,66세,경상
2019111900100705,2019년 11월 19일 20시,화요일,대구광역시 수성구 범어동,경상사고,0,0,1,0,차대차 - 측면충돌,안전운전불이행,건조,맑음,기타 - 기타,승용,남,33세,상해없음,승용,남,55세,경상
2019111900100706,2019년 11월 19일 20시,화요일,대구광역시 달서구 송현동,부상신고사고,0,0,0,1,차대차 - 측면충돌,직진우회전진행방해,건조,맑음,교차로 - 교차로안,기타불명,기타불명,미분류,기타불명,이륜,남,23세,부상신고
2019111900100707,2019년 11월 19일 20시,화요일,대구광역시 달서구 호산동,부상신고사고,0,0,0,2,차대차 - 기타,신호위반,건조,맑음,교차로 - 교차로횡단보도내,이륜,남,39세,부상신고,이륜,남,36세,부상신고
2019111900100740,2019년 11월 19일 21시,화요일,대구광역시 동구 신암동,경상사고,0,0,1,0,차대차 - 추돌,안전운전불이행,건조,맑음,단일로 - 기타,승용,남,58세,상해없음,승용,남,59세,경상
2019111900100741,2019년 11월 19일 21시,화요일,대구광역시 달서구 송현동,경상사고,0,0,1,0,차대사람 - 기타,안전운전불이행,건조,맑음,단일로 - 기타,승용,남,52세,상해없음,보행자,남,45세,경상
2019111900100742,2019년 11월 19일 21시,화요일,대구광역시 북구 침산동,경상사고,0,0,1,0,차대차 - 측면충돌,안전거리미확보,건조,맑음,단일로 - 기타,승용,남,33세,상해없음,승용,남,28세,경상
2019111900100743,2019년 11월 19일 21시,화요일,대구광역시 북구 매천동,중상사고,0,1,0,0,차대차 - 측면충돌,신호위반,건조,맑음,교차로 - 교차로안,승용,남,39세,기타불명,승용,남,37세,중상
2019111900100767,2019년 11월 19일 22시,화요일,대구광역시 달서구 유천동,경상사고,0,0,3,0,차대차 - 추돌,안전거리미확보,건조,맑음,단일로 - 기타,승용,남,47세,상해없음,승용,여,40세,경상
2019112000100042,2019년 11월 20일 00시,수요일,대구광역시 남구 봉덕동,사망사고,1,0,0,0,차량단독 - 공작물충돌,안전운전불이행,건조,맑음,교차로 - 교차로안,승용,여,30세,사망,,,,
2019112000100051,2019년 11월 20일 01시,수요일,대구광역시 서구 내당동,중상사고,0,1,0,0,차대사람 - 보도통행중,안전운전불이행,건조,맑음,단일로 - 기타,승용,여,37세,상해없음,보행자,여,68세,중상
2019112000100067,2019년 11월 20일 03시,수요일,대구광역시 중구 동인동1가,경상사고,0,0,1,1,차대차 - 기타,안전운전불이행,건조,맑음,단일로 - 기타,승용,남,24세,상해없음,승용,여,35세,부상신고
2019112000100129,2019년 11월 20일 07시,수요일,대구광역시 수성구 만촌동,경상사고,0,0,1,1,차대차 - 추돌,안전운전불이행,건조,맑음,교차로 - 교차로안,승용,남,31세,상해없음,승용,남,59세,경상
2019112000100185,2019년 11월 20일 08시,수요일,대구광역시 동구 신암동,중상사고,0,1,0,0,차대차 - 정면충돌,신호위반,건조,맑음,교차로 - 교차로안,건설기계,남,46세,상해없음,승용,남,57세,중상
2019112000100186,2019년 11월 20일 08시,수요일,대구광역시 달성군 옥포읍,부상신고사고,0,0,0,2,차대차 - 기타,교차로운행방법위반,건조,맑음,교차로 - 교차로안,승용,남,25세,부상신고,승용,여,41세,부상신고
2019112000100227,2019년 11월 20일 09시,수요일,대구광역시 동구 신암동,경상사고,0,0,1,0,차대차 - 측면충돌,교차로운행방법위반,건조,맑음,교차로 - 교차로안,화물,남,61세,상해없음,화물,남,25세,경상
2019112000100228,2019년 11월 20일 09시,수요일,대구광역시 북구 고성동3가,경상사고,0,0,1,0,차대차 - 측면충돌,안전거리미확보,건조,맑음,단일로 - 기타,승용,남,58세,상해없음,승용,남,57세,경상
2019112000100267,2019년 11월 20일 10시,수요일,대구광역시 북구 관음동,경상사고,0,0,1,0,차대차 - 기타,안전운전불이행,건조,맑음,교차로 - 교차로안,승용,여,42세,상해없음,원동기,남,80세,경상
2019112000100343,2019년 11월 20일 12시,수요일,대구광역시 수성구 범어동,경상사고,0,0,2,0,차대차 - 측면충돌,안전거리미확보,건조,맑음,단일로 - 기타,승용,남,68세,상해없음,승용,여,38세,경상
2019112000100344,2019년 11월 20일 12시,수요일,대구광역시 달서구 본동,경상사고,0,0,1,0,차대사람 - 횡단중,보행자보호의무위반,건조,맑음,교차로 - 교차로안,승용,남,44세,상해없음,보행자,남,60세,경상
2019112000100345,2019년 11월 20일 12시,수요일,대구광역시 북구 산격동,경상사고,0,0,1,0,차대차 - 기타,안전운전불이행,건조,맑음,단일로 - 기타,승용,남,73세,상해없음,자전거,여,55세,경상
2019112000100385,2019년 11월 20일 13시,수요일,대구광역시 동구 신천동,경상사고,0,0,3,0,차대차 - 측면충돌,불법유턴,건조,맑음,단일로 - 기타,이륜,남,57세,경상,승용,남,66세,경상
2019112000100386,2019년 11월 20일 13시,수요일,대구광역시 서구 평리동,경상사고,0,0,1,0,차대차 - 측면충돌,신호위반,건조,맑음,교차로 - 교차로안,이륜,남,47세,기타불명,화물,남,31세,경상
2019112000100387,2019년 11월 20일 13시,수요일,대구광역시 달서구 용산동,중상사고,0,1,0,0,차대차 - 측면충돌,안전운전불이행,건조,맑음,단일로 - 기타,승용,여,53세,상해없음,이륜,남,47세,중상
2019112000100418,2019년 11월 20일 14시,수요일,대구광역시 동구 신평동,경상사고,0,0,1,0,차대사람 - 길가장자리구역통행중,안전운전불이행,건조,맑음,단일로 - 기타,화물,남,59세,상해없음,보행자,남,19세,경상
2019112000100419,2019년 11월 20일 14시,수요일,대구광역시 달서구 두류동,경상사고,0,0,1,1,차대차 - 정면충돌,안전운전불이행,건조,맑음,교차로 - 교차로안,승용,여,52세,상해없음,이륜,남,20세,부상신고
2019112000100420,2019년 11월 20일 14시,수요일,대구광역시 달서구 용산동,중상사고,0,1,0,0,차대사람 - 차도통행중,안전운전불이행,건조,맑음,교차로 - 교차로안,화물,남,27세,상해없음,보행자,여,51세,중상
2019112000100511,2019년 11월 20일 16시,수요일,대구광역시 남구 대명동,중상사고,0,1,0,0,차대사람 - 기타,직진우회전진행방해,건조,맑음,교차로 - 교차로안,화물,남,63세,상해없음,보행자,남,47세,중상
2019112000100512,2019년 11월 20일 16시,수요일,대구광역시 남구 대명동,경상사고,0,0,1,0,차대사람 - 길가장자리구역통행중,안전운전불이행,건조,맑음,단일로 - 기타,승용,남,86세,상해없음,보행자,남,76세,경상
2019112000100513,2019년 11월 20일 16시,수요일,대구광역시 달서구 용산동,중상사고,0,1,0,0,차대차 - 측면충돌,차로위반,건조,맑음,단일로 - 기타,승용,남,34세,상해없음,승용,남,43세,중상
2019112000100514,2019년 11월 20일 16시,수요일,대구광역시 달서구 용산동,중상사고,0,1,1,0,차대차 - 기타,안전운전불이행,건조,맑음,단일로 - 기타,승용,여,55세,상해없음,승용,남,43세,경상
2019112000100555,2019년 11월 20일 17시,수요일,대구광역시 남구 대명동,경상사고,0,0,1,0,차대차 - 후진중충돌,안전운전불이행,건조,맑음,단일로 - 기타,화물,남,65세,상해없음,이륜,남,43세,경상
2019112000100556,2019년 11월 20일 17시,수요일,대구광역시 동구 율하동,경상사고,0,0,1,0,차대사람 - 기타,안전운전불이행,건조,맑음,미분류 - 미분류,자전거,여,35세,상해없음,보행자,여,55세,경상
2019112000100557,2019년 11월 20일 17시,수요일,대구광역시 수성구 범어동,경상사고,0,0,1,0,차대차 - 측면충돌,교차로운행방법위반,건조,맑음,교차로 - 교차로안,승용,남,71세,상해없음,이륜,남,22세,경상
2019112000100558,2019년 11월 20일 17시,수요일,대구광역시 달서구 상인동,경상사고,0,0,1,0,차대차 - 측면충돌,차로위반,건조,맑음,단일로 - 기타,승용,남,76세,상해없음,승용,남,66세,경상
2019112000100559,2019년 11월 20일 17시,수요일,대구광역시 북구 침산동,경상사고,0,0,1,0,차대차 - 측면충돌,교차로운행방법위반,건조,맑음,교차로 - 교차로안,화물,남,35세,상해없음,승용,남,70세,상해없음
2019112000100631,2019년 11월 20일 18시,수요일,대구광역시 남구 대명동,경상사고,0,0,2,0,차대차 - 기타,안전운전불이행,건조,맑음,단일로 - 기타,승용,남,72세,상해없음,승용,남,75세,경상
2019112000100632,2019년 11월 20일 18시,수요일,대구광역시 동구 신암동,경상사고,0,0,3,0,차대차 - 추돌,안전운전불이행,건조,맑음,단일로 - 기타,화물,남,43세,상해없음,승용,남,66세,경상
2019112000100633,2019년 11월 20일 18시,수요일,대구광역시 달서구 상인동,중상사고,0,1,0,0,차대차 - 측면충돌,안전운전불이행,건조,맑음,교차로 - 교차로안,승용,남,44세,상해없음,이륜,남,26세,중상
2019112000100634,2019년 11월 20일 18시,수요일,대구광역시 달서구 상인동,중상사고,0,1,0,0,차대차 - 측면충돌,직진우회전진행방해,건조,맑음,교차로 - 교차로안,승용,여,60세,상해없음,이륜,남,20세,중상
2019112000100635,2019년 11월 20일 18시,수요일,대구광역시 달서구 두류동,경상사고,0,0,1,0,차대차 - 측면충돌,안전운전불이행,건조,맑음,교차로 - 교차로안,승용,남,62세,상해없음,이륜,남,27세,경상
2019112000100687,2019년 11월 20일 19시,수요일,대구광역시 남구 대명동,경상사고,0,0,1,0,차대차 - 측면충돌,안전운전불이행,건조,맑음,단일로 - 기타,화물,남,66세,상해없음,승용,남,65세,상해없음
2019112000100688,2019년 11월 20일 19시,수요일,대구광역시 수성구 황금동,중상사고,0,1,0,0,차대사람 - 보도통행중,기타,건조,맑음,단일로 - 기타,이륜,남,58세,상해없음,보행자,여,66세,중상
2019112000100689,2019년 11월 20일 19시,수요일,대구광역시 달성군 가창면,경상사고,0,0,2,0,차대차 - 추돌,안전거리미확보,건조,맑음,단일로 - 기타,승용,여,25세,경상,승용,남,58세,상해없음
2019112000100690,2019년 11월 20일 19시,수요일,대구광역시 달서구 두류동,중상사고,0,1,0,0,차대차 - 추돌,안전운전불이행,건조,맑음,교차로 - 교차로안,승용,남,51세,상해없음,이륜,남,28세,중상
2019112000100691,2019년 11월 20일 19시,수요일,대구광역시 북구 동변동,부상신고사고,0,0,0,1,차대사람 - 횡단중,안전운전불이행,건조,맑음,교차로 - 교차로안,승용,남,19세,기타불명,보행자,남,10세,부상신고
2019112000100716,2019년 11월 20일 20시,수요일,대구광역시 수성구 수성동2가,중상사고,0,1,0,0,차대차 - 측면충돌,신호위반,건조,맑음,교차로 - 교차로부근,이륜,남,23세,중상,승용,여,57세,상해없음
2019112000100717,2019년 11월 20일 20시,수요일,대구광역시 수성구 두산동,경상사고,0,0,1,0,차대차 - 측면충돌,안전운전불이행,건조,맑음,단일로 - 기타,승용,여,42세,상해없음,승용,남,31세,경상
2019112000100718,2019년 11월 20일 20시,수요일,대구광역시 서구 상리동,경상사고,0,0,1,0,차대차 - 측면충돌,안전거리미확보,건조,맑음,단일로 - 기타,화물,남,51세,상해없음,승용,여,35세,경상
2019112000100742,2019년 11월 20일 21시,수요일,대구광역시 북구 침산동,경상사고,0,0,3,0,차대차 - 기타,안전거리미확보,건조,맑음,교차로 - 교차로부근,승용,여,51세,경상,승용,남,22세,경상
2019112000100792,2019년 11월 20일 23시,수요일,대구광역시 동구 효목동,중상사고,0,1,0,0,차대차 - 측면충돌,안전운전불이행,건조,맑음,기타 - 기타,이륜,남,38세,상해없음,이륜,남,56세,중상
2019112100100039,2019년 11월 21일 01시,목요일,대구광역시 달서구 본동,경상사고,0,0,1,0,차대차 - 추돌,안전운전불이행,건조,맑음,교차로 - 교차로부근,승용,남,29세,상해없음,승용,남,69세,경상
2019112100100055,2019년 11월 21일 03시,목요일,대구광역시 동구 신천동,경상사고,0,0,1,0,차대차 - 정면충돌,안전운전불이행,건조,맑음,단일로 - 기타,승용,남,68세,상해없음,승용,남,28세,경상
2019112100100067,2019년 11월 21일 05시,목요일,대구광역시 동구 도동,중상사고,0,1,1,0,차대차 - 추돌,안전운전불이행,건조,맑음,단일로 - 기타,승용,남,55세,상해없음,화물,남,66세,중상
2019112100100087,2019년 11월 21일 06시,목요일,대구광역시 수성구 시지동,경상사고,0,0,2,0,차대차 - 추돌,안전운전불이행,건조,맑음,단일로 - 기타,승용,남,30세,상해없음,승용,남,60세,경상
2019112100100088,2019년 11월 21일 06시,목요일,대구광역시 달서구 월성동,중상사고,0,1,0,0,차대차 - 측면충돌,안전거리미확보,건조,맑음,단일로 - 기타,승용,남,74세,상해없음,승용,남,28세,중상
2019112100100089,2019년 11월 21일 06시,목요일,대구광역시 서구 평리동,경상사고,0,0,1,0,차대사람 - 횡단중,신호위반,건조,맑음,교차로 - 교차로안,승용,남,54세,상해없음,보행자,남,48세,경상
2019112100100114,2019년 11월 21일 07시,목요일,대구광역시 서구 평리동,중상사고,0,1,0,0,차대차 - 측면충돌,안전운전불이행,건조,맑음,교차로 - 교차로부근,승용,남,25세,상해없음,이륜,남,26세,중상
2019112100100115,2019년 11월 21일 07시,목요일,대구광역시 달서구 신당동,중상사고,0,1,0,0,차대차 - 기타,안전운전불이행,건조,맑음,교차로 - 교차로횡단보도내,승용,남,57세,상해없음,자전거,여,54세,중상
2019112100100160,2019년 11월 21일 08시,목요일,대구광역시 남구 봉덕동,경상사고,0,0,2,0,차대차 - 측면충돌,차로위반,건조,맑음,단일로 - 고가도로위,건설기계,남,34세,상해없음,승용,여,60세,경상
2019112100100161,2019년 11월 21일 08시,목요일,대구광역시 서구 이현동,부상신고사고,0,0,0,1,차대차 - 기타,안전운전불이행,건조,맑음,교차로 - 교차로안,승용,여,60세,부상신고,승용,여,37세,상해없음
2019112100100162,2019년 11월 21일 08시,목요일,대구광역시 달서구 용산동,경상사고,0,0,1,0,차대사람 - 횡단중,안전운전불이행,건조,맑음,단일로 - 기타,화물,남,46세,상해없음,보행자,남,20세,경상
2019112100100207,2019년 11월 21일 09시,목요일,대구광역시 달서구 죽전동,경상사고,0,0,1,0,차대차 - 측면충돌,안전운전불이행,건조,맑음,단일로 - 기타,승합,남,63세,상해없음,특수,남,52세,경상
2019112100100208,2019년 11월 21일 09시,목요일,대구광역시 북구 국우동,경상사고,0,0,1,1,차대차 - 측면충돌,안전거리미확보,건조,맑음,단일로 - 기타,건설기계,남,51세,상해없음,승용,남,29세,경상
2019112100100233,2019년 11월 21일 10시,목요일,대구광역시 남구 대명동,중상사고,0,1,0,0,차대사람 - 기타,안전운전불이행,건조,맑음,단일로 - 기타,화물,남,54세,상해없음,보행자,남,30세,중상
2019112100100234,2019년 11월 21일 10시,목요일,대구광역시 수성구 시지동,경상사고,0,0,2,0,차대차 - 추돌,안전운전불이행,건조,맑음,단일로 - 기타,승용,남,60세,상해없음,승용,여,45세,경상
2019112100100235,2019년 11월 21일 10시,목요일,대구광역시 달서구 본리동,경상사고,0,0,1,1,차대차 - 기타,교차로운행방법위반,건조,맑음,교차로 - 교차로안,승용,남,24세,부상신고,승용,남,51세,경상
2019112100100236,2019년 11월 21일 10시,목요일,대구광역시 달서구 이곡동,경상사고,0,0,1,1,차대차 - 기타,교차로운행방법위반,건조,맑음,교차로 - 교차로부근,승용,여,72세,부상신고,승용,여,55세,경상
2019112100100237,2019년 11월 21일 10시,목요일,대구광역시 달서구 감삼동,경상사고,0,0,1,0,차대차 - 측면충돌,차로위반,건조,맑음,단일로 - 기타,화물,남,39세,상해없음,승용,남,39세,경상
2019112100100275,2019년 11월 21일 11시,목요일,대구광역시 수성구 신매동,경상사고,0,0,1,0,차대차 - 측면충돌,안전운전불이행,건조,맑음,교차로 - 교차로부근,승용,여,54세,경상,승용,여,56세,상해없음
2019112100100302,2019년 11월 21일 12시,목요일,대구광역시 중구 남산동,중상사고,0,1,0,0,차대차 - 추돌,안전운전불이행,건조,맑음,교차로 - 교차로안,화물,남,28세,상해없음,이륜,남,26세,중상
2019112100100350,2019년 11월 21일 13시,목요일,대구광역시 수성구 범어동,중상사고,0,1,0,0,차대사람 - 횡단중,신호위반,건조,맑음,단일로 - 기타,승용,남,66세,상해없음,보행자,남,18세,중상
2019112100100351,2019년 11월 21일 13시,목요일,대구광역시 수성구 중동,경상사고,0,0,1,0,차대차 - 추돌,안전운전불이행,건조,맑음,단일로 - 기타,승용,여,54세,상해없음,승용,남,25세,경상