사고번호,사고일시,요일,시군구,사고내용,사망자수,중상자수,경상자수,부상신고자수,사고유형,법규위반,노면상태,기상상태,도로형태,가해운전자 차종,가해운전자 성별,가해운전자 연령,가해운전자 상해정도,피해운전자 차종,피해운전자 성별,피해운전자 연령,피해운전자 상해정도
2019112400100182,2019년 11월 24일 11시,일요일,대구광역시 달서구 상인동,경상사고,0,0,1,0,차대차 - 측면충돌,안전거리미확보,건조,맑음,단일로 - 기타,승용,여,54세,상해없음,이륜,남,19세,경상
2019112400100205,2019년 11월 24일 12시,일요일,대구광역시 달서구 두류동,경상사고,0,0,2,0,차대차 - 추돌,안전운전불이행,건조,맑음,단일로 - 기타,화물,남,26세,상해없음,승용,남,65세,경상
2019112400100228,2019년 11월 24일 13시,일요일,대구광역시 수성구 만촌동,경상사고,0,0,1,0,차대차 - 측면충돌,직진우회전진행방해,건조,맑음,교차로 - 교차로안,승용,여,64세,상해없음,이륜,남,17세,경상
2019112400100229,2019년 11월 24일 13시,일요일,대구광역시 달서구 진천동,중상사고,0,1,0,0,차대사람 - 횡단중,안전운전불이행,건조,맑음,단일로 - 기타,승용,여,63세,상해없음,보행자,여,48세,중상
2019112400100230,2019년 11월 24일 13시,일요일,대구광역시 달서구 도원동,경상사고,0,0,1,0,차량단독 - 기타,기타,건조,맑음,단일로 - 기타,승합,남,54세,상해없음,,,,
2019112400100231,2019년 11월 24일 13시,일요일,대구광역시 서구 내당동,경상사고,0,0,1,0,차대차 - 측면충돌,안전운전불이행,건조,맑음,교차로 - 교차로부근,이륜,남,74세,경상,승용,남,50세,상해없음
2019112400100257,2019년 11월 24일 14시,일요일,대구광역시 남구 대명동,중상사고,0,1,0,0,차대사람 - 횡단중,보행자보호의무위반,건조,맑음,단일로 - 지하차도(도로)내,승용,남,67세,상해없음,보행자,남,66세,중상
2019112400100258,2019년 11월 24일 14시,일요일,대구광역시 동구 지묘동,경상사고,0,0,1,0,차대차 - 측면충돌,안전운전불이행,건조,맑음,교차로 - 교차로안,승용,남,53세,상해없음,승용,남,70세,경상
2019112400100259,2019년 11월 24일 14시,일요일,대구광역시 동구 효목동,경상사고,0,0,3,0,차대차 - 추돌,안전거리미확보,건조,맑음,교차로 - 교차로안,승용,여,26세,상해없음,승용,여,23세,경상
2019112400100287,2019년 11월 24일 15시,일요일,대구광역시 동구 신천동,중상사고,0,1,0,0,차대차 - 측면충돌,차로위반,건조,맑음,단일로 - 기타,승용,여,28세,상해없음,승용,여,40세,중상
2019112400100288,2019년 11월 24일 15시,일요일,대구광역시 수성구 두산동,경상사고,0,0,1,0,차대차 - 기타,안전거리미확보,건조,맑음,교차로 - 교차로횡단보도내,승용,남,61세,상해없음,승합,남,58세,상해없음
2019112400100289,2019년 11월 24일 15시,일요일,대구광역시 달성군 다사읍,중상사고,0,1,0,0,차대차 - 기타,안전운전불이행,건조,맑음,기타 - 기타,승용,남,26세,기타불명,이륜,남,31세,중상
2019112400100326,2019년 11월 24일 16시,일요일,대구광역시 수성구 수성동4가,중상사고,0,1,1,0,차대차 - 측면충돌,안전운전불이행,건조,맑음,단일로 - 기타,이륜,남,44세,중상,승용,남,77세,경상
2019112400100373,2019년 11월 24일 17시,일요일,대구광역시 동구 신천동,경상사고,0,0,1,0,차대차 - 추돌,안전운전불이행,건조,맑음,교차로 - 교차로부근,승용,남,61세,상해없음,승용,여,39세,경상
2019112400100374,2019년 11월 24일 17시,일요일,대구광역시 수성구 가천동,경상사고,0,0,1,0,차대차 - 추돌,안전거리미확보,건조,맑음,단일로 - 기타,승용,여,48세,상해없음,승용,남,69세,경상
2019112400100375,2019년 11월 24일 17시,일요일,대구광역시 수성구 만촌동,경상사고,0,0,2,0,차대차 - 측면충돌,차로위반,건조,맑음,단일로 - 기타,승용,여,46세,상해없음,승용,남,60세,경상
2019112400100376,2019년 11월 24일 17시,일요일,대구광역시 북구 침산동,중상사고,0,1,1,0,차대차 - 추돌,안전운전불이행,건조,맑음,단일로 - 기타,이륜,남,44세,중상,승용,남,31세,경상
2019112400100377,2019년 11월 24일 17시,일요일,대구광역시 중구 태평로3가,경상사고,0,0,1,0,차대차 - 기타,안전운전불이행,건조,맑음,단일로 - 기타,자전거,남,61세,경상,승용,여,43세,상해없음
2019112400100378,2019년 11월 24일 17시,일요일,대구광역시 달서구 두류동,중상사고,0,1,0,0,차대차 - 측면충돌,안전운전불이행,건조,맑음,단일로 - 기타,승용,여,44세,상해없음,이륜,남,55세,중상
2019112400100427,2019년 11월 24일 18시,일요일,대구광역시 남구 이천동,경상사고,0,0,1,0,차대사람 - 횡단중,보행자보호의무위반,건조,맑음,단일로 - 기타,승용,여,42세,상해없음,보행자,여,65세,경상
2019112400100428,2019년 11월 24일 18시,일요일,대구광역시 동구 지묘동,경상사고,0,0,1,1,차대차 - 측면충돌,신호위반,건조,맑음,교차로 - 교차로안,승용,남,73세,부상신고,승용,남,27세,경상
2019112400100429,2019년 11월 24일 18시,일요일,대구광역시 달서구 진천동,경상사고,0,0,1,0,차대차 - 측면충돌,교차로운행방법위반,건조,맑음,교차로 - 교차로안,승용,여,56세,상해없음,이륜,남,47세,경상
2019112400100430,2019년 11월 24일 18시,일요일,대구광역시 달성군 다사읍,경상사고,0,0,4,0,차대차 - 기타,안전운전불이행,건조,맑음,단일로 - 기타,화물,남,56세,경상,승용,여,27세,경상
2019112400100474,2019년 11월 24일 19시,일요일,대구광역시 달서구 대천동,경상사고,0,0,4,0,차대차 - 추돌,안전거리미확보,건조,맑음,교차로 - 교차로부근,승용,여,50세,상해없음,승용,여,52세,경상
2019112400100475,2019년 11월 24일 19시,일요일,대구광역시 서구 내당동,경상사고,0,0,1,1,차대차 - 측면충돌,안전운전불이행,건조,맑음,단일로 - 기타,이륜,남,37세,부상신고,이륜,남,18세,경상
2019112400100476,2019년 11월 24일 19시,일요일,대구광역시 중구 남산동,경상사고,0,0,1,0,차대차 - 측면충돌,불법유턴,건조,맑음,단일로 - 기타,자전거,남,68세,경상,승용,여,50세,상해없음
2019112400100503,2019년 11월 24일 20시,일요일,대구광역시 수성구 범어동,중상사고,0,1,0,0,차대차 - 측면충돌,안전거리미확보,건조,맑음,단일로 - 기타,승용,남,50세,상해없음,승용,남,25세,중상
2019112400100526,2019년 11월 24일 21시,일요일,대구광역시 남구 대명동,경상사고,0,0,1,0,차대차 - 측면충돌,신호위반,건조,맑음,교차로 - 교차로안,화물,남,37세,상해없음,승용,남,67세,경상
2019112400100527,2019년 11월 24일 21시,일요일,대구광역시 수성구 지산동,경상사고,0,0,1,0,차대차 - 측면충돌,직진우회전진행방해,건조,맑음,교차로 - 교차로안,승용,남,36세,상해없음,이륜,남,65세,경상
2019112500100044,2019년 11월 25일 01시,월요일,대구광역시 달서구 대천동,중상사고,0,1,2,0,차대차 - 추돌,안전운전불이행,건조,맑음,단일로 - 기타,승용,남,35세,상해없음,화물,남,41세,경상
2019112500100065,2019년 11월 25일 05시,월요일,대구광역시 북구 산격동,부상신고사고,0,0,0,1,차대사람 - 횡단중,안전운전불이행,건조,맑음,단일로 - 기타,승용,남,59세,상해없음,보행자,남,68세,부상신고
2019112500100081,2019년 11월 25일 06시,월요일,대구광역시 동구 방촌동,경상사고,0,0,2,0,차대차 - 기타,안전운전불이행,건조,맑음,교차로 - 교차로안,승용,남,66세,경상,승용,여,39세,경상
2019112500100082,2019년 11월 25일 06시,월요일,대구광역시 수성구 중동,중상사고,0,1,0,0,차대사람 - 횡단중,신호위반,건조,맑음,단일로 - 기타,승용,남,70세,상해없음,보행자,여,58세,중상
2019112500100083,2019년 11월 25일 06시,월요일,대구광역시 달서구 용산동,경상사고,0,0,1,0,차대차 - 측면충돌,신호위반,건조,맑음,교차로 - 교차로안,이륜,남,53세,경상,승용,여,62세,상해없음
2019112500100112,2019년 11월 25일 07시,월요일,대구광역시 수성구 신매동,중상사고,0,1,0,0,차대차 - 추돌,안전거리미확보,건조,맑음,기타 - 기타,승합,남,41세,상해없음,승용,남,67세,중상
2019112500100113,2019년 11월 25일 07시,월요일,대구광역시 수성구 신매동,중상사고,0,1,0,0,차대사람 - 횡단중,안전운전불이행,건조,맑음,단일로 - 기타,승용,여,52세,상해없음,보행자,남,17세,중상
2019112500100114,2019년 11월 25일 07시,월요일,대구광역시 수성구 대흥동,경상사고,0,0,1,0,차대차 - 추돌,안전운전불이행,건조,맑음,교차로 - 교차로부근,화물,남,31세,상해없음,승용,남,27세,경상
2019112500100115,2019년 11월 25일 07시,월요일,대구광역시 달서구 월암동,경상사고,0,0,2,0,차대차 - 측면충돌,안전거리미확보,건조,맑음,단일로 - 기타,승용,남,27세,상해없음,승용,남,30세,경상
2019112500100116,2019년 11월 25일 07시,월요일,대구광역시 달서구 장동,경상사고,0,0,1,0,차대차 - 측면충돌,안전거리미확보,건조,맑음,단일로 - 기타,승용,남,74세,상해없음,승용,남,67세,경상
2019112500100148,2019년 11월 25일 08시,월요일,대구광역시 수성구 범어동,경상사고,0,0,2,0,차대차 - 추돌,안전운전불이행,건조,맑음,교차로 - 교차로부근,승용,남,65세,기타불명,승용,남,42세,경상
2019112500100149,2019년 11월 25일 08시,월요일,대구광역시 달성군 논공읍,부상신고사고,0,0,0,1,차대차 - 기타,안전운전불이행,건조,맑음,단일로 - 기타,자전거,남,30세,부상신고,승용,여,51세,상해없음
2019112500100150,2019년 11월 25일 08시,월요일,대구광역시 달서구 이곡동,경상사고,0,0,2,0,차대차 - 기타,안전거리미확보,건조,맑음,단일로 - 기타,승용,여,51세,상해없음,이륜,남,18세,경상
2019112500100151,2019년 11월 25일 08시,월요일,대구광역시 달서구 용산동,경상사고,0,0,1,0,차대차 - 측면충돌,안전거리미확보,건조,맑음,단일로 - 기타,승용,여,59세,상해없음,승용,남,47세,경상
2019112500100152,2019년 11월 25일 08시,월요일,대구광역시 달서구 용산동,경상사고,0,0,1,0,차대차 - 측면충돌,안전거리미확보,건조,맑음,교차로 - 교차로부근,승용,여,28세,상해없음,승용,여,38세,경상
2019112500100153,2019년 11월 25일 08시,월요일,대구광역시 북구 국우동,중상사고,0,1,0,0,차대차 - 추돌,안전운전불이행,건조,맑음,단일로 - 기타,승용,남,26세,상해없음,승용,여,37세,중상
2019112500100197,2019년 11월 25일 09시,월요일,대구광역시 동구 신기동,중상사고,0,1,0,0,차대차 - 기타,신호위반,건조,맑음,교차로 - 교차로안,승용,남,82세,상해없음,자전거,남,40세,중상
2019112500100198,2019년 11월 25일 09시,월요일,대구광역시 서구 비산동,중상사고,0,1,0,0,차대차 - 측면충돌,안전운전불이행,건조,맑음,단일로 - 기타,승용,여,37세,상해없음,자전거,남,81세,중상
2019112500100235,2019년 11월 25일 10시,월요일,대구광역시 북구 칠성동2가,중상사고,0,1,0,0,차대사람 - 차도통행중,안전운전불이행,건조,맑음,교차로 - 교차로안,승용,여,57세,상해없음,보행자,여,80세,중상
2019112500100236,2019년 11월 25일 10시,월요일,대구광역시 서구 비산동,경상사고,0,0,1,1,차대차 - 추돌,안전운전불이행,건조,맑음,단일로 - 기타,승용,남,66세,부상신고,승용,남,33세,경상
2019112500100237,2019년 11월 25일 10시,월요일,대구광역시 서구 내당동,경상사고,0,0,1,0,차대차 - 측면충돌,교차로운행방법위반,건조,맑음,교차로 - 교차로안,승용,남,54세,상해없음,승용,남,26세,경상
2019112500100238,2019년 11월 25일 10시,월요일,대구광역시 중구 태평로1가,경상사고,0,0,1,0,차대차 - 추돌,안전거리미확보,건조,맑음,교차로 - 교차로횡단보도내,화물,남,57세,상해없음,이륜,남,25세,경상
2019112500100259,2019년 11월 25일 11시,월요일,대구광역시 달성군 옥포읍,사망사고,1,0,0,0,차량단독 - 전도전복 - 전도,안전운전불이행,건조,맑음,단일로 - 기타,화물,남,43세,사망,,,,
2019112500100262,2019년 11월 25일 11시,월요일,대구광역시 동구 신천동,중상사고,0,1,0,0,차대차 - 기타,안전운전불이행,건조,맑음,단일로 - 기타,승용,남,47세,상해없음,자전거,여,70세,중상
2019112500100263,2019년 11월 25일 11시,월요일,대구광역시 북구 매천동,경상사고,0,0,2,0,차대차 - 측면충돌,신호위반,건조,맑음,교차로 - 교차로안,화물,남,41세,경상,승용,남,41세,경상
2019112500100264,2019년 11월 25일 11시,월요일,대구광역시 북구 서변동,경상사고,0,0,1,0,차대차 - 측면충돌,안전거리미확보,건조,맑음,단일로 - 기타,승용,남,47세,상해없음,승용,남,49세,경상
2019112500100282,2019년 11월 25일 12시,월요일,대구광역시 달성군 현풍읍,경상사고,0,0,1,0,차대사람 - 기타,안전운전불이행,건조,맑음,단일로 - 기타,승용,남,67세,상해없음,보행자,여,36세,경상
2019112500100283,2019년 11월 25일 12시,월요일,대구광역시 중구 대신동,경상사고,0,0,1,0,차대차 - 측면충돌,안전운전불이행,건조,맑음,단일로 - 기타,승용,남,63세,상해없음,승용,여,54세,경상
2019112500100320,2019년 11월 25일 13시,월요일,대구광역시 수성구 지산동,중상사고,0,1,0,0,차대사람 - 횡단중,안전운전불이행,건조,맑음,교차로 - 교차로안,화물,남,58세,상해없음,보행자,여,60세,중상
2019112500100321,2019년 11월 25일 13시,월요일,대구광역시 북구 침산동,경상사고,0,0,1,0,차대사람 - 횡단중,보행자보호의무위반,건조,맑음,교차로 - 교차로횡단보도내,승용,여,71세,상해없음,보행자,여,9세,경상
2019112500100349,2019년 11월 25일 14시,월요일,대구광역시 동구 신서동,경상사고,0,0,1,0,차대차 - 기타,안전거리미확보,건조,맑음,단일로 - 기타,승용,남,84세,상해없음,화물,남,23세,경상
2019112500100350,2019년 11월 25일 14시,월요일,대구광역시 달서구 상인동,중상사고,0,1,1,0,차대차 - 정면충돌,중앙선침범,건조,맑음,교차로 - 교차로부근,승용,남,73세,상해없음,승용,남,70세,중상
2019112500100351,2019년 11월 25일 14시,월요일,대구광역시 달서구 송현동,경상사고,0,0,1,0,차대차 - 측면충돌,안전거리미확보,건조,맑음,단일로 - 기타,승용,남,75세,상해없음,이륜,남,41세,경상
2019112500100384,2019년 11월 25일 15시,월요일,대구광역시 남구 대명동,경상사고,0,0,3,0,차대차 - 추돌,안전운전불이행,건조,맑음,단일로 - 기타,승용,남,35세,경상,원동기,남,72세,경상
2019112500100385,2019년 11월 25일 15시,월요일,대구광역시 서구 평리동,경상사고,0,0,1,0,차대차 - 기타,안전운전불이행,건조,맑음,단일로 - 기타,이륜,남,39세,경상,승용,여,53세,상해없음
2019112500100386,2019년 11월 25일 15시,월요일,대구광역시 달서구 감삼동,경상사고,0,0,1,0,차대차 - 측면충돌,안전운전불이행,건조,맑음,교차로 - 교차로안,승용,여,28세,상해없음,승용,여,57세,경상
2019112500100423,2019년 11월 25일 16시,월요일,대구광역시 동구 불로동,중상사고,0,1,0,0,차대차 - 측면충돌,안전운전불이행,건조,맑음,단일로 - 기타,건설기계,남,48세,상해없음,자전거,여,47세,중상
2019112500100424,2019년 11월 25일 16시,월요일,대구광역시 서구 평리동,경상사고,0,0,2,0,차대차 - 측면충돌,안전운전불이행,건조,맑음,단일로 - 기타,승용,여,32세,상해없음,승용,여,18세,경상
2019112500100425,2019년 11월 25일 16시,월요일,대구광역시 중구 대신동,경상사고,0,0,1,0,차대차 - 측면충돌,안전거리미확보,건조,맑음,단일로 - 기타,승용,남,28세,상해없음,화물,여,48세,경상
2019112500100477,2019년 11월 25일 17시,월요일,대구광역시 수성구 신매동,경상사고,0,0,4,0,차대차 - 측면충돌,안전운전불이행,건조,맑음,교차로 - 교차로안,승용,여,52세,상해없음,승합,남,59세,경상
2019112500100478,2019년 11월 25일 17시,월요일,대구광역시 달서구 본동,경상사고,0,0,1,0,차대사람 - 횡단중,신호위반,건조,맑음,교차로 - 교차로안,기타불명,기타불명,미분류,기타불명,보행자,남,70세,경상
2019112500100479,2019년 11월 25일 17시,월요일,대구광역시 달서구 이곡동,경상사고,0,0,1,0,차대차 - 측면충돌,교차로운행방법위반,건조,맑음,교차로 - 교차로안,승용,남,46세,상해없음,승용,여,57세,경상
2019112500100480,2019년 11월 25일 17시,월요일,대구광역시 달서구 감삼동,부상신고사고,0,0,0,1,차대차 - 기타,안전거리미확보,건조,맑음,단일로 - 기타,기타불명,기타불명,미분류,기타불명,승합,남,56세,상해없음
2019112500100544,2019년 11월 25일 18시,월요일,대구광역시 동구 용계동,중상사고,0,1,0,0,차대차 - 기타,안전거리미확보,건조,맑음,단일로 - 기타,승용,여,45세,중상,승용,남,59세,상해없음
2019112500100545,2019년 11월 25일 18시,월요일,대구광역시 수성구 만촌동,중상사고,0,1,1,1,차대차 - 추돌,안전운전불이행,건조,맑음,단일로 - 기타,승용,남,51세,상해없음,승용,남,61세,중상
2019112500100546,2019년 11월 25일 18시,월요일,대구광역시 달서구 상인동,경상사고,0,0,1,0,차대차 - 기타,차로위반,건조,맑음,단일로 - 기타,승용,여,59세,상해없음,승용,남,39세,상해없음
2019112500100547,2019년 11월 25일 18시,월요일,대구광역시 달성군 옥포읍,중상사고,0,1,3,0,차대차 - 추돌,안전운전불이행,건조,맑음,단일로 - 기타,화물,남,32세,중상,승합,남,46세,경상
2019112500100548,2019년 11월 25일 18시,월요일,대구광역시 달서구 신당동,부상신고사고,0,0,0,1,차대차 - 추돌,안전거리미확보,건조,맑음,교차로 - 교차로부근,이륜,남,21세,부상신고,화물,남,51세,상해없음
2019112500100549,2019년 11월 25일 18시,월요일,대구광역시 북구 태전동,경상사고,0,0,1,0,차대차 - 기타,교차로운행방법위반,건조,맑음,교차로 - 교차로안,승용,남,56세,상해없음,이륜,남,24세,경상
2019112500100550,2019년 11월 25일 18시,월요일,대구광역시 북구 구암동,중상사고,0,1,0,0,차대차 - 기타,신호위반,건조,맑음,교차로 - 교차로횡단보도내,이륜,남,42세,상해없음,이륜,남,62세,중상
2019112500100600,2019년 11월 25일 19시,월요일,대구광역시 수성구 대흥동,중상사고,0,1,6,0,차대차 - 추돌,안전운전불이행,건조,맑음,단일로 - 기타,승합,남,43세,상해없음,화물,남,45세,중상
2019112500100601,2019년 11월 25일 19시,월요일,대구광역시 달서구 대천동,경상사고,0,0,1,0,차대차 - 측면충돌,안전운전불이행,건조,맑음,단일로 - 기타,승용,남,21세,상해없음,승용,남,45세,경상
2019112500100602,2019년 11월 25일 19시,월요일,대구광역시 달서구 송현동,경상사고,0,0,1,0,차대차 - 기타,안전운전불이행,건조,맑음,단일로 - 기타,승용,여,60세,상해없음,이륜,남,31세,경상
2019112500100603,2019년 11월 25일 19시,월요일,대구광역시 달성군 다사읍,중상사고,0,2,0,0,차대사람 - 횡단중,보행자보호의무위반,건조,맑음,교차로 - 교차로횡단보도내,승용,남,64세,상해없음,보행자,남,70세,중상
2019112500100604,2019년 11월 25일 19시,월요일,대구광역시 서구 비산동,경상사고,0,0,1,0,차대사람 - 기타,안전운전불이행,건조,맑음,단일로 - 기타,이륜,여,28세,상해없음,보행자,여,55세,경상
2019112500100605,2019년 11월 25일 19시,월요일,대구광역시 서구 평리동,경상사고,0,0,1,0,차대차 - 기타,불법유턴,건조,맑음,교차로 - 교차로부근,승용,여,57세,상해없음,이륜,여,41세,경상
2019112500100606,2019년 11월 25일 19시,월요일,대구광역시 북구 금호동,경상사고,0,0,1,0,차대차 - 추돌,안전운전불이행,건조,맑음,단일로 - 기타,승용,남,67세,상해없음,승용,남,39세,경상
2019112500100637,2019년 11월 25일 20시,월요일,대구광역시 남구 대명동,중상사고,0,1,0,0,차대차 - 측면충돌,안전운전불이행,건조,맑음,교차로 - 교차로안,승용,남,22세,상해없음,이륜,남,21세,중상
2019112500100638,2019년 11월 25일 20시,월요일,대구광역시 북구 검단동,경상사고,0,0,1,0,차대차 - 추돌,안전운전불이행,건조,맑음,교차로 - 교차로부근,승용,남,21세,상해없음,승용,여,37세,경상
2019112500100639,2019년 11월 25일 20시,월요일,대구광역시 중구 남산동,중상사고,0,1,0,0,차량단독 - 기타,기타,건조,맑음,교차로 - 교차로안,승합,기타불명,미분류,기타불명,,,,
2019112500100667,2019년 11월 25일 21시,월요일,대구광역시 동구 신천동,중상사고,0,1,0,0,차대사람 - 횡단중,안전운전불이행,건조,맑음,교차로 - 교차로부근,승용,남,51세,상해없음,보행자,여,69세,중상
2019112500100668,2019년 11월 25일 21시,월요일,대구광역시 북구 대현동,경상사고,0,0,1,0,차대차 - 측면충돌,안전거리미확보,건조,맑음,단일로 - 교량,승용,남,40세,상해없음,승용,남,19세,경상
2019112500100669,2019년 11월 25일 21시,월요일,대구광역시 북구 서변동,경상사고,0,0,1,0,차대차 - 측면충돌,안전거리미확보,건조,맑음,교차로 - 교차로부근,승용,남,57세,상해없음,승용,남,38세,경상
2019112500100708,2019년 11월 25일 23시,월요일,대구광역시 달서구 이곡동,중상사고,0,1,0,0,차대차 - 측면충돌,신호위반,건조,맑음,교차로 - 교차로안,승용,여,62세,상해없음,승용,남,54세,중상
2019112600100066,2019년 11월 26일 02시,화요일,대구광역시 달성군 다사읍,경상사고,0,0,1,0,차대차 - 기타,신호위반,건조,맑음,교차로 - 교차로안,승용,남,40세,상해없음,승용,남,23세,경상
2019112600100067,2019년 11월 26일 02시,화요일,대구광역시 중구 수창동,부상신고사고,0,0,0,1,차대차 - 기타,안전운전불이행,건조,맑음,기타 - 기타,이륜,남,46세,상해없음,자전거,남,78세,부상신고
2019112600100101,2019년 11월 26일 06시,화요일,대구광역시 달성군 다사읍,경상사고,0,0,1,0,차대차 - 기타,안전운전불이행,건조,맑음,교차로 - 교차로안,승용,남,63세,상해없음,승용,남,62세,경상
2019112600100102,2019년 11월 26일 06시,화요일,대구광역시 북구 산격동,중상사고,0,1,0,0,차대사람 - 차도통행중,안전운전불이행,건조,맑음,단일로 - 기타,승용,남,54세,상해없음,보행자,남,66세,중상
2019112600100103,2019년 11월 26일 06시,화요일,대구광역시 중구 전동,중상사고,0,1,0,0,차대차 - 기타,안전운전불이행,건조,맑음,단일로 - 기타,기타불명,기타불명,미분류,기타불명,이륜,남,52세,중상
2019112600100162,2019년 11월 26일 08시,화요일,대구광역시 동구 율하동,경상사고,0,0,2,0,차대차 - 측면충돌,신호위반,건조,맑음,단일로 - 고가도로위,승용,남,75세,상해없음,승용,남,34세,경상
2019112600100163,2019년 11월 26일 08시,화요일,대구광역시 북구 산격동,경상사고,0,0,1,0,차대차 - 추돌,안전거리미확보,건조,맑음,단일로 - 기타,승용,남,45세,상해없음,승용,남,49세,경상
2019112600100164,2019년 11월 26일 08시,화요일,대구광역시 서구 비산동,중상사고,0,1,0,0,차대차 - 측면충돌,안전운전불이행,건조,맑음,단일로 - 기타,승용,여,60세,상해없음,자전거,남,82세,중상
2019112600100165,2019년 11월 26일 08시,화요일,대구광역시 북구 국우동,부상신고사고,0,0,0,1,차대사람 - 기타,안전운전불이행,건조,맑음,단일로 - 기타,승용,남,53세,상해없음,보행자,여,62세,부상신고
2019112600100193,2019년 11월 26일 09시,화요일,대구광역시 동구 봉무동,경상사고,0,0,1,0,차대차 - 측면충돌,안전운전불이행,건조,맑음,단일로 - 기타,승용,여,69세,상해없음,승용,여,52세,경상
2019112600100194,2019년 11월 26일 09시,화요일,대구광역시 달서구 상인동,부상신고사고,0,0,0,1,차대차 - 측면충돌,불법유턴,건조,맑음,교차로 - 교차로횡단보도내,개인형이동수단(PM),남,82세,부상신고,승용,여,35세,상해없음
2019112600100195,2019년 11월 26일 09시,화요일,대구광역시 서구 비산동,중상사고,0,1,2,0,차대사람 - 횡단중,신호위반,건조,맑음,교차로 - 교차로안,승용,남,80세,상해없음,보행자,여,53세,경상
2019112600100196,2019년 11월 26일 09시,화요일,대구광역시 서구 상리동,부상신고사고,0,0,0,1,차대차 - 측면충돌,안전거리미확보,건조,맑음,단일로 - 기타,화물,남,62세,상해없음,승용,여,57세,부상신고
2019112600100231,2019년 11월 26일 10시,화요일,대구광역시 남구 대명동,중상사고,0,1,0,0,차대차 - 기타,안전운전불이행,건조,맑음,교차로 - 교차로안,이륜,남,70세,상해없음,이륜,남,72세,중상
2019112600100232,2019년 11월 26일 10시,화요일,대구광역시 동구 입석동,경상사고,0,0,2,0,차대차 - 후진중충돌,안전운전불이행,건조,맑음,교차로 - 교차로안,화물,남,69세,상해없음,승용,남,34세,경상
2019112600100233,2019년 11월 26일 10시,화요일,대구광역시 북구 침산동,경상사고,0,0,1,0,차대차 - 추돌,안전운전불이행,건조,맑음,단일로 - 기타,승용,남,30세,상해없음,승용,여,47세,상해없음
2019112600100268,2019년 11월 26일 11시,화요일,대구광역시 남구 이천동,경상사고,0,0,3,0,차대차 - 측면충돌,안전운전불이행,건조,맑음,단일로 - 기타,승용,남,25세,경상,승용,남,73세,경상
2019112600100269,2019년 11월 26일 11시,화요일,대구광역시 수성구 만촌동,경상사고,0,0,1,0,차대차 - 측면충돌,안전운전불이행,건조,맑음,단일로 - 기타,승용,남,28세,상해없음,승용,여,40세,경상
2019112600100270,2019년 11월 26일 11시,화요일,대구광역시 달성군 화원읍,중상사고,0,1,1,0,차대차 - 기타,안전운전불이행,건조,맑음,교차로 - 교차로안,화물,남,54세,상해없음,승용,남,48세,중상
2019112600100339,2019년 11월 26일 13시,화요일,대구광역시 동구 괴전동,중상사고,0,1,0,0,차대차 - 기타,안전운전불이행,건조,맑음,단일로 - 기타,승합,남,61세,상해없음,원동기,남,34세,중상
2019112600100340,2019년 11월 26일 13시,화요일,대구광역시 동구 방촌동,경상사고,0,0,2,0,차대차 - 측면충돌,교차로운행방법위반,건조,맑음,단일로 - 기타,화물,남,32세,경상,승용,여,53세,경상
2019112600100341,2019년 11월 26일 13시,화요일,대구광역시 수성구 중동,경상사고,0,0,1,0,차대차 - 추돌,안전운전불이행,건조,맑음,교차로 - 교차로부근,건설기계,남,57세,상해없음,승용,여,41세,경상
2019112600100342,2019년 11월 26일 13시,화요일,대구광역시 서구 이현동,경상사고,0,0,2,0,차대차 - 측면충돌,안전운전불이행,건조,맑음,교차로 - 교차로부근,이륜,남,18세,상해없음,승용,남,29세,경상
2019112600100343,2019년 11월 26일 13시,화요일,대구광역시 중구 남산동,중상사고,0,1,0,0,차량단독 - 전도전복 - 전도,안전운전불이행,건조,맑음,교차로 - 교차로안,자전거,남,76세,중상,,,,
2019112600100367,2019년 11월 26일 14시,화요일,대구광역시 달서구 장기동,경상사고,0,0,3,0,차대차 - 기타,신호위반,건조,맑음,교차로 - 교차로안,승용,여,33세,경상,승용,남,50세,경상
2019112600100368,2019년 11월 26일 14시,화요일,대구광역시 달서구 장기동,부상신고사고,0,0,0,1,차대차 - 기타,안전운전불이행,건조,맑음,교차로 - 교차로안,이륜,남,23세,상해없음,승용,남,41세,상해없음
2019112600100369,2019년 11월 26일 14시,화요일,대구광역시 달서구 이곡동,경상사고,0,0,1,0,차대차 - 기타,안전운전불이행,건조,맑음,교차로 - 교차로안,승합,남,20세,상해없음,자전거,남,54세,경상
2019112600100370,2019년 11월 26일 14시,화요일,대구광역시 북구 읍내동,경상사고,0,0,1,0,차대차 - 기타,안전운전불이행,건조,맑음,단일로 - 기타,승용,여,51세,상해없음,이륜,남,44세,경상
2019112600100406,2019년 11월 26일 15시,화요일,대구광역시 동구 방촌동,경상사고,0,0,1,0,차대차 - 측면충돌,안전운전불이행,건조,맑음,단일로 - 기타,기타불명,기타불명,미분류,기타불명,자전거,여,44세,경상