사고번호,사고일시,요일,시군구,사고내용,사망자수,중상자수,경상자수,부상신고자수,사고유형,법규위반,노면상태,기상상태,도로형태,가해운전자 차종,가해운전자 성별,가해운전자 연령,가해운전자 상해정도,피해운전자 차종,피해운전자 성별,피해운전자 연령,피해운전자 상해정도
2019112600100407,2019년 11월 26일 15시,화요일,대구광역시 달성군 화원읍,중상사고,0,1,0,0,차대차 - 정면충돌,안전운전불이행,건조,맑음,단일로 - 기타,승용,남,40세,상해없음,이륜,남,44세,중상
2019112600100408,2019년 11월 26일 15시,화요일,대구광역시 중구 동인동2가,경상사고,0,0,3,2,차대차 - 측면충돌,안전운전불이행,건조,맑음,교차로 - 교차로부근,승용,남,61세,부상신고,승용,남,44세,경상
2019112600100454,2019년 11월 26일 16시,화요일,대구광역시 동구 신암동,경상사고,0,0,2,0,차대차 - 측면충돌,중앙선침범,건조,맑음,교차로 - 교차로부근,승용,여,66세,상해없음,승용,여,42세,경상
2019112600100455,2019년 11월 26일 16시,화요일,대구광역시 달서구 성당동,중상사고,0,1,0,0,차대사람 - 기타,안전운전불이행,건조,맑음,단일로 - 기타,승용,남,57세,상해없음,보행자,남,53세,중상
2019112600100498,2019년 11월 26일 17시,화요일,대구광역시 수성구 황금동,경상사고,0,0,1,0,차대차 - 추돌,안전운전불이행,건조,맑음,단일로 - 기타,승용,여,54세,상해없음,승용,남,27세,경상
2019112600100499,2019년 11월 26일 17시,화요일,대구광역시 북구 사수동,경상사고,0,0,1,0,차대차 - 측면충돌,교차로운행방법위반,건조,맑음,교차로 - 교차로안,승용,남,27세,상해없음,승용,여,55세,경상
2019112600100544,2019년 11월 26일 18시,화요일,대구광역시 북구 서변동,경상사고,0,0,1,0,차대차 - 측면충돌,안전운전불이행,건조,맑음,단일로 - 기타,화물,남,59세,상해없음,승용,남,46세,경상
2019112600100551,2019년 11월 26일 18시,화요일,대구광역시 동구 율하동,경상사고,0,0,1,0,차대차 - 후진중충돌,불법유턴,건조,맑음,단일로 - 기타,건설기계,남,32세,상해없음,승용,남,38세,경상
2019112600100552,2019년 11월 26일 18시,화요일,대구광역시 수성구 매호동,경상사고,0,0,2,0,차대차 - 측면충돌,직진우회전진행방해,건조,맑음,교차로 - 교차로안,승용,남,50세,상해없음,이륜,남,20세,경상
2019112600100553,2019년 11월 26일 18시,화요일,대구광역시 수성구 수성동1가,경상사고,0,0,1,0,차량단독 - 기타,안전운전불이행,건조,맑음,단일로 - 기타,승합,남,55세,상해없음,,,,
2019112600100554,2019년 11월 26일 18시,화요일,대구광역시 수성구 두산동,경상사고,0,0,1,0,차대차 - 측면충돌,안전운전불이행,건조,맑음,단일로 - 기타,화물,남,48세,상해없음,승용,남,33세,경상
2019112600100555,2019년 11월 26일 18시,화요일,대구광역시 달성군 옥포읍,중상사고,0,1,0,0,차대사람 - 기타,안전운전불이행,건조,맑음,단일로 - 기타,화물,남,67세,상해없음,보행자,남,69세,중상
2019112600100556,2019년 11월 26일 18시,화요일,대구광역시 서구 평리동,경상사고,0,0,1,0,차대사람 - 횡단중,신호위반,건조,맑음,단일로 - 기타,승용,여,39세,상해없음,보행자,남,7세,경상
2019112600100557,2019년 11월 26일 18시,화요일,대구광역시 달서구 신당동,경상사고,0,0,1,0,차대차 - 측면충돌,안전거리미확보,건조,흐림,단일로 - 기타,승용,여,67세,경상,화물,남,55세,상해없음
2019112600100558,2019년 11월 26일 18시,화요일,대구광역시 달서구 신당동,경상사고,0,0,1,0,차대차 - 추돌,안전운전불이행,건조,흐림,교차로 - 교차로안,승용,남,35세,상해없음,승용,여,28세,경상
2019112600100559,2019년 11월 26일 18시,화요일,대구광역시 북구 읍내동,중상사고,0,1,0,0,차대사람 - 횡단중,안전운전불이행,건조,맑음,기타 - 기타,승용,여,46세,상해없음,보행자,여,73세,중상
2019112600100598,2019년 11월 26일 19시,화요일,대구광역시 동구 도동,부상신고사고,0,0,0,1,차량단독 - 공작물충돌,안전운전불이행,건조,맑음,단일로 - 기타,승용,남,56세,부상신고,,,,
2019112600100599,2019년 11월 26일 19시,화요일,대구광역시 수성구 만촌동,경상사고,0,0,2,0,차대차 - 정면충돌,안전운전불이행,건조,맑음,교차로 - 교차로안,승용,남,42세,상해없음,승용,여,49세,경상
2019112600100635,2019년 11월 26일 20시,화요일,대구광역시 남구 대명동,경상사고,0,0,1,0,차대차 - 측면충돌,안전운전불이행,건조,맑음,단일로 - 기타,승용,여,45세,상해없음,이륜,남,30세,경상
2019112600100636,2019년 11월 26일 20시,화요일,대구광역시 동구 동호동,경상사고,0,0,1,0,차대차 - 기타,안전운전불이행,건조,맑음,단일로 - 기타,승용,여,58세,상해없음,승용,남,59세,경상
2019112600100672,2019년 11월 26일 21시,화요일,대구광역시 수성구 범물동,중상사고,0,1,1,0,차대차 - 정면충돌,신호위반,건조,맑음,교차로 - 교차로안,승용,여,49세,경상,승용,남,38세,중상
2019112600100698,2019년 11월 26일 22시,화요일,대구광역시 달서구 송현동,경상사고,0,0,1,0,차대사람 - 기타,기타,건조,맑음,단일로 - 기타,승용,남,69세,상해없음,보행자,남,58세,경상
2019112600100699,2019년 11월 26일 22시,화요일,대구광역시 서구 이현동,경상사고,0,0,2,1,차대차 - 측면충돌,안전거리미확보,건조,맑음,교차로 - 교차로부근,승용,남,50세,부상신고,승용,여,50세,경상
2019112700100052,2019년 11월 27일 02시,수요일,대구광역시 수성구 범물동,경상사고,0,0,1,0,차대사람 - 기타,안전운전불이행,건조,맑음,교차로 - 교차로부근,기타불명,기타불명,미분류,기타불명,보행자,남,25세,경상
2019112700100081,2019년 11월 27일 06시,수요일,대구광역시 동구 신천동,중상사고,0,1,0,0,차대차 - 추돌,안전운전불이행,건조,맑음,단일로 - 기타,승용,남,41세,상해없음,승용,남,47세,중상
2019112700100102,2019년 11월 27일 07시,수요일,대구광역시 달서구 상인동,경상사고,0,0,1,0,차대사람 - 횡단중,보행자보호의무위반,건조,맑음,교차로 - 교차로횡단보도내,승용,여,50세,상해없음,보행자,남,16세,경상
2019112700100103,2019년 11월 27일 07시,수요일,대구광역시 달서구 대곡동,경상사고,0,0,2,0,차대차 - 측면충돌,안전거리미확보,건조,맑음,단일로 - 기타,승용,남,24세,경상,승용,남,42세,경상
2019112700100152,2019년 11월 27일 08시,수요일,대구광역시 남구 대명동,경상사고,0,0,1,0,차대차 - 추돌,안전운전불이행,건조,맑음,교차로 - 교차로부근,승용,남,25세,상해없음,승용,남,46세,경상
2019112700100153,2019년 11월 27일 08시,수요일,대구광역시 달서구 갈산동,경상사고,0,0,2,0,차대차 - 추돌,안전운전불이행,건조,맑음,교차로 - 교차로부근,승용,남,72세,기타불명,승용,남,33세,경상
2019112700100154,2019년 11월 27일 08시,수요일,대구광역시 달서구 성당동,경상사고,0,0,1,0,차대차 - 측면충돌,차로위반,건조,맑음,기타 - 기타,이륜,남,47세,경상,승용,남,41세,상해없음
2019112700100182,2019년 11월 27일 09시,수요일,대구광역시 수성구 노변동,경상사고,0,0,1,0,차대차 - 측면충돌,안전운전불이행,건조,맑음,교차로 - 교차로부근,승용,남,62세,상해없음,승용,남,37세,경상
2019112700100183,2019년 11월 27일 09시,수요일,대구광역시 달서구 대곡동,경상사고,0,0,1,0,차대차 - 측면충돌,안전거리미확보,건조,맑음,단일로 - 기타,특수,남,54세,상해없음,승용,여,60세,경상
2019112700100184,2019년 11월 27일 09시,수요일,대구광역시 서구 평리동,경상사고,0,0,1,0,차대차 - 추돌,안전운전불이행,건조,맑음,교차로 - 교차로부근,승용,여,70세,상해없음,승용,남,46세,경상
2019112700100209,2019년 11월 27일 10시,수요일,대구광역시 수성구 만촌동,경상사고,0,0,1,0,차대차 - 추돌,안전운전불이행,건조,맑음,교차로 - 교차로부근,승용,남,51세,상해없음,화물,남,43세,경상
2019112700100234,2019년 11월 27일 11시,수요일,대구광역시 수성구 상동,중상사고,0,1,1,0,차대차 - 측면충돌,안전거리미확보,건조,맑음,단일로 - 기타,승용,남,31세,상해없음,승용,남,61세,중상
2019112700100235,2019년 11월 27일 11시,수요일,대구광역시 달성군 다사읍,중상사고,0,1,0,0,차대사람 - 기타,기타,건조,흐림,단일로 - 기타,화물,남,38세,상해없음,보행자,여,56세,중상
2019112700100236,2019년 11월 27일 11시,수요일,대구광역시 달성군 논공읍,중상사고,0,1,0,0,차대차 - 추돌,안전운전불이행,건조,맑음,교차로 - 교차로부근,승용,남,51세,중상,화물,남,57세,기타불명
2019112700100271,2019년 11월 27일 12시,수요일,대구광역시 달성군 논공읍,부상신고사고,0,0,0,1,차대차 - 기타,안전운전불이행,건조,맑음,기타 - 기타,이륜,남,49세,부상신고,화물,남,49세,상해없음
2019112700100308,2019년 11월 27일 13시,수요일,대구광역시 달성군 유가읍,경상사고,0,0,1,0,차대차 - 기타,안전운전불이행,건조,맑음,교차로 - 교차로안,승용,여,25세,상해없음,이륜,남,29세,경상
2019112700100397,2019년 11월 27일 15시,수요일,대구광역시 동구 신천동,중상사고,0,1,0,0,차대차 - 정면충돌,안전운전불이행,건조,맑음,단일로 - 기타,이륜,남,49세,상해없음,승용,여,58세,중상
2019112700100398,2019년 11월 27일 15시,수요일,대구광역시 달성군 다사읍,경상사고,0,0,1,0,차대차 - 기타,안전운전불이행,건조,맑음,단일로 - 기타,승용,여,67세,상해없음,자전거,남,73세,경상
2019112700100425,2019년 11월 27일 16시,수요일,대구광역시 서구 내당동,경상사고,0,0,3,0,차대차 - 기타,안전운전불이행,건조,맑음,교차로 - 교차로부근,승용,여,64세,경상,승용,여,52세,경상
2019112700100426,2019년 11월 27일 16시,수요일,대구광역시 달서구 본리동,중상사고,0,1,0,0,차대사람 - 차도통행중,안전운전불이행,건조,맑음,단일로 - 기타,승용,남,58세,상해없음,보행자,남,73세,중상
2019112700100472,2019년 11월 27일 17시,수요일,대구광역시 수성구 신매동,경상사고,0,0,1,0,차대사람 - 횡단중,보행자보호의무위반,건조,맑음,교차로 - 교차로횡단보도내,승용,여,51세,상해없음,보행자,남,11세,경상
2019112700100473,2019년 11월 27일 17시,수요일,대구광역시 달서구 용산동,경상사고,0,0,1,0,차대차 - 추돌,안전운전불이행,건조,맑음,기타 - 기타,승용,남,27세,상해없음,승용,여,26세,경상
2019112700100474,2019년 11월 27일 17시,수요일,대구광역시 달서구 본리동,경상사고,0,0,1,0,차대차 - 기타,안전운전불이행,건조,맑음,교차로 - 교차로부근,승용,남,52세,상해없음,승용,남,33세,경상
2019112700100527,2019년 11월 27일 18시,수요일,대구광역시 수성구 수성동4가,경상사고,0,0,4,0,차대차 - 측면충돌,기타,건조,맑음,교차로 - 교차로안,이륜,남,48세,경상,승용,여,40세,경상
2019112700100528,2019년 11월 27일 18시,수요일,대구광역시 달서구 본동,경상사고,0,0,2,0,차대차 - 측면충돌,안전거리미확보,건조,맑음,단일로 - 기타,승용,여,36세,상해없음,이륜,남,20세,경상
2019112700100529,2019년 11월 27일 18시,수요일,대구광역시 달서구 월암동,경상사고,0,0,2,0,차대차 - 측면충돌,교차로운행방법위반,건조,맑음,교차로 - 교차로안,승용,남,69세,경상,화물,여,49세,경상
2019112700100530,2019년 11월 27일 18시,수요일,대구광역시 북구 대현동,부상신고사고,0,0,0,1,차대사람 - 기타,안전운전불이행,건조,맑음,교차로 - 교차로안,승용,남,67세,상해없음,보행자,남,28세,부상신고
2019112700100531,2019년 11월 27일 18시,수요일,대구광역시 달서구 성당동,경상사고,0,0,2,0,차대차 - 추돌,안전거리미확보,건조,맑음,기타 - 기타,이륜,남,34세,상해없음,승용,남,58세,경상
2019112700100582,2019년 11월 27일 19시,수요일,대구광역시 남구 대명동,경상사고,0,0,2,0,차대차 - 측면충돌,안전거리미확보,건조,맑음,단일로 - 기타,승용,남,71세,상해없음,승용,남,22세,경상
2019112700100583,2019년 11월 27일 19시,수요일,대구광역시 남구 대명동,중상사고,0,1,0,0,차대차 - 측면충돌,신호위반,건조,맑음,교차로 - 교차로안,화물,남,58세,상해없음,이륜,남,64세,중상
2019112700100584,2019년 11월 27일 19시,수요일,대구광역시 수성구 중동,중상사고,0,1,0,0,차대차 - 측면충돌,안전거리미확보,건조,맑음,기타 - 기타,승용,남,46세,상해없음,승용,남,55세,중상
2019112700100585,2019년 11월 27일 19시,수요일,대구광역시 서구 비산동,경상사고,0,0,1,0,차대차 - 기타,안전운전불이행,건조,맑음,교차로 - 교차로안,승용,남,56세,상해없음,이륜,남,37세,경상
2019112700100619,2019년 11월 27일 20시,수요일,대구광역시 동구 동호동,중상사고,0,1,0,0,차대사람 - 차도통행중,안전운전불이행,건조,맑음,단일로 - 기타,승용,남,54세,상해없음,보행자,남,78세,중상
2019112700100620,2019년 11월 27일 20시,수요일,대구광역시 서구 평리동,경상사고,0,0,1,0,차대차 - 후진중충돌,안전운전불이행,건조,맑음,단일로 - 기타,승용,남,58세,상해없음,이륜,남,44세,경상
2019112700100621,2019년 11월 27일 20시,수요일,대구광역시 달서구 감삼동,부상신고사고,0,0,0,1,차대차 - 기타,안전운전불이행,건조,맑음,교차로 - 교차로부근,승용,남,70세,상해없음,승용,남,24세,부상신고
2019112700100642,2019년 11월 27일 21시,수요일,대구광역시 달성군 논공읍,경상사고,0,0,1,0,차대차 - 추돌,안전운전불이행,건조,맑음,교차로 - 교차로안,승용,남,28세,상해없음,승용,남,59세,경상
2019112700100643,2019년 11월 27일 21시,수요일,대구광역시 달서구 감삼동,중상사고,0,2,2,0,차대차 - 추돌,안전운전불이행,건조,맑음,단일로 - 기타,승용,남,32세,상해없음,승용,남,24세,중상
2019112700100668,2019년 11월 27일 22시,수요일,대구광역시 동구 방촌동,경상사고,0,0,3,0,차대차 - 추돌,안전운전불이행,건조,맑음,단일로 - 기타,승용,남,59세,상해없음,승용,남,31세,경상
2019112700100669,2019년 11월 27일 22시,수요일,대구광역시 수성구 두산동,부상신고사고,0,0,0,1,차대차 - 기타,안전운전불이행,건조,맑음,교차로 - 교차로안,이륜,남,29세,부상신고,승용,남,56세,상해없음
2019112700100690,2019년 11월 27일 23시,수요일,대구광역시 달서구 송현동,경상사고,0,0,2,0,차대차 - 기타,교차로운행방법위반,건조,맑음,교차로 - 교차로안,승용,남,51세,상해없음,이륜,남,24세,경상
2019112700100691,2019년 11월 27일 23시,수요일,대구광역시 북구 칠성동2가,중상사고,0,1,1,0,차대차 - 측면충돌,안전거리미확보,건조,맑음,단일로 - 기타,승용,남,73세,상해없음,승용,남,65세,중상
2019112700100692,2019년 11월 27일 23시,수요일,대구광역시 북구 동천동,경상사고,0,0,2,0,차대차 - 측면충돌,안전운전불이행,건조,맑음,교차로 - 교차로안,승용,남,45세,상해없음,승합,남,32세,경상
2019112800100063,2019년 11월 28일 05시,목요일,대구광역시 달서구 용산동,중상사고,0,1,0,0,차대사람 - 기타,안전운전불이행,건조,맑음,교차로 - 교차로부근,승용,남,46세,상해없음,보행자,남,52세,중상
2019112800100102,2019년 11월 28일 07시,목요일,대구광역시 달서구 신당동,중상사고,0,1,0,0,차대사람 - 기타,안전운전불이행,건조,맑음,단일로 - 기타,이륜,남,24세,상해없음,보행자,남,27세,중상
2019112800100153,2019년 11월 28일 08시,목요일,대구광역시 달성군 구지면,경상사고,0,0,1,0,차대차 - 추돌,안전운전불이행,건조,맑음,단일로 - 기타,승합,남,31세,상해없음,승용,남,33세,경상
2019112800100154,2019년 11월 28일 08시,목요일,대구광역시 달서구 이곡동,경상사고,0,0,1,0,차대차 - 측면충돌,교차로운행방법위반,건조,맑음,교차로 - 교차로안,승용,남,63세,상해없음,승용,남,60세,경상
2019112800100192,2019년 11월 28일 09시,목요일,대구광역시 달서구 월성동,경상사고,0,0,1,0,차대차 - 측면충돌,교차로운행방법위반,건조,맑음,교차로 - 교차로안,승용,여,34세,상해없음,승용,여,51세,경상
2019112800100230,2019년 11월 28일 10시,목요일,대구광역시 동구 동호동,경상사고,0,0,1,0,차대차 - 측면충돌,안전운전불이행,건조,맑음,교차로 - 교차로횡단보도내,승용,남,74세,상해없음,자전거,남,85세,경상
2019112800100231,2019년 11월 28일 10시,목요일,대구광역시 동구 동호동,경상사고,0,0,1,1,차대차 - 측면충돌,직진우회전진행방해,건조,맑음,교차로 - 교차로안,승용,여,44세,부상신고,승용,남,45세,경상
2019112800100232,2019년 11월 28일 10시,목요일,대구광역시 서구 평리동,중상사고,0,1,1,0,차대차 - 측면충돌,안전운전불이행,건조,맑음,단일로 - 기타,화물,남,58세,상해없음,승용,남,58세,중상
2019112800100252,2019년 11월 28일 11시,목요일,대구광역시 수성구 두산동,경상사고,0,0,1,0,차대차 - 추돌,안전운전불이행,건조,맑음,교차로 - 교차로부근,승용,남,65세,상해없음,승용,남,40세,경상
2019112800100285,2019년 11월 28일 12시,목요일,대구광역시 북구 노원동3가,중상사고,0,1,3,0,차대차 - 추돌,안전거리미확보,건조,맑음,단일로 - 기타,승용,남,35세,상해없음,승용,남,62세,경상
2019112800100286,2019년 11월 28일 12시,목요일,대구광역시 북구 노원동1가,부상신고사고,0,0,0,1,차대차 - 측면충돌,중앙선침범,건조,맑음,교차로 - 교차로안,자전거,여,63세,부상신고,승용,남,58세,상해없음
2019112800100317,2019년 11월 28일 13시,목요일,대구광역시 남구 대명동,경상사고,0,0,1,0,차대차 - 측면충돌,안전운전불이행,건조,맑음,단일로 - 기타,승용,여,66세,상해없음,승용,여,43세,경상
2019112800100318,2019년 11월 28일 13시,목요일,대구광역시 동구 신천동,경상사고,0,0,1,0,차대차 - 기타,안전운전불이행,건조,맑음,교차로 - 교차로부근,승용,남,66세,상해없음,승용,남,64세,경상
2019112800100319,2019년 11월 28일 13시,목요일,대구광역시 달서구 진천동,경상사고,0,0,1,0,차대차 - 기타,직진우회전진행방해,건조,맑음,교차로 - 교차로안,이륜,남,39세,상해없음,이륜,남,24세,경상
2019112800100320,2019년 11월 28일 13시,목요일,대구광역시 달서구 상인동,경상사고,0,0,3,0,차대차 - 측면충돌,신호위반,건조,맑음,교차로 - 교차로안,승용,여,65세,경상,화물,남,43세,경상
2019112800100355,2019년 11월 28일 14시,목요일,대구광역시 수성구 범어동,부상신고사고,0,0,0,1,차대사람 - 횡단중,안전운전불이행,건조,맑음,교차로 - 교차로안,승합,남,80세,상해없음,보행자,남,67세,부상신고
2019112800100388,2019년 11월 28일 15시,목요일,대구광역시 수성구 만촌동,경상사고,0,0,3,0,차대차 - 측면충돌,차로위반,건조,맑음,교차로 - 교차로부근,승합,남,58세,경상,승합,남,41세,경상
2019112800100389,2019년 11월 28일 15시,목요일,대구광역시 달서구 상인동,경상사고,0,0,1,0,차대차 - 측면충돌,기타,건조,맑음,단일로 - 기타,승용,남,43세,상해없음,승용,남,37세,상해없음
2019112800100426,2019년 11월 28일 16시,목요일,대구광역시 수성구 황금동,경상사고,0,0,1,0,차대사람 - 길가장자리구역통행중,안전운전불이행,건조,맑음,단일로 - 기타,승용,남,30세,상해없음,보행자,여,26세,경상
2019112800100486,2019년 11월 28일 17시,목요일,대구광역시 수성구 만촌동,부상신고사고,0,0,0,1,차대차 - 기타,안전운전불이행,건조,맑음,교차로 - 교차로안,자전거,남,9세,부상신고,승용,남,65세,상해없음
2019112800100487,2019년 11월 28일 17시,목요일,대구광역시 달성군 다사읍,경상사고,0,0,1,0,차대차 - 측면충돌,안전운전불이행,건조,맑음,교차로 - 교차로안,승용,여,21세,상해없음,승용,남,28세,경상
2019112800100488,2019년 11월 28일 17시,목요일,대구광역시 서구 평리동,경상사고,0,0,1,0,차대사람 - 차도통행중,안전운전불이행,건조,맑음,단일로 - 기타,승용,여,28세,상해없음,보행자,남,42세,경상
2019112800100544,2019년 11월 28일 18시,목요일,대구광역시 수성구 두산동,중상사고,0,2,1,1,차대차 - 기타,안전운전불이행,건조,맑음,단일로 - 기타,승용,여,62세,부상신고,승용,여,62세,중상
2019112800100545,2019년 11월 28일 18시,목요일,대구광역시 수성구 사월동,경상사고,0,0,1,0,차대차 - 측면충돌,안전운전불이행,건조,맑음,교차로 - 교차로횡단보도내,승용,남,59세,기타불명,자전거,남,20세,경상
2019112800100546,2019년 11월 28일 18시,목요일,대구광역시 수성구 수성동3가,경상사고,0,0,2,0,차대차 - 측면충돌,안전운전불이행,건조,맑음,단일로 - 기타,승용,남,54세,상해없음,이륜,남,21세,경상
2019112800100547,2019년 11월 28일 18시,목요일,대구광역시 달서구 갈산동,경상사고,0,0,5,0,차대차 - 측면충돌,교차로운행방법위반,건조,맑음,단일로 - 기타,승용,남,44세,상해없음,승용,남,20세,경상
2019112800100591,2019년 11월 28일 19시,목요일,대구광역시 남구 대명동,경상사고,0,0,1,0,차대차 - 측면충돌,안전거리미확보,건조,맑음,교차로 - 교차로부근,승용,남,53세,상해없음,승용,여,24세,경상
2019112800100592,2019년 11월 28일 19시,목요일,대구광역시 수성구 만촌동,경상사고,0,0,3,0,차대차 - 기타,안전운전불이행,건조,맑음,단일로 - 기타,승용,남,45세,상해없음,승용,여,43세,경상
2019112800100629,2019년 11월 28일 20시,목요일,대구광역시 동구 봉무동,중상사고,0,1,1,0,차대차 - 측면충돌,안전거리미확보,건조,맑음,교차로 - 교차로부근,승용,남,52세,상해없음,이륜,남,20세,경상
2019112800100630,2019년 11월 28일 20시,목요일,대구광역시 달서구 상인동,경상사고,0,0,2,0,차대차 - 측면충돌,차로위반,건조,맑음,단일로 - 기타,승용,남,23세,상해없음,이륜,남,18세,경상
2019112800100631,2019년 11월 28일 20시,목요일,대구광역시 달서구 대곡동,경상사고,0,0,1,3,차대차 - 측면충돌,안전거리미확보,건조,맑음,교차로 - 교차로부근,승용,여,41세,경상,승용,남,19세,기타불명
2019112800100632,2019년 11월 28일 20시,목요일,대구광역시 달성군 다사읍,경상사고,0,0,2,0,차대차 - 기타,신호위반,건조,맑음,교차로 - 교차로안,이륜,남,16세,경상,승용,여,34세,경상
2019112800100659,2019년 11월 28일 21시,목요일,대구광역시 달서구 상인동,경상사고,0,0,1,0,차대사람 - 기타,안전운전불이행,건조,맑음,단일로 - 기타,승용,여,26세,상해없음,보행자,남,19세,경상
2019112800100684,2019년 11월 28일 22시,목요일,대구광역시 달서구 상인동,경상사고,0,0,1,0,차대사람 - 횡단중,안전운전불이행,건조,맑음,단일로 - 기타,승용,남,43세,상해없음,보행자,여,37세,경상
2019112800100685,2019년 11월 28일 22시,목요일,대구광역시 서구 평리동,경상사고,0,0,1,0,차대차 - 측면충돌,안전운전불이행,건조,맑음,교차로 - 교차로부근,승용,남,49세,상해없음,승용,남,52세,경상
2019112800100686,2019년 11월 28일 22시,목요일,대구광역시 서구 내당동,중상사고,0,2,2,0,차대차 - 추돌,안전운전불이행,건조,맑음,단일로 - 기타,승용,남,48세,상해없음,승용,남,56세,중상
2019112900100041,2019년 11월 29일 01시,금요일,대구광역시 서구 비산동,경상사고,0,0,1,0,차대차 - 측면충돌,차로위반,건조,맑음,교차로 - 교차로안,승용,남,23세,상해없음,승용,여,46세,경상
2019112900100061,2019년 11월 29일 03시,금요일,대구광역시 중구 서성로2가,경상사고,0,0,1,1,차대차 - 추돌,안전거리미확보,건조,맑음,단일로 - 기타,이륜,남,18세,부상신고,승용,남,18세,상해없음
2019112900100088,2019년 11월 29일 06시,금요일,대구광역시 달성군 현풍읍,경상사고,0,0,1,0,차대차 - 추돌,안전거리미확보,건조,맑음,단일로 - 기타,승용,여,57세,상해없음,승용,남,42세,경상
2019112900100089,2019년 11월 29일 06시,금요일,대구광역시 서구 평리동,경상사고,0,0,1,0,차대차 - 측면충돌,신호위반,건조,맑음,교차로 - 교차로안,승용,남,71세,상해없음,승용,남,66세,경상
2019112900100120,2019년 11월 29일 07시,금요일,대구광역시 수성구 만촌동,중상사고,0,2,0,0,차대사람 - 보도통행중,안전운전불이행,건조,맑음,단일로 - 기타,승용,여,59세,상해없음,보행자,남,52세,중상
2019112900100121,2019년 11월 29일 07시,금요일,대구광역시 북구 산격동,경상사고,0,0,1,0,차대차 - 측면충돌,안전운전불이행,건조,맑음,단일로 - 기타,승용,여,39세,상해없음,승용,여,25세,경상
2019112900100122,2019년 11월 29일 07시,금요일,대구광역시 달서구 두류동,중상사고,0,1,0,0,차대차 - 측면충돌,안전운전불이행,건조,맑음,단일로 - 기타,이륜,남,22세,중상,화물,남,48세,상해없음
2019112900100123,2019년 11월 29일 07시,금요일,대구광역시 달서구 성당동,경상사고,0,0,1,0,차대사람 - 횡단중,안전운전불이행,건조,맑음,기타 - 기타,기타불명,기타불명,미분류,기타불명,보행자,여,16세,경상
2019112900100181,2019년 11월 29일 08시,금요일,대구광역시 동구 신기동,경상사고,0,0,2,0,차대차 - 정면충돌,신호위반,기타,안개,교차로 - 교차로안,승용,남,58세,상해없음,승용,남,68세,경상
2019112900100182,2019년 11월 29일 08시,금요일,대구광역시 남구 봉덕동,경상사고,0,0,1,0,차량단독 - 전도전복 - 전도,안전운전불이행,건조,맑음,단일로 - 터널,승용,남,49세,경상,,,,
2019112900100183,2019년 11월 29일 08시,금요일,대구광역시 달성군 화원읍,경상사고,0,0,1,0,차대차 - 기타,안전운전불이행,건조,맑음,단일로 - 기타,승용,남,43세,상해없음,승용,여,55세,경상
2019112900100184,2019년 11월 29일 08시,금요일,대구광역시 달성군 다사읍,중상사고,0,1,0,0,차대차 - 추돌,안전운전불이행,건조,맑음,단일로 - 기타,승용,남,28세,상해없음,승용,남,58세,중상
2019112900100185,2019년 11월 29일 08시,금요일,대구광역시 서구 비산동,경상사고,0,0,1,0,차대차 - 측면충돌,안전운전불이행,건조,맑음,교차로 - 교차로안,이륜,남,19세,경상,승용,남,59세,상해없음
2019112900100211,2019년 11월 29일 09시,금요일,대구광역시 달성군 현풍읍,경상사고,0,0,2,0,차대차 - 기타,안전운전불이행,건조,맑음,단일로 - 기타,승용,남,29세,상해없음,승용,여,41세,경상
2019112900100247,2019년 11월 29일 10시,금요일,대구광역시 동구 방촌동,중상사고,0,1,0,0,차대사람 - 기타,안전운전불이행,건조,맑음,단일로 - 기타,화물,남,54세,상해없음,보행자,남,59세,중상
2019112900100248,2019년 11월 29일 10시,금요일,대구광역시 수성구 만촌동,경상사고,0,0,1,0,차대차 - 기타,교차로운행방법위반,건조,맑음,교차로 - 교차로안,승용,여,53세,기타불명,승용,여,46세,경상
2019112900100249,2019년 11월 29일 10시,금요일,대구광역시 달성군 옥포읍,경상사고,0,0,1,0,차대차 - 후진중충돌,안전운전불이행,건조,맑음,단일로 - 기타,화물,남,47세,상해없음,승용,남,31세,경상
2019112900100250,2019년 11월 29일 10시,금요일,대구광역시 북구 노원동3가,중상사고,0,1,3,0,차대차 - 측면충돌,안전운전불이행,건조,맑음,교차로 - 교차로안,승용,여,71세,상해없음,승용,여,63세,상해없음
2019112900100287,2019년 11월 29일 11시,금요일,대구광역시 동구 각산동,경상사고,0,0,3,0,차대차 - 추돌,안전거리미확보,건조,맑음,교차로 - 교차로안,승용,남,67세,상해없음,승용,남,39세,경상
2019112900100288,2019년 11월 29일 11시,금요일,대구광역시 중구 달성동,경상사고,0,0,1,0,차대차 - 기타,직진우회전진행방해,건조,맑음,교차로 - 교차로안,승용,여,45세,상해없음,승용,여,62세,경상
2019112900100289,2019년 11월 29일 11시,금요일,대구광역시 북구 국우동,중상사고,0,1,0,0,차대사람 - 기타,기타,건조,맑음,단일로 - 기타,화물,남,73세,상해없음,보행자,남,26세,중상
2019112900100320,2019년 11월 29일 12시,금요일,대구광역시 동구 입석동,경상사고,0,0,1,0,차대사람 - 횡단중,안전운전불이행,건조,맑음,단일로 - 기타,승용,남,57세,상해없음,보행자,여,84세,경상