사고번호,사고일시,요일,시군구,사고내용,사망자수,중상자수,경상자수,부상신고자수,사고유형,법규위반,노면상태,기상상태,도로형태,가해운전자 차종,가해운전자 성별,가해운전자 연령,가해운전자 상해정도,피해운전자 차종,피해운전자 성별,피해운전자 연령,피해운전자 상해정도
2019112900100321,2019년 11월 29일 12시,금요일,대구광역시 북구 고성동2가,경상사고,0,0,1,0,차대차 - 측면충돌,불법유턴,건조,맑음,단일로 - 기타,자전거,남,61세,경상,승용,남,62세,상해없음
2019112900100360,2019년 11월 29일 13시,금요일,대구광역시 달성군 다사읍,경상사고,0,0,1,0,차대차 - 기타,안전운전불이행,건조,맑음,단일로 - 기타,승용,남,64세,상해없음,자전거,남,90세 이상,경상
2019112900100361,2019년 11월 29일 13시,금요일,대구광역시 달성군 다사읍,경상사고,0,0,2,0,차대차 - 기타,신호위반,건조,맑음,교차로 - 교차로안,승용,여,37세,상해없음,승용,남,52세,경상
2019112900100362,2019년 11월 29일 13시,금요일,대구광역시 서구 비산동,경상사고,0,0,1,0,차대차 - 측면충돌,안전운전불이행,건조,맑음,단일로 - 기타,승용,여,44세,상해없음,승용,남,60세,경상
2019112900100407,2019년 11월 29일 14시,금요일,대구광역시 동구 신암동,경상사고,0,0,2,0,차대차 - 측면충돌,안전운전불이행,건조,맑음,기타 - 기타,승용,남,43세,경상,승합,남,58세,상해없음
2019112900100408,2019년 11월 29일 14시,금요일,대구광역시 동구 지저동,중상사고,0,1,0,0,차대사람 - 횡단중,신호위반,건조,맑음,교차로 - 교차로횡단보도내,승용,여,63세,상해없음,보행자,여,48세,중상
2019112900100409,2019년 11월 29일 14시,금요일,대구광역시 수성구 황금동,경상사고,0,0,1,0,차대차 - 측면충돌,안전거리미확보,건조,맑음,단일로 - 기타,승용,여,58세,상해없음,화물,남,34세,경상
2019112900100410,2019년 11월 29일 14시,금요일,대구광역시 달서구 송현동,경상사고,0,0,1,0,차대사람 - 보도통행중,신호위반,건조,맑음,단일로 - 기타,승용,여,37세,상해없음,보행자,여,59세,경상
2019112900100411,2019년 11월 29일 14시,금요일,대구광역시 서구 평리동,경상사고,0,0,2,0,차대차 - 추돌,안전운전불이행,건조,맑음,단일로 - 기타,화물,남,59세,상해없음,승용,남,33세,경상
2019112900100412,2019년 11월 29일 14시,금요일,대구광역시 달서구 두류동,중상사고,0,1,0,0,차대차 - 기타,직진우회전진행방해,건조,맑음,교차로 - 교차로안,화물,남,65세,상해없음,이륜,남,17세,중상
2019112900100456,2019년 11월 29일 15시,금요일,대구광역시 달서구 송현동,경상사고,0,0,1,0,차대차 - 후진중충돌,안전운전불이행,건조,맑음,단일로 - 기타,승용,남,59세,상해없음,승용,여,36세,경상
2019112900100457,2019년 11월 29일 15시,금요일,대구광역시 북구 침산동,경상사고,0,0,1,0,차대차 - 추돌,불법유턴,건조,맑음,단일로 - 기타,화물,남,65세,상해없음,승합,남,44세,경상
2019112900100458,2019년 11월 29일 15시,금요일,대구광역시 서구 비산동,중상사고,0,1,0,0,차량단독 - 기타,기타,건조,맑음,단일로 - 기타,승합,남,67세,상해없음,,,,
2019112900100459,2019년 11월 29일 15시,금요일,대구광역시 서구 비산동,경상사고,0,0,1,0,차대차 - 후진중충돌,안전운전불이행,건조,맑음,단일로 - 기타,승용,남,58세,상해없음,승용,남,42세,경상
2019112900100460,2019년 11월 29일 15시,금요일,대구광역시 북구 동천동,경상사고,0,0,1,0,차대차 - 기타,안전운전불이행,건조,맑음,단일로 - 기타,승용,남,59세,상해없음,승합,여,32세,경상
2019112900100507,2019년 11월 29일 16시,금요일,대구광역시 달성군 현풍읍,경상사고,0,0,1,0,차대차 - 추돌,안전운전불이행,건조,맑음,단일로 - 기타,승용,남,36세,상해없음,화물,남,42세,경상
2019112900100511,2019년 11월 29일 16시,금요일,대구광역시 동구 신천동,중상사고,0,1,0,0,차대차 - 측면충돌,안전운전불이행,건조,맑음,교차로 - 교차로안,승용,남,80세,상해없음,이륜,남,28세,중상
2019112900100563,2019년 11월 29일 17시,금요일,대구광역시 수성구 매호동,경상사고,0,0,1,0,차대차 - 추돌,안전운전불이행,건조,맑음,단일로 - 기타,이륜,남,19세,기타불명,승용,여,41세,경상
2019112900100564,2019년 11월 29일 17시,금요일,대구광역시 달서구 진천동,경상사고,0,0,1,0,차대차 - 측면충돌,안전거리미확보,건조,맑음,단일로 - 기타,승용,남,50세,상해없음,이륜,남,24세,경상
2019112900100565,2019년 11월 29일 17시,금요일,대구광역시 달서구 본동,경상사고,0,0,1,0,차대차 - 측면충돌,신호위반,건조,맑음,교차로 - 교차로부근,이륜,남,45세,경상,승용,남,29세,상해없음
2019112900100629,2019년 11월 29일 18시,금요일,대구광역시 북구 노곡동,경상사고,0,0,3,0,차대차 - 측면충돌,안전운전불이행,건조,맑음,단일로 - 기타,승용,남,54세,경상,화물,남,67세,경상
2019112900100634,2019년 11월 29일 18시,금요일,대구광역시 남구 이천동,경상사고,0,0,1,0,차대차 - 기타,안전운전불이행,건조,맑음,기타 - 기타,기타불명,기타불명,미분류,기타불명,개인형이동수단(PM),남,62세,경상
2019112900100635,2019년 11월 29일 18시,금요일,대구광역시 수성구 황금동,경상사고,0,0,1,0,차대차 - 기타,기타,건조,맑음,단일로 - 기타,승용,남,71세,상해없음,이륜,남,31세,경상
2019112900100636,2019년 11월 29일 18시,금요일,대구광역시 달서구 도원동,경상사고,0,0,4,0,차대차 - 측면충돌,교차로운행방법위반,건조,맑음,단일로 - 기타,승용,여,37세,경상,승용,남,65세,경상
2019112900100637,2019년 11월 29일 18시,금요일,대구광역시 북구 산격동,중상사고,0,1,2,0,차대차 - 기타,안전운전불이행,건조,맑음,교차로 - 교차로부근,승용,여,47세,중상,승용,남,31세,경상
2019112900100638,2019년 11월 29일 18시,금요일,대구광역시 서구 비산동,경상사고,0,0,1,0,차대차 - 추돌,안전운전불이행,건조,맑음,단일로 - 기타,승용,남,49세,상해없음,승용,남,64세,경상
2019112900100639,2019년 11월 29일 18시,금요일,대구광역시 서구 평리동,경상사고,0,0,2,0,차대차 - 측면충돌,안전거리미확보,건조,맑음,교차로 - 교차로부근,승용,여,26세,경상,승용,여,26세,경상
2019112900100694,2019년 11월 29일 19시,금요일,대구광역시 수성구 중동,경상사고,0,0,2,0,차대차 - 측면충돌,안전운전불이행,건조,맑음,단일로 - 기타,승용,여,41세,경상,승용,남,33세,경상
2019112900100695,2019년 11월 29일 19시,금요일,대구광역시 수성구 상동,중상사고,0,1,1,0,차대차 - 측면충돌,차로위반,건조,맑음,단일로 - 기타,승용,여,43세,경상,승용,남,21세,중상
2019112900100696,2019년 11월 29일 19시,금요일,대구광역시 북구 복현동,경상사고,0,0,2,0,차대차 - 추돌,안전운전불이행,건조,맑음,교차로 - 교차로안,승용,남,58세,상해없음,승용,남,42세,경상
2019112900100697,2019년 11월 29일 19시,금요일,대구광역시 서구 중리동,경상사고,0,0,1,0,차대차 - 측면충돌,안전운전불이행,건조,맑음,단일로 - 기타,승용,여,41세,상해없음,승용,남,19세,상해없음
2019112900100698,2019년 11월 29일 19시,금요일,대구광역시 달서구 감삼동,경상사고,0,0,1,0,차대차 - 기타,신호위반,건조,맑음,교차로 - 교차로부근,이륜,남,18세,상해없음,자전거,남,60세,경상
2019112900100739,2019년 11월 29일 20시,금요일,대구광역시 동구 율하동,경상사고,0,0,1,0,차대차 - 기타,안전운전불이행,건조,맑음,단일로 - 기타,이륜,남,33세,경상,이륜,남,39세,상해없음
2019112900100740,2019년 11월 29일 20시,금요일,대구광역시 서구 비산동,부상신고사고,0,0,0,1,차대차 - 기타,기타,건조,맑음,기타 - 기타,이륜,남,26세,부상신고,승용,남,25세,상해없음
2019112900100741,2019년 11월 29일 20시,금요일,대구광역시 달서구 신당동,경상사고,0,0,1,0,차대차 - 측면충돌,안전거리미확보,건조,맑음,단일로 - 기타,승용,남,69세,상해없음,승용,여,26세,경상
2019112900100742,2019년 11월 29일 20시,금요일,대구광역시 달서구 용산동,경상사고,0,0,2,0,차대차 - 정면충돌,안전운전불이행,건조,맑음,기타 - 기타,승용,남,54세,경상,승용,여,60세,경상
2019112900100776,2019년 11월 29일 21시,금요일,대구광역시 달서구 두류동,중상사고,0,1,0,0,차대사람 - 기타,안전운전불이행,건조,맑음,단일로 - 기타,승용,남,27세,상해없음,보행자,남,29세,중상
2019112900100828,2019년 11월 29일 23시,금요일,대구광역시 동구 신암동,중상사고,0,1,0,0,차대차 - 기타,차로위반,건조,맑음,단일로 - 기타,승용,남,46세,상해없음,승용,남,67세,상해없음
2019112900100829,2019년 11월 29일 23시,금요일,대구광역시 달서구 진천동,경상사고,0,0,2,0,차대차 - 기타,안전운전불이행,건조,맑음,단일로 - 기타,승용,남,32세,상해없음,승용,남,49세,경상
2019112900100830,2019년 11월 29일 23시,금요일,대구광역시 북구 산격동,경상사고,0,0,2,0,차대차 - 기타,신호위반,건조,맑음,교차로 - 교차로안,기타불명,기타불명,미분류,기타불명,승용,남,47세,경상
2019113000100038,2019년 11월 30일 00시,토요일,대구광역시 수성구 범어동,경상사고,0,0,1,0,차대차 - 추돌,안전운전불이행,건조,맑음,단일로 - 기타,승용,남,33세,상해없음,승용,여,26세,경상
2019113000100039,2019년 11월 30일 00시,토요일,대구광역시 중구 공평동,경상사고,0,0,1,0,차대차 - 측면충돌,교차로운행방법위반,건조,맑음,교차로 - 교차로안,승용,남,72세,상해없음,승용,남,60세,경상
2019113000100059,2019년 11월 30일 01시,토요일,대구광역시 수성구 두산동,중상사고,0,1,0,0,차대차 - 기타,안전운전불이행,건조,맑음,단일로 - 기타,승용,남,20세,상해없음,기타불명,남,72세,중상
2019113000100080,2019년 11월 30일 02시,토요일,대구광역시 달서구 이곡동,경상사고,0,0,1,0,차대차 - 기타,신호위반,건조,맑음,교차로 - 교차로안,승용,남,28세,상해없음,승용,남,52세,경상
2019113000100092,2019년 11월 30일 03시,토요일,대구광역시 남구 대명동,경상사고,0,0,1,0,차대차 - 측면충돌,신호위반,건조,맑음,교차로 - 교차로안,승용,여,44세,상해없음,화물,남,38세,경상
2019113000100093,2019년 11월 30일 03시,토요일,대구광역시 달서구 본동,경상사고,0,0,1,0,차량단독 - 공작물충돌,안전운전불이행,건조,맑음,단일로 - 기타,이륜,남,30세,경상,,,,
2019113000100114,2019년 11월 30일 05시,토요일,대구광역시 수성구 지산동,경상사고,0,0,1,0,차대차 - 측면충돌,신호위반,건조,맑음,교차로 - 교차로안,승용,여,55세,상해없음,승용,남,76세,상해없음
2019113000100115,2019년 11월 30일 05시,토요일,대구광역시 달서구 상인동,사망사고,1,0,0,0,차대사람 - 횡단중,안전운전불이행,건조,맑음,단일로 - 기타,승용,여,54세,상해없음,보행자,여,77세,사망
2019113000100131,2019년 11월 30일 06시,토요일,대구광역시 수성구 만촌동,경상사고,0,0,1,0,차대차 - 측면충돌,안전운전불이행,건조,맑음,단일로 - 기타,기타불명,기타불명,미분류,기타불명,승용,남,60세,상해없음
2019113000100132,2019년 11월 30일 06시,토요일,대구광역시 서구 비산동,경상사고,0,0,1,0,차대차 - 측면충돌,신호위반,건조,맑음,교차로 - 교차로안,화물,남,71세,상해없음,승용,남,71세,경상
2019113000100146,2019년 11월 30일 07시,토요일,대구광역시 북구 매천동,중상사고,0,1,0,0,차대사람 - 횡단중,안전운전불이행,건조,맑음,교차로 - 교차로부근,화물,남,75세,상해없음,보행자,남,70세,중상
2019113000100231,2019년 11월 30일 10시,토요일,대구광역시 동구 효목동,경상사고,0,0,1,0,차대차 - 기타,안전운전불이행,건조,맑음,단일로 - 기타,승용,남,33세,상해없음,자전거,여,51세,경상
2019113000100232,2019년 11월 30일 10시,토요일,대구광역시 달서구 도원동,경상사고,0,0,1,0,차대차 - 측면충돌,차로위반,건조,맑음,단일로 - 기타,승용,여,58세,상해없음,승용,남,65세,경상
2019113000100233,2019년 11월 30일 10시,토요일,대구광역시 서구 평리동,경상사고,0,0,2,0,차대차 - 추돌,안전거리미확보,건조,맑음,단일로 - 기타,승용,남,56세,상해없음,승용,남,60세,상해없음
2019113000100234,2019년 11월 30일 10시,토요일,대구광역시 북구 사수동,경상사고,0,0,1,0,차대차 - 기타,안전운전불이행,건조,맑음,교차로 - 교차로안,승용,여,43세,상해없음,화물,남,45세,경상
2019113000100271,2019년 11월 30일 11시,토요일,대구광역시 수성구 만촌동,경상사고,0,0,2,0,차대차 - 정면충돌,안전운전불이행,건조,맑음,단일로 - 기타,승용,여,49세,상해없음,승용,여,22세,경상
2019113000100272,2019년 11월 30일 11시,토요일,대구광역시 북구 산격동,부상신고사고,0,0,0,1,차대차 - 기타,안전운전불이행,건조,맑음,단일로 - 기타,자전거,남,54세,부상신고,화물,남,47세,상해없음
2019113000100312,2019년 11월 30일 12시,토요일,대구광역시 동구 신암동,경상사고,0,0,1,1,차대차 - 추돌,안전거리미확보,건조,맑음,교차로 - 교차로안,승합,남,51세,상해없음,승용,남,25세,상해없음
2019113000100313,2019년 11월 30일 12시,토요일,대구광역시 중구 대신동,경상사고,0,0,2,0,차대차 - 측면충돌,안전운전불이행,건조,맑음,교차로 - 교차로안,이륜,남,70세,경상,승용,여,50세,경상
2019113000100314,2019년 11월 30일 12시,토요일,대구광역시 달서구 용산동,경상사고,0,0,1,0,차대차 - 측면충돌,차로위반,건조,맑음,기타 - 기타,승용,여,47세,상해없음,승용,남,31세,경상
2019113000100348,2019년 11월 30일 13시,토요일,대구광역시 동구 서호동,부상신고사고,0,0,0,1,차대차 - 기타,안전운전불이행,건조,맑음,단일로 - 기타,이륜,남,49세,부상신고,승용,남,54세,상해없음
2019113000100349,2019년 11월 30일 13시,토요일,대구광역시 수성구 만촌동,부상신고사고,0,0,0,1,차량단독 - 기타,안전운전불이행,건조,맑음,단일로 - 기타,자전거,남,16세,부상신고,,,,
2019113000100350,2019년 11월 30일 13시,토요일,대구광역시 서구 평리동,경상사고,0,0,1,0,차대사람 - 기타,안전운전불이행,건조,맑음,단일로 - 기타,승용,여,64세,상해없음,보행자,남,43세,경상
2019113000100351,2019년 11월 30일 13시,토요일,대구광역시 중구 삼덕동3가,중상사고,0,1,0,0,차대차 - 기타,신호위반,건조,맑음,단일로 - 기타,승용,여,31세,상해없음,이륜,여,61세,중상
2019113000100386,2019년 11월 30일 14시,토요일,대구광역시 동구 신천동,경상사고,0,0,1,0,차대차 - 추돌,안전운전불이행,건조,맑음,교차로 - 교차로부근,승용,남,58세,상해없음,화물,남,58세,경상
2019113000100387,2019년 11월 30일 14시,토요일,대구광역시 수성구 두산동,경상사고,0,0,1,0,차대차 - 측면충돌,직진우회전진행방해,건조,맑음,교차로 - 교차로안,승용,남,22세,상해없음,승용,여,67세,경상
2019113000100420,2019년 11월 30일 15시,토요일,대구광역시 서구 내당동,경상사고,0,0,2,0,차대차 - 기타,안전거리미확보,건조,맑음,단일로 - 기타,승용,여,28세,상해없음,승합,남,71세,경상
2019113000100421,2019년 11월 30일 15시,토요일,대구광역시 중구 대봉동,경상사고,0,0,1,1,차대차 - 측면충돌,안전거리미확보,건조,맑음,단일로 - 기타,승용,여,72세,상해없음,승용,여,56세,경상
2019113000100422,2019년 11월 30일 15시,토요일,대구광역시 달서구 본리동,경상사고,0,0,1,0,차대차 - 기타,안전운전불이행,건조,맑음,기타 - 기타,승용,여,46세,상해없음,자전거,남,50세,경상
2019113000100463,2019년 11월 30일 16시,토요일,대구광역시 동구 신서동,부상신고사고,0,0,0,1,차대차 - 기타,안전운전불이행,건조,맑음,교차로 - 교차로안,원동기,남,81세,부상신고,승합,남,57세,상해없음
2019113000100464,2019년 11월 30일 16시,토요일,대구광역시 북구 고성동3가,중상사고,0,1,0,0,차대차 - 측면충돌,신호위반,건조,맑음,단일로 - 기타,승용,여,25세,상해없음,승용,여,46세,중상
2019113000100465,2019년 11월 30일 16시,토요일,대구광역시 중구 봉산동,경상사고,0,0,1,0,차대차 - 측면충돌,차로위반,건조,맑음,단일로 - 기타,승용,남,60세,상해없음,승용,남,31세,경상
2019113000100466,2019년 11월 30일 16시,토요일,대구광역시 북구 동천동,중상사고,0,1,0,0,차대차 - 측면충돌,안전운전불이행,건조,맑음,단일로 - 기타,승용,여,28세,상해없음,이륜,남,21세,중상
2019113000100518,2019년 11월 30일 17시,토요일,대구광역시 동구 입석동,경상사고,0,0,1,0,차대차 - 측면충돌,안전거리미확보,건조,맑음,단일로 - 기타,승용,여,61세,상해없음,승용,남,52세,경상
2019113000100519,2019년 11월 30일 17시,토요일,대구광역시 동구 신천동,경상사고,0,0,2,0,차대차 - 측면충돌,안전운전불이행,건조,맑음,단일로 - 기타,승용,여,49세,상해없음,승용,남,37세,경상
2019113000100520,2019년 11월 30일 17시,토요일,대구광역시 수성구 상동,경상사고,0,0,1,0,차대차 - 측면충돌,신호위반,건조,맑음,교차로 - 교차로부근,승용,여,25세,상해없음,화물,남,50세,경상
2019113000100521,2019년 11월 30일 17시,토요일,대구광역시 달서구 대천동,중상사고,0,2,4,0,차대차 - 추돌,안전운전불이행,건조,맑음,단일로 - 기타,승용,남,41세,상해없음,승용,여,49세,중상
2019113000100522,2019년 11월 30일 17시,토요일,대구광역시 달서구 송현동,경상사고,0,0,3,0,차대차 - 추돌,안전운전불이행,건조,맑음,교차로 - 교차로부근,승용,남,65세,상해없음,승용,남,18세,경상
2019113000100583,2019년 11월 30일 18시,토요일,대구광역시 동구 효목동,경상사고,0,0,1,0,차대사람 - 길가장자리구역통행중,안전운전불이행,건조,맑음,교차로 - 교차로부근,승용,남,59세,상해없음,보행자,여,19세,경상
2019113000100584,2019년 11월 30일 18시,토요일,대구광역시 수성구 황금동,경상사고,0,0,1,0,차대사람 - 길가장자리구역통행중,안전운전불이행,건조,맑음,단일로 - 기타,승용,남,50세,상해없음,보행자,남,56세,경상
2019113000100585,2019년 11월 30일 18시,토요일,대구광역시 중구 대봉동,중상사고,0,1,1,0,차대차 - 추돌,안전운전불이행,건조,맑음,단일로 - 기타,승용,남,66세,상해없음,승용,남,61세,중상
2019113000100619,2019년 11월 30일 19시,토요일,대구광역시 동구 신천동,경상사고,0,0,1,0,차대사람 - 차도통행중,신호위반,건조,맑음,단일로 - 기타,승용,남,68세,상해없음,보행자,남,22세,경상
2019113000100620,2019년 11월 30일 19시,토요일,대구광역시 수성구 만촌동,경상사고,0,0,1,0,차대차 - 측면충돌,안전운전불이행,건조,맑음,교차로 - 교차로부근,승용,남,19세,상해없음,승용,남,33세,경상
2019113000100621,2019년 11월 30일 19시,토요일,대구광역시 달서구 월성동,중상사고,0,1,0,0,차대차 - 측면충돌,교차로운행방법위반,건조,맑음,교차로 - 교차로안,승용,남,42세,상해없음,승용,남,28세,중상
2019113000100622,2019년 11월 30일 19시,토요일,대구광역시 북구 읍내동,중상사고,0,1,0,0,차대사람 - 기타,안전운전불이행,건조,맑음,단일로 - 기타,승용,남,52세,상해없음,보행자,남,54세,중상
2019113000100674,2019년 11월 30일 21시,토요일,대구광역시 달서구 용산동,중상사고,0,1,0,0,차대차 - 기타,안전운전불이행,건조,맑음,교차로 - 교차로안,승용,남,39세,상해없음,승용,남,48세,중상
2019113000100675,2019년 11월 30일 21시,토요일,대구광역시 달서구 용산동,중상사고,0,1,0,0,차량단독 - 기타,안전운전불이행,건조,맑음,기타 - 기타,승합,남,65세,상해없음,,,,
2019113000100676,2019년 11월 30일 21시,토요일,대구광역시 달서구 이곡동,경상사고,0,0,3,0,차대차 - 기타,안전운전불이행,건조,맑음,단일로 - 기타,승용,남,19세,경상,승용,남,26세,경상
2019113000100720,2019년 11월 30일 23시,토요일,대구광역시 중구 남산동,경상사고,0,0,1,0,차대차 - 측면충돌,안전운전불이행,건조,맑음,단일로 - 기타,승용,여,59세,기타불명,승용,남,40세,경상
2019113000100721,2019년 11월 30일 23시,토요일,대구광역시 수성구 지산동,경상사고,0,0,1,0,차대사람 - 보도통행중,기타,건조,맑음,단일로 - 기타,승용,남,49세,상해없음,보행자,남,22세,경상
2019120100100039,2019년 12월 1일 00시,일요일,대구광역시 남구 대명동,경상사고,0,0,3,0,차대차 - 측면충돌,안전운전불이행,건조,맑음,교차로 - 교차로부근,승용,여,26세,상해없음,승용,남,70세,경상
2019120100100040,2019년 12월 1일 00시,일요일,대구광역시 중구 봉산동,경상사고,0,0,1,0,차대차 - 기타,안전운전불이행,건조,맑음,단일로 - 기타,승용,남,27세,상해없음,이륜,남,21세,경상
2019120100100041,2019년 12월 1일 00시,일요일,대구광역시 달서구 신당동,중상사고,0,1,0,0,차대차 - 측면충돌,신호위반,건조,맑음,교차로 - 교차로안,승용,남,51세,상해없음,승용,여,43세,중상
2019120100100060,2019년 12월 1일 01시,일요일,대구광역시 달서구 두류동,경상사고,0,0,1,0,차대사람 - 길가장자리구역통행중,안전운전불이행,건조,맑음,단일로 - 기타,기타불명,기타불명,미분류,기타불명,보행자,남,23세,경상
2019120100100061,2019년 12월 1일 01시,일요일,대구광역시 달서구 용산동,경상사고,0,0,1,0,차대차 - 추돌,안전운전불이행,건조,맑음,교차로 - 교차로부근,기타불명,기타불명,미분류,기타불명,승용,여,48세,경상
2019120100100074,2019년 12월 1일 02시,일요일,대구광역시 서구 비산동,중상사고,0,1,2,0,차대차 - 측면충돌,안전운전불이행,건조,맑음,단일로 - 기타,승용,남,61세,상해없음,승용,여,60세,중상
2019120100100075,2019년 12월 1일 02시,일요일,대구광역시 중구 삼덕동1가,경상사고,0,0,1,0,차대사람 - 길가장자리구역통행중,안전운전불이행,건조,맑음,단일로 - 기타,승용,남,23세,상해없음,보행자,남,23세,경상
2019120100100088,2019년 12월 1일 03시,일요일,대구광역시 동구 신천동,경상사고,0,0,1,0,차대차 - 기타,안전운전불이행,건조,맑음,교차로 - 교차로안,기타불명,기타불명,미분류,기타불명,승용,남,48세,경상
2019120100100089,2019년 12월 1일 03시,일요일,대구광역시 서구 내당동,경상사고,0,0,3,0,차대차 - 추돌,안전운전불이행,건조,맑음,교차로 - 교차로부근,승용,남,28세,경상,승용,남,33세,경상
2019120100100156,2019년 12월 1일 09시,일요일,대구광역시 북구 산격동,경상사고,0,0,1,0,차대차 - 측면충돌,안전운전불이행,건조,맑음,교차로 - 교차로안,승용,남,48세,상해없음,자전거,여,88세,경상
2019120100100200,2019년 12월 1일 11시,일요일,대구광역시 남구 대명동,경상사고,0,0,1,0,차대차 - 기타,직진우회전진행방해,젖음/습기,비,교차로 - 교차로안,승용,여,60세,상해없음,이륜,남,26세,경상
2019120100100201,2019년 12월 1일 11시,일요일,대구광역시 남구 이천동,경상사고,0,0,1,0,차대차 - 측면충돌,신호위반,젖음/습기,비,교차로 - 교차로안,승용,여,66세,상해없음,승용,여,65세,경상
2019120100100202,2019년 12월 1일 11시,일요일,대구광역시 남구 대명동,경상사고,0,0,3,0,차대차 - 측면충돌,신호위반,젖음/습기,비,단일로 - 기타,화물,남,53세,경상,승용,남,32세,경상
2019120100100203,2019년 12월 1일 11시,일요일,대구광역시 동구 지묘동,경상사고,0,0,1,0,차대차 - 기타,교차로운행방법위반,건조,맑음,교차로 - 교차로안,승용,여,52세,상해없음,승용,남,61세,상해없음
2019120100100289,2019년 12월 1일 14시,일요일,대구광역시 동구 서호동,중상사고,0,1,0,0,차대사람 - 횡단중,안전운전불이행,건조,맑음,교차로 - 교차로안,승용,남,49세,상해없음,보행자,남,65세,중상
2019120100100290,2019년 12월 1일 14시,일요일,대구광역시 수성구 수성동2가,경상사고,0,0,4,0,차대차 - 추돌,안전운전불이행,젖음/습기,비,교차로 - 교차로안,승용,남,68세,상해없음,승용,여,41세,경상
2019120100100291,2019년 12월 1일 14시,일요일,대구광역시 서구 비산동,경상사고,0,0,7,1,차대차 - 추돌,안전운전불이행,젖음/습기,비,단일로 - 기타,승용,남,44세,기타불명,승용,여,46세,경상
2019120100100328,2019년 12월 1일 15시,일요일,대구광역시 동구 신암동,부상신고사고,0,0,0,1,차대차 - 측면충돌,안전운전불이행,젖음/습기,비,단일로 - 기타,이륜,남,25세,부상신고,승용,여,47세,상해없음
2019120100100329,2019년 12월 1일 15시,일요일,대구광역시 수성구 수성동2가,경상사고,0,0,3,0,차대차 - 측면충돌,차로위반,젖음/습기,맑음,단일로 - 기타,승용,남,21세,상해없음,승용,여,67세,경상
2019120100100362,2019년 12월 1일 16시,일요일,대구광역시 남구 봉덕동,경상사고,0,0,2,0,차대차 - 측면충돌,안전운전불이행,젖음/습기,비,기타 - 기타,승용,여,58세,경상,승용,남,52세,경상
2019120100100363,2019년 12월 1일 16시,일요일,대구광역시 북구 구암동,경상사고,0,0,1,0,차대차 - 측면충돌,안전거리미확보,젖음/습기,맑음,단일로 - 기타,승용,남,52세,상해없음,승용,남,52세,경상
2019120100100398,2019년 12월 1일 17시,일요일,대구광역시 수성구 범어동,경상사고,0,0,5,0,차대차 - 측면충돌,안전운전불이행,젖음/습기,비,단일로 - 기타,승용,남,65세,상해없음,승용,남,38세,경상
2019120100100399,2019년 12월 1일 17시,일요일,대구광역시 동구 율하동,경상사고,0,0,3,0,차대차 - 측면충돌,신호위반,젖음/습기,맑음,단일로 - 기타,승용,여,60세,기타불명,화물,남,41세,경상
2019120100100400,2019년 12월 1일 17시,일요일,대구광역시 동구 불로동,경상사고,0,0,2,0,차대차 - 추돌,안전운전불이행,건조,맑음,교차로 - 교차로부근,승용,남,66세,상해없음,승용,남,57세,경상
2019120100100401,2019년 12월 1일 17시,일요일,대구광역시 수성구 수성동3가,경상사고,0,0,2,0,차대차 - 측면충돌,신호위반,건조,맑음,교차로 - 교차로안,승용,여,67세,상해없음,승용,남,53세,경상
2019120100100455,2019년 12월 1일 18시,일요일,대구광역시 동구 율하동,경상사고,0,0,3,0,차대차 - 기타,안전거리미확보,젖음/습기,비,기타 - 기타,승용,남,40세,경상,승용,남,59세,경상
2019120100100456,2019년 12월 1일 18시,일요일,대구광역시 수성구 신매동,경상사고,0,0,2,0,차대차 - 측면충돌,안전운전불이행,건조,맑음,교차로 - 교차로부근,승용,남,37세,경상,승용,남,31세,경상
2019120100100457,2019년 12월 1일 18시,일요일,대구광역시 달서구 이곡동,중상사고,0,1,0,0,차대차 - 정면충돌,신호위반,젖음/습기,비,교차로 - 교차로안,이륜,남,37세,기타불명,승용,여,51세,중상
2019120100100497,2019년 12월 1일 19시,일요일,대구광역시 수성구 범어동,경상사고,0,0,2,1,차대차 - 측면충돌,안전운전불이행,젖음/습기,비,단일로 - 기타,이륜,남,26세,부상신고,승용,남,55세,경상
2019120100100498,2019년 12월 1일 19시,일요일,대구광역시 달서구 진천동,경상사고,0,0,1,0,차대사람 - 기타,안전운전불이행,젖음/습기,비,주차장 - 주차장,화물,남,55세,상해없음,보행자,남,43세,경상
2019120100100499,2019년 12월 1일 19시,일요일,대구광역시 달성군 다사읍,경상사고,0,0,1,0,차대사람 - 횡단중,안전운전불이행,젖음/습기,비,단일로 - 기타,화물,남,43세,상해없음,보행자,여,14세,경상
2019120100100500,2019년 12월 1일 19시,일요일,대구광역시 서구 내당동,경상사고,0,0,4,0,차대차 - 측면충돌,안전거리미확보,젖음/습기,비,교차로 - 교차로안,승용,남,66세,상해없음,승용,남,25세,경상
2019120100100501,2019년 12월 1일 19시,일요일,대구광역시 달서구 신당동,경상사고,0,0,1,0,차대차 - 측면충돌,안전거리미확보,젖음/습기,비,단일로 - 기타,이륜,남,23세,경상,승용,여,37세,상해없음