사고번호,사고일시,요일,시군구,사고내용,사망자수,중상자수,경상자수,부상신고자수,사고유형,법규위반,노면상태,기상상태,도로형태,가해운전자 차종,가해운전자 성별,가해운전자 연령,가해운전자 상해정도,피해운전자 차종,피해운전자 성별,피해운전자 연령,피해운전자 상해정도
2019120100100532,2019년 12월 1일 20시,일요일,대구광역시 수성구 수성동4가,경상사고,0,0,1,0,차대차 - 측면충돌,신호위반,젖음/습기,비,단일로 - 기타,화물,남,26세,상해없음,이륜,남,41세,경상
2019120100100533,2019년 12월 1일 20시,일요일,대구광역시 북구 산격동,부상신고사고,0,0,0,3,차대차 - 측면충돌,중앙선침범,젖음/습기,비,교차로 - 교차로부근,승용,남,27세,부상신고,승용,남,26세,부상신고
2019120100100562,2019년 12월 1일 21시,일요일,대구광역시 동구 지저동,경상사고,0,0,3,0,차대차 - 측면충돌,중앙선침범,젖음/습기,비,교차로 - 교차로부근,승용,남,53세,상해없음,승용,여,47세,경상
2019120100100563,2019년 12월 1일 21시,일요일,대구광역시 서구 평리동,중상사고,0,2,1,1,차대차 - 측면충돌,중앙선침범,젖음/습기,비,교차로 - 교차로부근,승용,남,45세,상해없음,승용,남,61세,중상
2019120100100586,2019년 12월 1일 22시,일요일,대구광역시 북구 태전동,경상사고,0,0,2,0,차대차 - 기타,교차로운행방법위반,젖음/습기,비,교차로 - 교차로안,승용,남,58세,경상,승용,여,29세,경상
2019120100100601,2019년 12월 1일 23시,일요일,대구광역시 수성구 지산동,경상사고,0,0,1,0,차대사람 - 차도통행중,안전운전불이행,젖음/습기,비,기타 - 기타,승용,남,33세,상해없음,보행자,남,22세,경상
2019120200100044,2019년 12월 2일 01시,월요일,대구광역시 달성군 현풍읍,경상사고,0,0,1,0,차대차 - 측면충돌,안전운전불이행,건조,맑음,교차로 - 교차로안,승용,남,49세,상해없음,승용,남,48세,경상
2019120200100047,2019년 12월 2일 02시,월요일,대구광역시 동구 지저동,경상사고,0,0,1,0,차대사람 - 기타,보행자보호의무위반,건조,맑음,단일로 - 기타,승용,남,67세,상해없음,보행자,여,8세,경상
2019120200100091,2019년 12월 2일 07시,월요일,대구광역시 남구 봉덕동,경상사고,0,0,1,0,차대차 - 측면충돌,직진우회전진행방해,건조,맑음,교차로 - 교차로안,이륜,여,70세,경상,승용,남,55세,상해없음
2019120200100092,2019년 12월 2일 07시,월요일,대구광역시 달성군 논공읍,경상사고,0,0,1,0,차대차 - 기타,안전운전불이행,건조,맑음,단일로 - 기타,화물,남,45세,상해없음,승용,남,52세,경상
2019120200100125,2019년 12월 2일 08시,월요일,대구광역시 수성구 매호동,경상사고,0,0,3,0,차대차 - 추돌,안전거리미확보,건조,맑음,교차로 - 교차로부근,승합,남,39세,상해없음,승합,남,41세,상해없음
2019120200100126,2019년 12월 2일 08시,월요일,대구광역시 수성구 중동,중상사고,0,1,1,0,차대차 - 측면충돌,안전거리미확보,건조,맑음,단일로 - 기타,승용,여,33세,상해없음,승합,남,29세,상해없음
2019120200100127,2019년 12월 2일 08시,월요일,대구광역시 북구 침산동,경상사고,0,0,1,1,차대차 - 측면충돌,신호위반,건조,맑음,교차로 - 교차로안,승용,여,40세,부상신고,승용,남,56세,경상
2019120200100165,2019년 12월 2일 09시,월요일,대구광역시 서구 내당동,경상사고,0,0,1,0,차대차 - 기타,신호위반,건조,맑음,교차로 - 교차로횡단보도내,자전거,남,82세,경상,승용,남,61세,상해없음
2019120200100192,2019년 12월 2일 10시,월요일,대구광역시 동구 신암동,중상사고,0,1,1,0,차대차 - 측면충돌,교차로운행방법위반,건조,맑음,교차로 - 교차로안,승용,여,52세,상해없음,승용,남,33세,경상
2019120200100238,2019년 12월 2일 11시,월요일,대구광역시 동구 용계동,경상사고,0,0,1,0,차대차 - 추돌,직진우회전진행방해,건조,맑음,교차로 - 교차로안,승용,남,53세,상해없음,자전거,남,63세,경상
2019120200100260,2019년 12월 2일 12시,월요일,대구광역시 달서구 대천동,경상사고,0,0,2,0,차대차 - 측면충돌,안전거리미확보,건조,맑음,교차로 - 교차로부근,이륜,남,69세,상해없음,이륜,남,25세,경상
2019120200100261,2019년 12월 2일 12시,월요일,대구광역시 북구 구암동,경상사고,0,0,2,0,차대차 - 측면충돌,신호위반,건조,맑음,교차로 - 교차로부근,승용,여,43세,경상,승용,남,43세,경상
2019120200100311,2019년 12월 2일 14시,월요일,대구광역시 남구 대명동,부상신고사고,0,0,0,1,차대차 - 후진중충돌,안전운전불이행,건조,맑음,단일로 - 기타,승합,남,44세,상해없음,승용,여,25세,상해없음
2019120200100312,2019년 12월 2일 14시,월요일,대구광역시 수성구 중동,경상사고,0,0,1,0,차대차 - 측면충돌,안전운전불이행,건조,맑음,단일로 - 기타,이륜,남,62세,경상,승용,여,45세,상해없음
2019120200100313,2019년 12월 2일 14시,월요일,대구광역시 달서구 신당동,중상사고,0,1,0,0,차대차 - 측면충돌,안전운전불이행,건조,맑음,교차로 - 교차로안,승용,남,52세,상해없음,이륜,남,25세,중상
2019120200100344,2019년 12월 2일 15시,월요일,대구광역시 동구 신암동,경상사고,0,0,1,0,차대차 - 기타,안전운전불이행,건조,맑음,단일로 - 기타,승용,여,31세,상해없음,승합,남,40세,상해없음
2019120200100345,2019년 12월 2일 15시,월요일,대구광역시 수성구 황금동,경상사고,0,0,2,2,차대차 - 측면충돌,교차로운행방법위반,건조,맑음,교차로 - 교차로안,화물,남,38세,부상신고,승용,남,21세,경상
2019120200100346,2019년 12월 2일 15시,월요일,대구광역시 중구 계산동2가,경상사고,0,0,1,0,차대차 - 측면충돌,신호위반,건조,맑음,교차로 - 교차로안,승용,남,67세,상해없음,자전거,남,55세,경상
2019120200100347,2019년 12월 2일 15시,월요일,대구광역시 중구 대신동,중상사고,0,1,0,0,차대사람 - 기타,기타,건조,맑음,단일로 - 기타,승합,남,53세,상해없음,보행자,여,76세,중상
2019120200100348,2019년 12월 2일 15시,월요일,대구광역시 북구 관음동,중상사고,0,1,0,0,차량단독 - 기타,안전운전불이행,건조,맑음,단일로 - 기타,승합,남,62세,상해없음,,,,
2019120200100397,2019년 12월 2일 16시,월요일,대구광역시 동구 봉무동,경상사고,0,0,2,0,차대차 - 기타,안전운전불이행,건조,맑음,단일로 - 기타,승용,여,63세,상해없음,이륜,남,18세,경상
2019120200100398,2019년 12월 2일 16시,월요일,대구광역시 동구 효목동,경상사고,0,0,2,1,차대차 - 측면충돌,안전거리미확보,건조,맑음,단일로 - 기타,승용,여,58세,부상신고,승용,여,57세,경상
2019120200100399,2019년 12월 2일 16시,월요일,대구광역시 서구 비산동,경상사고,0,0,1,0,차대차 - 측면충돌,안전운전불이행,건조,맑음,교차로 - 교차로부근,승용,여,47세,상해없음,승용,여,52세,경상
2019120200100455,2019년 12월 2일 17시,월요일,대구광역시 동구 신서동,경상사고,0,0,1,0,차대사람 - 횡단중,보행자보호의무위반,건조,맑음,교차로 - 교차로횡단보도내,승용,여,71세,상해없음,보행자,남,15세,경상
2019120200100456,2019년 12월 2일 17시,월요일,대구광역시 북구 동천동,부상신고사고,0,0,0,1,차대차 - 기타,안전운전불이행,건조,맑음,교차로 - 교차로안,승용,여,54세,상해없음,승용,여,62세,부상신고
2019120200100457,2019년 12월 2일 17시,월요일,대구광역시 북구 동천동,경상사고,0,0,2,0,차대차 - 측면충돌,신호위반,건조,맑음,교차로 - 교차로안,승용,여,33세,경상,이륜,남,23세,경상
2019120200100515,2019년 12월 2일 18시,월요일,대구광역시 남구 대명동,경상사고,0,0,1,0,차대차 - 측면충돌,안전운전불이행,건조,맑음,단일로 - 기타,승용,남,24세,상해없음,이륜,남,34세,경상
2019120200100516,2019년 12월 2일 18시,월요일,대구광역시 달서구 상인동,경상사고,0,0,1,0,차대사람 - 기타,안전운전불이행,건조,맑음,단일로 - 기타,승용,남,50세,상해없음,보행자,남,22세,경상
2019120200100517,2019년 12월 2일 18시,월요일,대구광역시 북구 동천동,경상사고,0,0,1,0,차대차 - 기타,안전운전불이행,건조,맑음,교차로 - 교차로부근,이륜,남,18세,경상,승용,남,45세,상해없음
2019120200100553,2019년 12월 2일 19시,월요일,대구광역시 남구 대명동,중상사고,0,1,0,0,차대차 - 측면충돌,안전운전불이행,건조,맑음,단일로 - 기타,승용,남,36세,상해없음,원동기,남,34세,중상
2019120200100554,2019년 12월 2일 19시,월요일,대구광역시 북구 구암동,경상사고,0,0,1,0,차대차 - 기타,안전운전불이행,건조,맑음,단일로 - 기타,화물,남,34세,상해없음,승용,여,31세,경상
2019120200100624,2019년 12월 2일 22시,월요일,대구광역시 달서구 상인동,부상신고사고,0,0,0,1,차대사람 - 기타,안전운전불이행,건조,맑음,교차로 - 교차로안,승용,남,43세,상해없음,보행자,남,49세,부상신고
2019120300100027,2019년 12월 3일 00시,화요일,대구광역시 서구 평리동,경상사고,0,0,2,0,차대차 - 측면충돌,안전거리미확보,건조,맑음,단일로 - 기타,승용,남,62세,상해없음,승용,남,40세,경상
2019120300100062,2019년 12월 3일 05시,화요일,대구광역시 북구 대현동,경상사고,0,0,1,0,차대차 - 측면충돌,안전운전불이행,건조,맑음,교차로 - 교차로안,승용,남,37세,기타불명,승용,남,53세,경상
2019120300100103,2019년 12월 3일 07시,화요일,대구광역시 달서구 진천동,경상사고,0,0,1,0,차대사람 - 기타,안전운전불이행,건조,맑음,단일로 - 기타,승용,남,68세,상해없음,보행자,남,65세,경상
2019120300100104,2019년 12월 3일 07시,화요일,대구광역시 달서구 월성동,경상사고,0,0,1,0,차대차 - 측면충돌,안전운전불이행,건조,맑음,단일로 - 기타,승용,여,46세,상해없음,승용,여,49세,경상
2019120300100105,2019년 12월 3일 07시,화요일,대구광역시 달서구 신당동,경상사고,0,0,1,0,차대차 - 측면충돌,교차로운행방법위반,건조,맑음,교차로 - 교차로부근,승용,여,46세,기타불명,승용,남,67세,경상
2019120300100148,2019년 12월 3일 08시,화요일,대구광역시 수성구 수성동2가,경상사고,0,0,1,0,차대차 - 측면충돌,안전거리미확보,건조,맑음,교차로 - 교차로부근,승용,남,29세,상해없음,승용,남,37세,경상
2019120300100149,2019년 12월 3일 08시,화요일,대구광역시 달성군 옥포읍,경상사고,0,0,1,0,차량단독 - 전도전복 - 전도,안전운전불이행,서리/결빙,맑음,기타 - 기타,이륜,남,46세,경상,,,,
2019120300100150,2019년 12월 3일 08시,화요일,대구광역시 서구 내당동,부상신고사고,0,0,0,1,차대차 - 측면충돌,안전운전불이행,건조,맑음,교차로 - 교차로부근,승용,남,49세,부상신고,건설기계,남,48세,상해없음
2019120300100189,2019년 12월 3일 09시,화요일,대구광역시 동구 효목동,중상사고,0,1,0,0,차대차 - 기타,안전거리미확보,건조,맑음,단일로 - 기타,화물,남,71세,상해없음,승용,남,62세,상해없음
2019120300100190,2019년 12월 3일 09시,화요일,대구광역시 달서구 상인동,중상사고,0,1,1,0,차대사람 - 횡단중,신호위반,건조,맑음,단일로 - 기타,승용,여,42세,상해없음,보행자,여,53세,중상
2019120300100191,2019년 12월 3일 09시,화요일,대구광역시 달성군 유가읍,중상사고,0,1,0,0,차대차 - 기타,신호위반,건조,맑음,교차로 - 교차로안,화물,남,69세,상해없음,승용,여,29세,중상
2019120300100246,2019년 12월 3일 11시,화요일,대구광역시 서구 비산동,경상사고,0,0,1,0,차대차 - 측면충돌,안전운전불이행,건조,맑음,기타 - 기타,이륜,남,76세,경상,승용,여,50세,상해없음
2019120300100278,2019년 12월 3일 12시,화요일,대구광역시 수성구 황금동,경상사고,0,0,3,0,차대차 - 측면충돌,안전운전불이행,건조,맑음,교차로 - 교차로안,승용,남,70세,상해없음,승용,남,52세,경상
2019120300100279,2019년 12월 3일 12시,화요일,대구광역시 수성구 만촌동,경상사고,0,0,1,0,차대차 - 측면충돌,안전거리미확보,건조,맑음,기타 - 기타,승용,남,64세,상해없음,승용,남,73세,경상
2019120300100280,2019년 12월 3일 12시,화요일,대구광역시 달서구 송현동,경상사고,0,0,1,0,차대차 - 측면충돌,신호위반,건조,맑음,교차로 - 교차로안,승용,여,47세,상해없음,이륜,남,79세,경상
2019120300100281,2019년 12월 3일 12시,화요일,대구광역시 서구 비산동,부상신고사고,0,0,0,1,차대차 - 추돌,안전거리미확보,건조,맑음,교차로 - 교차로부근,이륜,남,46세,부상신고,건설기계,남,46세,상해없음
2019120300100282,2019년 12월 3일 12시,화요일,대구광역시 달서구 신당동,중상사고,0,1,0,0,차대사람 - 횡단중,신호위반,건조,맑음,교차로 - 교차로횡단보도내,이륜,여,57세,상해없음,보행자,남,69세,중상
2019120300100324,2019년 12월 3일 13시,화요일,대구광역시 동구 진인동,중상사고,0,2,0,0,차대차 - 후진중충돌,중앙선침범,건조,맑음,단일로 - 기타,승용,여,56세,상해없음,승용,남,63세,중상
2019120300100325,2019년 12월 3일 13시,화요일,대구광역시 북구 동천동,경상사고,0,0,1,0,차대차 - 측면충돌,신호위반,건조,맑음,교차로 - 교차로안,승용,남,59세,상해없음,승용,여,25세,경상
2019120300100357,2019년 12월 3일 14시,화요일,대구광역시 동구 불로동,부상신고사고,0,0,0,1,차대차 - 정면충돌,불법유턴,건조,맑음,교차로 - 교차로안,자전거,남,72세,부상신고,승용,여,46세,상해없음
2019120300100358,2019년 12월 3일 14시,화요일,대구광역시 동구 지저동,경상사고,0,0,1,1,차대차 - 기타,안전거리미확보,건조,맑음,단일로 - 기타,화물,남,28세,부상신고,승용,여,23세,경상
2019120300100359,2019년 12월 3일 14시,화요일,대구광역시 수성구 상동,경상사고,0,0,1,0,차대차 - 측면충돌,교차로운행방법위반,건조,맑음,교차로 - 교차로안,승용,남,62세,상해없음,승용,남,76세,경상
2019120300100360,2019년 12월 3일 14시,화요일,대구광역시 달서구 성당동,경상사고,0,0,1,0,차대차 - 기타,안전운전불이행,건조,맑음,교차로 - 교차로안,승용,남,58세,상해없음,승용,여,59세,경상
2019120300100361,2019년 12월 3일 14시,화요일,대구광역시 달서구 용산동,경상사고,0,0,1,0,차대차 - 추돌,안전운전불이행,건조,맑음,단일로 - 기타,승용,남,25세,상해없음,화물,남,64세,경상
2019120300100393,2019년 12월 3일 15시,화요일,대구광역시 남구 대명동,경상사고,0,0,1,0,차대차 - 측면충돌,직진우회전진행방해,건조,맑음,교차로 - 교차로안,승용,여,44세,상해없음,승용,남,36세,경상
2019120300100394,2019년 12월 3일 15시,화요일,대구광역시 동구 사복동,중상사고,0,1,0,0,차대차 - 정면충돌,신호위반,건조,맑음,교차로 - 교차로안,승용,남,37세,상해없음,승용,남,38세,중상
2019120300100395,2019년 12월 3일 15시,화요일,대구광역시 동구 율하동,경상사고,0,0,1,0,차대사람 - 횡단중,보행자보호의무위반,건조,맑음,교차로 - 교차로횡단보도내,승용,남,52세,상해없음,보행자,남,12세,경상
2019120300100396,2019년 12월 3일 15시,화요일,대구광역시 달성군 논공읍,중상사고,0,1,0,0,차대차 - 기타,교차로운행방법위반,건조,맑음,교차로 - 교차로안,승용,여,26세,상해없음,이륜,남,67세,중상
2019120300100397,2019년 12월 3일 15시,화요일,대구광역시 달성군 화원읍,부상신고사고,0,0,0,1,차대차 - 기타,교차로운행방법위반,건조,맑음,교차로 - 교차로부근,승용,남,68세,상해없음,승용,여,71세,부상신고
2019120300100398,2019년 12월 3일 15시,화요일,대구광역시 서구 이현동,중상사고,0,1,0,0,차대차 - 측면충돌,안전운전불이행,건조,맑음,교차로 - 교차로부근,승용,남,62세,상해없음,이륜,남,47세,중상
2019120300100425,2019년 12월 3일 16시,화요일,대구광역시 동구 지저동,경상사고,0,0,2,0,차대차 - 후진중충돌,안전운전불이행,건조,맑음,단일로 - 기타,화물,남,64세,상해없음,이륜,남,21세,경상
2019120300100426,2019년 12월 3일 16시,화요일,대구광역시 달서구 상인동,경상사고,0,0,2,1,차대차 - 측면충돌,안전운전불이행,건조,맑음,단일로 - 기타,승용,여,57세,부상신고,승용,남,43세,경상
2019120300100427,2019년 12월 3일 16시,화요일,대구광역시 서구 이현동,부상신고사고,0,0,0,1,차대차 - 측면충돌,신호위반,건조,맑음,교차로 - 교차로안,이륜,남,65세,부상신고,화물,남,29세,상해없음
2019120300100523,2019년 12월 3일 18시,화요일,대구광역시 수성구 두산동,경상사고,0,0,2,0,차대차 - 측면충돌,신호위반,건조,맑음,교차로 - 교차로안,승합,남,41세,상해없음,승용,남,50세,경상
2019120300100524,2019년 12월 3일 18시,화요일,대구광역시 달서구 유천동,경상사고,0,0,1,0,차대차 - 측면충돌,안전운전불이행,건조,맑음,교차로 - 교차로안,자전거,남,14세,경상,승용,남,61세,상해없음
2019120300100525,2019년 12월 3일 18시,화요일,대구광역시 달서구 본동,경상사고,0,0,1,0,차대차 - 측면충돌,안전운전불이행,건조,맑음,단일로 - 기타,기타불명,기타불명,미분류,기타불명,승용,여,56세,경상
2019120300100558,2019년 12월 3일 19시,화요일,대구광역시 서구 비산동,경상사고,0,0,1,0,차대차 - 측면충돌,안전운전불이행,건조,맑음,단일로 - 기타,승용,남,61세,상해없음,이륜,남,24세,경상
2019120300100587,2019년 12월 3일 20시,화요일,대구광역시 달서구 감삼동,경상사고,0,0,5,0,차대차 - 기타,교차로운행방법위반,건조,맑음,교차로 - 교차로안,승용,남,29세,경상,승용,남,21세,경상
2019120300100617,2019년 12월 3일 21시,화요일,대구광역시 동구 신암동,경상사고,0,0,3,0,차대차 - 측면충돌,안전거리미확보,건조,맑음,단일로 - 기타,승용,여,23세,상해없음,승용,남,42세,경상
2019120300100618,2019년 12월 3일 21시,화요일,대구광역시 달성군 유가읍,중상사고,0,1,0,0,차대차 - 측면충돌,안전운전불이행,건조,맑음,단일로 - 기타,승용,여,35세,상해없음,원동기,남,31세,중상
2019120300100619,2019년 12월 3일 21시,화요일,대구광역시 달서구 본리동,부상신고사고,0,0,0,1,차대차 - 측면충돌,안전운전불이행,건조,맑음,교차로 - 교차로안,승용,남,19세,상해없음,승용,남,43세,부상신고
2019120300100647,2019년 12월 3일 22시,화요일,대구광역시 달서구 본동,부상신고사고,0,0,0,1,차대차 - 기타,직진우회전진행방해,건조,맑음,교차로 - 교차로안,승용,여,40세,상해없음,승용,남,18세,부상신고
2019120300100671,2019년 12월 3일 23시,화요일,대구광역시 수성구 황금동,중상사고,0,1,0,0,차대차 - 측면충돌,안전운전불이행,건조,맑음,교차로 - 교차로안,이륜,남,21세,중상,승용,남,30세,상해없음
2019120400100156,2019년 12월 4일 06시,수요일,대구광역시 동구 신천동,부상신고사고,0,0,0,1,차대차 - 기타,신호위반,건조,맑음,교차로 - 교차로안,이륜,남,52세,부상신고,승용,남,37세,상해없음
2019120400100222,2019년 12월 4일 08시,수요일,대구광역시 달서구 신당동,중상사고,0,2,2,0,차대차 - 추돌,안전운전불이행,건조,맑음,단일로 - 기타,승용,남,48세,상해없음,승용,여,47세,경상
2019120400100223,2019년 12월 4일 08시,수요일,대구광역시 달서구 성당동,경상사고,0,0,1,0,차대차 - 측면충돌,안전거리미확보,건조,맑음,단일로 - 기타,승용,여,47세,상해없음,승용,여,32세,경상
2019120400100263,2019년 12월 4일 09시,수요일,대구광역시 동구 지저동,경상사고,0,0,1,0,차대차 - 기타,안전운전불이행,건조,맑음,교차로 - 교차로안,승용,여,52세,상해없음,자전거,남,63세,경상
2019120400100264,2019년 12월 4일 09시,수요일,대구광역시 동구 신암동,중상사고,0,1,0,0,차량단독 - 기타,안전운전불이행,건조,맑음,단일로 - 기타,승합,남,53세,상해없음,,,,
2019120400100265,2019년 12월 4일 09시,수요일,대구광역시 달서구 성당동,중상사고,0,1,0,0,차대차 - 기타,안전운전불이행,건조,맑음,단일로 - 기타,화물,남,48세,상해없음,이륜,남,29세,중상
2019120400100266,2019년 12월 4일 09시,수요일,대구광역시 북구 읍내동,중상사고,0,1,1,0,차대차 - 측면충돌,안전거리미확보,건조,맑음,교차로 - 교차로부근,원동기,남,55세,중상,승용,남,66세,경상
2019120400100301,2019년 12월 4일 10시,수요일,대구광역시 동구 방촌동,경상사고,0,0,1,1,차대차 - 측면충돌,교차로운행방법위반,건조,맑음,교차로 - 교차로안,승용,남,45세,부상신고,화물,남,46세,경상
2019120400100302,2019년 12월 4일 10시,수요일,대구광역시 수성구 두산동,중상사고,0,1,1,0,차대차 - 추돌,안전운전불이행,건조,맑음,교차로 - 교차로안,승용,여,37세,기타불명,승용,남,64세,경상
2019120400100303,2019년 12월 4일 10시,수요일,대구광역시 달서구 상인동,중상사고,0,1,0,0,차대차 - 측면충돌,안전운전불이행,건조,맑음,교차로 - 교차로안,승용,남,66세,상해없음,자전거,남,77세,중상
2019120400100304,2019년 12월 4일 10시,수요일,대구광역시 북구 동천동,중상사고,0,1,1,0,차대차 - 측면충돌,교차로운행방법위반,건조,맑음,교차로 - 교차로안,승용,여,41세,경상,이륜,남,17세,중상
2019120400100353,2019년 12월 4일 11시,수요일,대구광역시 동구 신천동,중상사고,0,1,0,0,차대사람 - 횡단중,안전운전불이행,건조,맑음,단일로 - 기타,승합,남,56세,상해없음,보행자,여,66세,중상
2019120400100381,2019년 12월 4일 12시,수요일,대구광역시 동구 신암동,중상사고,0,1,1,0,차대차 - 기타,안전운전불이행,건조,맑음,교차로 - 교차로부근,승용,남,70세,상해없음,이륜,남,74세,경상
2019120400100382,2019년 12월 4일 12시,수요일,대구광역시 수성구 만촌동,경상사고,0,0,1,0,차대차 - 측면충돌,안전운전불이행,건조,맑음,단일로 - 기타,승용,남,57세,상해없음,승용,여,40세,경상
2019120400100383,2019년 12월 4일 12시,수요일,대구광역시 달서구 송현동,경상사고,0,0,1,0,차대사람 - 기타,안전운전불이행,건조,맑음,단일로 - 기타,승용,여,40세,상해없음,보행자,남,55세,경상
2019120400100412,2019년 12월 4일 13시,수요일,대구광역시 수성구 지산동,경상사고,0,0,1,0,차대차 - 추돌,안전운전불이행,건조,맑음,단일로 - 기타,승용,남,36세,기타불명,승용,여,52세,경상
2019120400100413,2019년 12월 4일 13시,수요일,대구광역시 달서구 두류동,중상사고,0,1,1,0,차대차 - 측면충돌,교차로운행방법위반,건조,맑음,교차로 - 교차로부근,승용,여,54세,상해없음,이륜,남,18세,경상
2019120400100435,2019년 12월 4일 14시,수요일,대구광역시 서구 내당동,경상사고,0,0,1,0,차대차 - 측면충돌,신호위반,건조,맑음,교차로 - 교차로안,화물,남,21세,상해없음,승용,남,66세,경상
2019120400100436,2019년 12월 4일 14시,수요일,대구광역시 달서구 성당동,중상사고,0,1,0,0,차대차 - 기타,직진우회전진행방해,건조,맑음,교차로 - 교차로안,이륜,남,18세,상해없음,자전거,남,75세,중상
2019120400100464,2019년 12월 4일 15시,수요일,대구광역시 수성구 수성동4가,경상사고,0,0,1,0,차대차 - 측면충돌,안전운전불이행,건조,맑음,교차로 - 교차로부근,자전거,여,13세,경상,기타불명,기타불명,미분류,기타불명
2019120400100465,2019년 12월 4일 15시,수요일,대구광역시 달서구 유천동,경상사고,0,0,1,0,차대차 - 측면충돌,안전거리미확보,건조,맑음,단일로 - 기타,승용,여,40세,상해없음,이륜,남,21세,경상
2019120400100466,2019년 12월 4일 15시,수요일,대구광역시 서구 내당동,경상사고,0,0,7,0,차대차 - 측면충돌,안전거리미확보,건조,맑음,교차로 - 교차로부근,승용,남,72세,상해없음,승합,남,57세,경상
2019120400100548,2019년 12월 4일 17시,수요일,대구광역시 동구 효목동,경상사고,0,0,1,0,차대차 - 측면충돌,교차로운행방법위반,건조,맑음,교차로 - 교차로안,승용,여,58세,상해없음,승용,남,57세,경상
2019120400100549,2019년 12월 4일 17시,수요일,대구광역시 동구 신암동,경상사고,0,0,1,1,차대차 - 측면충돌,안전운전불이행,건조,맑음,단일로 - 기타,이륜,남,27세,부상신고,승용,남,39세,경상
2019120400100550,2019년 12월 4일 17시,수요일,대구광역시 수성구 만촌동,경상사고,0,0,1,0,차대차 - 측면충돌,안전거리미확보,건조,맑음,단일로 - 기타,승용,여,42세,상해없음,승합,남,66세,상해없음
2019120400100551,2019년 12월 4일 17시,수요일,대구광역시 수성구 수성동3가,경상사고,0,0,1,0,차대사람 - 횡단중,안전운전불이행,건조,맑음,교차로 - 교차로부근,승합,남,60세,상해없음,보행자,여,64세,경상
2019120400100552,2019년 12월 4일 17시,수요일,대구광역시 중구 동인동1가,부상신고사고,0,0,0,1,차량단독 - 기타,안전운전불이행,건조,맑음,단일로 - 기타,승합,남,56세,상해없음,,,,
2019120400100553,2019년 12월 4일 17시,수요일,대구광역시 달서구 장기동,중상사고,0,1,0,0,차대사람 - 기타,안전운전불이행,건조,맑음,기타 - 기타,건설기계,남,41세,상해없음,보행자,남,48세,중상
2019120400100554,2019년 12월 4일 17시,수요일,대구광역시 달서구 신당동,중상사고,0,1,0,0,차대사람 - 기타,보행자보호의무위반,건조,맑음,교차로 - 교차로횡단보도내,승합,남,54세,상해없음,보행자,여,89세,중상
2019120400100602,2019년 12월 4일 18시,수요일,대구광역시 수성구 범어동,중상사고,0,1,0,0,차대차 - 측면충돌,안전운전불이행,건조,맑음,교차로 - 교차로안,승용,남,47세,상해없음,자전거,남,62세,중상
2019120400100603,2019년 12월 4일 18시,수요일,대구광역시 달서구 상인동,경상사고,0,0,1,0,차대차 - 측면충돌,안전거리미확보,건조,맑음,교차로 - 교차로안,승용,남,68세,상해없음,승용,여,24세,경상
2019120400100604,2019년 12월 4일 18시,수요일,대구광역시 서구 비산동,경상사고,0,0,2,0,차대차 - 추돌,안전운전불이행,건조,맑음,단일로 - 기타,승용,남,57세,상해없음,승용,남,37세,경상
2019120400100605,2019년 12월 4일 18시,수요일,대구광역시 달서구 성당동,중상사고,0,1,0,0,차대사람 - 보도통행중,보행자보호의무위반,건조,맑음,교차로 - 교차로횡단보도내,승용,여,35세,상해없음,보행자,여,63세,중상
2019120400100645,2019년 12월 4일 19시,수요일,대구광역시 수성구 범물동,중상사고,0,1,0,0,차대사람 - 횡단중,안전운전불이행,건조,맑음,단일로 - 기타,승용,여,51세,상해없음,보행자,여,67세,중상
2019120400100646,2019년 12월 4일 19시,수요일,대구광역시 달서구 본리동,경상사고,0,0,2,0,차대차 - 기타,신호위반,건조,맑음,교차로 - 교차로부근,승용,남,51세,경상,승용,남,31세,경상
2019120400100678,2019년 12월 4일 20시,수요일,대구광역시 달서구 대곡동,부상신고사고,0,0,0,1,차대차 - 측면충돌,안전운전불이행,건조,맑음,단일로 - 기타,이륜,남,40세,부상신고,승용,남,59세,상해없음
2019120400100679,2019년 12월 4일 20시,수요일,대구광역시 북구 대현동,경상사고,0,0,1,0,차량단독 - 전도전복 - 전도,안전운전불이행,건조,맑음,단일로 - 기타,이륜,남,18세,경상,,,,
2019120400100704,2019년 12월 4일 21시,수요일,대구광역시 동구 방촌동,경상사고,0,0,1,0,차대차 - 기타,신호위반,건조,맑음,단일로 - 기타,승용,남,46세,상해없음,승용,여,33세,경상
2019120400100722,2019년 12월 4일 22시,수요일,대구광역시 수성구 만촌동,경상사고,0,0,1,0,차대차 - 추돌,신호위반,건조,맑음,교차로 - 교차로안,승용,여,44세,상해없음,승용,여,55세,경상
2019120400100723,2019년 12월 4일 22시,수요일,대구광역시 달서구 이곡동,경상사고,0,0,2,0,차대차 - 추돌,안전운전불이행,건조,맑음,단일로 - 기타,승용,남,36세,상해없음,승용,남,48세,상해없음
2019120500100082,2019년 12월 5일 05시,목요일,대구광역시 수성구 대흥동,경상사고,0,0,2,0,차대차 - 정면충돌,신호위반,건조,맑음,교차로 - 교차로안,승용,여,51세,상해없음,화물,남,49세,경상
2019120500100197,2019년 12월 5일 09시,목요일,대구광역시 서구 중리동,경상사고,0,0,1,0,차대차 - 측면충돌,안전운전불이행,건조,맑음,교차로 - 교차로부근,승용,남,62세,상해없음,자전거,여,48세,경상