사고번호,사고일시,요일,시군구,사고내용,사망자수,중상자수,경상자수,부상신고자수,사고유형,법규위반,노면상태,기상상태,도로형태,가해운전자 차종,가해운전자 성별,가해운전자 연령,가해운전자 상해정도,피해운전자 차종,피해운전자 성별,피해운전자 연령,피해운전자 상해정도
2019121100100126,2019년 12월 11일 07시,수요일,대구광역시 달서구 대천동,경상사고,0,0,1,0,차대차 - 기타,안전거리미확보,건조,맑음,단일로 - 기타,승합,남,36세,상해없음,승용,남,44세,경상
2019121100100156,2019년 12월 11일 08시,수요일,대구광역시 북구 서변동,경상사고,0,0,1,0,차대차 - 측면충돌,안전운전불이행,건조,맑음,기타 - 기타,승용,여,42세,상해없음,승용,남,35세,상해없음
2019121100100216,2019년 12월 11일 10시,수요일,대구광역시 수성구 만촌동,경상사고,0,0,3,0,차대차 - 추돌,안전운전불이행,건조,맑음,단일로 - 기타,승용,여,59세,상해없음,승용,여,49세,경상
2019121100100248,2019년 12월 11일 11시,수요일,대구광역시 동구 신암동,경상사고,0,0,1,0,차대차 - 측면충돌,안전거리미확보,건조,맑음,단일로 - 기타,화물,남,52세,상해없음,원동기,남,53세,경상
2019121100100280,2019년 12월 11일 12시,수요일,대구광역시 달성군 다사읍,중상사고,0,1,0,0,차대차 - 기타,직진우회전진행방해,건조,맑음,교차로 - 교차로안,승용,남,34세,상해없음,자전거,남,18세,중상
2019121100100303,2019년 12월 11일 13시,수요일,대구광역시 수성구 두산동,경상사고,0,0,1,0,차대차 - 측면충돌,안전운전불이행,건조,맑음,단일로 - 기타,승용,남,40세,상해없음,자전거,남,67세,경상
2019121100100304,2019년 12월 11일 13시,수요일,대구광역시 달서구 이곡동,경상사고,0,0,1,0,차대차 - 측면충돌,안전운전불이행,건조,맑음,단일로 - 기타,승용,남,44세,상해없음,이륜,남,40세,경상
2019121100100329,2019년 12월 11일 14시,수요일,대구광역시 수성구 범어동,중상사고,0,1,0,0,차대사람 - 기타,안전운전불이행,건조,맑음,기타 - 기타,승용,남,39세,상해없음,보행자,남,7세,중상
2019121100100330,2019년 12월 11일 14시,수요일,대구광역시 달서구 송현동,경상사고,0,0,1,0,차대차 - 측면충돌,교차로운행방법위반,건조,맑음,교차로 - 교차로안,승용,여,36세,상해없음,승용,여,48세,경상
2019121100100331,2019년 12월 11일 14시,수요일,대구광역시 북구 산격동,경상사고,0,0,4,0,차대차 - 측면충돌,중앙선침범,건조,맑음,기타 - 기타,승용,여,29세,상해없음,승용,남,43세,경상
2019121100100332,2019년 12월 11일 14시,수요일,대구광역시 북구 침산동,경상사고,0,0,1,0,차대차 - 추돌,안전거리미확보,건조,맑음,단일로 - 기타,승용,남,51세,상해없음,화물,남,44세,경상
2019121100100333,2019년 12월 11일 14시,수요일,대구광역시 북구 노원동3가,경상사고,0,0,1,0,차대차 - 추돌,안전운전불이행,건조,맑음,단일로 - 기타,화물,남,51세,상해없음,승용,남,48세,경상
2019121100100361,2019년 12월 11일 15시,수요일,대구광역시 수성구 범어동,경상사고,0,0,2,0,차대차 - 측면충돌,신호위반,건조,맑음,단일로 - 기타,승용,남,60세,상해없음,승용,남,72세,경상
2019121100100362,2019년 12월 11일 15시,수요일,대구광역시 수성구 황금동,경상사고,0,0,1,0,차대차 - 측면충돌,안전운전불이행,건조,맑음,교차로 - 교차로부근,승용,여,41세,상해없음,승용,남,48세,경상
2019121100100363,2019년 12월 11일 15시,수요일,대구광역시 달서구 죽전동,경상사고,0,0,1,0,차대차 - 측면충돌,안전운전불이행,건조,맑음,단일로 - 기타,승용,남,62세,상해없음,승용,남,52세,경상
2019121100100400,2019년 12월 11일 16시,수요일,대구광역시 북구 복현동,경상사고,0,0,2,0,차대차 - 측면충돌,직진우회전진행방해,건조,맑음,교차로 - 교차로안,이륜,남,72세,경상,승용,여,62세,경상
2019121100100509,2019년 12월 11일 18시,수요일,대구광역시 달서구 진천동,경상사고,0,0,1,0,차대차 - 측면충돌,신호위반,건조,맑음,교차로 - 교차로안,승용,여,61세,상해없음,승용,남,67세,경상
2019121100100510,2019년 12월 11일 18시,수요일,대구광역시 서구 평리동,경상사고,0,0,1,0,차대사람 - 횡단중,보행자보호의무위반,건조,맑음,단일로 - 기타,승용,여,54세,상해없음,보행자,여,33세,경상
2019121100100552,2019년 12월 11일 19시,수요일,대구광역시 수성구 두산동,경상사고,0,0,1,0,차대차 - 측면충돌,신호위반,건조,맑음,단일로 - 기타,승용,남,57세,상해없음,승용,남,51세,경상
2019121100100553,2019년 12월 11일 19시,수요일,대구광역시 달서구 상인동,경상사고,0,0,2,0,차대차 - 측면충돌,교차로운행방법위반,건조,맑음,교차로 - 교차로안,승용,여,55세,경상,승용,남,44세,경상
2019121100100593,2019년 12월 11일 21시,수요일,대구광역시 동구 신천동,중상사고,0,1,0,0,차량단독 - 전도전복 - 전도,안전운전불이행,건조,맑음,단일로 - 기타,이륜,남,65세,중상,,,,
2019121100100594,2019년 12월 11일 21시,수요일,대구광역시 달서구 감삼동,부상신고사고,0,0,0,1,차대차 - 측면충돌,안전운전불이행,건조,맑음,교차로 - 교차로부근,화물,남,62세,기타불명,승용,남,37세,부상신고
2019121100100595,2019년 12월 11일 21시,수요일,대구광역시 북구 동호동,중상사고,0,1,1,0,차대차 - 측면충돌,직진우회전진행방해,건조,맑음,교차로 - 교차로안,승용,여,41세,경상,승용,남,51세,중상
2019121100100621,2019년 12월 11일 22시,수요일,대구광역시 동구 신천동,경상사고,0,0,1,1,차대차 - 추돌,신호위반,건조,맑음,교차로 - 교차로안,승용,여,43세,부상신고,승용,남,61세,상해없음
2019121100100622,2019년 12월 11일 22시,수요일,대구광역시 서구 평리동,중상사고,0,1,2,0,차대차 - 기타,기타,건조,맑음,교차로 - 교차로안,승용,남,34세,경상,승용,남,52세,경상
2019121100100623,2019년 12월 11일 22시,수요일,대구광역시 서구 원대동3가,중상사고,0,1,0,0,차대사람 - 횡단중,신호위반,건조,맑음,단일로 - 기타,이륜,남,56세,상해없음,보행자,남,37세,중상
2019121100100624,2019년 12월 11일 22시,수요일,대구광역시 중구 동산동,경상사고,0,0,1,0,차대차 - 측면충돌,안전거리미확보,건조,맑음,단일로 - 기타,승용,남,60세,상해없음,승용,여,54세,경상
2019121100100640,2019년 12월 11일 23시,수요일,대구광역시 중구 수동,중상사고,0,1,1,0,차대차 - 측면충돌,직진우회전진행방해,건조,맑음,교차로 - 교차로안,승용,남,51세,기타불명,승용,남,34세,경상
2019121100100641,2019년 12월 11일 23시,수요일,대구광역시 달서구 용산동,중상사고,0,1,4,0,차대차 - 추돌,안전운전불이행,건조,맑음,단일로 - 기타,승용,남,30세,상해없음,승합,남,59세,경상
2019121200100044,2019년 12월 12일 00시,목요일,대구광역시 동구 불로동,중상사고,0,1,1,0,차대차 - 추돌,안전운전불이행,건조,맑음,단일로 - 기타,이륜,남,36세,중상,승용,남,36세,경상
2019121200100045,2019년 12월 12일 00시,목요일,대구광역시 수성구 지산동,경상사고,0,0,1,0,차대차 - 측면충돌,안전운전불이행,건조,맑음,교차로 - 교차로안,승용,남,37세,상해없음,승용,남,49세,경상
2019121200100069,2019년 12월 12일 03시,목요일,대구광역시 서구 내당동,사망사고,1,1,1,0,차대차 - 측면충돌,과속,건조,맑음,교차로 - 교차로부근,승용,남,19세,중상,승용,남,41세,경상
2019121200100176,2019년 12월 12일 08시,목요일,대구광역시 수성구 수성동2가,경상사고,0,0,2,0,차대차 - 정면충돌,신호위반,건조,맑음,교차로 - 교차로안,원동기,남,57세,경상,승용,여,64세,경상
2019121200100177,2019년 12월 12일 08시,목요일,대구광역시 수성구 범어동,경상사고,0,0,2,1,차대차 - 측면충돌,안전거리미확보,건조,맑음,단일로 - 기타,승용,남,60세,상해없음,승용,남,61세,경상
2019121200100178,2019년 12월 12일 08시,목요일,대구광역시 북구 산격동,경상사고,0,0,1,0,차대차 - 추돌,안전거리미확보,건조,맑음,단일로 - 기타,승용,남,43세,상해없음,화물,남,44세,경상
2019121200100179,2019년 12월 12일 08시,목요일,대구광역시 달서구 대천동,중상사고,0,1,0,0,차대차 - 측면충돌,차로위반,건조,맑음,단일로 - 기타,화물,남,54세,상해없음,승용,여,32세,중상
2019121200100214,2019년 12월 12일 09시,목요일,대구광역시 서구 상리동,경상사고,0,0,1,0,차대차 - 측면충돌,안전운전불이행,건조,맑음,단일로 - 기타,승용,남,56세,상해없음,승용,남,25세,경상
2019121200100215,2019년 12월 12일 09시,목요일,대구광역시 중구 동인동4가,경상사고,0,0,1,0,차대차 - 측면충돌,안전운전불이행,건조,맑음,단일로 - 기타,화물,남,69세,상해없음,승용,남,24세,경상
2019121200100244,2019년 12월 12일 10시,목요일,대구광역시 북구 복현동,부상신고사고,0,0,0,1,차대차 - 측면충돌,안전거리미확보,건조,맑음,기타 - 기타,이륜,남,67세,부상신고,승용,남,37세,상해없음
2019121200100245,2019년 12월 12일 10시,목요일,대구광역시 서구 비산동,부상신고사고,0,0,0,1,차대차 - 측면충돌,안전운전불이행,건조,맑음,교차로 - 교차로부근,승용,여,48세,상해없음,자전거,남,71세,부상신고
2019121200100246,2019년 12월 12일 10시,목요일,대구광역시 서구 평리동,경상사고,0,0,1,0,차대차 - 측면충돌,안전운전불이행,건조,맑음,교차로 - 교차로부근,승용,여,64세,상해없음,승합,남,40세,경상
2019121200100247,2019년 12월 12일 10시,목요일,대구광역시 중구 동인동1가,중상사고,0,1,0,0,차대차 - 기타,안전거리미확보,건조,맑음,교차로 - 교차로부근,승용,남,63세,상해없음,이륜,남,28세,중상
2019121200100282,2019년 12월 12일 11시,목요일,대구광역시 북구 산격동,경상사고,0,0,1,0,차대차 - 측면충돌,교차로운행방법위반,건조,맑음,교차로 - 교차로부근,승용,남,78세,상해없음,이륜,남,49세,경상
2019121200100310,2019년 12월 12일 12시,목요일,대구광역시 동구 율하동,중상사고,0,1,0,0,차대차 - 기타,안전거리미확보,건조,맑음,교차로 - 교차로부근,건설기계,남,45세,상해없음,승용,여,60세,중상
2019121200100340,2019년 12월 12일 13시,목요일,대구광역시 동구 방촌동,경상사고,0,0,1,0,차대차 - 측면충돌,안전운전불이행,건조,맑음,단일로 - 기타,화물,남,52세,상해없음,승용,남,34세,경상
2019121200100341,2019년 12월 12일 13시,목요일,대구광역시 달서구 월성동,중상사고,0,1,1,0,차대차 - 기타,안전거리미확보,건조,맑음,단일로 - 기타,승용,여,46세,상해없음,승용,남,62세,경상
2019121200100342,2019년 12월 12일 13시,목요일,대구광역시 북구 복현동,중상사고,0,1,0,0,차대차 - 측면충돌,교차로운행방법위반,건조,맑음,단일로 - 기타,승용,남,57세,상해없음,이륜,남,26세,중상
2019121200100375,2019년 12월 12일 14시,목요일,대구광역시 북구 산격동,경상사고,0,0,1,0,차대차 - 측면충돌,교차로운행방법위반,건조,맑음,교차로 - 교차로안,승용,남,27세,상해없음,화물,남,53세,경상
2019121200100376,2019년 12월 12일 14시,목요일,대구광역시 북구 동천동,경상사고,0,0,4,0,차대차 - 측면충돌,불법유턴,건조,맑음,단일로 - 기타,승용,남,32세,경상,승용,남,23세,경상
2019121200100399,2019년 12월 12일 15시,목요일,대구광역시 북구 검단동,중상사고,0,2,0,0,차대차 - 측면충돌,안전운전불이행,건조,맑음,단일로 - 기타,특수,남,54세,상해없음,승용,여,44세,중상
2019121200100401,2019년 12월 12일 15시,목요일,대구광역시 중구 남산동,경상사고,0,0,1,0,차대차 - 측면충돌,안전운전불이행,건조,맑음,단일로 - 기타,승용,여,41세,상해없음,승용,남,67세,경상
2019121200100402,2019년 12월 12일 15시,목요일,대구광역시 수성구 신매동,경상사고,0,0,1,0,차대사람 - 기타,안전운전불이행,건조,맑음,단일로 - 기타,승용,여,46세,상해없음,보행자,여,41세,경상
2019121200100403,2019년 12월 12일 15시,목요일,대구광역시 달서구 대곡동,중상사고,0,1,0,0,차대사람 - 횡단중,안전운전불이행,건조,맑음,단일로 - 기타,승용,남,32세,상해없음,보행자,남,67세,중상
2019121200100404,2019년 12월 12일 15시,목요일,대구광역시 서구 내당동,경상사고,0,0,1,0,차대차 - 기타,안전운전불이행,건조,맑음,교차로 - 교차로부근,승용,남,61세,상해없음,이륜,남,33세,경상
2019121200100443,2019년 12월 12일 16시,목요일,대구광역시 수성구 두산동,경상사고,0,0,1,0,차대차 - 기타,안전운전불이행,건조,맑음,단일로 - 기타,승용,여,30세,상해없음,자전거,남,11세,경상
2019121200100444,2019년 12월 12일 16시,목요일,대구광역시 달서구 월성동,부상신고사고,0,0,0,1,차대사람 - 횡단중,신호위반,건조,맑음,단일로 - 기타,자전거,기타불명,미분류,기타불명,보행자,여,15세,부상신고
2019121200100481,2019년 12월 12일 17시,목요일,대구광역시 남구 봉덕동,경상사고,0,0,2,0,차대차 - 측면충돌,직진우회전진행방해,건조,맑음,교차로 - 교차로안,이륜,남,26세,상해없음,승용,여,22세,경상
2019121200100482,2019년 12월 12일 17시,목요일,대구광역시 수성구 범어동,중상사고,0,1,0,0,차대사람 - 횡단중,보행자보호의무위반,건조,맑음,교차로 - 교차로안,승용,여,42세,상해없음,보행자,남,48세,중상
2019121200100483,2019년 12월 12일 17시,목요일,대구광역시 북구 산격동,중상사고,0,1,0,0,차대사람 - 차도통행중,안전운전불이행,건조,맑음,교차로 - 교차로부근,승용,여,23세,상해없음,보행자,여,70세,중상
2019121200100484,2019년 12월 12일 17시,목요일,대구광역시 서구 비산동,중상사고,0,1,0,0,차대사람 - 길가장자리구역통행중,안전운전불이행,건조,맑음,교차로 - 교차로안,화물,남,51세,상해없음,보행자,남,50세,중상
2019121200100485,2019년 12월 12일 17시,목요일,대구광역시 달서구 신당동,경상사고,0,0,1,0,차대사람 - 기타,교차로운행방법위반,건조,맑음,교차로 - 교차로안,승용,남,58세,상해없음,보행자,여,54세,경상
2019121200100554,2019년 12월 12일 18시,목요일,대구광역시 달성군 논공읍,사망사고,1,1,1,1,차대차 - 추돌,안전운전불이행,건조,맑음,단일로 - 기타,화물,남,57세,중상,화물,남,51세,사망
2019121200100562,2019년 12월 12일 18시,목요일,대구광역시 수성구 만촌동,중상사고,0,1,0,0,차대사람 - 횡단중,안전운전불이행,건조,맑음,단일로 - 기타,승용,여,62세,상해없음,보행자,남,82세,중상
2019121200100563,2019년 12월 12일 18시,목요일,대구광역시 수성구 삼덕동,경상사고,0,0,2,0,차대차 - 추돌,안전운전불이행,건조,맑음,단일로 - 기타,승용,남,44세,상해없음,승용,남,32세,경상
2019121200100564,2019년 12월 12일 18시,목요일,대구광역시 달서구 대곡동,부상신고사고,0,0,0,1,차대차 - 기타,교차로운행방법위반,건조,맑음,교차로 - 교차로안,이륜,남,18세,기타불명,승용,남,60세,상해없음
2019121200100565,2019년 12월 12일 18시,목요일,대구광역시 북구 노원동3가,경상사고,0,0,1,0,차대차 - 측면충돌,기타,건조,맑음,단일로 - 기타,승용,남,61세,상해없음,이륜,남,19세,경상
2019121200100566,2019년 12월 12일 18시,목요일,대구광역시 북구 산격동,경상사고,0,0,1,0,차대차 - 측면충돌,신호위반,건조,맑음,교차로 - 교차로안,승합,남,58세,상해없음,이륜,남,23세,경상
2019121200100567,2019년 12월 12일 18시,목요일,대구광역시 북구 산격동,중상사고,0,1,1,1,차대차 - 측면충돌,신호위반,건조,맑음,교차로 - 교차로안,승용,남,28세,부상신고,승용,남,49세,중상
2019121200100568,2019년 12월 12일 18시,목요일,대구광역시 중구 남산동,중상사고,0,1,0,0,차대사람 - 보도통행중,보행자보호의무위반,건조,맑음,교차로 - 교차로안,승용,남,56세,상해없음,보행자,남,57세,중상
2019121200100569,2019년 12월 12일 18시,목요일,대구광역시 서구 중리동,경상사고,0,0,2,0,차대차 - 측면충돌,신호위반,건조,맑음,교차로 - 교차로안,승용,여,65세,경상,승용,남,63세,경상
2019121200100611,2019년 12월 12일 19시,목요일,대구광역시 동구 신천동,경상사고,0,0,2,0,차대차 - 추돌,안전운전불이행,건조,맑음,단일로 - 기타,승용,남,46세,상해없음,승용,여,52세,경상
2019121200100612,2019년 12월 12일 19시,목요일,대구광역시 달서구 상인동,경상사고,0,0,1,0,차대차 - 측면충돌,안전거리미확보,건조,맑음,단일로 - 기타,승용,여,54세,상해없음,승용,여,39세,경상
2019121200100613,2019년 12월 12일 19시,목요일,대구광역시 달서구 본리동,경상사고,0,0,1,0,차대사람 - 차도통행중,안전운전불이행,건조,맑음,교차로 - 교차로안,승용,여,38세,상해없음,보행자,남,36세,경상
2019121200100614,2019년 12월 12일 19시,목요일,대구광역시 달서구 감삼동,경상사고,0,0,1,0,차대차 - 기타,안전운전불이행,건조,맑음,교차로 - 교차로횡단보도내,승용,남,22세,상해없음,자전거,남,15세,경상
2019121200100640,2019년 12월 12일 20시,목요일,대구광역시 달성군 논공읍,중상사고,0,2,1,1,차대차 - 기타,안전운전불이행,건조,맑음,교차로 - 교차로부근,승용,여,33세,상해없음,승용,남,42세,상해없음
2019121200100641,2019년 12월 12일 20시,목요일,대구광역시 중구 남산동,경상사고,0,0,3,0,차대차 - 측면충돌,신호위반,건조,맑음,교차로 - 교차로안,승용,여,30세,경상,승용,남,49세,경상
2019121200100688,2019년 12월 12일 22시,목요일,대구광역시 동구 불로동,경상사고,0,0,1,0,차대차 - 추돌,안전운전불이행,건조,맑음,단일로 - 기타,승용,여,69세,상해없음,승용,여,46세,경상
2019121200100712,2019년 12월 12일 23시,목요일,대구광역시 수성구 두산동,경상사고,0,0,1,0,차대차 - 측면충돌,안전거리미확보,건조,맑음,단일로 - 기타,화물,남,59세,상해없음,승용,여,25세,경상
2019121300100056,2019년 12월 13일 01시,금요일,대구광역시 수성구 지산동,경상사고,0,0,1,0,차량단독 - 기타,안전운전불이행,건조,맑음,교차로 - 교차로부근,승용,남,73세,상해없음,,,,
2019121300100066,2019년 12월 13일 02시,금요일,대구광역시 북구 태전동,경상사고,0,0,1,0,차대차 - 측면충돌,신호위반,건조,맑음,교차로 - 교차로안,승용,여,55세,상해없음,승용,남,24세,경상
2019121300100091,2019년 12월 13일 05시,금요일,대구광역시 북구 서변동,부상신고사고,0,0,0,1,차량단독 - 기타,안전운전불이행,서리/결빙,맑음,단일로 - 기타,이륜,남,65세,부상신고,,,,
2019121300100108,2019년 12월 13일 06시,금요일,대구광역시 동구 입석동,경상사고,0,0,1,0,차대차 - 측면충돌,교차로운행방법위반,건조,맑음,교차로 - 교차로안,승용,남,44세,상해없음,이륜,남,77세,경상
2019121300100126,2019년 12월 13일 07시,금요일,대구광역시 서구 비산동,중상사고,0,1,0,0,차대차 - 측면충돌,안전운전불이행,건조,맑음,교차로 - 교차로부근,승용,남,62세,상해없음,자전거,여,55세,중상
2019121300100159,2019년 12월 13일 08시,금요일,대구광역시 서구 내당동,경상사고,0,0,1,0,차대사람 - 기타,안전운전불이행,건조,맑음,기타 - 기타,화물,남,47세,상해없음,보행자,남,54세,경상
2019121300100205,2019년 12월 13일 09시,금요일,대구광역시 중구 대신동,경상사고,0,0,1,0,차대차 - 후진중충돌,안전운전불이행,건조,맑음,교차로 - 교차로안,화물,남,59세,상해없음,승용,남,40세,경상
2019121300100206,2019년 12월 13일 09시,금요일,대구광역시 중구 삼덕동3가,중상사고,0,1,0,0,차대차 - 측면충돌,안전운전불이행,건조,맑음,교차로 - 교차로안,자전거,남,77세,중상,화물,남,22세,상해없음
2019121300100234,2019년 12월 13일 10시,금요일,대구광역시 북구 노원동3가,경상사고,0,0,1,0,차대차 - 추돌,안전운전불이행,건조,맑음,단일로 - 기타,승용,남,62세,상해없음,화물,남,36세,경상
2019121300100235,2019년 12월 13일 10시,금요일,대구광역시 서구 내당동,경상사고,0,0,1,0,차대차 - 측면충돌,안전거리미확보,건조,맑음,단일로 - 기타,승용,여,70세,상해없음,승용,여,60세,경상
2019121300100236,2019년 12월 13일 10시,금요일,대구광역시 북구 서변동,경상사고,0,0,1,0,차대차 - 기타,안전거리미확보,건조,맑음,단일로 - 기타,승용,남,58세,상해없음,승용,여,51세,경상
2019121300100254,2019년 12월 13일 11시,금요일,대구광역시 동구 봉무동,경상사고,0,0,1,0,차대차 - 후진중충돌,안전운전불이행,건조,맑음,단일로 - 기타,승용,남,43세,상해없음,원동기,남,42세,경상
2019121300100255,2019년 12월 13일 11시,금요일,대구광역시 달서구 신당동,경상사고,0,0,1,0,차대차 - 측면충돌,교차로운행방법위반,건조,맑음,교차로 - 교차로안,화물,남,41세,상해없음,이륜,남,24세,경상
2019121300100286,2019년 12월 13일 12시,금요일,대구광역시 수성구 만촌동,경상사고,0,0,1,0,차대차 - 후진중충돌,안전운전불이행,건조,맑음,단일로 - 기타,화물,남,32세,기타불명,이륜,남,31세,경상
2019121300100312,2019년 12월 13일 13시,금요일,대구광역시 북구 침산동,중상사고,0,2,0,0,차대차 - 기타,안전운전불이행,건조,맑음,단일로 - 기타,화물,남,50세,기타불명,화물,남,36세,상해없음
2019121300100347,2019년 12월 13일 14시,금요일,대구광역시 동구 신암동,경상사고,0,0,1,0,차대사람 - 길가장자리구역통행중,안전운전불이행,건조,맑음,단일로 - 기타,승용,남,59세,상해없음,보행자,여,41세,경상
2019121300100390,2019년 12월 13일 15시,금요일,대구광역시 달서구 신당동,중상사고,0,2,0,0,차대차 - 추돌,안전운전불이행,건조,맑음,단일로 - 기타,화물,남,53세,상해없음,승용,여,67세,중상
2019121300100441,2019년 12월 13일 16시,금요일,대구광역시 동구 용계동,경상사고,0,0,1,0,차대차 - 측면충돌,안전거리미확보,건조,맑음,단일로 - 기타,승용,남,77세,상해없음,원동기,남,48세,경상
2019121300100442,2019년 12월 13일 16시,금요일,대구광역시 달서구 월성동,중상사고,0,1,0,0,차대차 - 측면충돌,안전거리미확보,건조,맑음,단일로 - 기타,승용,남,76세,상해없음,승용,남,48세,중상
2019121300100443,2019년 12월 13일 16시,금요일,대구광역시 서구 평리동,경상사고,0,0,1,0,차대차 - 측면충돌,교차로운행방법위반,건조,맑음,교차로 - 교차로부근,승용,여,28세,상해없음,승용,여,44세,경상
2019121300100444,2019년 12월 13일 16시,금요일,대구광역시 중구 남산동,부상신고사고,0,0,0,2,차대차 - 측면충돌,안전운전불이행,건조,맑음,단일로 - 기타,승용,여,74세,상해없음,이륜,남,20세,부상신고
2019121300100445,2019년 12월 13일 16시,금요일,대구광역시 달서구 이곡동,중상사고,0,1,0,0,차대사람 - 보도통행중,기타,건조,맑음,단일로 - 기타,자전거,여,11세,상해없음,보행자,여,57세,중상
2019121300100506,2019년 12월 13일 17시,금요일,대구광역시 동구 신천동,경상사고,0,0,2,0,차대차 - 측면충돌,교차로운행방법위반,건조,맑음,교차로 - 교차로안,이륜,남,33세,경상,승용,여,43세,경상
2019121300100507,2019년 12월 13일 17시,금요일,대구광역시 동구 신기동,중상사고,0,1,1,0,차대차 - 측면충돌,불법유턴,건조,맑음,단일로 - 기타,승용,남,25세,중상,승용,남,64세,경상
2019121300100508,2019년 12월 13일 17시,금요일,대구광역시 달서구 진천동,경상사고,0,0,2,1,차대차 - 측면충돌,안전운전불이행,건조,맑음,교차로 - 교차로부근,이륜,남,18세,부상신고,승용,남,69세,경상
2019121300100509,2019년 12월 13일 17시,금요일,대구광역시 북구 읍내동,중상사고,0,1,0,0,차대차 - 측면충돌,교차로운행방법위반,건조,맑음,단일로 - 기타,승용,남,66세,상해없음,이륜,남,64세,중상
2019121300100510,2019년 12월 13일 17시,금요일,대구광역시 북구 동천동,경상사고,0,0,1,0,차대차 - 기타,교차로운행방법위반,건조,맑음,교차로 - 교차로안,승용,남,57세,상해없음,이륜,남,22세,경상
2019121300100571,2019년 12월 13일 18시,금요일,대구광역시 수성구 지산동,경상사고,0,0,3,0,차대차 - 측면충돌,안전운전불이행,건조,맑음,단일로 - 기타,승용,남,48세,상해없음,승합,남,46세,경상
2019121300100572,2019년 12월 13일 18시,금요일,대구광역시 수성구 상동,중상사고,0,1,0,0,차대차 - 측면충돌,안전운전불이행,건조,맑음,기타 - 기타,화물,남,55세,상해없음,이륜,남,46세,중상
2019121300100573,2019년 12월 13일 18시,금요일,대구광역시 달성군 다사읍,경상사고,0,0,1,0,차대차 - 기타,안전운전불이행,건조,맑음,교차로 - 교차로안,승용,남,25세,기타불명,승용,여,28세,경상
2019121300100574,2019년 12월 13일 18시,금요일,대구광역시 북구 대현동,중상사고,0,1,0,0,차대차 - 측면충돌,안전거리미확보,건조,맑음,교차로 - 교차로부근,승용,남,43세,상해없음,승용,남,19세,중상
2019121300100575,2019년 12월 13일 18시,금요일,대구광역시 서구 비산동,경상사고,0,0,1,0,차대차 - 기타,기타,건조,맑음,단일로 - 교량,이륜,남,53세,상해없음,자전거,여,63세,경상
2019121300100576,2019년 12월 13일 18시,금요일,대구광역시 달서구 본리동,경상사고,0,0,1,0,차대사람 - 기타,안전운전불이행,건조,맑음,단일로 - 기타,승용,여,38세,상해없음,보행자,여,60세,경상
2019121300100577,2019년 12월 13일 18시,금요일,대구광역시 달서구 성당동,경상사고,0,0,1,0,차대차 - 측면충돌,신호위반,건조,맑음,기타 - 기타,승용,여,22세,상해없음,승용,여,30세,경상
2019121300100633,2019년 12월 13일 19시,금요일,대구광역시 달성군 논공읍,경상사고,0,0,1,0,차대차 - 측면충돌,안전운전불이행,건조,맑음,단일로 - 기타,이륜,남,16세,상해없음,승용,여,42세,경상
2019121300100634,2019년 12월 13일 19시,금요일,대구광역시 서구 내당동,중상사고,0,1,0,0,차대차 - 측면충돌,교차로운행방법위반,건조,맑음,교차로 - 교차로안,승용,남,63세,상해없음,이륜,남,57세,중상
2019121300100635,2019년 12월 13일 19시,금요일,대구광역시 북구 관음동,경상사고,0,0,1,0,차대차 - 측면충돌,안전운전불이행,건조,맑음,교차로 - 교차로부근,승용,여,47세,상해없음,승용,여,37세,경상
2019121300100682,2019년 12월 13일 20시,금요일,대구광역시 중구 동성로2가,부상신고사고,0,0,0,1,차대사람 - 기타,안전운전불이행,건조,맑음,단일로 - 기타,기타불명,기타불명,미분류,기타불명,보행자,남,17세,부상신고
2019121300100683,2019년 12월 13일 20시,금요일,대구광역시 북구 태전동,경상사고,0,0,1,0,차대차 - 측면충돌,안전운전불이행,건조,맑음,단일로 - 기타,이륜,남,44세,기타불명,승용,남,23세,경상
2019121300100708,2019년 12월 13일 21시,금요일,대구광역시 수성구 수성동4가,경상사고,0,0,2,0,차대차 - 측면충돌,신호위반,건조,맑음,교차로 - 교차로부근,승용,남,46세,상해없음,승용,남,28세,경상
2019121300100747,2019년 12월 13일 22시,금요일,대구광역시 동구 봉무동,경상사고,0,0,1,0,차대차 - 후진중충돌,안전운전불이행,건조,맑음,단일로 - 기타,승용,남,43세,상해없음,승용,여,27세,경상
2019121300100748,2019년 12월 13일 22시,금요일,대구광역시 달성군 하빈면,부상신고사고,0,0,0,1,차량단독 - 공작물충돌,기타,건조,맑음,단일로 - 기타,원동기,여,40세,부상신고,,,,
2019121300100749,2019년 12월 13일 22시,금요일,대구광역시 달서구 대천동,경상사고,0,0,2,0,차대차 - 기타,교차로운행방법위반,건조,맑음,교차로 - 교차로부근,승용,남,51세,상해없음,승용,남,29세,경상
2019121300100801,2019년 12월 13일 23시,금요일,대구광역시 달서구 성당동,경상사고,0,0,1,0,차대차 - 측면충돌,신호위반,건조,맑음,교차로 - 교차로안,승용,남,67세,상해없음,승용,남,30세,경상
2019121300100802,2019년 12월 13일 23시,금요일,대구광역시 북구 칠성동1가,부상신고사고,0,0,0,1,차대차 - 측면충돌,안전운전불이행,건조,맑음,교차로 - 교차로부근,이륜,남,42세,부상신고,승용,남,65세,상해없음