사고번호,사고일시,요일,시군구,사고내용,사망자수,중상자수,경상자수,부상신고자수,사고유형,법규위반,노면상태,기상상태,도로형태,가해운전자 차종,가해운전자 성별,가해운전자 연령,가해운전자 상해정도,피해운전자 차종,피해운전자 성별,피해운전자 연령,피해운전자 상해정도
2019121400100041,2019년 12월 14일 00시,토요일,대구광역시 달서구 신당동,경상사고,0,0,2,0,차대차 - 측면충돌,안전거리미확보,건조,맑음,단일로 - 기타,승용,남,62세,경상,승용,여,32세,상해없음
2019121400100060,2019년 12월 14일 01시,토요일,대구광역시 수성구 두산동,경상사고,0,0,2,0,차대차 - 측면충돌,안전운전불이행,건조,맑음,단일로 - 기타,승용,남,28세,상해없음,화물,남,64세,경상
2019121400100061,2019년 12월 14일 01시,토요일,대구광역시 달서구 신당동,경상사고,0,0,2,0,차대차 - 기타,안전거리미확보,건조,맑음,단일로 - 기타,이륜,남,21세,경상,이륜,남,58세,경상
2019121400100062,2019년 12월 14일 01시,토요일,대구광역시 달서구 용산동,부상신고사고,0,0,0,1,차대차 - 추돌,안전운전불이행,건조,맑음,교차로 - 교차로부근,승용,남,56세,상해없음,승용,남,48세,상해없음
2019121400100063,2019년 12월 14일 01시,토요일,대구광역시 달서구 죽전동,경상사고,0,0,1,0,차대차 - 기타,안전운전불이행,건조,맑음,교차로 - 교차로부근,승용,여,34세,경상,승용,여,43세,상해없음
2019121400100120,2019년 12월 14일 05시,토요일,대구광역시 북구 동천동,부상신고사고,0,0,0,1,차대사람 - 차도통행중,안전운전불이행,건조,맑음,교차로 - 교차로안,기타불명,기타불명,미분류,기타불명,보행자,남,23세,부상신고
2019121400100152,2019년 12월 14일 06시,토요일,대구광역시 동구 불로동,부상신고사고,0,0,0,1,차대차 - 기타,과속,건조,맑음,교차로 - 교차로안,승용,남,34세,부상신고,건설기계,남,58세,상해없음
2019121400100153,2019년 12월 14일 06시,토요일,대구광역시 수성구 황금동,중상사고,0,1,0,0,차대차 - 측면충돌,안전운전불이행,건조,맑음,단일로 - 기타,승용,남,53세,상해없음,자전거,남,64세,중상
2019121400100154,2019년 12월 14일 06시,토요일,대구광역시 수성구 두산동,경상사고,0,0,1,1,차대차 - 측면충돌,교차로운행방법위반,건조,맑음,교차로 - 교차로안,승용,여,58세,부상신고,승용,남,69세,경상
2019121400100184,2019년 12월 14일 07시,토요일,대구광역시 달서구 대천동,경상사고,0,0,1,0,차대차 - 측면충돌,신호위반,건조,맑음,교차로 - 교차로안,승용,남,67세,상해없음,승용,남,56세,경상
2019121400100185,2019년 12월 14일 07시,토요일,대구광역시 달서구 유천동,경상사고,0,0,1,0,차대차 - 추돌,신호위반,건조,맑음,교차로 - 교차로부근,승용,남,55세,상해없음,승용,남,33세,경상
2019121400100223,2019년 12월 14일 08시,토요일,대구광역시 달서구 감삼동,중상사고,0,1,0,0,차대차 - 측면충돌,안전운전불이행,건조,맑음,단일로 - 기타,승용,남,66세,상해없음,자전거,여,39세,중상
2019121400100253,2019년 12월 14일 09시,토요일,대구광역시 수성구 지산동,경상사고,0,0,1,0,차대차 - 측면충돌,교차로운행방법위반,건조,맑음,교차로 - 교차로안,승용,여,49세,상해없음,승용,남,54세,경상
2019121400100254,2019년 12월 14일 09시,토요일,대구광역시 달서구 감삼동,경상사고,0,0,1,0,차대차 - 측면충돌,안전운전불이행,건조,맑음,단일로 - 기타,화물,남,64세,상해없음,승용,남,38세,경상
2019121400100325,2019년 12월 14일 11시,토요일,대구광역시 달서구 장기동,사망사고,1,0,0,0,차대사람 - 차도통행중,불법유턴,건조,맑음,단일로 - 기타,화물,남,30세,상해없음,보행자,여,70세,사망
2019121400100358,2019년 12월 14일 12시,토요일,대구광역시 달서구 진천동,경상사고,0,0,3,0,차대차 - 측면충돌,신호위반,건조,맑음,단일로 - 기타,이륜,남,41세,경상,승용,여,42세,경상
2019121400100359,2019년 12월 14일 12시,토요일,대구광역시 동구 신암동,중상사고,0,1,0,0,차대차 - 추돌,안전운전불이행,건조,맑음,교차로 - 교차로부근,승용,여,47세,상해없음,승용,여,57세,중상
2019121400100360,2019년 12월 14일 12시,토요일,대구광역시 서구 비산동,경상사고,0,0,1,0,차대차 - 추돌,안전운전불이행,건조,맑음,단일로 - 기타,화물,남,68세,상해없음,화물,남,36세,경상
2019121400100401,2019년 12월 14일 13시,토요일,대구광역시 수성구 지산동,부상신고사고,0,0,0,1,차대차 - 측면충돌,직진우회전진행방해,건조,맑음,교차로 - 교차로안,승용,여,60세,상해없음,이륜,남,45세,부상신고
2019121400100402,2019년 12월 14일 13시,토요일,대구광역시 북구 산격동,경상사고,0,0,1,0,차대차 - 측면충돌,기타,건조,맑음,교차로 - 교차로안,이륜,남,69세,경상,승용,남,29세,상해없음
2019121400100403,2019년 12월 14일 13시,토요일,대구광역시 서구 비산동,중상사고,0,1,0,0,차대차 - 기타,안전운전불이행,건조,맑음,단일로 - 기타,승용,남,22세,상해없음,승합,남,55세,상해없음
2019121400100404,2019년 12월 14일 13시,토요일,대구광역시 서구 내당동,경상사고,0,0,1,0,차대차 - 추돌,안전운전불이행,건조,맑음,교차로 - 교차로부근,승용,여,28세,기타불명,승용,남,26세,경상
2019121400100405,2019년 12월 14일 13시,토요일,대구광역시 중구 덕산동,경상사고,0,0,1,0,차대차 - 측면충돌,안전운전불이행,건조,맑음,단일로 - 기타,승용,여,66세,상해없음,승용,여,32세,경상
2019121400100445,2019년 12월 14일 14시,토요일,대구광역시 서구 상리동,경상사고,0,0,1,1,차대차 - 측면충돌,안전거리미확보,건조,맑음,단일로 - 기타,승용,남,32세,부상신고,승용,남,47세,경상
2019121400100446,2019년 12월 14일 14시,토요일,대구광역시 중구 태평로1가,중상사고,0,1,0,0,차대사람 - 횡단중,신호위반,건조,맑음,교차로 - 교차로부근,승용,남,54세,상해없음,보행자,남,55세,중상
2019121400100447,2019년 12월 14일 14시,토요일,대구광역시 달서구 이곡동,경상사고,0,0,1,0,차대차 - 측면충돌,신호위반,건조,맑음,교차로 - 교차로안,화물,남,57세,상해없음,승용,남,62세,상해없음
2019121400100486,2019년 12월 14일 15시,토요일,대구광역시 동구 봉무동,경상사고,0,0,1,0,차대차 - 추돌,안전거리미확보,건조,맑음,단일로 - 기타,승용,여,64세,상해없음,원동기,남,19세,경상
2019121400100487,2019년 12월 14일 15시,토요일,대구광역시 동구 신천동,경상사고,0,0,2,0,차대차 - 후진중충돌,안전운전불이행,건조,맑음,단일로 - 기타,승용,여,35세,상해없음,승용,여,30세,경상
2019121400100488,2019년 12월 14일 15시,토요일,대구광역시 수성구 만촌동,경상사고,0,0,1,0,차대차 - 측면충돌,안전운전불이행,건조,맑음,교차로 - 교차로안,승용,남,59세,상해없음,승합,남,38세,경상
2019121400100489,2019년 12월 14일 15시,토요일,대구광역시 북구 복현동,경상사고,0,0,2,0,차대차 - 추돌,안전운전불이행,건조,맑음,단일로 - 교량,화물,남,47세,상해없음,승용,남,22세,경상
2019121400100490,2019년 12월 14일 15시,토요일,대구광역시 달서구 장기동,경상사고,0,0,1,0,차대차 - 정면충돌,안전운전불이행,건조,맑음,단일로 - 기타,승합,남,43세,상해없음,승용,남,36세,경상
2019121400100527,2019년 12월 14일 16시,토요일,대구광역시 동구 효목동,경상사고,0,0,1,0,차대차 - 측면충돌,안전운전불이행,건조,맑음,단일로 - 기타,승용,남,49세,상해없음,개인형이동수단(PM),남,29세,경상
2019121400100528,2019년 12월 14일 16시,토요일,대구광역시 달서구 상인동,경상사고,0,0,1,0,차대차 - 측면충돌,안전운전불이행,건조,맑음,교차로 - 교차로부근,승용,여,60세,상해없음,승용,남,28세,상해없음
2019121400100529,2019년 12월 14일 16시,토요일,대구광역시 서구 평리동,경상사고,0,0,1,1,차대차 - 측면충돌,안전거리미확보,건조,맑음,교차로 - 교차로부근,이륜,남,16세,부상신고,승용,남,72세,경상
2019121400100577,2019년 12월 14일 17시,토요일,대구광역시 동구 방촌동,경상사고,0,0,1,0,차대차 - 측면충돌,차로위반,건조,맑음,단일로 - 기타,승용,남,21세,경상,건설기계,남,54세,상해없음
2019121400100578,2019년 12월 14일 17시,토요일,대구광역시 수성구 황금동,중상사고,0,1,0,0,차대사람 - 기타,안전운전불이행,건조,맑음,교차로 - 교차로부근,기타불명,기타불명,미분류,기타불명,보행자,여,78세,중상
2019121400100579,2019년 12월 14일 17시,토요일,대구광역시 달서구 신당동,경상사고,0,0,1,0,차대차 - 측면충돌,안전운전불이행,건조,맑음,단일로 - 기타,승용,남,26세,상해없음,승용,여,37세,경상
2019121400100636,2019년 12월 14일 18시,토요일,대구광역시 동구 신암동,경상사고,0,0,1,0,차대사람 - 길가장자리구역통행중,안전운전불이행,건조,맑음,단일로 - 기타,승용,남,49세,상해없음,보행자,남,50세,경상
2019121400100637,2019년 12월 14일 18시,토요일,대구광역시 서구 내당동,경상사고,0,0,3,0,차대차 - 추돌,안전거리미확보,건조,맑음,단일로 - 기타,승용,남,51세,상해없음,승용,남,45세,경상
2019121400100688,2019년 12월 14일 19시,토요일,대구광역시 달서구 호산동,경상사고,0,0,1,0,차대차 - 후진중충돌,안전운전불이행,건조,맑음,교차로 - 교차로안,승용,남,58세,상해없음,승용,남,56세,경상
2019121400100713,2019년 12월 14일 20시,토요일,대구광역시 동구 신암동,경상사고,0,0,1,0,차대차 - 측면충돌,안전운전불이행,건조,맑음,단일로 - 기타,이륜,남,30세,상해없음,승용,여,57세,경상
2019121400100714,2019년 12월 14일 20시,토요일,대구광역시 수성구 시지동,중상사고,0,1,0,0,차대사람 - 기타,안전운전불이행,건조,맑음,단일로 - 기타,승용,남,45세,상해없음,보행자,여,73세,중상
2019121400100715,2019년 12월 14일 20시,토요일,대구광역시 북구 칠성동1가,경상사고,0,0,2,0,차대차 - 측면충돌,안전운전불이행,건조,맑음,단일로 - 기타,승용,여,56세,상해없음,승용,남,38세,경상
2019121400100716,2019년 12월 14일 20시,토요일,대구광역시 중구 공평동,중상사고,0,1,0,0,차대사람 - 차도통행중,안전운전불이행,건조,맑음,단일로 - 기타,승용,남,22세,상해없음,보행자,여,21세,중상
2019121400100747,2019년 12월 14일 21시,토요일,대구광역시 수성구 두산동,경상사고,0,0,1,0,차대차 - 측면충돌,안전운전불이행,건조,맑음,단일로 - 기타,이륜,남,45세,상해없음,승용,남,52세,경상
2019121400100748,2019년 12월 14일 21시,토요일,대구광역시 달서구 송현동,경상사고,0,0,1,0,차대사람 - 기타,안전운전불이행,건조,맑음,교차로 - 교차로안,승용,남,61세,상해없음,보행자,남,18세,경상
2019121400100749,2019년 12월 14일 21시,토요일,대구광역시 북구 읍내동,경상사고,0,0,1,1,차대차 - 기타,안전운전불이행,건조,맑음,단일로 - 기타,이륜,남,33세,부상신고,승용,여,49세,경상
2019121400100773,2019년 12월 14일 22시,토요일,대구광역시 남구 이천동,중상사고,0,1,0,0,차대차 - 측면충돌,안전운전불이행,건조,맑음,단일로 - 교량,화물,남,33세,상해없음,원동기,남,45세,중상
2019121400100774,2019년 12월 14일 22시,토요일,대구광역시 동구 율하동,부상신고사고,0,0,0,1,차대차 - 추돌,안전거리미확보,건조,맑음,기타 - 기타,승용,남,57세,상해없음,승용,여,46세,부상신고
2019121400100775,2019년 12월 14일 22시,토요일,대구광역시 수성구 범어동,경상사고,0,0,1,0,차대차 - 측면충돌,안전운전불이행,건조,맑음,교차로 - 교차로부근,승용,여,27세,상해없음,원동기,기타불명,미분류,기타불명
2019121400100776,2019년 12월 14일 22시,토요일,대구광역시 달서구 월암동,중상사고,0,1,6,0,차대차 - 추돌,안전운전불이행,건조,맑음,교차로 - 교차로부근,승용,남,28세,상해없음,승용,여,57세,경상
2019121400100777,2019년 12월 14일 22시,토요일,대구광역시 북구 산격동,부상신고사고,0,0,0,1,차대사람 - 기타,안전운전불이행,건조,맑음,단일로 - 기타,승용,남,66세,상해없음,보행자,남,47세,부상신고
2019121400100778,2019년 12월 14일 22시,토요일,대구광역시 달서구 두류동,부상신고사고,0,0,0,1,차대차 - 측면충돌,안전운전불이행,건조,맑음,교차로 - 교차로부근,자전거,여,19세,부상신고,승용,남,46세,상해없음
2019121400100779,2019년 12월 14일 22시,토요일,대구광역시 서구 비산동,경상사고,0,0,1,0,차대차 - 추돌,안전운전불이행,건조,맑음,교차로 - 교차로부근,승용,남,49세,상해없음,승용,남,62세,경상
2019121400100812,2019년 12월 14일 23시,토요일,대구광역시 달서구 상인동,경상사고,0,0,1,0,차대차 - 측면충돌,안전운전불이행,건조,맑음,교차로 - 교차로안,승용,여,51세,상해없음,승용,남,53세,경상
2019121500100029,2019년 12월 15일 00시,일요일,대구광역시 달서구 감삼동,중상사고,0,1,1,0,차대차 - 측면충돌,안전운전불이행,건조,맑음,교차로 - 교차로안,이륜,남,24세,경상,승용,남,58세,상해없음
2019121500100046,2019년 12월 15일 01시,일요일,대구광역시 남구 대명동,부상신고사고,0,0,0,1,차대차 - 측면충돌,안전운전불이행,건조,맑음,단일로 - 기타,승용,남,47세,상해없음,원동기,남,19세,부상신고
2019121500100076,2019년 12월 15일 03시,일요일,대구광역시 남구 대명동,중상사고,0,1,4,0,차대차 - 측면충돌,신호위반,건조,맑음,단일로 - 기타,화물,남,52세,상해없음,승용,남,43세,경상
2019121500100086,2019년 12월 15일 04시,일요일,대구광역시 달서구 이곡동,부상신고사고,0,0,0,1,차대차 - 기타,안전거리미확보,건조,맑음,단일로 - 기타,이륜,남,55세,부상신고,기타불명,기타불명,미분류,기타불명
2019121500100114,2019년 12월 15일 06시,일요일,대구광역시 달서구 송현동,중상사고,0,1,2,0,차대차 - 측면충돌,교차로운행방법위반,건조,흐림,교차로 - 교차로안,화물,남,53세,경상,승용,남,56세,경상
2019121500100141,2019년 12월 15일 08시,일요일,대구광역시 중구 대봉동,경상사고,0,0,1,0,차대차 - 측면충돌,안전거리미확보,건조,맑음,단일로 - 기타,승용,남,68세,상해없음,승용,남,63세,상해없음
2019121500100163,2019년 12월 15일 09시,일요일,대구광역시 달서구 월성동,중상사고,0,1,0,0,차대사람 - 횡단중,안전운전불이행,건조,맑음,단일로 - 기타,승용,남,40세,상해없음,보행자,여,83세,중상
2019121500100214,2019년 12월 15일 11시,일요일,대구광역시 동구 방촌동,경상사고,0,0,4,0,차대차 - 추돌,안전운전불이행,건조,맑음,단일로 - 기타,승용,남,53세,상해없음,승용,여,37세,경상
2019121500100215,2019년 12월 15일 11시,일요일,대구광역시 동구 신기동,중상사고,0,1,0,0,차량단독 - 기타,안전운전불이행,건조,맑음,단일로 - 기타,승합,남,52세,상해없음,,,,
2019121500100237,2019년 12월 15일 12시,일요일,대구광역시 수성구 시지동,부상신고사고,0,0,0,1,차대사람 - 보도통행중,안전운전불이행,건조,맑음,단일로 - 기타,이륜,남,16세,상해없음,보행자,여,48세,부상신고
2019121500100238,2019년 12월 15일 12시,일요일,대구광역시 수성구 고모동,경상사고,0,0,3,0,차대차 - 측면충돌,안전운전불이행,건조,맑음,교차로 - 교차로부근,승용,여,61세,상해없음,승용,여,29세,경상
2019121500100270,2019년 12월 15일 13시,일요일,대구광역시 달서구 대천동,부상신고사고,0,0,0,1,차대차 - 측면충돌,안전운전불이행,건조,맑음,교차로 - 교차로부근,자전거,남,13세,부상신고,승용,여,51세,상해없음
2019121500100271,2019년 12월 15일 13시,일요일,대구광역시 서구 내당동,경상사고,0,0,1,1,차대차 - 측면충돌,기타,건조,맑음,교차로 - 교차로안,이륜,남,41세,부상신고,승용,남,44세,경상
2019121500100295,2019년 12월 15일 14시,일요일,대구광역시 달성군 다사읍,중상사고,0,1,2,0,차대차 - 추돌,안전운전불이행,건조,맑음,단일로 - 기타,승용,남,34세,상해없음,승용,남,38세,중상
2019121500100333,2019년 12월 15일 15시,일요일,대구광역시 달서구 감삼동,경상사고,0,0,1,0,차대차 - 측면충돌,안전운전불이행,건조,맑음,교차로 - 교차로부근,승용,남,69세,상해없음,승용,남,42세,경상
2019121500100334,2019년 12월 15일 15시,일요일,대구광역시 북구 관음동,경상사고,0,0,1,0,차대차 - 기타,안전운전불이행,건조,맑음,단일로 - 기타,승용,여,48세,상해없음,승용,남,59세,경상
2019121500100359,2019년 12월 15일 16시,일요일,대구광역시 북구 대현동,경상사고,0,0,1,0,차대차 - 기타,안전거리미확보,건조,맑음,단일로 - 기타,승용,여,31세,상해없음,승용,여,40세,상해없음
2019121500100360,2019년 12월 15일 16시,일요일,대구광역시 수성구 신매동,경상사고,0,0,1,0,차대차 - 측면충돌,안전운전불이행,건조,맑음,교차로 - 교차로안,승용,여,61세,상해없음,승용,여,31세,경상
2019121500100361,2019년 12월 15일 16시,일요일,대구광역시 달서구 대곡동,경상사고,0,0,3,0,차대차 - 측면충돌,교차로운행방법위반,건조,맑음,교차로 - 교차로안,승합,남,45세,경상,승용,여,24세,경상
2019121500100362,2019년 12월 15일 16시,일요일,대구광역시 달서구 감삼동,경상사고,0,0,1,0,차대차 - 측면충돌,안전거리미확보,건조,맑음,단일로 - 기타,승용,여,48세,상해없음,이륜,남,22세,경상
2019121500100437,2019년 12월 15일 18시,일요일,대구광역시 동구 동호동,경상사고,0,0,2,0,차대차 - 측면충돌,안전운전불이행,건조,맑음,교차로 - 교차로부근,승용,여,27세,상해없음,승용,남,27세,경상
2019121500100467,2019년 12월 15일 19시,일요일,대구광역시 동구 검사동,중상사고,0,1,0,0,차대차 - 측면충돌,차로위반,건조,맑음,단일로 - 기타,승용,여,59세,상해없음,이륜,남,22세,중상
2019121500100468,2019년 12월 15일 19시,일요일,대구광역시 북구 구암동,경상사고,0,0,2,0,차대차 - 측면충돌,신호위반,건조,맑음,교차로 - 교차로부근,이륜,남,46세,상해없음,승용,여,61세,경상
2019121500100491,2019년 12월 15일 20시,일요일,대구광역시 달서구 본리동,경상사고,0,0,2,0,차대차 - 측면충돌,안전거리미확보,건조,맑음,단일로 - 기타,승용,남,53세,상해없음,승용,남,46세,경상
2019121500100492,2019년 12월 15일 20시,일요일,대구광역시 달서구 두류동,경상사고,0,0,2,0,차대차 - 측면충돌,안전운전불이행,건조,맑음,기타 - 기타,승용,남,30세,상해없음,승용,남,26세,경상
2019121500100507,2019년 12월 15일 21시,일요일,대구광역시 달서구 장기동,경상사고,0,0,2,0,차대차 - 측면충돌,안전운전불이행,건조,맑음,단일로 - 기타,화물,남,50세,상해없음,승용,남,28세,경상
2019121500100510,2019년 12월 15일 21시,일요일,대구광역시 동구 봉무동,경상사고,0,0,4,0,차대차 - 측면충돌,안전운전불이행,건조,맑음,단일로 - 기타,승용,남,34세,상해없음,승용,남,40세,경상
2019121500100511,2019년 12월 15일 21시,일요일,대구광역시 서구 중리동,경상사고,0,0,1,1,차대차 - 측면충돌,안전운전불이행,건조,맑음,단일로 - 기타,승용,남,38세,부상신고,특수,남,54세,상해없음
2019121500100524,2019년 12월 15일 22시,일요일,대구광역시 서구 평리동,경상사고,0,0,1,0,차대차 - 기타,신호위반,건조,맑음,교차로 - 교차로안,이륜,남,64세,경상,승용,남,61세,상해없음
2019121500100525,2019년 12월 15일 22시,일요일,대구광역시 중구 계산동2가,중상사고,0,1,4,0,차대차 - 측면충돌,차로위반,건조,맑음,단일로 - 기타,승용,여,45세,기타불명,승용,여,53세,경상
2019121500100541,2019년 12월 15일 23시,일요일,대구광역시 서구 평리동,경상사고,0,0,2,0,차대차 - 측면충돌,중앙선침범,건조,맑음,단일로 - 기타,승용,남,59세,상해없음,이륜,남,16세,경상
2019121600100063,2019년 12월 16일 04시,월요일,대구광역시 달서구 두류동,경상사고,0,0,1,0,차대차 - 측면충돌,안전운전불이행,건조,맑음,교차로 - 교차로부근,승용,남,34세,상해없음,승용,남,36세,경상
2019121600100123,2019년 12월 16일 07시,월요일,대구광역시 달서구 장기동,경상사고,0,0,1,0,차대차 - 기타,안전운전불이행,건조,맑음,단일로 - 기타,이륜,남,18세,경상,승용,남,67세,상해없음
2019121600100124,2019년 12월 16일 07시,월요일,대구광역시 달서구 신당동,중상사고,0,2,1,0,차대차 - 측면충돌,신호위반,건조,맑음,교차로 - 교차로안,승용,남,49세,경상,승용,남,62세,중상
2019121600100162,2019년 12월 16일 08시,월요일,대구광역시 동구 율암동,중상사고,0,4,2,0,차대차 - 기타,중앙선침범,건조,맑음,교차로 - 교차로안,승용,남,76세,경상,승용,남,33세,경상
2019121600100163,2019년 12월 16일 08시,월요일,대구광역시 달서구 송현동,중상사고,0,1,1,0,차대차 - 측면충돌,안전거리미확보,건조,맑음,단일로 - 기타,승용,남,38세,상해없음,승용,여,49세,중상
2019121600100164,2019년 12월 16일 08시,월요일,대구광역시 북구 침산동,중상사고,0,1,0,0,차대차 - 측면충돌,신호위반,건조,맑음,단일로 - 기타,화물,남,48세,상해없음,승용,남,32세,중상
2019121600100200,2019년 12월 16일 09시,월요일,대구광역시 동구 신서동,경상사고,0,0,2,0,차대차 - 기타,안전운전불이행,건조,맑음,단일로 - 기타,승용,남,79세,경상,화물,남,60세,경상
2019121600100201,2019년 12월 16일 09시,월요일,대구광역시 달서구 진천동,경상사고,0,0,1,0,차대차 - 기타,안전운전불이행,건조,맑음,기타 - 기타,승용,여,29세,상해없음,자전거,여,67세,경상
2019121600100202,2019년 12월 16일 09시,월요일,대구광역시 달서구 대천동,경상사고,0,0,4,0,차대차 - 기타,안전거리미확보,건조,맑음,단일로 - 기타,화물,남,55세,상해없음,승용,남,19세,경상
2019121600100203,2019년 12월 16일 09시,월요일,대구광역시 달서구 성당동,경상사고,0,0,1,0,차대사람 - 기타,안전운전불이행,건조,맑음,교차로 - 교차로부근,승용,남,63세,상해없음,보행자,여,60세,경상
2019121600100240,2019년 12월 16일 10시,월요일,대구광역시 북구 침산동,경상사고,0,0,1,0,차대차 - 추돌,안전운전불이행,건조,맑음,단일로 - 기타,화물,남,41세,상해없음,승용,남,64세,경상
2019121600100273,2019년 12월 16일 11시,월요일,대구광역시 북구 복현동,경상사고,0,0,1,0,차대차 - 측면충돌,안전운전불이행,건조,맑음,교차로 - 교차로안,승용,남,27세,상해없음,승용,여,39세,경상
2019121600100303,2019년 12월 16일 12시,월요일,대구광역시 달서구 감삼동,중상사고,0,1,1,0,차대차 - 기타,교차로운행방법위반,건조,맑음,교차로 - 교차로안,승용,여,52세,경상,승용,여,68세,중상
2019121600100330,2019년 12월 16일 13시,월요일,대구광역시 수성구 수성동2가,경상사고,0,0,1,0,차대차 - 추돌,안전거리미확보,건조,맑음,단일로 - 기타,이륜,남,21세,상해없음,승용,남,24세,경상
2019121600100331,2019년 12월 16일 13시,월요일,대구광역시 달서구 본동,경상사고,0,0,3,0,차대차 - 측면충돌,안전운전불이행,건조,맑음,교차로 - 교차로횡단보도내,화물,남,74세,경상,승합,남,23세,경상
2019121600100332,2019년 12월 16일 13시,월요일,대구광역시 중구 동인동1가,부상신고사고,0,0,0,1,차대차 - 측면충돌,안전운전불이행,건조,맑음,단일로 - 기타,이륜,남,79세,부상신고,승용,남,30세,상해없음
2019121600100333,2019년 12월 16일 13시,월요일,대구광역시 달서구 이곡동,중상사고,0,1,0,0,차대차 - 기타,안전운전불이행,건조,맑음,단일로 - 기타,승용,여,50세,상해없음,화물,남,33세,중상
2019121600100334,2019년 12월 16일 13시,월요일,대구광역시 북구 동천동,부상신고사고,0,0,0,1,차대차 - 기타,안전운전불이행,건조,맑음,단일로 - 기타,이륜,남,53세,부상신고,승용,여,65세,상해없음
2019121600100367,2019년 12월 16일 14시,월요일,대구광역시 수성구 두산동,경상사고,0,0,2,0,차대차 - 추돌,안전운전불이행,건조,맑음,단일로 - 기타,승용,남,19세,상해없음,화물,남,43세,경상
2019121600100368,2019년 12월 16일 14시,월요일,대구광역시 달서구 월성동,경상사고,0,0,1,0,차대차 - 측면충돌,교차로운행방법위반,건조,맑음,교차로 - 교차로안,승용,여,43세,상해없음,화물,남,53세,경상
2019121600100369,2019년 12월 16일 14시,월요일,대구광역시 북구 침산동,중상사고,0,1,0,1,차대차 - 추돌,안전운전불이행,건조,맑음,단일로 - 기타,승용,여,47세,부상신고,승용,남,46세,중상
2019121600100407,2019년 12월 16일 15시,월요일,대구광역시 남구 봉덕동,경상사고,0,0,1,0,차대사람 - 기타,안전운전불이행,건조,맑음,단일로 - 기타,승용,남,70세,상해없음,보행자,남,39세,경상
2019121600100408,2019년 12월 16일 15시,월요일,대구광역시 서구 비산동,경상사고,0,0,1,0,차대차 - 측면충돌,안전거리미확보,건조,맑음,단일로 - 기타,건설기계,남,51세,상해없음,승용,여,51세,경상
2019121600100409,2019년 12월 16일 15시,월요일,대구광역시 달서구 이곡동,경상사고,0,0,4,0,차대차 - 측면충돌,교차로운행방법위반,건조,흐림,교차로 - 교차로안,승용,여,64세,경상,승용,남,25세,경상
2019121600100447,2019년 12월 16일 16시,월요일,대구광역시 달성군 다사읍,중상사고,0,1,1,0,차대차 - 측면충돌,교차로운행방법위반,건조,맑음,교차로 - 교차로안,승용,여,52세,중상,이륜,남,42세,경상
2019121600100448,2019년 12월 16일 16시,월요일,대구광역시 북구 침산동,경상사고,0,0,1,0,차대차 - 추돌,안전운전불이행,건조,맑음,단일로 - 기타,승용,남,72세,상해없음,승용,남,56세,경상
2019121600100449,2019년 12월 16일 16시,월요일,대구광역시 서구 비산동,부상신고사고,0,0,0,1,차대차 - 측면충돌,안전운전불이행,건조,맑음,교차로 - 교차로안,이륜,남,45세,부상신고,화물,남,38세,상해없음
2019121600100450,2019년 12월 16일 16시,월요일,대구광역시 달서구 용산동,경상사고,0,0,1,0,차대차 - 측면충돌,안전거리미확보,건조,맑음,단일로 - 기타,이륜,여,33세,경상,승용,남,67세,상해없음
2019121600100495,2019년 12월 16일 17시,월요일,대구광역시 동구 효목동,경상사고,0,0,1,0,차대차 - 기타,안전운전불이행,건조,맑음,교차로 - 교차로부근,승용,여,61세,상해없음,승용,여,59세,경상
2019121600100496,2019년 12월 16일 17시,월요일,대구광역시 수성구 지산동,경상사고,0,0,1,0,차대차 - 측면충돌,안전거리미확보,건조,맑음,단일로 - 기타,승용,여,38세,상해없음,승합,여,57세,경상
2019121600100556,2019년 12월 16일 18시,월요일,대구광역시 서구 비산동,경상사고,0,0,2,0,차대차 - 측면충돌,안전거리미확보,건조,맑음,단일로 - 기타,승용,남,57세,상해없음,승용,남,29세,경상
2019121600100557,2019년 12월 16일 18시,월요일,대구광역시 달서구 죽전동,중상사고,0,1,0,0,차대사람 - 기타,안전운전불이행,건조,맑음,기타 - 기타,승용,남,59세,상해없음,보행자,여,60세,중상
2019121600100558,2019년 12월 16일 18시,월요일,대구광역시 달서구 두류동,경상사고,0,0,1,0,차대차 - 기타,안전운전불이행,건조,맑음,단일로 - 기타,승용,남,30세,상해없음,이륜,남,38세,경상
2019121600100602,2019년 12월 16일 19시,월요일,대구광역시 달서구 송현동,경상사고,0,0,1,1,차대차 - 측면충돌,안전운전불이행,건조,맑음,단일로 - 기타,이륜,남,21세,부상신고,승용,남,46세,상해없음
2019121600100627,2019년 12월 16일 20시,월요일,대구광역시 달성군 논공읍,경상사고,0,0,1,0,차대차 - 기타,안전운전불이행,건조,맑음,교차로 - 교차로안,이륜,여,67세,경상,승용,남,55세,상해없음
2019121600100628,2019년 12월 16일 20시,월요일,대구광역시 달서구 신당동,경상사고,0,0,1,0,차대차 - 후진중충돌,안전운전불이행,건조,맑음,교차로 - 교차로부근,승용,남,34세,기타불명,승용,남,21세,경상